timestamp,machine_id,humidity_percent,vibration_mm_s
2023-01-01 00:00:00,MACH-A,54.97,2.49
2023-01-01 01:00:00,MACH-A,48.62,1.35
2023-01-01 02:00:00,MACH-A,56.48,1.41
2023-01-01 03:00:00,MACH-A,65.23,2.29
2023-01-01 04:00:00,MACH-A,47.66,1.97
2023-01-01 05:00:00,MACH-A,47.66,1.77
2023-01-01 06:00:00,MACH-A,65.79,2.51
2023-01-01 07:00:00,MACH-A,57.67,2.09
2023-01-01 08:00:00,MACH-A,45.31,2.03
2023-01-01 09:00:00,MACH-A,55.43,2.39
2023-01-01 10:00:00,MACH-A,45.37,1.81
2023-01-01 11:00:00,MACH-A,45.34,2.78
2023-01-01 12:00:00,MACH-A,52.42,1.61
2023-01-01 13:00:00,MACH-A,30.87,2.33
2023-01-01 14:00:00,MACH-A,32.75,2.72
2023-01-01 15:00:00,MACH-A,44.38,1.31
2023-01-01 16:00:00,MACH-A,39.87,1.83
2023-01-01 17:00:00,MACH-A,53.14,2.57
2023-01-01 18:00:00,MACH-A,40.92,2.58
2023-01-01 19:00:00,MACH-A,35.88,1.91
2023-01-01 20:00:00,MACH-A,64.66,1.63
2023-01-01 21:00:00,MACH-A,47.74,2.48
2023-01-01 22:00:00,MACH-A,50.68,2.59
2023-01-01 23:00:00,MACH-A,35.75,1.42
2023-01-02 00:00:00,MACH-A,44.56,1.4
2023-01-02 01:00:00,MACH-A,51.11,2.11
2023-01-02 02:00:00,MACH-A,38.49,2.31
2023-01-02 03:00:00,MACH-A,53.76,1.85
2023-01-02 04:00:00,MACH-A,43.99,2.34
2023-01-02 05:00:00,MACH-A,47.08,1.64
2023-01-02 06:00:00,MACH-A,43.98,0.94
2023-01-02 07:00:00,MACH-A,68.52,1.79
2023-01-02 08:00:00,MACH-A,49.87,2.03
2023-01-02 09:00:00,MACH-A,39.42,1.86
2023-01-02 10:00:00,MACH-A,58.23,1.42
2023-01-02 11:00:00,MACH-A,37.79,1.09
2023-01-02 12:00:00,MACH-A,52.09,1.74
2023-01-02 13:00:00,MACH-A,30.4,2.45
2023-01-02 14:00:00,MACH-A,36.72,2.63
2023-01-02 15:00:00,MACH-A,51.97,2.59
2023-01-02 16:00:00,MACH-A,57.38,1.59
2023-01-02 17:00:00,MACH-A,51.71,1.42
2023-01-02 18:00:00,MACH-A,48.84,2.25
2023-01-02 19:00:00,MACH-A,46.99,2.32
2023-01-02 20:00:00,MACH-A,35.21,2.2
2023-01-02 21:00:00,MACH-A,42.8,0.99
2023-01-02 22:00:00,MACH-A,45.39,1.57
2023-01-02 23:00:00,MACH-A,60.57,1.99
2023-01-03 00:00:00,MACH-A,53.44,2.24
2023-01-03 01:00:00,MACH-A,32.37,2.38
2023-01-03 02:00:00,MACH-A,53.24,2.07
2023-01-03 03:00:00,MACH-A,46.15,2.17
2023-01-03 04:00:00,MACH-A,43.23,2.04
2023-01-03 05:00:00,MACH-A,56.12,2.34
2023-01-03 06:00:00,MACH-A,60.31,2.16
2023-01-03 07:00:00,MACH-A,59.31,2.03
2023-01-03 08:00:00,MACH-A,41.61,1.87
2023-01-03 09:00:00,MACH-A,46.91,2.04
2023-01-03 10:00:00,MACH-A,53.31,2.24
2023-01-03 11:00:00,MACH-A,59.76,2.13
2023-01-03 12:00:00,MACH-A,45.21,2.19
2023-01-03 13:00:00,MACH-A,48.14,2.67
2023-01-03 14:00:00,MACH-A,38.94,2.13
2023-01-03 15:00:00,MACH-A,38.04,1.68
2023-01-03 16:00:00,MACH-A,58.13,2.44
2023-01-03 17:00:00,MACH-A,63.56,1.32
2023-01-03 18:00:00,MACH-A,49.28,1.46
2023-01-03 19:00:00,MACH-A,60.04,2.17
2023-01-03 20:00:00,MACH-A,53.62,2.26
2023-01-03 21:00:00,MACH-A,43.55,1.38
2023-01-03 22:00:00,MACH-A,53.61,1.81
2023-01-03 23:00:00,MACH-A,65.38,1.7
2023-01-04 00:00:00,MACH-A,49.64,1.76
2023-01-04 01:00:00,MACH-A,65.65,2.47
2023-01-04 02:00:00,MACH-A,23.8,2.35
2023-01-04 03:00:00,MACH-A,58.22,1.99
2023-01-04 04:00:00,MACH-A,50.87,1.73
2023-01-04 05:00:00,MACH-A,47.01,1.33
2023-01-04 06:00:00,MACH-A,50.92,2.71
2023-01-04 07:00:00,MACH-A,30.12,2.3
2023-01-04 08:00:00,MACH-A,47.8,1.65
2023-01-04 09:00:00,MACH-A,53.57,2.36
2023-01-04 10:00:00,MACH-A,64.78,1.96
2023-01-04 11:00:00,MACH-A,44.82,1.86
2023-01-04 12:00:00,MACH-A,41.92,2.22
2023-01-04 13:00:00,MACH-A,44.98,1.63
2023-01-04 14:00:00,MACH-A,59.15,1.83
2023-01-04 15:00:00,MACH-A,53.29,2.06
2023-01-04 16:00:00,MACH-A,44.7,1.75
2023-01-04 17:00:00,MACH-A,55.13,2.33
2023-01-04 18:00:00,MACH-A,50.97,2.93
2023-01-04 19:00:00,MACH-A,59.69,1.62
2023-01-04 20:00:00,MACH-A,42.98,1.17
2023-01-04 21:00:00,MACH-A,46.72,1.0
2023-01-04 22:00:00,MACH-A,46.08,1.92
2023-01-04 23:00:00,MACH-A,35.36,1.67
2023-01-05 00:00:00,MACH-A,52.96,2.1
2023-01-05 01:00:00,MACH-A,52.61,2.07
2023-01-05 02:00:00,MACH-A,50.05,1.2
2023-01-05 03:00:00,MACH-A,47.65,1.09
2023-01-05 04:00:00,MACH-A,35.85,2.15
2023-01-05 05:00:00,MACH-A,45.79,2.07
2023-01-05 06:00:00,MACH-A,46.57,1.79
2023-01-05 07:00:00,MACH-A,41.98,1.17
2023-01-05 08:00:00,MACH-A,48.39,2.24
2023-01-05 09:00:00,MACH-A,54.04,2.64
2023-01-05 10:00:00,MACH-A,68.86,2.14
2023-01-05 11:00:00,MACH-A,51.75,1.58
2023-01-05 12:00:00,MACH-A,52.58,2.02
2023-01-05 13:00:00,MACH-A,49.26,1.32
2023-01-05 14:00:00,MACH-A,30.81,2.53
2023-01-05 15:00:00,MACH-A,49.73,2.04
2023-01-05 16:00:00,MACH-A,50.6,1.12
2023-01-05 17:00:00,MACH-A,74.63,1.85
2023-01-05 18:00:00,MACH-A,48.08,2.23
2023-01-05 19:00:00,MACH-A,53.02,1.83
2023-01-05 20:00:00,MACH-A,49.65,1.86
2023-01-05 21:00:00,MACH-A,38.31,1.39
2023-01-05 22:00:00,MACH-A,61.43,2.28
2023-01-05 23:00:00,MACH-A,57.52,1.68
2023-01-06 00:00:00,MACH-A,57.91,0.92
2023-01-06 01:00:00,MACH-A,40.91,1.81
2023-01-06 02:00:00,MACH-A,64.03,2.49
2023-01-06 03:00:00,MACH-A,35.98,1.81
2023-01-06 04:00:00,MACH-A,55.87,2.87
2023-01-06 05:00:00,MACH-A,71.9,2.21
2023-01-06 06:00:00,MACH-A,40.09,2.17
2023-01-06 07:00:00,MACH-A,44.34,1.94
2023-01-06 08:00:00,MACH-A,51.0,1.97
2023-01-06 09:00:00,MACH-A,44.97,1.87
2023-01-06 10:00:00,MACH-A,34.49,1.85
2023-01-06 11:00:00,MACH-A,50.69,2.27
2023-01-06 12:00:00,MACH-A,39.38,1.53
2023-01-06 13:00:00,MACH-A,54.74,1.46
2023-01-06 14:00:00,MACH-A,40.81,1.44
2023-01-06 15:00:00,MACH-A,65.5,3.02
2023-01-06 16:00:00,MACH-A,42.17,2.27
2023-01-06 17:00:00,MACH-A,46.78,2.15
2023-01-06 18:00:00,MACH-A,58.14,1.47
2023-01-06 19:00:00,MACH-A,37.69,2.31
2023-01-06 20:00:00,MACH-A,52.27,1.94
2023-01-06 21:00:00,MACH-A,63.07,2.11
2023-01-06 22:00:00,MACH-A,33.93,1.51
2023-01-06 23:00:00,MACH-A,51.85,2.08
2023-01-07 00:00:00,MACH-A,52.6,1.79
2023-01-07 01:00:00,MACH-A,57.82,1.62
2023-01-07 02:00:00,MACH-A,37.63,2.37
2023-01-07 03:00:00,MACH-A,36.8,1.23
2023-01-07 04:00:00,MACH-A,55.22,2.28
2023-01-07 05:00:00,MACH-A,52.97,2.34
2023-01-07 06:00:00,MACH-A,52.5,1.56
2023-01-07 07:00:00,MACH-A,53.46,1.59
2023-01-07 08:00:00,MACH-A,43.2,1.89
2023-01-07 09:00:00,MACH-A,52.32,2.14
2023-01-07 10:00:00,MACH-A,52.93,1.92
2023-01-07 11:00:00,MACH-A,42.86,2.22
2023-01-07 12:00:00,MACH-A,68.66,2.88
2023-01-07 13:00:00,MACH-A,54.74,1.75
2023-01-07 14:00:00,MACH-A,38.09,1.14
2023-01-07 15:00:00,MACH-A,56.57,2.41
2023-01-07 16:00:00,MACH-A,40.25,2.84
2023-01-07 17:00:00,MACH-A,57.87,2.2
2023-01-07 18:00:00,MACH-A,61.59,1.46
2023-01-07 19:00:00,MACH-A,41.79,1.94
2023-01-07 20:00:00,MACH-A,59.63,1.44
2023-01-07 21:00:00,MACH-A,54.13,2.32
2023-01-07 22:00:00,MACH-A,58.22,1.32
2023-01-07 23:00:00,MACH-A,68.97,1.85
2023-01-08 00:00:00,MACH-A,47.55,1.5
2023-01-08 01:00:00,MACH-A,42.46,2.06
2023-01-08 02:00:00,MACH-A,41.1,1.82
2023-01-08 03:00:00,MACH-A,41.84,2.09
2023-01-08 04:00:00,MACH-A,49.23,2.01
2023-01-08 05:00:00,MACH-A,53.41,1.51
2023-01-08 06:00:00,MACH-A,52.77,2.31
2023-01-08 07:00:00,MACH-A,58.27,1.98
2023-01-08 08:00:00,MACH-A,50.13,1.51
2023-01-08 09:00:00,MACH-A,64.54,3.12
2023-01-08 10:00:00,MACH-A,47.35,2.24
2023-01-08 11:00:00,MACH-A,77.2,1.92
2023-01-08 12:00:00,MACH-A,56.26,2.71
2023-01-08 13:00:00,MACH-A,41.43,2.92
2023-01-08 14:00:00,MACH-A,39.29,1.93
2023-01-08 15:00:00,MACH-A,54.82,2.17
2023-01-08 16:00:00,MACH-A,47.77,1.51
2023-01-08 17:00:00,MACH-A,57.14,1.93
2023-01-08 18:00:00,MACH-A,54.73,1.9
2023-01-08 19:00:00,MACH-A,49.27,2.09
2023-01-08 20:00:00,MACH-A,41.53,2.17
2023-01-08 21:00:00,MACH-A,34.85,2.28
2023-01-08 22:00:00,MACH-A,45.53,2.12
2023-01-08 23:00:00,MACH-A,58.56,1.39
2023-01-09 00:00:00,MACH-A,52.14,1.53
2023-01-09 01:00:00,MACH-A,37.54,1.73
2023-01-09 02:00:00,MACH-A,51.73,1.86
2023-01-09 03:00:00,MACH-A,53.85,2.53
2023-01-09 04:00:00,MACH-A,41.16,1.42
2023-01-09 05:00:00,MACH-A,51.54,1.82
2023-01-09 06:00:00,MACH-A,50.58,2.48
2023-01-09 07:00:00,MACH-A,38.57,1.85
2023-01-09 08:00:00,MACH-A,53.58,2.23
2023-01-09 09:00:00,MACH-A,55.61,1.93
2023-01-09 10:00:00,MACH-A,60.83,2.13
2023-01-09 11:00:00,MACH-A,60.54,1.89
2023-01-09 12:00:00,MACH-A,36.22,2.33
2023-01-09 13:00:00,MACH-A,40.62,1.23
2023-01-09 14:00:00,MACH-A,55.15,1.82
2023-01-09 15:00:00,MACH-A,55.14,2.15
2023-01-09 16:00:00,MACH-A,55.15,2.27
2023-01-09 17:00:00,MACH-A,88.53,2.75
2023-01-09 18:00:00,MACH-A,55.71,1.8
2023-01-09 19:00:00,MACH-A,61.36,2.74
2023-01-09 20:00:00,MACH-A,59.54,1.67
2023-01-09 21:00:00,MACH-A,56.51,2.66
2023-01-09 22:00:00,MACH-A,46.85,2.41
2023-01-09 23:00:00,MACH-A,57.59,1.54
2023-01-10 00:00:00,MACH-A,42.27,2.15
2023-01-10 01:00:00,MACH-A,47.63,1.97
2023-01-10 02:00:00,MACH-A,45.15,2.31
2023-01-10 03:00:00,MACH-A,50.82,1.89
2023-01-10 04:00:00,MACH-A,73.15,1.85
2023-01-10 05:00:00,MACH-A,31.33,2.68
2023-01-10 06:00:00,MACH-A,56.86,1.95
2023-01-10 07:00:00,MACH-A,33.87,2.41
2023-01-10 08:00:00,MACH-A,45.28,1.89
2023-01-10 09:00:00,MACH-A,60.89,2.83
2023-01-10 10:00:00,MACH-A,50.64,1.66
2023-01-10 11:00:00,MACH-A,39.22,1.69
2023-01-10 12:00:00,MACH-A,42.85,2.76
2023-01-10 13:00:00,MACH-A,56.8,1.78
2023-01-10 14:00:00,MACH-A,42.7,2.8
2023-01-10 15:00:00,MACH-A,52.16,2.45
2023-01-10 16:00:00,MACH-A,50.46,1.92
2023-01-10 17:00:00,MACH-A,43.48,1.09
2023-01-10 18:00:00,MACH-A,71.44,1.99
2023-01-10 19:00:00,MACH-A,56.34,2.05
2023-01-10 20:00:00,MACH-A,29.75,2.58
2023-01-10 21:00:00,MACH-A,51.86,2.79
2023-01-10 22:00:00,MACH-A,43.38,1.66
2023-01-10 23:00:00,MACH-A,58.52,2.4
2023-01-11 00:00:00,MACH-A,42.07,2.38
2023-01-11 01:00:00,MACH-A,48.85,2.54
2023-01-11 02:00:00,MACH-A,55.05,2.25
2023-01-11 03:00:00,MACH-A,58.66,1.03
2023-01-11 04:00:00,MACH-A,38.0,1.92
2023-01-11 05:00:00,MACH-A,46.65,1.42
2023-01-11 06:00:00,MACH-A,45.25,1.9
2023-01-11 07:00:00,MACH-A,43.47,2.49
2023-01-11 08:00:00,MACH-A,67.65,2.15
2023-01-11 09:00:00,MACH-A,54.05,2.57
2023-01-11 10:00:00,MACH-A,37.39,2.17
2023-01-11 11:00:00,MACH-A,59.18,1.35
2023-01-11 12:00:00,MACH-A,71.22,0.74
2023-01-11 13:00:00,MACH-A,60.32,2.07
2023-01-11 14:00:00,MACH-A,34.81,1.89
2023-01-11 15:00:00,MACH-A,45.16,1.51
2023-01-11 16:00:00,MACH-A,62.67,1.15
2023-01-11 17:00:00,MACH-A,42.92,1.63
2023-01-11 18:00:00,MACH-A,54.44,1.9
2023-01-11 19:00:00,MACH-A,57.75,2.33
2023-01-11 20:00:00,MACH-A,40.73,2.09
2023-01-11 21:00:00,MACH-A,49.4,2.8
2023-01-11 22:00:00,MACH-A,17.59,1.48
2023-01-11 23:00:00,MACH-A,39.76,2.44
2023-01-12 00:00:00,MACH-A,47.47,2.02
2023-01-12 01:00:00,MACH-A,37.52,2.35
2023-01-12 02:00:00,MACH-A,66.32,1.78
2023-01-12 03:00:00,MACH-A,35.7,2.54
2023-01-12 04:00:00,MACH-A,45.6,2.15
2023-01-12 05:00:00,MACH-A,51.31,1.66
2023-01-12 06:00:00,MACH-A,64.41,1.99
2023-01-12 07:00:00,MACH-A,35.64,1.88
2023-01-12 08:00:00,MACH-A,61.63,2.24
2023-01-12 09:00:00,MACH-A,50.1,1.41
2023-01-12 10:00:00,MACH-A,40.18,1.99
2023-01-12 11:00:00,MACH-A,54.62,2.2
2023-01-12 12:00:00,MACH-A,51.99,2.02
2023-01-12 13:00:00,MACH-A,44.0,2.67
2023-01-12 14:00:00,MACH-A,50.7,2.39
2023-01-12 15:00:00,MACH-A,46.15,2.0
2023-01-12 16:00:00,MACH-A,51.14,2.11
2023-01-12 17:00:00,MACH-A,56.62,2.15
2023-01-12 18:00:00,MACH-A,65.86,2.2
2023-01-12 19:00:00,MACH-A,37.62,1.09
2023-01-12 20:00:00,MACH-A,71.33,1.85
2023-01-12 21:00:00,MACH-A,30.48,1.26
2023-01-12 22:00:00,MACH-A,48.48,2.64
2023-01-12 23:00:00,MACH-A,55.88,1.97
2023-01-13 00:00:00,MACH-A,52.81,1.9
2023-01-13 01:00:00,MACH-A,43.77,2.45
2023-01-13 02:00:00,MACH-A,47.92,2.21
2023-01-13 03:00:00,MACH-A,45.07,1.44
2023-01-13 04:00:00,MACH-A,44.11,1.96
2023-01-13 05:00:00,MACH-A,58.5,1.83
2023-01-13 06:00:00,MACH-A,53.57,1.13
2023-01-13 07:00:00,MACH-A,43.07,1.65
2023-01-13 08:00:00,MACH-A,59.0,1.91
2023-01-13 09:00:00,MACH-A,53.07,1.94
2023-01-13 10:00:00,MACH-A,58.13,1.26
2023-01-13 11:00:00,MACH-A,56.3,2.58
2023-01-13 12:00:00,MACH-A,41.71,1.95
2023-01-13 13:00:00,MACH-A,44.4,2.02
2023-01-13 14:00:00,MACH-A,57.47,2.2
2023-01-13 15:00:00,MACH-A,56.1,1.61
2023-01-13 16:00:00,MACH-A,49.79,2.23
2023-01-13 17:00:00,MACH-A,51.17,1.82
2023-01-13 18:00:00,MACH-A,62.78,1.55
2023-01-13 19:00:00,MACH-A,44.08,2.29
2023-01-13 20:00:00,MACH-A,55.47,2.75
2023-01-13 21:00:00,MACH-A,47.98,2.36
2023-01-13 22:00:00,MACH-A,47.82,2.46
2023-01-13 23:00:00,MACH-A,82.68,4.14
2023-01-14 00:00:00,MACH-A,58.25,1.2
2023-01-14 01:00:00,MACH-A,58.14,2.75
2023-01-14 02:00:00,MACH-A,63.05,3.03
2023-01-14 03:00:00,MACH-A,50.21,2.77
2023-01-14 04:00:00,MACH-A,56.82,1.83
2023-01-14 05:00:00,MACH-A,46.9,1.42
2023-01-14 06:00:00,MACH-A,53.24,1.47
2023-01-14 07:00:00,MACH-A,48.7,1.16
2023-01-14 08:00:00,MACH-A,50.97,1.95
2023-01-14 09:00:00,MACH-A,55.95,2.8
2023-01-14 10:00:00,MACH-A,41.82,1.93
2023-01-14 11:00:00,MACH-A,70.92,2.15
2023-01-14 12:00:00,MACH-A,39.94,2.69
2023-01-14 13:00:00,MACH-A,37.86,1.8
2023-01-14 14:00:00,MACH-A,61.58,3.02
2023-01-14 15:00:00,MACH-A,57.92,3.0
2023-01-14 16:00:00,MACH-A,56.24,1.93
2023-01-14 17:00:00,MACH-A,56.28,1.71
2023-01-14 18:00:00,MACH-A,49.88,2.35
2023-01-14 19:00:00,MACH-A,41.03,1.83
2023-01-14 20:00:00,MACH-A,50.76,1.42
2023-01-14 21:00:00,MACH-A,43.23,2.64
2023-01-14 22:00:00,MACH-A,59.75,2.61
2023-01-14 23:00:00,MACH-A,48.53,2.08
2023-01-15 00:00:00,MACH-A,41.75,1.37
2023-01-15 01:00:00,MACH-A,46.79,1.39
2023-01-15 02:00:00,MACH-A,54.13,2.05
2023-01-15 03:00:00,MACH-A,44.36,1.75
2023-01-15 04:00:00,MACH-A,41.78,1.83
2023-01-15 05:00:00,MACH-A,52.44,2.51
2023-01-15 06:00:00,MACH-A,52.45,2.37
2023-01-15 07:00:00,MACH-A,44.93,2.69
2023-01-15 08:00:00,MACH-A,45.29,1.5
2023-01-15 09:00:00,MACH-A,52.32,1.83
2023-01-15 10:00:00,MACH-A,35.52,2.38
2023-01-15 11:00:00,MACH-A,35.93,2.22
2023-01-15 12:00:00,MACH-A,42.82,2.77
2023-01-15 13:00:00,MACH-A,47.87,2.21
2023-01-15 14:00:00,MACH-A,53.11,2.92
2023-01-15 15:00:00,MACH-A,64.75,2.27
2023-01-15 16:00:00,MACH-A,58.58,2.53
2023-01-15 17:00:00,MACH-A,48.4,1.84
2023-01-15 18:00:00,MACH-A,49.81,2.01
2023-01-15 19:00:00,MACH-A,39.97,2.46
2023-01-15 20:00:00,MACH-A,49.81,2.81
2023-01-15 21:00:00,MACH-A,47.11,2.36
2023-01-15 22:00:00,MACH-A,53.23,1.96
2023-01-15 23:00:00,MACH-A,41.73,2.69
2023-01-16 00:00:00,MACH-A,55.19,0.9
2023-01-16 01:00:00,MACH-A,65.33,1.29
2023-01-16 02:00:00,MACH-A,48.91,2.34
2023-01-16 03:00:00,MACH-A,54.02,2.01
2023-01-16 04:00:00,MACH-A,56.9,2.3
2023-01-16 05:00:00,MACH-A,45.99,2.03
2023-01-16 06:00:00,MACH-A,52.24,2.29
2023-01-16 07:00:00,MACH-A,50.13,1.59
2023-01-16 08:00:00,MACH-A,50.98,2.29
2023-01-16 09:00:00,MACH-A,42.27,2.5
2023-01-16 10:00:00,MACH-A,50.25,2.61
2023-01-16 11:00:00,MACH-A,54.98,3.01
2023-01-16 12:00:00,MACH-A,64.51,2.12
2023-01-16 13:00:00,MACH-A,59.59,2.14
2023-01-16 14:00:00,MACH-A,71.53,1.24
2023-01-16 15:00:00,MACH-A,42.33,1.73
2023-01-16 16:00:00,MACH-A,58.72,1.9
2023-01-16 17:00:00,MACH-A,51.83,2.53
2023-01-16 18:00:00,MACH-A,71.9,1.69
2023-01-16 19:00:00,MACH-A,41.92,2.4
2023-01-16 20:00:00,MACH-A,41.6,2.0
2023-01-16 21:00:00,MACH-A,44.01,1.91
2023-01-16 22:00:00,MACH-A,85.15,4.28
2023-01-16 23:00:00,MACH-A,44.74,1.8
2023-01-17 00:00:00,MACH-A,42.41,1.79
2023-01-17 01:00:00,MACH-A,51.5,1.15
2023-01-17 02:00:00,MACH-A,53.42,1.88
2023-01-17 03:00:00,MACH-A,68.76,1.76
2023-01-17 04:00:00,MACH-A,59.5,1.74
2023-01-17 05:00:00,MACH-A,44.23,2.21
2023-01-17 06:00:00,MACH-A,41.02,2.33
2023-01-17 07:00:00,MACH-A,54.92,2.12
2023-01-17 08:00:00,MACH-A,36.8,2.5
2023-01-17 09:00:00,MACH-A,68.31,2.29
2023-01-17 10:00:00,MACH-A,61.79,1.85
2023-01-17 11:00:00,MACH-A,45.31,1.77
2023-01-17 12:00:00,MACH-A,32.87,2.16
2023-01-17 13:00:00,MACH-A,63.54,2.29
2023-01-17 14:00:00,MACH-A,48.85,2.7
2023-01-17 15:00:00,MACH-A,62.38,2.6
2023-01-17 16:00:00,MACH-A,34.06,1.73
2023-01-17 17:00:00,MACH-A,44.01,1.95
2023-01-17 18:00:00,MACH-A,50.05,2.34
2023-01-17 19:00:00,MACH-A,50.47,2.53
2023-01-17 20:00:00,MACH-A,45.5,2.47
2023-01-17 21:00:00,MACH-A,92.0,4.32
2023-01-17 22:00:00,MACH-A,39.32,1.37
2023-01-17 23:00:00,MACH-A,48.58,1.5
2023-01-18 00:00:00,MACH-A,51.2,2.14
2023-01-18 01:00:00,MACH-A,55.14,2.17
2023-01-18 02:00:00,MACH-A,57.12,1.45
2023-01-18 03:00:00,MACH-A,38.75,2.02
2023-01-18 04:00:00,MACH-A,34.66,2.32
2023-01-18 05:00:00,MACH-A,62.78,1.42
2023-01-18 06:00:00,MACH-A,53.32,2.55
2023-01-18 07:00:00,MACH-A,42.52,1.81
2023-01-18 08:00:00,MACH-A,65.51,2.63
2023-01-18 09:00:00,MACH-A,51.16,1.73
2023-01-18 10:00:00,MACH-A,61.79,1.49
2023-01-18 11:00:00,MACH-A,50.68,1.77
2023-01-18 12:00:00,MACH-A,70.61,1.95
2023-01-18 13:00:00,MACH-A,86.55,4.02
2023-01-18 14:00:00,MACH-A,47.51,1.89
2023-01-18 15:00:00,MACH-A,59.72,2.17
2023-01-18 16:00:00,MACH-A,56.45,1.91
2023-01-18 17:00:00,MACH-A,63.69,1.97
2023-01-18 18:00:00,MACH-A,40.35,1.15
2023-01-18 19:00:00,MACH-A,56.86,2.2
2023-01-18 20:00:00,MACH-A,60.58,1.96
2023-01-18 21:00:00,MACH-A,32.41,2.81
2023-01-18 22:00:00,MACH-A,38.17,1.53
2023-01-18 23:00:00,MACH-A,29.61,1.1
2023-01-19 00:00:00,MACH-A,47.31,2.31
2023-01-19 01:00:00,MACH-A,57.18,2.17
2023-01-19 02:00:00,MACH-A,65.02,1.5
2023-01-19 03:00:00,MACH-A,50.74,1.24
2023-01-19 04:00:00,MACH-A,66.29,2.77
2023-01-19 05:00:00,MACH-A,36.2,2.71
2023-01-19 06:00:00,MACH-A,32.97,0.76
2023-01-19 07:00:00,MACH-A,49.44,1.77
2023-01-19 08:00:00,MACH-A,53.84,2.83
2023-01-19 09:00:00,MACH-A,49.67,1.76
2023-01-19 10:00:00,MACH-A,29.33,1.75
2023-01-19 11:00:00,MACH-A,49.11,1.86
2023-01-19 12:00:00,MACH-A,36.96,1.44
2023-01-19 13:00:00,MACH-A,56.7,1.15
2023-01-19 14:00:00,MACH-A,53.67,2.53
2023-01-19 15:00:00,MACH-A,40.6,1.08
2023-01-19 16:00:00,MACH-A,44.86,2.12
2023-01-19 17:00:00,MACH-A,39.41,2.44
2023-01-19 18:00:00,MACH-A,49.37,1.27
2023-01-19 19:00:00,MACH-A,59.55,1.54
2023-01-19 20:00:00,MACH-A,40.14,2.61
2023-01-19 21:00:00,MACH-A,55.04,2.27
2023-01-19 22:00:00,MACH-A,44.7,1.69
2023-01-19 23:00:00,MACH-A,42.07,2.6
2023-01-20 00:00:00,MACH-A,48.93,2.6
2023-01-20 01:00:00,MACH-A,39.65,2.13
2023-01-20 02:00:00,MACH-A,44.46,1.55
2023-01-20 03:00:00,MACH-A,38.02,1.79
2023-01-20 04:00:00,MACH-A,69.65,2.14
2023-01-20 05:00:00,MACH-A,83.15,4.2
2023-01-20 06:00:00,MACH-A,43.0,2.47
2023-01-20 07:00:00,MACH-A,52.14,1.24
2023-01-20 08:00:00,MACH-A,48.88,1.25
2023-01-20 09:00:00,MACH-A,47.79,2.09
2023-01-20 10:00:00,MACH-A,56.14,1.75
2023-01-20 11:00:00,MACH-A,57.58,1.69
2023-01-20 12:00:00,MACH-A,44.69,1.12
2023-01-20 13:00:00,MACH-A,44.24,2.01
2023-01-20 14:00:00,MACH-A,47.25,1.97
2023-01-20 15:00:00,MACH-A,26.98,2.33
2023-01-20 16:00:00,MACH-A,34.85,2.03
2023-01-20 17:00:00,MACH-A,63.67,1.93
2023-01-20 18:00:00,MACH-A,66.45,2.59
2023-01-20 19:00:00,MACH-A,47.51,1.34
2023-01-20 20:00:00,MACH-A,55.77,2.27
2023-01-20 21:00:00,MACH-A,53.11,1.16
2023-01-20 22:00:00,MACH-A,80.79,1.58
2023-01-20 23:00:00,MACH-A,61.2,1.39
2023-01-21 00:00:00,MACH-A,48.72,2.39
2023-01-21 01:00:00,MACH-A,40.44,1.97
2023-01-21 02:00:00,MACH-A,33.94,1.99
2023-01-21 03:00:00,MACH-A,52.03,1.45
2023-01-21 04:00:00,MACH-A,42.44,1.85
2023-01-21 05:00:00,MACH-A,35.78,1.62
2023-01-21 06:00:00,MACH-A,43.53,2.19
2023-01-21 07:00:00,MACH-A,39.18,1.5
2023-01-21 08:00:00,MACH-A,66.87,2.66
2023-01-21 09:00:00,MACH-A,58.82,1.16
2023-01-21 10:00:00,MACH-A,49.92,1.6
2023-01-21 11:00:00,MACH-A,64.8,2.84
2023-01-21 12:00:00,MACH-A,50.77,1.78
2023-01-21 13:00:00,MACH-A,41.39,1.34
2023-01-21 14:00:00,MACH-A,65.23,2.11
2023-01-21 15:00:00,MACH-A,55.39,1.76
2023-01-21 16:00:00,MACH-A,39.63,1.58
2023-01-21 17:00:00,MACH-A,48.1,1.45
2023-01-21 18:00:00,MACH-A,41.24,3.38
2023-01-21 19:00:00,MACH-A,36.17,1.87
2023-01-21 20:00:00,MACH-A,59.26,1.04
2023-01-21 21:00:00,MACH-A,69.09,2.75
2023-01-21 22:00:00,MACH-A,36.01,2.31
2023-01-21 23:00:00,MACH-A,55.63,1.62
2023-01-22 00:00:00,MACH-A,43.49,1.53
2023-01-22 01:00:00,MACH-A,45.13,2.34
2023-01-22 02:00:00,MACH-A,44.08,1.88
2023-01-22 03:00:00,MACH-A,41.36,1.04
2023-01-22 04:00:00,MACH-A,50.49,2.89
2023-01-22 05:00:00,MACH-A,41.69,1.78
2023-01-22 06:00:00,MACH-A,52.7,2.75
2023-01-22 07:00:00,MACH-A,49.5,2.64
2023-01-22 08:00:00,MACH-A,47.61,1.5
2023-01-22 09:00:00,MACH-A,40.92,2.52
2023-01-22 10:00:00,MACH-A,44.23,1.67
2023-01-22 11:00:00,MACH-A,57.55,1.07
2023-01-22 12:00:00,MACH-A,55.01,1.79
2023-01-22 13:00:00,MACH-A,40.22,2.2
2023-01-22 14:00:00,MACH-A,50.99,1.77
2023-01-22 15:00:00,MACH-A,57.51,1.85
2023-01-22 16:00:00,MACH-A,33.31,2.57
2023-01-22 17:00:00,MACH-A,55.43,2.05
2023-01-22 18:00:00,MACH-A,43.37,1.58
2023-01-22 19:00:00,MACH-A,55.71,2.35
2023-01-22 20:00:00,MACH-A,42.37,2.1
2023-01-22 21:00:00,MACH-A,31.95,0.74
2023-01-22 22:00:00,MACH-A,33.72,2.21
2023-01-22 23:00:00,MACH-A,50.48,2.2
2023-01-23 00:00:00,MACH-A,52.6,2.01
2023-01-23 01:00:00,MACH-A,40.96,2.45
2023-01-23 02:00:00,MACH-A,56.39,1.66
2023-01-23 03:00:00,MACH-A,33.38,2.17
2023-01-23 04:00:00,MACH-A,49.34,1.22
2023-01-23 05:00:00,MACH-A,37.89,2.2
2023-01-23 06:00:00,MACH-A,43.48,2.98
2023-01-23 07:00:00,MACH-A,50.47,1.5
2023-01-23 08:00:00,MACH-A,41.4,1.62
2023-01-23 09:00:00,MACH-A,46.15,1.64
2023-01-23 10:00:00,MACH-A,60.06,2.06
2023-01-23 11:00:00,MACH-A,44.23,1.47
2023-01-23 12:00:00,MACH-A,58.36,2.21
2023-01-23 13:00:00,MACH-A,38.7,2.42
2023-01-23 14:00:00,MACH-A,55.3,2.27
2023-01-23 15:00:00,MACH-A,64.42,1.12
2023-01-23 16:00:00,MACH-A,25.28,2.5
2023-01-23 17:00:00,MACH-A,42.03,2.47
2023-01-23 18:00:00,MACH-A,55.77,2.42
2023-01-23 19:00:00,MACH-A,47.97,2.19
2023-01-23 20:00:00,MACH-A,53.71,2.11
2023-01-23 21:00:00,MACH-A,43.96,2.52
2023-01-23 22:00:00,MACH-A,50.87,2.96
2023-01-23 23:00:00,MACH-A,48.44,1.52
2023-01-24 00:00:00,MACH-A,61.68,2.54
2023-01-24 01:00:00,MACH-A,52.54,1.96
2023-01-24 02:00:00,MACH-A,53.38,1.94
2023-01-24 03:00:00,MACH-A,45.88,1.23
2023-01-24 04:00:00,MACH-A,45.12,1.86
2023-01-24 05:00:00,MACH-A,45.67,1.5
2023-01-24 06:00:00,MACH-A,53.94,1.77
2023-01-24 07:00:00,MACH-A,45.79,1.45
2023-01-24 08:00:00,MACH-A,91.34,4.28
2023-01-24 09:00:00,MACH-A,70.75,1.8
2023-01-24 10:00:00,MACH-A,58.71,2.05
2023-01-24 11:00:00,MACH-A,46.74,1.19
2023-01-24 12:00:00,MACH-A,62.01,1.28
2023-01-24 13:00:00,MACH-A,45.92,2.18
2023-01-24 14:00:00,MACH-A,29.62,1.6
2023-01-24 15:00:00,MACH-A,39.92,2.54
2023-01-24 16:00:00,MACH-A,31.29,2.11
2023-01-24 17:00:00,MACH-A,46.48,2.3
2023-01-24 18:00:00,MACH-A,50.18,2.71
2023-01-24 19:00:00,MACH-A,66.76,1.85
2023-01-24 20:00:00,MACH-A,53.27,1.71
2023-01-24 21:00:00,MACH-A,47.81,2.44
2023-01-24 22:00:00,MACH-A,58.29,2.25
2023-01-24 23:00:00,MACH-A,27.89,1.91
2023-01-25 00:00:00,MACH-A,52.36,2.7
2023-01-25 01:00:00,MACH-A,57.71,1.89
2023-01-25 02:00:00,MACH-A,35.21,2.02
2023-01-25 03:00:00,MACH-A,61.44,2.01
2023-01-25 04:00:00,MACH-A,53.38,1.53
2023-01-25 05:00:00,MACH-A,45.85,2.04
2023-01-25 06:00:00,MACH-A,56.33,2.7
2023-01-25 07:00:00,MACH-A,72.71,2.22
2023-01-25 08:00:00,MACH-A,51.82,2.02
2023-01-25 09:00:00,MACH-A,52.48,1.92
2023-01-25 10:00:00,MACH-A,45.41,2.17
2023-01-25 11:00:00,MACH-A,41.5,2.37
2023-01-25 12:00:00,MACH-A,58.3,2.3
2023-01-25 13:00:00,MACH-A,41.44,1.83
2023-01-25 14:00:00,MACH-A,50.72,2.16
2023-01-25 15:00:00,MACH-A,45.22,2.24
2023-01-25 16:00:00,MACH-A,54.79,1.5
2023-01-25 17:00:00,MACH-A,53.34,2.08
2023-01-25 18:00:00,MACH-A,60.38,0.92
2023-01-25 19:00:00,MACH-A,44.9,2.24
2023-01-25 20:00:00,MACH-A,47.3,2.33
2023-01-25 21:00:00,MACH-A,40.21,2.37
2023-01-25 22:00:00,MACH-A,45.56,1.8
2023-01-25 23:00:00,MACH-A,53.77,2.15
2023-01-26 00:00:00,MACH-A,57.57,2.71
2023-01-26 01:00:00,MACH-A,40.78,2.71
2023-01-26 02:00:00,MACH-A,58.7,1.99
2023-01-26 03:00:00,MACH-A,63.56,2.07
2023-01-26 04:00:00,MACH-A,54.13,2.56
2023-01-26 05:00:00,MACH-A,68.77,1.25
2023-01-26 06:00:00,MACH-A,42.26,1.84
2023-01-26 07:00:00,MACH-A,37.55,2.67
2023-01-26 08:00:00,MACH-A,32.21,2.49
2023-01-26 09:00:00,MACH-A,64.96,2.18
2023-01-26 10:00:00,MACH-A,56.54,1.25
2023-01-26 11:00:00,MACH-A,49.44,1.98
2023-01-26 12:00:00,MACH-A,52.8,1.71
2023-01-26 13:00:00,MACH-A,38.75,2.17
2023-01-26 14:00:00,MACH-A,74.46,1.6
2023-01-26 15:00:00,MACH-A,51.29,1.49
2023-01-26 16:00:00,MACH-A,51.09,0.97
2023-01-26 17:00:00,MACH-A,57.26,2.61
2023-01-26 18:00:00,MACH-A,54.81,1.8
2023-01-26 19:00:00,MACH-A,52.24,2.08
2023-01-26 20:00:00,MACH-A,42.1,2.0
2023-01-26 21:00:00,MACH-A,54.71,1.47
2023-01-26 22:00:00,MACH-A,68.82,1.37
2023-01-26 23:00:00,MACH-A,63.45,1.5
2023-01-27 00:00:00,MACH-A,65.93,1.64
2023-01-27 01:00:00,MACH-A,44.89,2.18
2023-01-27 02:00:00,MACH-A,40.1,1.6
2023-01-27 03:00:00,MACH-A,48.74,2.87
2023-01-27 04:00:00,MACH-A,50.56,2.51
2023-01-27 05:00:00,MACH-A,60.94,2.4
2023-01-27 06:00:00,MACH-A,33.08,1.94
2023-01-27 07:00:00,MACH-A,65.3,2.76
2023-01-27 08:00:00,MACH-A,48.42,1.89
2023-01-27 09:00:00,MACH-A,45.73,1.98
2023-01-27 10:00:00,MACH-A,39.88,2.08
2023-01-27 11:00:00,MACH-A,33.45,2.35
2023-01-27 12:00:00,MACH-A,58.23,2.32
2023-01-27 13:00:00,MACH-A,50.73,1.76
2023-01-27 14:00:00,MACH-A,37.1,1.73
2023-01-27 15:00:00,MACH-A,37.05,2.32
2023-01-27 16:00:00,MACH-A,46.64,2.36
2023-01-27 17:00:00,MACH-A,66.69,1.8
2023-01-27 18:00:00,MACH-A,47.4,1.21
2023-01-27 19:00:00,MACH-A,34.97,1.9
2023-01-27 20:00:00,MACH-A,47.54,2.31
2023-01-27 21:00:00,MACH-A,47.27,2.9
2023-01-27 22:00:00,MACH-A,23.03,1.4
2023-01-27 23:00:00,MACH-A,49.46,1.79
2023-01-28 00:00:00,MACH-A,47.69,1.81
2023-01-28 01:00:00,MACH-A,56.96,2.68
2023-01-28 02:00:00,MACH-A,68.49,1.98
2023-01-28 03:00:00,MACH-A,61.27,1.55
2023-01-28 04:00:00,MACH-A,47.31,2.28
2023-01-28 05:00:00,MACH-A,38.93,1.8
2023-01-28 06:00:00,MACH-A,75.73,1.39
2023-01-28 07:00:00,MACH-A,50.59,1.55
2023-01-28 08:00:00,MACH-A,50.14,2.87
2023-01-28 09:00:00,MACH-A,49.76,2.19
2023-01-28 10:00:00,MACH-A,51.98,2.05
2023-01-28 11:00:00,MACH-A,48.56,1.88
2023-01-28 12:00:00,MACH-A,44.26,2.15
2023-01-28 13:00:00,MACH-A,44.53,2.14
2023-01-28 14:00:00,MACH-A,49.67,2.15
2023-01-28 15:00:00,MACH-A,44.57,2.06
2023-01-28 16:00:00,MACH-A,42.87,2.43
2023-01-28 17:00:00,MACH-A,51.06,2.01
2023-01-28 18:00:00,MACH-A,47.45,1.51
2023-01-28 19:00:00,MACH-A,65.04,1.69
2023-01-28 20:00:00,MACH-A,23.49,1.01
2023-01-28 21:00:00,MACH-A,60.92,3.01
2023-01-28 22:00:00,MACH-A,62.46,2.43
2023-01-28 23:00:00,MACH-A,29.27,1.58
2023-01-29 00:00:00,MACH-A,46.57,1.86
2023-01-29 01:00:00,MACH-A,46.29,1.68
2023-01-29 02:00:00,MACH-A,35.92,2.77
2023-01-29 03:00:00,MACH-A,42.22,1.29
2023-01-29 04:00:00,MACH-A,38.89,2.06
2023-01-29 05:00:00,MACH-A,67.52,1.95
2023-01-29 06:00:00,MACH-A,59.36,2.41
2023-01-29 07:00:00,MACH-A,62.72,1.95
2023-01-29 08:00:00,MACH-A,57.22,1.12
2023-01-29 09:00:00,MACH-A,38.71,1.87
2023-01-29 10:00:00,MACH-A,44.75,1.51
2023-01-29 11:00:00,MACH-A,54.89,2.04
2023-01-29 12:00:00,MACH-A,37.78,2.72
2023-01-29 13:00:00,MACH-A,57.13,1.13
2023-01-29 14:00:00,MACH-A,47.6,1.6
2023-01-29 15:00:00,MACH-A,46.25,1.72
2023-01-29 16:00:00,MACH-A,57.11,1.81
2023-01-29 17:00:00,MACH-A,54.44,2.37
2023-01-29 18:00:00,MACH-A,46.39,1.91
2023-01-29 19:00:00,MACH-A,61.59,2.21
2023-01-29 20:00:00,MACH-A,39.19,1.69
2023-01-29 21:00:00,MACH-A,56.16,2.11
2023-01-29 22:00:00,MACH-A,55.93,2.39
2023-01-29 23:00:00,MACH-A,46.9,1.63
2023-01-30 00:00:00,MACH-A,53.26,2.39
2023-01-30 01:00:00,MACH-A,37.49,2.03
2023-01-30 02:00:00,MACH-A,59.24,2.52
2023-01-30 03:00:00,MACH-A,48.15,1.9
2023-01-30 04:00:00,MACH-A,44.77,2.19
2023-01-30 05:00:00,MACH-A,60.49,1.98
2023-01-30 06:00:00,MACH-A,42.96,1.95
2023-01-30 07:00:00,MACH-A,35.92,2.13
2023-01-30 08:00:00,MACH-A,34.43,2.27
2023-01-30 09:00:00,MACH-A,56.06,1.38
2023-01-30 10:00:00,MACH-A,37.2,2.72
2023-01-30 11:00:00,MACH-A,67.55,1.07
2023-01-30 12:00:00,MACH-A,29.18,1.66
2023-01-30 13:00:00,MACH-A,66.96,1.95
2023-01-30 14:00:00,MACH-A,52.11,2.21
2023-01-30 15:00:00,MACH-A,49.03,2.79
2023-01-30 16:00:00,MACH-A,44.55,1.07
2023-01-30 17:00:00,MACH-A,53.99,1.75
2023-01-30 18:00:00,MACH-A,49.62,0.94
2023-01-30 19:00:00,MACH-A,61.03,2.02
2023-01-30 20:00:00,MACH-A,51.14,2.14
2023-01-30 21:00:00,MACH-A,51.5,2.8
2023-01-30 22:00:00,MACH-A,46.36,2.06
2023-01-30 23:00:00,MACH-A,49.43,2.52
2023-01-31 00:00:00,MACH-A,53.08,2.29
2023-01-31 01:00:00,MACH-A,32.9,1.78
2023-01-31 02:00:00,MACH-A,36.52,1.3
2023-01-31 03:00:00,MACH-A,57.43,2.14
2023-01-31 04:00:00,MACH-A,51.71,1.25
2023-01-31 05:00:00,MACH-A,48.16,2.65
2023-01-31 06:00:00,MACH-A,50.18,1.92
2023-01-31 07:00:00,MACH-A,53.48,2.6
2023-01-31 08:00:00,MACH-A,44.6,1.76
2023-01-31 09:00:00,MACH-A,42.22,2.13
2023-01-31 10:00:00,MACH-A,51.96,2.1
2023-01-31 11:00:00,MACH-A,40.22,1.98
2023-01-31 12:00:00,MACH-A,54.08,1.78
2023-01-31 13:00:00,MACH-A,32.97,2.2
2023-01-31 14:00:00,MACH-A,60.29,1.54
2023-01-31 15:00:00,MACH-A,54.73,1.4
2023-01-31 16:00:00,MACH-A,52.56,2.62
2023-01-31 17:00:00,MACH-A,59.83,2.36
2023-01-31 18:00:00,MACH-A,66.65,2.03
2023-01-31 19:00:00,MACH-A,60.14,2.83
2023-01-31 20:00:00,MACH-A,31.59,1.87
2023-01-31 21:00:00,MACH-A,37.2,2.66
2023-01-31 22:00:00,MACH-A,43.75,2.09
2023-01-31 23:00:00,MACH-A,50.26,1.49
2023-02-01 00:00:00,MACH-A,55.18,2.92
2023-02-01 01:00:00,MACH-A,42.74,2.5
2023-02-01 02:00:00,MACH-A,51.87,1.94
2023-02-01 03:00:00,MACH-A,42.45,2.36
2023-02-01 04:00:00,MACH-A,43.88,1.8
2023-02-01 05:00:00,MACH-A,35.93,2.41
2023-02-01 06:00:00,MACH-A,40.77,0.8
2023-02-01 07:00:00,MACH-A,36.48,1.49
2023-02-01 08:00:00,MACH-A,40.24,2.49
2023-02-01 09:00:00,MACH-A,60.54,1.88
2023-02-01 10:00:00,MACH-A,40.51,2.1
2023-02-01 11:00:00,MACH-A,76.32,1.33
2023-02-01 12:00:00,MACH-A,54.93,2.92
2023-02-01 13:00:00,MACH-A,51.85,2.6
2023-02-01 14:00:00,MACH-A,41.42,1.9
2023-02-01 15:00:00,MACH-A,57.0,1.8
2023-02-01 16:00:00,MACH-A,44.24,2.51
2023-02-01 17:00:00,MACH-A,51.22,2.99
2023-02-01 18:00:00,MACH-A,75.6,2.48
2023-02-01 19:00:00,MACH-A,49.04,3.09
2023-02-01 20:00:00,MACH-A,61.49,1.54
2023-02-01 21:00:00,MACH-A,42.97,1.59
2023-02-01 22:00:00,MACH-A,49.65,1.41
2023-02-01 23:00:00,MACH-A,67.71,2.22
2023-02-02 00:00:00,MACH-A,43.73,2.09
2023-02-02 01:00:00,MACH-A,68.12,1.92
2023-02-02 02:00:00,MACH-A,57.08,2.4
2023-02-02 03:00:00,MACH-A,44.38,2.62
2023-02-02 04:00:00,MACH-A,56.32,1.24
2023-02-02 05:00:00,MACH-A,59.73,1.7
2023-02-02 06:00:00,MACH-A,56.22,2.41
2023-02-02 07:00:00,MACH-A,34.3,1.77
2023-02-02 08:00:00,MACH-A,42.73,1.6
2023-02-02 09:00:00,MACH-A,47.52,2.51
2023-02-02 10:00:00,MACH-A,49.26,1.36
2023-02-02 11:00:00,MACH-A,56.21,1.85
2023-02-02 12:00:00,MACH-A,51.78,2.16
2023-02-02 13:00:00,MACH-A,36.65,1.71
2023-02-02 14:00:00,MACH-A,53.8,2.39
2023-02-02 15:00:00,MACH-A,56.11,1.72
2023-02-02 16:00:00,MACH-A,55.6,2.7
2023-02-02 17:00:00,MACH-A,60.81,1.94
2023-02-02 18:00:00,MACH-A,58.34,2.34
2023-02-02 19:00:00,MACH-A,54.59,2.37
2023-02-02 20:00:00,MACH-A,49.3,1.69
2023-02-02 21:00:00,MACH-A,33.39,0.97
2023-02-02 22:00:00,MACH-A,54.3,2.18
2023-02-02 23:00:00,MACH-A,52.08,2.04
2023-02-03 00:00:00,MACH-A,52.72,2.28
2023-02-03 01:00:00,MACH-A,37.23,1.89
2023-02-03 02:00:00,MACH-A,39.19,1.78
2023-02-03 03:00:00,MACH-A,60.53,3.0
2023-02-03 04:00:00,MACH-A,49.6,1.26
2023-02-03 05:00:00,MACH-A,56.82,2.37
2023-02-03 06:00:00,MACH-A,50.28,1.71
2023-02-03 07:00:00,MACH-A,50.3,1.83
2023-02-03 08:00:00,MACH-A,59.38,1.84
2023-02-03 09:00:00,MACH-A,44.84,1.6
2023-02-03 10:00:00,MACH-A,50.96,2.29
2023-02-03 11:00:00,MACH-A,45.38,2.7
2023-02-03 12:00:00,MACH-A,45.66,2.24
2023-02-03 13:00:00,MACH-A,46.91,2.05
2023-02-03 14:00:00,MACH-A,52.22,1.51
2023-02-03 15:00:00,MACH-A,45.21,2.26
2023-02-03 16:00:00,MACH-A,62.56,3.08
2023-02-03 17:00:00,MACH-A,41.05,1.81
2023-02-03 18:00:00,MACH-A,48.13,1.81
2023-02-03 19:00:00,MACH-A,45.6,1.72
2023-02-03 20:00:00,MACH-A,64.47,1.76
2023-02-03 21:00:00,MACH-A,51.97,0.63
2023-02-03 22:00:00,MACH-A,60.32,2.2
2023-02-03 23:00:00,MACH-A,35.14,1.58
2023-02-04 00:00:00,MACH-A,52.67,1.19
2023-02-04 01:00:00,MACH-A,58.9,2.38
2023-02-04 02:00:00,MACH-A,50.82,1.46
2023-02-04 03:00:00,MACH-A,60.65,1.83
2023-02-04 04:00:00,MACH-A,44.83,2.73
2023-02-04 05:00:00,MACH-A,64.09,1.3
2023-02-04 06:00:00,MACH-A,72.99,1.23
2023-02-04 07:00:00,MACH-A,46.37,2.13
2023-02-04 08:00:00,MACH-A,45.54,2.57
2023-02-04 09:00:00,MACH-A,64.53,1.21
2023-02-04 10:00:00,MACH-A,65.8,2.2
2023-02-04 11:00:00,MACH-A,44.77,2.29
2023-02-04 12:00:00,MACH-A,45.8,0.97
2023-02-04 13:00:00,MACH-A,47.18,2.4
2023-02-04 14:00:00,MACH-A,36.56,2.44
2023-02-04 15:00:00,MACH-A,40.81,1.84
2023-02-04 16:00:00,MACH-A,39.96,2.63
2023-02-04 17:00:00,MACH-A,42.32,2.57
2023-02-04 18:00:00,MACH-A,49.65,2.05
2023-02-04 19:00:00,MACH-A,52.34,1.77
2023-02-04 20:00:00,MACH-A,65.51,1.51
2023-02-04 21:00:00,MACH-A,40.02,1.98
2023-02-04 22:00:00,MACH-A,59.84,2.28
2023-02-04 23:00:00,MACH-A,47.86,1.84
2023-02-05 00:00:00,MACH-A,49.51,0.9
2023-02-05 01:00:00,MACH-A,56.75,2.63
2023-02-05 02:00:00,MACH-A,38.77,2.1
2023-02-05 03:00:00,MACH-A,53.82,1.81
2023-02-05 04:00:00,MACH-A,51.66,2.43
2023-02-05 05:00:00,MACH-A,54.92,2.76
2023-02-05 06:00:00,MACH-A,52.89,0.6
2023-02-05 07:00:00,MACH-A,74.55,2.22
2023-02-05 08:00:00,MACH-A,43.62,1.29
2023-02-05 09:00:00,MACH-A,44.69,2.25
2023-02-05 10:00:00,MACH-A,43.77,2.06
2023-02-05 11:00:00,MACH-A,44.45,2.32
2023-02-05 12:00:00,MACH-A,43.63,1.75
2023-02-05 13:00:00,MACH-A,61.89,1.06
2023-02-05 14:00:00,MACH-A,64.21,1.77
2023-02-05 15:00:00,MACH-A,44.29,2.2
2023-02-05 16:00:00,MACH-A,41.68,2.51
2023-02-05 17:00:00,MACH-A,54.71,1.41
2023-02-05 18:00:00,MACH-A,44.48,2.51
2023-02-05 19:00:00,MACH-A,56.33,1.68
2023-02-05 20:00:00,MACH-A,52.03,2.18
2023-02-05 21:00:00,MACH-A,34.84,1.75
2023-02-05 22:00:00,MACH-A,65.48,2.09
2023-02-05 23:00:00,MACH-A,67.96,2.45
2023-02-06 00:00:00,MACH-A,43.87,1.39
2023-02-06 01:00:00,MACH-A,46.12,1.66
2023-02-06 02:00:00,MACH-A,52.86,2.09
2023-02-06 03:00:00,MACH-A,53.34,3.2
2023-02-06 04:00:00,MACH-A,56.59,1.57
2023-02-06 05:00:00,MACH-A,70.1,3.02
2023-02-06 06:00:00,MACH-A,48.23,3.0
2023-02-06 07:00:00,MACH-A,42.02,1.95
2023-02-06 08:00:00,MACH-A,36.21,1.85
2023-02-06 09:00:00,MACH-A,42.69,1.65
2023-02-06 10:00:00,MACH-A,49.67,1.97
2023-02-06 11:00:00,MACH-A,67.95,1.3
2023-02-06 12:00:00,MACH-A,44.82,1.96
2023-02-06 13:00:00,MACH-A,52.24,2.75
2023-02-06 14:00:00,MACH-A,49.84,1.69
2023-02-06 15:00:00,MACH-A,61.88,1.88
2023-02-06 16:00:00,MACH-A,75.27,1.15
2023-02-06 17:00:00,MACH-A,44.69,2.19
2023-02-06 18:00:00,MACH-A,45.11,2.13
2023-02-06 19:00:00,MACH-A,60.44,2.03
2023-02-06 20:00:00,MACH-A,56.82,1.89
2023-02-06 21:00:00,MACH-A,68.47,1.85
2023-02-06 22:00:00,MACH-A,55.84,2.25
2023-02-06 23:00:00,MACH-A,46.41,1.99
2023-02-07 00:00:00,MACH-A,55.91,2.16
2023-02-07 01:00:00,MACH-A,61.09,2.11
2023-02-07 02:00:00,MACH-A,58.2,2.56
2023-02-07 03:00:00,MACH-A,55.07,2.34
2023-02-07 04:00:00,MACH-A,60.67,2.1
2023-02-07 05:00:00,MACH-A,61.69,2.76
2023-02-07 06:00:00,MACH-A,63.82,2.21
2023-02-07 07:00:00,MACH-A,56.49,2.65
2023-02-07 08:00:00,MACH-A,48.33,2.3
2023-02-07 09:00:00,MACH-A,51.47,1.08
2023-02-07 10:00:00,MACH-A,62.07,2.65
2023-02-07 11:00:00,MACH-A,41.83,2.07
2023-02-07 12:00:00,MACH-A,53.69,1.97
2023-02-07 13:00:00,MACH-A,46.07,2.14
2023-02-07 14:00:00,MACH-A,50.29,1.83
2023-02-07 15:00:00,MACH-A,62.78,2.11
2023-02-07 16:00:00,MACH-A,51.91,1.7
2023-02-07 17:00:00,MACH-A,50.46,2.64
2023-02-07 18:00:00,MACH-A,36.4,1.94
2023-02-07 19:00:00,MACH-A,57.46,1.81
2023-02-07 20:00:00,MACH-A,56.45,1.54
2023-02-07 21:00:00,MACH-A,71.63,2.13
2023-02-07 22:00:00,MACH-A,46.92,2.09
2023-02-07 23:00:00,MACH-A,52.19,2.19
2023-02-08 00:00:00,MACH-A,52.49,1.49
2023-02-08 01:00:00,MACH-A,65.77,1.2
2023-02-08 02:00:00,MACH-A,49.05,2.31
2023-02-08 03:00:00,MACH-A,52.79,2.74
2023-02-08 04:00:00,MACH-A,56.08,1.49
2023-02-08 05:00:00,MACH-A,51.87,2.79
2023-02-08 06:00:00,MACH-A,45.54,2.14
2023-02-08 07:00:00,MACH-A,51.94,2.0
2023-02-08 08:00:00,MACH-A,60.74,1.8
2023-02-08 09:00:00,MACH-A,39.73,1.31
2023-02-08 10:00:00,MACH-A,51.33,2.49
2023-02-08 11:00:00,MACH-A,43.0,1.61
2023-02-08 12:00:00,MACH-A,61.95,1.61
2023-02-08 13:00:00,MACH-A,34.77,2.5
2023-02-08 14:00:00,MACH-A,44.41,1.06
2023-02-08 15:00:00,MACH-A,53.77,1.24
2023-02-08 16:00:00,MACH-A,65.66,1.99
2023-02-08 17:00:00,MACH-A,49.34,2.15
2023-02-08 18:00:00,MACH-A,44.45,2.24
2023-02-08 19:00:00,MACH-A,68.81,1.85
2023-02-08 20:00:00,MACH-A,35.52,3.27
2023-02-08 21:00:00,MACH-A,28.01,1.89
2023-02-08 22:00:00,MACH-A,54.4,1.88
2023-02-08 23:00:00,MACH-A,44.98,1.6
2023-02-09 00:00:00,MACH-A,39.79,2.06
2023-02-09 01:00:00,MACH-A,57.08,2.31
2023-02-09 02:00:00,MACH-A,52.44,2.6
2023-02-09 03:00:00,MACH-A,44.36,1.26
2023-02-09 04:00:00,MACH-A,37.2,1.88
2023-02-09 05:00:00,MACH-A,58.72,2.22
2023-02-09 06:00:00,MACH-A,56.5,2.29
2023-02-09 07:00:00,MACH-A,49.01,2.0
2023-02-09 08:00:00,MACH-A,68.47,2.27
2023-02-09 09:00:00,MACH-A,39.3,1.6
2023-02-09 10:00:00,MACH-A,34.74,2.78
2023-02-09 11:00:00,MACH-A,43.08,2.5
2023-02-09 12:00:00,MACH-A,49.54,1.33
2023-02-09 13:00:00,MACH-A,52.43,1.46
2023-02-09 14:00:00,MACH-A,47.59,1.48
2023-02-09 15:00:00,MACH-A,53.52,2.34
2023-02-09 16:00:00,MACH-A,37.48,1.36
2023-02-09 17:00:00,MACH-A,64.44,1.83
2023-02-09 18:00:00,MACH-A,49.18,2.23
2023-02-09 19:00:00,MACH-A,61.17,1.97
2023-02-09 20:00:00,MACH-A,53.43,2.13
2023-02-09 21:00:00,MACH-A,54.57,1.47
2023-02-09 22:00:00,MACH-A,55.7,2.3
2023-02-09 23:00:00,MACH-A,54.48,1.69
2023-02-10 00:00:00,MACH-A,56.43,1.84
2023-02-10 01:00:00,MACH-A,63.29,2.12
2023-02-10 02:00:00,MACH-A,51.97,2.05
2023-02-10 03:00:00,MACH-A,57.09,2.01
2023-02-10 04:00:00,MACH-A,49.1,1.62
2023-02-10 05:00:00,MACH-A,64.4,1.85
2023-02-10 06:00:00,MACH-A,43.24,2.0
2023-02-10 07:00:00,MACH-A,68.01,1.31
2023-02-10 08:00:00,MACH-A,49.6,1.77
2023-02-10 09:00:00,MACH-A,35.69,2.19
2023-02-10 10:00:00,MACH-A,51.28,1.36
2023-02-10 11:00:00,MACH-A,43.19,2.58
2023-02-10 12:00:00,MACH-A,58.41,2.63
2023-02-10 13:00:00,MACH-A,43.47,1.38
2023-02-10 14:00:00,MACH-A,45.54,2.68
2023-02-10 15:00:00,MACH-A,31.1,1.93
2023-02-10 16:00:00,MACH-A,45.48,2.21
2023-02-10 17:00:00,MACH-A,25.76,1.75
2023-02-10 18:00:00,MACH-A,34.16,2.46
2023-02-10 19:00:00,MACH-A,57.6,2.2
2023-02-10 20:00:00,MACH-A,57.86,1.59
2023-02-10 21:00:00,MACH-A,54.25,1.42
2023-02-10 22:00:00,MACH-A,40.33,1.27
2023-02-10 23:00:00,MACH-A,49.52,2.09
2023-02-11 00:00:00,MACH-A,49.96,2.29
2023-02-11 01:00:00,MACH-A,38.42,2.33
2023-02-11 02:00:00,MACH-A,65.03,1.94
2023-02-11 03:00:00,MACH-A,58.77,1.42
2023-02-11 04:00:00,MACH-A,47.79,1.66
2023-02-11 05:00:00,MACH-A,50.27,2.58
2023-02-11 06:00:00,MACH-A,52.08,1.76
2023-02-11 07:00:00,MACH-A,29.58,2.07
2023-02-11 08:00:00,MACH-A,47.53,1.46
2023-02-11 09:00:00,MACH-A,43.18,2.17
2023-02-11 10:00:00,MACH-A,39.98,1.77
2023-02-11 11:00:00,MACH-A,47.19,2.52
2023-02-11 12:00:00,MACH-A,67.98,2.39
2023-02-11 13:00:00,MACH-A,56.41,1.75
2023-02-11 14:00:00,MACH-A,44.29,1.94
2023-02-11 15:00:00,MACH-A,55.73,1.72
2023-02-11 16:00:00,MACH-A,63.99,1.29
2023-02-11 17:00:00,MACH-A,59.25,1.57
2023-02-11 18:00:00,MACH-A,50.6,2.1
2023-02-11 19:00:00,MACH-A,43.53,2.16
2023-02-11 20:00:00,MACH-A,56.98,2.07
2023-02-11 21:00:00,MACH-A,53.93,1.85
2023-02-11 22:00:00,MACH-A,58.95,2.47
2023-02-11 23:00:00,MACH-A,56.35,2.03
2023-02-12 00:00:00,MACH-A,88.42,3.51
2023-02-12 01:00:00,MACH-A,44.65,1.11
2023-02-12 02:00:00,MACH-A,63.17,0.04
2023-02-12 03:00:00,MACH-A,51.98,2.14
2023-02-12 04:00:00,MACH-A,70.75,1.29
2023-02-12 05:00:00,MACH-A,43.11,1.89
2023-02-12 06:00:00,MACH-A,67.36,1.85
2023-02-12 07:00:00,MACH-A,51.98,2.79
2023-02-12 08:00:00,MACH-A,43.49,2.2
2023-02-12 09:00:00,MACH-A,45.16,2.08
2023-02-12 10:00:00,MACH-A,46.8,2.42
2023-02-12 11:00:00,MACH-A,54.24,2.18
2023-02-12 12:00:00,MACH-A,55.23,1.77
2023-02-12 13:00:00,MACH-A,44.26,2.54
2023-02-12 14:00:00,MACH-A,49.76,1.45
2023-02-12 15:00:00,MACH-A,71.42,2.16
2023-02-12 16:00:00,MACH-A,67.28,1.23
2023-02-12 17:00:00,MACH-A,54.36,2.1
2023-02-12 18:00:00,MACH-A,50.38,2.1
2023-02-12 19:00:00,MACH-A,51.2,2.84
2023-02-12 20:00:00,MACH-A,56.14,1.22
2023-02-12 21:00:00,MACH-A,39.77,1.7
2023-02-12 22:00:00,MACH-A,47.43,2.41
2023-02-12 23:00:00,MACH-A,33.31,2.17
2023-02-13 00:00:00,MACH-A,53.99,2.09
2023-02-13 01:00:00,MACH-A,56.47,1.52
2023-02-13 02:00:00,MACH-A,45.17,1.7
2023-02-13 03:00:00,MACH-A,65.74,2.62
2023-02-13 04:00:00,MACH-A,37.74,1.97
2023-02-13 05:00:00,MACH-A,35.36,2.19
2023-02-13 06:00:00,MACH-A,52.24,1.94
2023-02-13 07:00:00,MACH-A,60.47,1.41
2023-02-13 08:00:00,MACH-A,66.84,2.47
2023-02-13 09:00:00,MACH-A,45.41,2.25
2023-02-13 10:00:00,MACH-A,60.79,3.15
2023-02-13 11:00:00,MACH-A,49.61,1.49
2023-02-13 12:00:00,MACH-A,48.27,2.41
2023-02-13 13:00:00,MACH-A,58.84,1.34
2023-02-13 14:00:00,MACH-A,56.52,2.08
2023-02-13 15:00:00,MACH-A,34.24,2.49
2023-02-13 16:00:00,MACH-A,64.77,0.96
2023-02-13 17:00:00,MACH-A,63.8,1.9
2023-02-13 18:00:00,MACH-A,43.74,1.72
2023-02-13 19:00:00,MACH-A,53.96,1.65
2023-02-13 20:00:00,MACH-A,54.94,2.19
2023-02-13 21:00:00,MACH-A,52.61,2.56
2023-02-13 22:00:00,MACH-A,44.5,1.93
2023-02-13 23:00:00,MACH-A,43.28,2.1
2023-02-14 00:00:00,MACH-A,49.74,2.06
2023-02-14 01:00:00,MACH-A,61.73,2.0
2023-02-14 02:00:00,MACH-A,55.44,1.46
2023-02-14 03:00:00,MACH-A,46.29,2.55
2023-02-14 04:00:00,MACH-A,57.72,2.15
2023-02-14 05:00:00,MACH-A,21.51,2.2
2023-02-14 06:00:00,MACH-A,61.49,1.6
2023-02-14 07:00:00,MACH-A,32.6,1.77
2023-02-14 08:00:00,MACH-A,46.38,1.91
2023-02-14 09:00:00,MACH-A,38.8,1.23
2023-02-14 10:00:00,MACH-A,37.05,1.16
2023-02-14 11:00:00,MACH-A,61.61,1.7
2023-02-14 12:00:00,MACH-A,45.32,2.26
2023-02-14 13:00:00,MACH-A,53.47,1.67
2023-02-14 14:00:00,MACH-A,49.53,1.49
2023-02-14 15:00:00,MACH-A,54.77,1.59
2023-02-14 16:00:00,MACH-A,50.77,1.77
2023-02-14 17:00:00,MACH-A,37.17,1.82
2023-02-14 18:00:00,MACH-A,59.96,3.08
2023-02-14 19:00:00,MACH-A,45.06,2.53
2023-02-14 20:00:00,MACH-A,34.43,2.51
2023-02-14 21:00:00,MACH-A,45.72,2.58
2023-02-14 22:00:00,MACH-A,65.01,1.5
2023-02-14 23:00:00,MACH-A,58.5,1.39
2023-02-15 00:00:00,MACH-A,46.51,1.45
2023-02-15 01:00:00,MACH-A,46.51,2.67
2023-02-15 02:00:00,MACH-A,46.78,1.73
2023-02-15 03:00:00,MACH-A,70.77,1.37
2023-02-15 04:00:00,MACH-A,53.82,1.78
2023-02-15 05:00:00,MACH-A,54.3,1.88
2023-02-15 06:00:00,MACH-A,60.3,2.13
2023-02-15 07:00:00,MACH-A,52.39,2.13
2023-02-15 08:00:00,MACH-A,47.41,1.59
2023-02-15 09:00:00,MACH-A,48.04,2.34
2023-02-15 10:00:00,MACH-A,49.28,1.68
2023-02-15 11:00:00,MACH-A,49.63,1.92
2023-02-15 12:00:00,MACH-A,57.28,2.34
2023-02-15 13:00:00,MACH-A,50.52,1.68
2023-02-15 14:00:00,MACH-A,57.33,1.72
2023-02-15 15:00:00,MACH-A,49.19,2.3
2023-02-15 16:00:00,MACH-A,50.79,1.57
2023-02-15 17:00:00,MACH-A,30.02,1.81
2023-02-15 18:00:00,MACH-A,59.16,2.28
2023-02-15 19:00:00,MACH-A,53.46,3.03
2023-02-15 20:00:00,MACH-A,59.98,2.3
2023-02-15 21:00:00,MACH-A,21.04,2.24
2023-02-15 22:00:00,MACH-A,70.88,2.27
2023-02-15 23:00:00,MACH-A,48.6,1.46
2023-02-16 00:00:00,MACH-A,61.08,2.06
2023-02-16 01:00:00,MACH-A,39.6,1.99
2023-02-16 02:00:00,MACH-A,56.13,2.16
2023-02-16 03:00:00,MACH-A,39.47,2.06
2023-02-16 04:00:00,MACH-A,43.76,2.19
2023-02-16 05:00:00,MACH-A,69.14,1.84
2023-02-16 06:00:00,MACH-A,48.09,2.03
2023-02-16 07:00:00,MACH-A,52.17,1.39
2023-02-16 08:00:00,MACH-A,58.7,1.84
2023-02-16 09:00:00,MACH-A,54.96,2.7
2023-02-16 10:00:00,MACH-A,51.5,2.16
2023-02-16 11:00:00,MACH-A,53.65,1.99
2023-02-16 12:00:00,MACH-A,74.03,2.95
2023-02-16 13:00:00,MACH-A,49.42,1.32
2023-02-16 14:00:00,MACH-A,52.01,1.45
2023-02-16 15:00:00,MACH-A,60.51,2.86
2023-02-16 16:00:00,MACH-A,61.06,2.02
2023-02-16 17:00:00,MACH-A,61.87,1.88
2023-02-16 18:00:00,MACH-A,56.39,1.4
2023-02-16 19:00:00,MACH-A,38.57,2.22
2023-02-16 20:00:00,MACH-A,66.33,2.27
2023-02-16 21:00:00,MACH-A,38.54,1.45
2023-02-16 22:00:00,MACH-A,53.03,1.93
2023-02-16 23:00:00,MACH-A,42.46,1.83
2023-02-17 00:00:00,MACH-A,49.36,2.13
2023-02-17 01:00:00,MACH-A,53.29,1.44
2023-02-17 02:00:00,MACH-A,53.21,2.63
2023-02-17 03:00:00,MACH-A,54.22,2.46
2023-02-17 04:00:00,MACH-A,66.14,1.82
2023-02-17 05:00:00,MACH-A,54.54,1.89
2023-02-17 06:00:00,MACH-A,47.56,1.93
2023-02-17 07:00:00,MACH-A,59.64,1.61
2023-02-17 08:00:00,MACH-A,61.89,1.78
2023-02-17 09:00:00,MACH-A,37.72,1.86
2023-02-17 10:00:00,MACH-A,55.97,2.81
2023-02-17 11:00:00,MACH-A,57.01,2.47
2023-02-17 12:00:00,MACH-A,47.02,2.47
2023-02-17 13:00:00,MACH-A,63.76,2.18
2023-02-17 14:00:00,MACH-A,48.5,1.44
2023-02-17 15:00:00,MACH-A,51.26,1.98
2023-02-17 16:00:00,MACH-A,48.27,2.49
2023-02-17 17:00:00,MACH-A,50.16,1.37
2023-02-17 18:00:00,MACH-A,39.04,2.32
2023-02-17 19:00:00,MACH-A,35.6,3.16
2023-02-17 20:00:00,MACH-A,65.95,2.53
2023-02-17 21:00:00,MACH-A,41.53,2.71
2023-02-17 22:00:00,MACH-A,40.09,2.11
2023-02-17 23:00:00,MACH-A,28.47,2.48
2023-02-18 00:00:00,MACH-A,43.61,1.64
2023-02-18 01:00:00,MACH-A,36.77,2.4
2023-02-18 02:00:00,MACH-A,66.42,2.33
2023-02-18 03:00:00,MACH-A,60.1,2.14
2023-02-18 04:00:00,MACH-A,43.12,2.66
2023-02-18 05:00:00,MACH-A,72.52,1.73
2023-02-18 06:00:00,MACH-A,59.82,1.91
2023-02-18 07:00:00,MACH-A,46.75,2.05
2023-02-18 08:00:00,MACH-A,25.01,1.49
2023-02-18 09:00:00,MACH-A,72.91,2.11
2023-02-18 10:00:00,MACH-A,36.1,1.14
2023-02-18 11:00:00,MACH-A,33.55,2.52
2023-02-18 12:00:00,MACH-A,60.23,2.02
2023-02-18 13:00:00,MACH-A,74.4,1.74
2023-02-18 14:00:00,MACH-A,63.84,1.58
2023-02-18 15:00:00,MACH-A,55.64,1.88
2023-02-18 16:00:00,MACH-A,55.95,2.34
2023-02-18 17:00:00,MACH-A,58.53,2.27
2023-02-18 18:00:00,MACH-A,57.59,1.65
2023-02-18 19:00:00,MACH-A,52.81,1.58
2023-02-18 20:00:00,MACH-A,51.04,2.33
2023-02-18 21:00:00,MACH-A,49.37,1.64
2023-02-18 22:00:00,MACH-A,42.46,2.03
2023-02-18 23:00:00,MACH-A,47.19,2.06
2023-02-19 00:00:00,MACH-A,33.07,2.16
2023-02-19 01:00:00,MACH-A,49.02,2.43
2023-02-19 02:00:00,MACH-A,40.11,1.37
2023-02-19 03:00:00,MACH-A,38.96,1.04
2023-02-19 04:00:00,MACH-A,51.8,1.72
2023-02-19 05:00:00,MACH-A,63.92,2.9
2023-02-19 06:00:00,MACH-A,59.18,3.01
2023-02-19 07:00:00,MACH-A,34.29,2.92
2023-02-19 08:00:00,MACH-A,40.1,1.9
2023-02-19 09:00:00,MACH-A,59.41,1.11
2023-02-19 10:00:00,MACH-A,40.18,0.83
2023-02-19 11:00:00,MACH-A,47.75,1.69
2023-02-19 12:00:00,MACH-A,55.5,1.9
2023-02-19 13:00:00,MACH-A,40.32,2.65
2023-02-19 14:00:00,MACH-A,51.05,2.43
2023-02-19 15:00:00,MACH-A,36.66,2.11
2023-02-19 16:00:00,MACH-A,43.99,1.56
2023-02-19 17:00:00,MACH-A,53.2,1.52
2023-02-19 18:00:00,MACH-A,34.07,2.13
2023-02-19 19:00:00,MACH-A,54.4,2.35
2023-02-19 20:00:00,MACH-A,49.8,2.2
2023-02-19 21:00:00,MACH-A,55.52,1.48
2023-02-19 22:00:00,MACH-A,52.24,2.33
2023-02-19 23:00:00,MACH-A,63.64,2.21
2023-02-20 00:00:00,MACH-A,51.25,1.46
2023-02-20 01:00:00,MACH-A,45.71,1.61
2023-02-20 02:00:00,MACH-A,51.22,2.34
2023-02-20 03:00:00,MACH-A,55.43,1.88
2023-02-20 04:00:00,MACH-A,50.49,2.79
2023-02-20 05:00:00,MACH-A,50.41,2.25
2023-02-20 06:00:00,MACH-A,42.98,1.76
2023-02-20 07:00:00,MACH-A,43.37,1.99
2023-02-20 08:00:00,MACH-A,35.97,2.03
2023-02-20 09:00:00,MACH-A,67.5,1.64
2023-02-20 10:00:00,MACH-A,37.56,1.54
2023-02-20 11:00:00,MACH-A,43.07,2.35
2023-02-20 12:00:00,MACH-A,42.82,2.42
2023-02-20 13:00:00,MACH-A,58.95,2.3
2023-02-20 14:00:00,MACH-A,47.05,2.76
2023-02-20 15:00:00,MACH-A,62.48,1.73
2023-02-20 16:00:00,MACH-A,43.27,2.84
2023-02-20 17:00:00,MACH-A,52.79,1.55
2023-02-20 18:00:00,MACH-A,41.65,1.49
2023-02-20 19:00:00,MACH-A,71.45,1.12
2023-02-20 20:00:00,MACH-A,38.12,1.78
2023-02-20 21:00:00,MACH-A,53.1,1.75
2023-02-20 22:00:00,MACH-A,56.34,2.26
2023-02-20 23:00:00,MACH-A,54.14,2.12
2023-02-21 00:00:00,MACH-A,48.15,1.4
2023-02-21 01:00:00,MACH-A,48.7,1.8
2023-02-21 02:00:00,MACH-A,50.44,1.81
2023-02-21 03:00:00,MACH-A,48.53,1.11
2023-02-21 04:00:00,MACH-A,59.64,1.51
2023-02-21 05:00:00,MACH-A,72.11,1.61
2023-02-21 06:00:00,MACH-A,44.43,2.72
2023-02-21 07:00:00,MACH-A,36.3,2.1
2023-02-21 08:00:00,MACH-A,49.12,2.33
2023-02-21 09:00:00,MACH-A,75.8,1.25
2023-02-21 10:00:00,MACH-A,41.96,2.6
2023-02-21 11:00:00,MACH-A,66.39,2.65
2023-02-21 12:00:00,MACH-A,66.78,1.0
2023-02-21 13:00:00,MACH-A,44.46,1.65
2023-02-21 14:00:00,MACH-A,55.69,2.25
2023-02-21 15:00:00,MACH-A,66.28,2.32
2023-02-21 16:00:00,MACH-A,46.21,1.66
2023-02-21 17:00:00,MACH-A,47.96,1.85
2023-02-21 18:00:00,MACH-A,44.18,1.7
2023-02-21 19:00:00,MACH-A,39.85,2.06
2023-02-21 20:00:00,MACH-A,43.51,2.6
2023-02-21 21:00:00,MACH-A,37.76,1.61
2023-02-21 22:00:00,MACH-A,50.34,2.5
2023-02-21 23:00:00,MACH-A,42.3,1.61
2023-02-22 00:00:00,MACH-A,52.34,1.58
2023-02-22 01:00:00,MACH-A,34.44,2.41
2023-02-22 02:00:00,MACH-A,53.31,2.46
2023-02-22 03:00:00,MACH-A,58.34,2.43
2023-02-22 04:00:00,MACH-A,30.06,1.34
2023-02-22 05:00:00,MACH-A,53.74,1.77
2023-02-22 06:00:00,MACH-A,62.28,2.41
2023-02-22 07:00:00,MACH-A,37.9,2.02
2023-02-22 08:00:00,MACH-A,66.73,1.46
2023-02-22 09:00:00,MACH-A,54.19,2.23
2023-02-22 10:00:00,MACH-A,42.95,1.64
2023-02-22 11:00:00,MACH-A,49.44,2.9
2023-02-22 12:00:00,MACH-A,55.58,2.77
2023-02-22 13:00:00,MACH-A,50.76,2.3
2023-02-22 14:00:00,MACH-A,55.39,2.68
2023-02-22 15:00:00,MACH-A,40.79,2.03
2023-02-22 16:00:00,MACH-A,51.69,2.38
2023-02-22 17:00:00,MACH-A,35.86,2.74
2023-02-22 18:00:00,MACH-A,48.89,2.12
2023-02-22 19:00:00,MACH-A,40.96,1.87
2023-02-22 20:00:00,MACH-A,42.64,1.15
2023-02-22 21:00:00,MACH-A,62.36,1.96
2023-02-22 22:00:00,MACH-A,60.91,2.41
2023-02-22 23:00:00,MACH-A,56.09,2.47
2023-02-23 00:00:00,MACH-A,39.08,2.25
2023-02-23 01:00:00,MACH-A,46.84,1.73
2023-02-23 02:00:00,MACH-A,62.13,1.01
2023-02-23 03:00:00,MACH-A,51.42,1.75
2023-02-23 04:00:00,MACH-A,73.19,1.85
2023-02-23 05:00:00,MACH-A,53.93,1.84
2023-02-23 06:00:00,MACH-A,51.92,2.31
2023-02-23 07:00:00,MACH-A,46.91,2.99
2023-02-23 08:00:00,MACH-A,51.34,2.06
2023-02-23 09:00:00,MACH-A,48.48,1.89
2023-02-23 10:00:00,MACH-A,57.08,1.87
2023-02-23 11:00:00,MACH-A,59.57,2.06
2023-02-23 12:00:00,MACH-A,42.14,1.59
2023-02-23 13:00:00,MACH-A,36.69,2.06
2023-02-23 14:00:00,MACH-A,31.64,2.23
2023-02-23 15:00:00,MACH-A,55.08,2.1
2023-02-23 16:00:00,MACH-A,38.97,2.23
2023-02-23 17:00:00,MACH-A,28.47,2.22
2023-02-23 18:00:00,MACH-A,53.89,1.11
2023-02-23 19:00:00,MACH-A,74.93,2.32
2023-02-23 20:00:00,MACH-A,49.94,1.66
2023-02-23 21:00:00,MACH-A,58.38,1.45
2023-02-23 22:00:00,MACH-A,50.82,1.45
2023-02-23 23:00:00,MACH-A,49.01,2.22
2023-02-24 00:00:00,MACH-A,59.19,1.89
2023-02-24 01:00:00,MACH-A,47.1,1.16
2023-02-24 02:00:00,MACH-A,52.67,2.24
2023-02-24 03:00:00,MACH-A,53.22,1.28
2023-02-24 04:00:00,MACH-A,43.32,2.07
2023-02-24 05:00:00,MACH-A,59.92,2.12
2023-02-24 06:00:00,MACH-A,48.25,2.44
2023-02-24 07:00:00,MACH-A,42.44,2.89
2023-02-24 08:00:00,MACH-A,55.37,1.32
2023-02-24 09:00:00,MACH-A,41.02,1.97
2023-02-24 10:00:00,MACH-A,50.28,1.86
2023-02-24 11:00:00,MACH-A,49.91,2.22
2023-02-24 12:00:00,MACH-A,60.86,2.11
2023-02-24 13:00:00,MACH-A,54.75,1.82
2023-02-24 14:00:00,MACH-A,49.75,1.78
2023-02-24 15:00:00,MACH-A,58.18,1.44
2023-02-24 16:00:00,MACH-A,63.9,2.49
2023-02-24 17:00:00,MACH-A,55.58,2.23
2023-02-24 18:00:00,MACH-A,50.1,2.46
2023-02-24 19:00:00,MACH-A,36.88,1.84
2023-02-24 20:00:00,MACH-A,39.35,1.67
2023-02-24 21:00:00,MACH-A,46.95,1.46
2023-02-24 22:00:00,MACH-A,43.9,2.18
2023-02-24 23:00:00,MACH-A,48.13,1.48
2023-02-25 00:00:00,MACH-A,50.57,2.92
2023-02-25 01:00:00,MACH-A,55.3,1.35
2023-02-25 02:00:00,MACH-A,49.3,2.14
2023-02-25 03:00:00,MACH-A,54.87,2.78
2023-02-25 04:00:00,MACH-A,50.64,2.3
2023-02-25 05:00:00,MACH-A,30.25,2.09
2023-02-25 06:00:00,MACH-A,40.61,1.52
2023-02-25 07:00:00,MACH-A,48.56,1.31
2023-02-25 08:00:00,MACH-A,37.9,2.39
2023-02-25 09:00:00,MACH-A,56.0,2.75
2023-02-25 10:00:00,MACH-A,65.31,1.78
2023-02-25 11:00:00,MACH-A,62.19,1.43
2023-02-25 12:00:00,MACH-A,47.87,0.77
2023-02-25 13:00:00,MACH-A,64.91,1.51
2023-02-25 14:00:00,MACH-A,51.49,1.94
2023-02-25 15:00:00,MACH-A,46.63,2.8
2023-02-25 16:00:00,MACH-A,43.87,2.34
2023-02-25 17:00:00,MACH-A,46.98,2.15
2023-02-25 18:00:00,MACH-A,46.12,1.8
2023-02-25 19:00:00,MACH-A,51.7,1.71
2023-02-25 20:00:00,MACH-A,51.61,2.7
2023-02-25 21:00:00,MACH-A,50.03,2.1
2023-02-25 22:00:00,MACH-A,54.37,0.95
2023-02-25 23:00:00,MACH-A,61.91,1.66
2023-02-26 00:00:00,MACH-A,59.5,1.57
2023-02-26 01:00:00,MACH-A,35.15,1.73
2023-02-26 02:00:00,MACH-A,24.46,2.28
2023-02-26 03:00:00,MACH-A,59.34,1.95
2023-02-26 04:00:00,MACH-A,36.33,1.96
2023-02-26 05:00:00,MACH-A,47.75,2.66
2023-02-26 06:00:00,MACH-A,38.3,1.65
2023-02-26 07:00:00,MACH-A,31.98,2.93
2023-02-26 08:00:00,MACH-A,55.41,1.66
2023-02-26 09:00:00,MACH-A,57.59,2.04
2023-02-26 10:00:00,MACH-A,44.23,1.86
2023-02-26 11:00:00,MACH-A,24.09,2.06
2023-02-26 12:00:00,MACH-A,44.54,2.22
2023-02-26 13:00:00,MACH-A,53.92,2.22
2023-02-26 14:00:00,MACH-A,35.21,1.62
2023-02-26 15:00:00,MACH-A,51.83,1.44
2023-02-26 16:00:00,MACH-A,49.85,3.25
2023-02-26 17:00:00,MACH-A,55.79,1.76
2023-02-26 18:00:00,MACH-A,51.2,2.35
2023-02-26 19:00:00,MACH-A,40.27,1.2
2023-02-26 20:00:00,MACH-A,61.97,1.86
2023-02-26 21:00:00,MACH-A,48.41,1.94
2023-02-26 22:00:00,MACH-A,49.73,2.24
2023-02-26 23:00:00,MACH-A,40.67,0.64
2023-02-27 00:00:00,MACH-A,45.57,2.08
2023-02-27 01:00:00,MACH-A,41.15,1.43
2023-02-27 02:00:00,MACH-A,48.27,2.16
2023-02-27 03:00:00,MACH-A,67.12,1.48
2023-02-27 04:00:00,MACH-A,36.28,1.57
2023-02-27 05:00:00,MACH-A,33.86,1.86
2023-02-27 06:00:00,MACH-A,64.71,1.47
2023-02-27 07:00:00,MACH-A,47.91,1.76
2023-02-27 08:00:00,MACH-A,43.31,1.4
2023-02-27 09:00:00,MACH-A,60.4,1.08
2023-02-27 10:00:00,MACH-A,43.94,2.51
2023-02-27 11:00:00,MACH-A,68.26,1.35
2023-02-27 12:00:00,MACH-A,56.78,1.91
2023-02-27 13:00:00,MACH-A,45.12,2.38
2023-02-27 14:00:00,MACH-A,71.57,1.69
2023-02-27 15:00:00,MACH-A,43.94,1.59
2023-02-27 16:00:00,MACH-A,57.42,2.11
2023-02-27 17:00:00,MACH-A,52.99,2.56
2023-02-27 18:00:00,MACH-A,63.02,1.42
2023-02-27 19:00:00,MACH-A,65.62,1.92
2023-02-27 20:00:00,MACH-A,50.32,1.13
2023-02-27 21:00:00,MACH-A,42.47,1.8
2023-02-27 22:00:00,MACH-A,54.6,2.02
2023-02-27 23:00:00,MACH-A,43.22,1.57
2023-02-28 00:00:00,MACH-A,70.13,1.77
2023-02-28 01:00:00,MACH-A,51.37,1.3
2023-02-28 02:00:00,MACH-A,46.35,2.04
2023-02-28 03:00:00,MACH-A,51.85,2.53
2023-02-28 04:00:00,MACH-A,36.53,1.45
2023-02-28 05:00:00,MACH-A,40.28,1.69
2023-02-28 06:00:00,MACH-A,62.0,2.25
2023-02-28 07:00:00,MACH-A,43.43,2.61
2023-02-28 08:00:00,MACH-A,39.53,1.25
2023-02-28 09:00:00,MACH-A,55.37,1.92
2023-02-28 10:00:00,MACH-A,61.86,2.14
2023-02-28 11:00:00,MACH-A,57.19,1.95
2023-02-28 12:00:00,MACH-A,59.96,0.76
2023-02-28 13:00:00,MACH-A,42.43,2.25
2023-02-28 14:00:00,MACH-A,35.78,2.76
2023-02-28 15:00:00,MACH-A,65.01,2.06
2023-02-28 16:00:00,MACH-A,46.77,1.48
2023-02-28 17:00:00,MACH-A,47.49,1.74
2023-02-28 18:00:00,MACH-A,63.28,2.88
2023-02-28 19:00:00,MACH-A,55.56,2.45
2023-02-28 20:00:00,MACH-A,54.56,2.32
2023-02-28 21:00:00,MACH-A,71.65,2.18
2023-02-28 22:00:00,MACH-A,43.56,1.67
2023-02-28 23:00:00,MACH-A,59.28,1.9
2023-03-01 00:00:00,MACH-A,50.57,1.96
2023-03-01 01:00:00,MACH-A,52.69,2.27
2023-03-01 02:00:00,MACH-A,65.28,2.75
2023-03-01 03:00:00,MACH-A,55.08,2.56
2023-03-01 04:00:00,MACH-A,55.38,1.29
2023-03-01 05:00:00,MACH-A,60.73,2.11
2023-03-01 06:00:00,MACH-A,46.35,2.37
2023-03-01 07:00:00,MACH-A,41.61,2.31
2023-03-01 08:00:00,MACH-A,39.55,1.69
2023-03-01 09:00:00,MACH-A,30.34,3.46
2023-03-01 10:00:00,MACH-A,70.56,1.36
2023-03-01 11:00:00,MACH-A,38.97,1.46
2023-03-01 12:00:00,MACH-A,47.79,2.12
2023-03-01 13:00:00,MACH-A,47.23,3.06
2023-03-01 14:00:00,MACH-A,53.07,1.58
2023-03-01 15:00:00,MACH-A,58.16,1.87
2023-03-01 16:00:00,MACH-A,58.6,2.54
2023-03-01 17:00:00,MACH-A,44.17,1.99
2023-03-01 18:00:00,MACH-A,48.33,1.83
2023-03-01 19:00:00,MACH-A,52.83,2.28
2023-03-01 20:00:00,MACH-A,47.51,2.14
2023-03-01 21:00:00,MACH-A,66.07,2.52
2023-03-01 22:00:00,MACH-A,54.91,2.65
2023-03-01 23:00:00,MACH-A,57.35,2.15
2023-03-02 00:00:00,MACH-A,56.63,2.15
2023-03-02 01:00:00,MACH-A,61.73,2.11
2023-03-02 02:00:00,MACH-A,51.81,2.24
2023-03-02 03:00:00,MACH-A,37.03,2.03
2023-03-02 04:00:00,MACH-A,54.0,2.0
2023-03-02 05:00:00,MACH-A,43.49,2.6
2023-03-02 06:00:00,MACH-A,44.71,2.76
2023-03-02 07:00:00,MACH-A,55.86,1.25
2023-03-02 08:00:00,MACH-A,62.38,2.01
2023-03-02 09:00:00,MACH-A,50.21,1.66
2023-03-02 10:00:00,MACH-A,53.09,1.84
2023-03-02 11:00:00,MACH-A,67.02,2.2
2023-03-02 12:00:00,MACH-A,52.41,2.33
2023-03-02 13:00:00,MACH-A,76.02,1.94
2023-03-02 14:00:00,MACH-A,55.66,1.04
2023-03-02 15:00:00,MACH-A,32.39,1.52
2023-03-02 16:00:00,MACH-A,57.53,2.45
2023-03-02 17:00:00,MACH-A,53.81,0.63
2023-03-02 18:00:00,MACH-A,62.9,2.59
2023-03-02 19:00:00,MACH-A,56.73,2.26
2023-03-02 20:00:00,MACH-A,48.62,2.66
2023-03-02 21:00:00,MACH-A,37.76,1.9
2023-03-02 22:00:00,MACH-A,47.91,0.97
2023-03-02 23:00:00,MACH-A,41.49,2.22
2023-03-03 00:00:00,MACH-A,44.19,2.64
2023-03-03 01:00:00,MACH-A,55.89,2.46
2023-03-03 02:00:00,MACH-A,66.7,1.67
2023-03-03 03:00:00,MACH-A,53.95,2.04
2023-03-03 04:00:00,MACH-A,38.04,1.73
2023-03-03 05:00:00,MACH-A,54.45,1.59
2023-03-03 06:00:00,MACH-A,61.97,2.48
2023-03-03 07:00:00,MACH-A,43.9,1.4
2023-03-03 08:00:00,MACH-A,48.66,1.55
2023-03-03 09:00:00,MACH-A,50.15,1.45
2023-03-03 10:00:00,MACH-A,42.15,1.25
2023-03-03 11:00:00,MACH-A,56.48,2.07
2023-03-03 12:00:00,MACH-A,48.79,2.58
2023-03-03 13:00:00,MACH-A,54.2,1.91
2023-03-03 14:00:00,MACH-A,41.13,1.25
2023-03-03 15:00:00,MACH-A,45.63,2.42
2023-03-03 16:00:00,MACH-A,57.22,2.84
2023-03-03 17:00:00,MACH-A,46.27,1.68
2023-03-03 18:00:00,MACH-A,67.27,1.76
2023-03-03 19:00:00,MACH-A,46.0,2.26
2023-03-03 20:00:00,MACH-A,52.25,2.81
2023-03-03 21:00:00,MACH-A,59.33,1.74
2023-03-03 22:00:00,MACH-A,35.82,1.33
2023-03-03 23:00:00,MACH-A,32.39,2.32
2023-03-04 00:00:00,MACH-A,34.74,2.4
2023-03-04 01:00:00,MACH-A,62.63,2.0
2023-03-04 02:00:00,MACH-A,44.48,1.72
2023-03-04 03:00:00,MACH-A,75.58,2.5
2023-03-04 04:00:00,MACH-A,44.36,2.26
2023-03-04 05:00:00,MACH-A,51.85,1.62
2023-03-04 06:00:00,MACH-A,65.42,2.02
2023-03-04 07:00:00,MACH-A,70.06,1.32
2023-03-04 08:00:00,MACH-A,70.62,2.34
2023-03-04 09:00:00,MACH-A,62.08,1.87
2023-03-04 10:00:00,MACH-A,60.24,1.78
2023-03-04 11:00:00,MACH-A,55.93,1.98
2023-03-04 12:00:00,MACH-A,57.78,2.02
2023-03-04 13:00:00,MACH-A,44.49,2.45
2023-03-04 14:00:00,MACH-A,41.82,2.3
2023-03-04 15:00:00,MACH-A,49.97,1.92
2023-03-04 16:00:00,MACH-A,48.3,2.38
2023-03-04 17:00:00,MACH-A,45.47,2.2
2023-03-04 18:00:00,MACH-A,56.96,1.79
2023-03-04 19:00:00,MACH-A,59.55,1.94
2023-03-04 20:00:00,MACH-A,50.88,1.93
2023-03-04 21:00:00,MACH-A,64.78,2.25
2023-03-04 22:00:00,MACH-A,38.58,1.82
2023-03-04 23:00:00,MACH-A,48.06,1.8
2023-03-05 00:00:00,MACH-A,42.83,2.98
2023-03-05 01:00:00,MACH-A,31.33,2.47
2023-03-05 02:00:00,MACH-A,49.17,1.62
2023-03-05 03:00:00,MACH-A,48.78,2.29
2023-03-05 04:00:00,MACH-A,65.13,2.06
2023-03-05 05:00:00,MACH-A,56.31,2.2
2023-03-05 06:00:00,MACH-A,39.76,2.07
2023-03-05 07:00:00,MACH-A,68.54,2.59
2023-03-05 08:00:00,MACH-A,62.21,2.17
2023-03-05 09:00:00,MACH-A,55.82,1.97
2023-03-05 10:00:00,MACH-A,47.74,2.52
2023-03-05 11:00:00,MACH-A,40.41,2.12
2023-03-05 12:00:00,MACH-A,46.28,2.06
2023-03-05 13:00:00,MACH-A,60.89,2.16
2023-03-05 14:00:00,MACH-A,68.85,1.95
2023-03-05 15:00:00,MACH-A,65.43,2.0
2023-03-05 16:00:00,MACH-A,45.11,1.71
2023-03-05 17:00:00,MACH-A,38.8,1.62
2023-03-05 18:00:00,MACH-A,51.41,1.5
2023-03-05 19:00:00,MACH-A,32.32,1.3
2023-03-05 20:00:00,MACH-A,53.23,1.56
2023-03-05 21:00:00,MACH-A,48.52,1.91
2023-03-05 22:00:00,MACH-A,45.34,2.05
2023-03-05 23:00:00,MACH-A,34.05,1.86
2023-03-06 00:00:00,MACH-A,55.14,0.82
2023-03-06 01:00:00,MACH-A,44.67,2.79
2023-03-06 02:00:00,MACH-A,38.3,2.54
2023-03-06 03:00:00,MACH-A,21.28,2.22
2023-03-06 04:00:00,MACH-A,49.72,2.95
2023-03-06 05:00:00,MACH-A,67.72,1.51
2023-03-06 06:00:00,MACH-A,66.61,2.94
2023-03-06 07:00:00,MACH-A,45.43,1.52
2023-03-06 08:00:00,MACH-A,43.98,2.12
2023-03-06 09:00:00,MACH-A,54.69,1.36
2023-03-06 10:00:00,MACH-A,40.02,2.01
2023-03-06 11:00:00,MACH-A,53.02,2.19
2023-03-06 12:00:00,MACH-A,57.66,1.92
2023-03-06 13:00:00,MACH-A,62.27,2.36
2023-03-06 14:00:00,MACH-A,49.0,2.05
2023-03-06 15:00:00,MACH-A,47.96,1.74
2023-03-06 16:00:00,MACH-A,41.22,1.72
2023-03-06 17:00:00,MACH-A,41.73,2.41
2023-03-06 18:00:00,MACH-A,47.74,1.67
2023-03-06 19:00:00,MACH-A,53.67,2.46
2023-03-06 20:00:00,MACH-A,59.14,2.61
2023-03-06 21:00:00,MACH-A,41.97,1.17
2023-03-06 22:00:00,MACH-A,64.93,2.57
2023-03-06 23:00:00,MACH-A,47.29,3.03
2023-03-07 00:00:00,MACH-A,49.79,2.13
2023-03-07 01:00:00,MACH-A,42.53,2.3
2023-03-07 02:00:00,MACH-A,25.76,2.52
2023-03-07 03:00:00,MACH-A,58.84,1.86
2023-03-07 04:00:00,MACH-A,57.37,2.09
2023-03-07 05:00:00,MACH-A,47.19,1.34
2023-03-07 06:00:00,MACH-A,50.67,2.07
2023-03-07 07:00:00,MACH-A,94.08,3.36
2023-03-07 08:00:00,MACH-A,34.37,2.26
2023-03-07 09:00:00,MACH-A,44.71,2.53
2023-03-07 10:00:00,MACH-A,57.94,1.61
2023-03-07 11:00:00,MACH-A,37.46,1.73
2023-03-07 12:00:00,MACH-A,52.94,2.95
2023-03-07 13:00:00,MACH-A,36.43,1.92
2023-03-07 14:00:00,MACH-A,54.66,2.1
2023-03-07 15:00:00,MACH-A,49.64,1.97
2023-03-07 16:00:00,MACH-A,33.85,1.59
2023-03-07 17:00:00,MACH-A,61.65,2.81
2023-03-07 18:00:00,MACH-A,42.65,1.74
2023-03-07 19:00:00,MACH-A,41.9,1.44
2023-03-07 20:00:00,MACH-A,52.01,1.77
2023-03-07 21:00:00,MACH-A,61.49,1.0
2023-03-07 22:00:00,MACH-A,39.84,1.67
2023-03-07 23:00:00,MACH-A,50.62,1.52
2023-03-08 00:00:00,MACH-A,54.29,2.31
2023-03-08 01:00:00,MACH-A,56.93,1.66
2023-03-08 02:00:00,MACH-A,51.76,2.44
2023-03-08 03:00:00,MACH-A,46.33,2.7
2023-03-08 04:00:00,MACH-A,41.72,2.39
2023-03-08 05:00:00,MACH-A,50.86,1.89
2023-03-08 06:00:00,MACH-A,39.28,2.07
2023-03-08 07:00:00,MACH-A,20.79,1.24
2023-03-08 08:00:00,MACH-A,54.37,1.93
2023-03-08 09:00:00,MACH-A,59.04,1.57
2023-03-08 10:00:00,MACH-A,84.28,3.27
2023-03-08 11:00:00,MACH-A,39.9,3.29
2023-03-08 12:00:00,MACH-A,56.19,2.25
2023-03-08 13:00:00,MACH-A,70.57,1.0
2023-03-08 14:00:00,MACH-A,50.21,1.82
2023-03-08 15:00:00,MACH-A,42.72,2.06
2023-03-08 16:00:00,MACH-A,48.17,2.04
2023-03-08 17:00:00,MACH-A,63.75,1.63
2023-03-08 18:00:00,MACH-A,43.54,2.12
2023-03-08 19:00:00,MACH-A,42.01,1.38
2023-03-08 20:00:00,MACH-A,45.17,1.53
2023-03-08 21:00:00,MACH-A,40.47,2.32
2023-03-08 22:00:00,MACH-A,51.23,1.49
2023-03-08 23:00:00,MACH-A,66.25,2.27
2023-03-09 00:00:00,MACH-A,53.23,1.32
2023-03-09 01:00:00,MACH-A,47.48,2.88
2023-03-09 02:00:00,MACH-A,47.08,1.61
2023-03-09 03:00:00,MACH-A,34.37,1.89
2023-03-09 04:00:00,MACH-A,58.83,2.17
2023-03-09 05:00:00,MACH-A,49.22,1.72
2023-03-09 06:00:00,MACH-A,48.2,2.07
2023-03-09 07:00:00,MACH-A,81.93,2.29
2023-03-09 08:00:00,MACH-A,52.99,2.48
2023-03-09 09:00:00,MACH-A,42.48,2.4
2023-03-09 10:00:00,MACH-A,45.74,1.91
2023-03-09 11:00:00,MACH-A,61.48,1.93
2023-03-09 12:00:00,MACH-A,51.13,3.17
2023-03-09 13:00:00,MACH-A,35.62,2.47
2023-03-09 14:00:00,MACH-A,59.19,1.54
2023-03-09 15:00:00,MACH-A,43.32,2.05
2023-03-09 16:00:00,MACH-A,68.73,1.83
2023-03-09 17:00:00,MACH-A,60.8,1.93
2023-03-09 18:00:00,MACH-A,45.53,1.39
2023-03-09 19:00:00,MACH-A,62.81,1.79
2023-03-09 20:00:00,MACH-A,50.68,2.91
2023-03-09 21:00:00,MACH-A,58.53,2.29
2023-03-09 22:00:00,MACH-A,54.85,0.75
2023-03-09 23:00:00,MACH-A,41.54,2.61
2023-03-10 00:00:00,MACH-A,43.56,2.54
2023-03-10 01:00:00,MACH-A,60.3,1.82
2023-03-10 02:00:00,MACH-A,46.65,2.36
2023-03-10 03:00:00,MACH-A,45.96,1.57
2023-03-10 04:00:00,MACH-A,40.45,1.76
2023-03-10 05:00:00,MACH-A,54.24,2.75
2023-03-10 06:00:00,MACH-A,70.63,1.86
2023-03-10 07:00:00,MACH-A,39.32,1.07
2023-03-10 08:00:00,MACH-A,50.24,1.97
2023-03-10 09:00:00,MACH-A,64.12,1.96
2023-03-10 10:00:00,MACH-A,49.2,2.6
2023-03-10 11:00:00,MACH-A,54.52,2.01
2023-03-10 12:00:00,MACH-A,39.38,1.79
2023-03-10 13:00:00,MACH-A,54.28,2.52
2023-03-10 14:00:00,MACH-A,48.13,2.06
2023-03-10 15:00:00,MACH-A,59.86,1.62
2023-03-10 16:00:00,MACH-A,61.87,2.58
2023-03-10 17:00:00,MACH-A,75.9,2.1
2023-03-10 18:00:00,MACH-A,55.8,2.0
2023-03-10 19:00:00,MACH-A,53.26,2.09
2023-03-10 20:00:00,MACH-A,51.94,1.46
2023-03-10 21:00:00,MACH-A,46.47,1.74
2023-03-10 22:00:00,MACH-A,53.38,2.0
2023-03-10 23:00:00,MACH-A,47.05,1.9
2023-03-11 00:00:00,MACH-A,51.68,2.64
2023-03-11 01:00:00,MACH-A,63.18,2.11
2023-03-11 02:00:00,MACH-A,39.93,2.43
2023-03-11 03:00:00,MACH-A,61.4,2.0
2023-03-11 04:00:00,MACH-A,63.17,2.53
2023-03-11 05:00:00,MACH-A,48.82,2.2
2023-03-11 06:00:00,MACH-A,28.78,2.01
2023-03-11 07:00:00,MACH-A,43.92,1.99
2023-03-11 08:00:00,MACH-A,62.97,1.52
2023-03-11 09:00:00,MACH-A,49.77,2.25
2023-03-11 10:00:00,MACH-A,40.01,1.98
2023-03-11 11:00:00,MACH-A,44.95,1.75
2023-03-11 12:00:00,MACH-A,58.41,2.55
2023-03-11 13:00:00,MACH-A,55.47,1.37
2023-03-11 14:00:00,MACH-A,47.61,1.79
2023-03-11 15:00:00,MACH-A,46.33,2.51
2023-03-11 16:00:00,MACH-A,46.08,2.16
2023-03-11 17:00:00,MACH-A,40.78,1.98
2023-03-11 18:00:00,MACH-A,66.15,2.13
2023-03-11 19:00:00,MACH-A,46.78,2.09
2023-03-11 20:00:00,MACH-A,62.17,1.24
2023-03-11 21:00:00,MACH-A,65.21,1.83
2023-03-11 22:00:00,MACH-A,59.98,2.81
2023-03-11 23:00:00,MACH-A,45.68,1.67
2023-03-12 00:00:00,MACH-A,54.04,1.84
2023-03-12 01:00:00,MACH-A,49.76,1.73
2023-03-12 02:00:00,MACH-A,40.96,1.96
2023-03-12 03:00:00,MACH-A,53.24,1.71
2023-03-12 04:00:00,MACH-A,38.21,2.24
2023-03-12 05:00:00,MACH-A,61.88,2.1
2023-03-12 06:00:00,MACH-A,45.35,2.39
2023-03-12 07:00:00,MACH-A,52.01,1.47
2023-03-12 08:00:00,MACH-A,52.83,1.83
2023-03-12 09:00:00,MACH-A,47.41,1.89
2023-03-12 10:00:00,MACH-A,55.87,2.23
2023-03-12 11:00:00,MACH-A,45.25,1.6
2023-03-12 12:00:00,MACH-A,58.71,2.46
2023-03-12 13:00:00,MACH-A,36.54,2.59
2023-03-12 14:00:00,MACH-A,51.26,1.51
2023-03-12 15:00:00,MACH-A,69.39,1.75
2023-03-12 16:00:00,MACH-A,40.0,1.73
2023-03-12 17:00:00,MACH-A,43.22,3.32
2023-03-12 18:00:00,MACH-A,55.14,1.79
2023-03-12 19:00:00,MACH-A,51.8,2.84
2023-03-12 20:00:00,MACH-A,53.51,1.37
2023-03-12 21:00:00,MACH-A,54.89,1.51
2023-03-12 22:00:00,MACH-A,56.35,1.66
2023-03-12 23:00:00,MACH-A,61.1,1.58
2023-03-13 00:00:00,MACH-A,54.1,1.87
2023-03-13 01:00:00,MACH-A,47.59,1.65
2023-03-13 02:00:00,MACH-A,56.73,1.59
2023-03-13 03:00:00,MACH-A,69.0,2.58
2023-03-13 04:00:00,MACH-A,48.67,2.61
2023-03-13 05:00:00,MACH-A,40.25,2.47
2023-03-13 06:00:00,MACH-A,61.07,2.26
2023-03-13 07:00:00,MACH-A,48.8,2.05
2023-03-13 08:00:00,MACH-A,28.27,1.75
2023-03-13 09:00:00,MACH-A,58.47,1.52
2023-03-13 10:00:00,MACH-A,44.65,2.18
2023-03-13 11:00:00,MACH-A,49.09,1.41
2023-03-13 12:00:00,MACH-A,53.32,1.5
2023-03-13 13:00:00,MACH-A,51.9,2.58
2023-03-13 14:00:00,MACH-A,57.09,2.95
2023-03-13 15:00:00,MACH-A,45.65,2.2
2023-03-13 16:00:00,MACH-A,55.13,2.55
2023-03-13 17:00:00,MACH-A,47.4,1.88
2023-03-13 18:00:00,MACH-A,57.39,1.33
2023-03-13 19:00:00,MACH-A,56.15,2.31
2023-03-13 20:00:00,MACH-A,40.65,2.28
2023-03-13 21:00:00,MACH-A,60.86,2.04
2023-03-13 22:00:00,MACH-A,44.64,1.88
2023-03-13 23:00:00,MACH-A,58.08,2.48
2023-03-14 00:00:00,MACH-A,53.67,1.51
2023-03-14 01:00:00,MACH-A,68.38,1.61
2023-03-14 02:00:00,MACH-A,47.77,1.5
2023-03-14 03:00:00,MACH-A,46.51,2.04
2023-03-14 04:00:00,MACH-A,49.81,1.46
2023-03-14 05:00:00,MACH-A,46.97,1.66
2023-03-14 06:00:00,MACH-A,58.0,1.65
2023-03-14 07:00:00,MACH-A,33.84,1.87
2023-03-14 08:00:00,MACH-A,39.46,1.26
2023-03-14 09:00:00,MACH-A,39.32,2.04
2023-03-14 10:00:00,MACH-A,59.5,2.62
2023-03-14 11:00:00,MACH-A,67.11,2.07
2023-03-14 12:00:00,MACH-A,48.96,2.77
2023-03-14 13:00:00,MACH-A,48.31,2.67
2023-03-14 14:00:00,MACH-A,50.7,2.39
2023-03-14 15:00:00,MACH-A,61.62,2.04
2023-03-14 16:00:00,MACH-A,40.73,2.01
2023-03-14 17:00:00,MACH-A,52.38,2.38
2023-03-14 18:00:00,MACH-A,59.75,1.8
2023-03-14 19:00:00,MACH-A,55.01,1.06
2023-03-14 20:00:00,MACH-A,51.9,2.25
2023-03-14 21:00:00,MACH-A,60.01,1.43
2023-03-14 22:00:00,MACH-A,22.97,1.52
2023-03-14 23:00:00,MACH-A,56.78,2.0
2023-03-15 00:00:00,MACH-A,43.46,1.95
2023-03-15 01:00:00,MACH-A,31.69,1.29
2023-03-15 02:00:00,MACH-A,55.11,2.08
2023-03-15 03:00:00,MACH-A,63.74,2.48
2023-03-15 04:00:00,MACH-A,48.63,1.44
2023-03-15 05:00:00,MACH-A,59.53,2.64
2023-03-15 06:00:00,MACH-A,66.12,1.22
2023-03-15 07:00:00,MACH-A,63.15,3.06
2023-03-15 08:00:00,MACH-A,66.4,1.79
2023-03-15 09:00:00,MACH-A,57.42,2.07
2023-03-15 10:00:00,MACH-A,50.75,1.05
2023-03-15 11:00:00,MACH-A,33.98,1.97
2023-03-15 12:00:00,MACH-A,47.54,2.11
2023-03-15 13:00:00,MACH-A,41.57,1.96
2023-03-15 14:00:00,MACH-A,71.71,1.72
2023-03-15 15:00:00,MACH-A,48.24,1.53
2023-03-15 16:00:00,MACH-A,51.23,2.57
2023-03-15 17:00:00,MACH-A,55.51,2.02
2023-03-15 18:00:00,MACH-A,50.44,2.77
2023-03-15 19:00:00,MACH-A,66.95,1.74
2023-03-15 20:00:00,MACH-A,43.77,1.78
2023-03-15 21:00:00,MACH-A,51.95,2.41
2023-03-15 22:00:00,MACH-A,42.58,1.19
2023-03-15 23:00:00,MACH-A,36.8,1.39
2023-03-16 00:00:00,MACH-A,43.88,2.55
2023-03-16 01:00:00,MACH-A,49.63,1.41
2023-03-16 02:00:00,MACH-A,45.71,1.09
2023-03-16 03:00:00,MACH-A,43.08,2.93
2023-03-16 04:00:00,MACH-A,35.94,1.3
2023-03-16 05:00:00,MACH-A,49.17,2.09
2023-03-16 06:00:00,MACH-A,34.95,2.03
2023-03-16 07:00:00,MACH-A,57.6,0.59
2023-03-16 08:00:00,MACH-A,93.61,3.34
2023-03-16 09:00:00,MACH-A,35.42,2.22
2023-03-16 10:00:00,MACH-A,46.91,2.18
2023-03-16 11:00:00,MACH-A,42.48,2.45
2023-03-16 12:00:00,MACH-A,53.19,1.81
2023-03-16 13:00:00,MACH-A,63.4,2.36
2023-03-16 14:00:00,MACH-A,31.25,1.66
2023-03-16 15:00:00,MACH-A,51.15,1.29
2023-03-16 16:00:00,MACH-A,48.4,1.35
2023-03-16 17:00:00,MACH-A,56.71,1.27
2023-03-16 18:00:00,MACH-A,52.13,2.5
2023-03-16 19:00:00,MACH-A,42.48,1.24
2023-03-16 20:00:00,MACH-A,46.81,2.14
2023-03-16 21:00:00,MACH-A,42.04,1.87
2023-03-16 22:00:00,MACH-A,60.76,1.95
2023-03-16 23:00:00,MACH-A,50.21,2.68
2023-03-17 00:00:00,MACH-A,69.01,1.78
2023-03-17 01:00:00,MACH-A,49.39,2.31
2023-03-17 02:00:00,MACH-A,42.92,2.02
2023-03-17 03:00:00,MACH-A,34.86,1.92
2023-03-17 04:00:00,MACH-A,31.97,3.15
2023-03-17 05:00:00,MACH-A,34.16,1.28
2023-03-17 06:00:00,MACH-A,52.67,2.64
2023-03-17 07:00:00,MACH-A,55.09,2.33
2023-03-17 08:00:00,MACH-A,34.19,1.76
2023-03-17 09:00:00,MACH-A,58.95,2.81
2023-03-17 10:00:00,MACH-A,45.17,1.08
2023-03-17 11:00:00,MACH-A,51.47,1.74
2023-03-17 12:00:00,MACH-A,66.12,1.4
2023-03-17 13:00:00,MACH-A,58.97,2.21
2023-03-17 14:00:00,MACH-A,47.31,1.44
2023-03-17 15:00:00,MACH-A,41.09,2.22
2023-03-17 16:00:00,MACH-A,28.48,1.91
2023-03-17 17:00:00,MACH-A,42.81,1.76
2023-03-17 18:00:00,MACH-A,47.89,2.19
2023-03-17 19:00:00,MACH-A,40.13,1.87
2023-03-17 20:00:00,MACH-A,48.69,1.46
2023-03-17 21:00:00,MACH-A,50.77,3.4
2023-03-17 22:00:00,MACH-A,47.75,1.76
2023-03-17 23:00:00,MACH-A,43.5,0.89
2023-03-18 00:00:00,MACH-A,51.69,1.58
2023-03-18 01:00:00,MACH-A,54.42,1.37
2023-03-18 02:00:00,MACH-A,39.1,2.41
2023-03-18 03:00:00,MACH-A,64.11,2.16
2023-03-18 04:00:00,MACH-A,49.01,2.2
2023-03-18 05:00:00,MACH-A,50.19,1.81
2023-03-18 06:00:00,MACH-A,57.08,1.86
2023-03-18 07:00:00,MACH-A,52.33,1.81
2023-03-18 08:00:00,MACH-A,59.53,1.96
2023-03-18 09:00:00,MACH-A,52.87,2.42
2023-03-18 10:00:00,MACH-A,43.88,2.17
2023-03-18 11:00:00,MACH-A,53.62,2.25
2023-03-18 12:00:00,MACH-A,38.56,2.25
2023-03-18 13:00:00,MACH-A,51.09,2.44
2023-03-18 14:00:00,MACH-A,49.67,2.14
2023-03-18 15:00:00,MACH-A,47.92,2.18
2023-03-18 16:00:00,MACH-A,48.71,2.59
2023-03-18 17:00:00,MACH-A,31.18,1.67
2023-03-18 18:00:00,MACH-A,44.51,1.57
2023-03-18 19:00:00,MACH-A,50.93,1.41
2023-03-18 20:00:00,MACH-A,51.6,2.09
2023-03-18 21:00:00,MACH-A,39.72,1.07
2023-03-18 22:00:00,MACH-A,62.66,2.23
2023-03-18 23:00:00,MACH-A,41.34,1.95
2023-03-19 00:00:00,MACH-A,59.69,2.57
2023-03-19 01:00:00,MACH-A,54.27,1.66
2023-03-19 02:00:00,MACH-A,43.54,1.9
2023-03-19 03:00:00,MACH-A,67.75,2.56
2023-03-19 04:00:00,MACH-A,38.06,2.69
2023-03-19 05:00:00,MACH-A,59.19,1.66
2023-03-19 06:00:00,MACH-A,60.01,2.09
2023-03-19 07:00:00,MACH-A,43.29,2.15
2023-03-19 08:00:00,MACH-A,63.92,2.19
2023-03-19 09:00:00,MACH-A,47.5,1.87
2023-03-19 10:00:00,MACH-A,52.89,2.64
2023-03-19 11:00:00,MACH-A,52.6,1.06
2023-03-19 12:00:00,MACH-A,48.66,1.79
2023-03-19 13:00:00,MACH-A,58.11,2.22
2023-03-19 14:00:00,MACH-A,57.93,2.23
2023-03-19 15:00:00,MACH-A,32.51,2.68
2023-03-19 16:00:00,MACH-A,63.04,2.6
2023-03-19 17:00:00,MACH-A,33.38,1.86
2023-03-19 18:00:00,MACH-A,60.33,2.65
2023-03-19 19:00:00,MACH-A,61.27,1.64
2023-03-19 20:00:00,MACH-A,39.09,2.47
2023-03-19 21:00:00,MACH-A,45.89,2.91
2023-03-19 22:00:00,MACH-A,38.94,2.61
2023-03-19 23:00:00,MACH-A,47.85,2.05
2023-03-20 00:00:00,MACH-A,46.92,1.83
2023-03-20 01:00:00,MACH-A,57.8,1.24
2023-03-20 02:00:00,MACH-A,63.1,2.16
2023-03-20 03:00:00,MACH-A,63.96,1.44
2023-03-20 04:00:00,MACH-A,44.38,1.6
2023-03-20 05:00:00,MACH-A,47.91,1.4
2023-03-20 06:00:00,MACH-A,33.17,1.77
2023-03-20 07:00:00,MACH-A,41.94,1.99
2023-03-20 08:00:00,MACH-A,59.65,2.14
2023-03-20 09:00:00,MACH-A,66.16,1.7
2023-03-20 10:00:00,MACH-A,37.66,2.53
2023-03-20 11:00:00,MACH-A,44.08,1.9
2023-03-20 12:00:00,MACH-A,49.74,1.61
2023-03-20 13:00:00,MACH-A,52.8,2.11
2023-03-20 14:00:00,MACH-A,41.9,2.98
2023-03-20 15:00:00,MACH-A,54.24,2.17
2023-03-20 16:00:00,MACH-A,45.26,1.82
2023-03-20 17:00:00,MACH-A,49.86,1.24
2023-03-20 18:00:00,MACH-A,55.46,1.89
2023-03-20 19:00:00,MACH-A,50.06,2.12
2023-03-20 20:00:00,MACH-A,45.64,1.81
2023-03-20 21:00:00,MACH-A,48.9,1.17
2023-03-20 22:00:00,MACH-A,49.12,1.57
2023-03-20 23:00:00,MACH-A,46.3,2.73
2023-03-21 00:00:00,MACH-A,47.41,2.72
2023-03-21 01:00:00,MACH-A,65.99,1.56
2023-03-21 02:00:00,MACH-A,55.61,2.34
2023-03-21 03:00:00,MACH-A,47.05,1.41
2023-03-21 04:00:00,MACH-A,56.97,2.7
2023-03-21 05:00:00,MACH-A,46.66,2.12
2023-03-21 06:00:00,MACH-A,61.73,2.47
2023-03-21 07:00:00,MACH-A,53.7,1.14
2023-03-21 08:00:00,MACH-A,48.93,2.34
2023-03-21 09:00:00,MACH-A,54.48,2.0
2023-03-21 10:00:00,MACH-A,34.29,2.43
2023-03-21 11:00:00,MACH-A,38.73,2.46
2023-03-21 12:00:00,MACH-A,38.06,2.03
2023-03-21 13:00:00,MACH-A,51.43,1.7
2023-03-21 14:00:00,MACH-A,67.33,2.39
2023-03-21 15:00:00,MACH-A,72.31,1.97
2023-03-21 16:00:00,MACH-A,56.38,1.56
2023-03-21 17:00:00,MACH-A,55.01,1.54
2023-03-21 18:00:00,MACH-A,31.99,1.26
2023-03-21 19:00:00,MACH-A,44.57,1.74
2023-03-21 20:00:00,MACH-A,42.12,2.55
2023-03-21 21:00:00,MACH-A,43.79,2.09
2023-03-21 22:00:00,MACH-A,48.32,1.74
2023-03-21 23:00:00,MACH-A,45.28,2.4
2023-03-22 00:00:00,MACH-A,30.21,1.58
2023-03-22 01:00:00,MACH-A,57.48,2.05
2023-03-22 02:00:00,MACH-A,39.27,1.91
2023-03-22 03:00:00,MACH-A,52.39,2.39
2023-03-22 04:00:00,MACH-A,70.74,1.21
2023-03-22 05:00:00,MACH-A,40.81,1.57
2023-03-22 06:00:00,MACH-A,24.7,1.18
2023-03-22 07:00:00,MACH-A,47.14,1.87
2023-03-22 08:00:00,MACH-A,61.01,2.61
2023-03-22 09:00:00,MACH-A,69.58,1.75
2023-03-22 10:00:00,MACH-A,37.7,1.74
2023-03-22 11:00:00,MACH-A,54.97,2.44
2023-03-22 12:00:00,MACH-A,45.35,2.53
2023-03-22 13:00:00,MACH-A,48.94,1.96
2023-03-22 14:00:00,MACH-A,76.44,2.34
2023-03-22 15:00:00,MACH-A,34.97,1.46
2023-03-22 16:00:00,MACH-A,52.54,2.69
2023-03-22 17:00:00,MACH-A,54.68,3.07
2023-03-22 18:00:00,MACH-A,60.86,2.26
2023-03-22 19:00:00,MACH-A,50.98,0.96
2023-03-22 20:00:00,MACH-A,53.08,1.72
2023-03-22 21:00:00,MACH-A,46.08,2.31
2023-03-22 22:00:00,MACH-A,52.69,1.79
2023-03-22 23:00:00,MACH-A,46.57,2.64
2023-03-23 00:00:00,MACH-A,56.22,2.29
2023-03-23 01:00:00,MACH-A,46.3,1.65
2023-03-23 02:00:00,MACH-A,53.77,2.02
2023-03-23 03:00:00,MACH-A,49.71,1.55
2023-03-23 04:00:00,MACH-A,61.26,1.91
2023-03-23 05:00:00,MACH-A,49.49,1.72
2023-03-23 06:00:00,MACH-A,32.27,2.59
2023-03-23 07:00:00,MACH-A,62.62,3.06
2023-03-23 08:00:00,MACH-A,40.94,1.28
2023-03-23 09:00:00,MACH-A,43.46,1.04
2023-03-23 10:00:00,MACH-A,44.04,1.88
2023-03-23 11:00:00,MACH-A,63.74,1.24
2023-03-23 12:00:00,MACH-A,28.64,2.02
2023-03-23 13:00:00,MACH-A,81.38,2.37
2023-03-23 14:00:00,MACH-A,60.56,2.75
2023-03-23 15:00:00,MACH-A,52.23,2.1
2023-03-23 16:00:00,MACH-A,49.45,1.9
2023-03-23 17:00:00,MACH-A,52.86,1.01
2023-03-23 18:00:00,MACH-A,55.21,2.01
2023-03-23 19:00:00,MACH-A,56.45,2.04
2023-03-23 20:00:00,MACH-A,55.56,2.32
2023-03-23 21:00:00,MACH-A,50.9,1.65
2023-03-23 22:00:00,MACH-A,48.03,1.78
2023-03-23 23:00:00,MACH-A,48.49,1.26
2023-03-24 00:00:00,MACH-A,48.05,0.85
2023-03-24 01:00:00,MACH-A,61.34,1.45
2023-03-24 02:00:00,MACH-A,55.94,1.21
2023-03-24 03:00:00,MACH-A,20.6,2.17
2023-03-24 04:00:00,MACH-A,56.56,1.74
2023-03-24 05:00:00,MACH-A,51.95,1.73
2023-03-24 06:00:00,MACH-A,49.81,1.51
2023-03-24 07:00:00,MACH-A,46.11,0.38
2023-03-24 08:00:00,MACH-A,61.24,2.75
2023-03-24 09:00:00,MACH-A,59.48,1.5
2023-03-24 10:00:00,MACH-A,42.27,1.79
2023-03-24 11:00:00,MACH-A,54.07,1.27
2023-03-24 12:00:00,MACH-A,40.28,2.49
2023-03-24 13:00:00,MACH-A,36.2,2.07
2023-03-24 14:00:00,MACH-A,43.73,1.59
2023-03-24 15:00:00,MACH-A,58.62,1.8
2023-03-24 16:00:00,MACH-A,59.53,2.84
2023-03-24 17:00:00,MACH-A,55.13,1.96
2023-03-24 18:00:00,MACH-A,57.25,1.91
2023-03-24 19:00:00,MACH-A,55.16,1.53
2023-03-24 20:00:00,MACH-A,43.59,1.05
2023-03-24 21:00:00,MACH-A,54.32,1.92
2023-03-24 22:00:00,MACH-A,58.0,2.16
2023-03-24 23:00:00,MACH-A,57.54,2.55
2023-03-25 00:00:00,MACH-A,61.89,0.88
2023-03-25 01:00:00,MACH-A,57.08,1.44
2023-03-25 02:00:00,MACH-A,53.51,1.71
2023-03-25 03:00:00,MACH-A,60.7,2.0
2023-03-25 04:00:00,MACH-A,49.73,1.93
2023-03-25 05:00:00,MACH-A,41.18,1.94
2023-03-25 06:00:00,MACH-A,83.89,3.88
2023-03-25 07:00:00,MACH-A,42.55,1.55
2023-03-25 08:00:00,MACH-A,43.25,2.47
2023-03-25 09:00:00,MACH-A,48.55,2.22
2023-03-25 10:00:00,MACH-A,42.08,1.84
2023-03-25 11:00:00,MACH-A,46.92,2.8
2023-03-25 12:00:00,MACH-A,31.06,2.78
2023-03-25 13:00:00,MACH-A,52.13,2.47
2023-03-25 14:00:00,MACH-A,50.01,0.49
2023-03-25 15:00:00,MACH-A,41.83,2.79
2023-03-25 16:00:00,MACH-A,56.59,2.4
2023-03-25 17:00:00,MACH-A,59.38,3.0
2023-03-25 18:00:00,MACH-A,33.92,2.62
2023-03-25 19:00:00,MACH-A,42.37,2.79
2023-03-25 20:00:00,MACH-A,42.31,2.44
2023-03-25 21:00:00,MACH-A,40.6,2.67
2023-03-25 22:00:00,MACH-A,58.29,3.0
2023-03-25 23:00:00,MACH-A,48.06,2.11
2023-03-26 00:00:00,MACH-A,47.35,1.21
2023-03-26 01:00:00,MACH-A,29.96,1.85
2023-03-26 02:00:00,MACH-A,56.35,2.19
2023-03-26 03:00:00,MACH-A,37.61,2.04
2023-03-26 04:00:00,MACH-A,50.6,1.38
2023-03-26 05:00:00,MACH-A,52.77,1.18
2023-03-26 06:00:00,MACH-A,63.61,1.63
2023-03-26 07:00:00,MACH-A,36.91,2.4
2023-03-26 08:00:00,MACH-A,19.8,2.79
2023-03-26 09:00:00,MACH-A,51.84,2.46
2023-03-26 10:00:00,MACH-A,68.01,2.53
2023-03-26 11:00:00,MACH-A,62.39,1.96
2023-03-26 12:00:00,MACH-A,52.1,1.13
2023-03-26 13:00:00,MACH-A,45.08,1.77
2023-03-26 14:00:00,MACH-A,58.07,1.87
2023-03-26 15:00:00,MACH-A,40.26,1.75
2023-03-26 16:00:00,MACH-A,54.76,2.03
2023-03-26 17:00:00,MACH-A,55.05,2.22
2023-03-26 18:00:00,MACH-A,60.6,2.43
2023-03-26 19:00:00,MACH-A,77.6,1.86
2023-03-26 20:00:00,MACH-A,53.92,1.05
2023-03-26 21:00:00,MACH-A,44.91,1.76
2023-03-26 22:00:00,MACH-A,49.74,2.02
2023-03-26 23:00:00,MACH-A,32.31,2.61
2023-03-27 00:00:00,MACH-A,43.05,1.72
2023-03-27 01:00:00,MACH-A,45.91,2.26
2023-03-27 02:00:00,MACH-A,44.76,2.15
2023-03-27 03:00:00,MACH-A,51.52,2.02
2023-03-27 04:00:00,MACH-A,41.78,2.47
2023-03-27 05:00:00,MACH-A,61.21,1.67
2023-03-27 06:00:00,MACH-A,50.0,1.71
2023-03-27 07:00:00,MACH-A,49.91,1.99
2023-03-27 08:00:00,MACH-A,46.72,1.68
2023-03-27 09:00:00,MACH-A,51.55,2.25
2023-03-27 10:00:00,MACH-A,58.25,1.64
2023-03-27 11:00:00,MACH-A,41.33,2.11
2023-03-27 12:00:00,MACH-A,43.42,1.95
2023-03-27 13:00:00,MACH-A,46.96,2.11
2023-03-27 14:00:00,MACH-A,36.54,1.77
2023-03-27 15:00:00,MACH-A,41.81,1.83
2023-03-27 16:00:00,MACH-A,45.24,2.05
2023-03-27 17:00:00,MACH-A,58.74,2.1
2023-03-27 18:00:00,MACH-A,52.63,2.0
2023-03-27 19:00:00,MACH-A,51.94,2.85
2023-03-27 20:00:00,MACH-A,58.51,1.5
2023-03-27 21:00:00,MACH-A,48.63,1.97
2023-03-27 22:00:00,MACH-A,53.9,1.21
2023-03-27 23:00:00,MACH-A,48.97,2.19
2023-03-28 00:00:00,MACH-A,52.65,1.44
2023-03-28 01:00:00,MACH-A,44.17,1.86
2023-03-28 02:00:00,MACH-A,25.61,1.81
2023-03-28 03:00:00,MACH-A,48.66,2.14
2023-03-28 04:00:00,MACH-A,64.23,1.72
2023-03-28 05:00:00,MACH-A,59.26,1.7
2023-03-28 06:00:00,MACH-A,59.65,2.72
2023-03-28 07:00:00,MACH-A,62.36,2.14
2023-03-28 08:00:00,MACH-A,50.89,1.72
2023-03-28 09:00:00,MACH-A,51.97,1.87
2023-03-28 10:00:00,MACH-A,43.82,2.82
2023-03-28 11:00:00,MACH-A,46.84,1.88
2023-03-28 12:00:00,MACH-A,56.16,1.66
2023-03-28 13:00:00,MACH-A,62.04,1.66
2023-03-28 14:00:00,MACH-A,48.61,1.73
2023-03-28 15:00:00,MACH-A,45.5,1.7
2023-03-28 16:00:00,MACH-A,50.01,1.36
2023-03-28 17:00:00,MACH-A,56.01,1.44
2023-03-28 18:00:00,MACH-A,35.56,1.59
2023-03-28 19:00:00,MACH-A,27.04,2.3
2023-03-28 20:00:00,MACH-A,44.49,1.81
2023-03-28 21:00:00,MACH-A,37.79,1.9
2023-03-28 22:00:00,MACH-A,44.92,2.64
2023-03-28 23:00:00,MACH-A,48.52,2.65
2023-03-29 00:00:00,MACH-A,45.47,1.86
2023-03-29 01:00:00,MACH-A,64.52,1.68
2023-03-29 02:00:00,MACH-A,53.27,1.57
2023-03-29 03:00:00,MACH-A,53.0,2.35
2023-03-29 04:00:00,MACH-A,56.22,1.9
2023-03-29 05:00:00,MACH-A,38.61,1.81
2023-03-29 06:00:00,MACH-A,60.39,1.59
2023-03-29 07:00:00,MACH-A,49.24,1.62
2023-03-29 08:00:00,MACH-A,56.7,2.16
2023-03-29 09:00:00,MACH-A,39.28,1.34
2023-03-29 10:00:00,MACH-A,34.46,2.5
2023-03-29 11:00:00,MACH-A,58.18,1.73
2023-03-29 12:00:00,MACH-A,53.76,1.93
2023-03-29 13:00:00,MACH-A,40.98,1.33
2023-03-29 14:00:00,MACH-A,41.3,1.99
2023-03-29 15:00:00,MACH-A,61.25,1.84
2023-03-29 16:00:00,MACH-A,38.11,1.97
2023-03-29 17:00:00,MACH-A,66.43,2.74
2023-03-29 18:00:00,MACH-A,40.99,2.09
2023-03-29 19:00:00,MACH-A,56.38,1.6
2023-03-29 20:00:00,MACH-A,46.71,1.64
2023-03-29 21:00:00,MACH-A,56.03,2.3
2023-03-29 22:00:00,MACH-A,44.56,2.65
2023-03-29 23:00:00,MACH-A,48.37,2.14
2023-03-30 00:00:00,MACH-A,50.41,2.34
2023-03-30 01:00:00,MACH-A,39.98,2.3
2023-03-30 02:00:00,MACH-A,57.41,2.71
2023-03-30 03:00:00,MACH-A,44.87,1.03
2023-03-30 04:00:00,MACH-A,47.71,2.33
2023-03-30 05:00:00,MACH-A,40.06,2.49
2023-03-30 06:00:00,MACH-A,24.38,1.33
2023-03-30 07:00:00,MACH-A,48.09,1.56
2023-03-30 08:00:00,MACH-A,74.13,1.57
2023-03-30 09:00:00,MACH-A,57.85,1.64
2023-03-30 10:00:00,MACH-A,49.81,1.76
2023-03-30 11:00:00,MACH-A,47.37,2.12
2023-03-30 12:00:00,MACH-A,50.22,2.43
2023-03-30 13:00:00,MACH-A,55.47,2.54
2023-03-30 14:00:00,MACH-A,38.19,1.58
2023-03-30 15:00:00,MACH-A,61.14,1.58
2023-03-30 16:00:00,MACH-A,57.15,2.66
2023-03-30 17:00:00,MACH-A,57.18,2.32
2023-03-30 18:00:00,MACH-A,54.38,2.04
2023-03-30 19:00:00,MACH-A,50.2,2.24
2023-03-30 20:00:00,MACH-A,56.73,1.99
2023-03-30 21:00:00,MACH-A,55.92,2.26
2023-03-30 22:00:00,MACH-A,46.46,1.83
2023-03-30 23:00:00,MACH-A,44.26,2.13
2023-03-31 00:00:00,MACH-A,51.02,1.24
2023-03-31 01:00:00,MACH-A,65.49,1.66
2023-03-31 02:00:00,MACH-A,37.61,1.66
2023-03-31 03:00:00,MACH-A,35.32,1.81
2023-03-31 04:00:00,MACH-A,51.65,1.54
2023-03-31 05:00:00,MACH-A,50.51,1.73
2023-03-31 06:00:00,MACH-A,51.73,1.24
2023-03-31 07:00:00,MACH-A,52.44,2.27
2023-03-31 08:00:00,MACH-A,47.77,1.96
2023-03-31 09:00:00,MACH-A,64.9,1.15
2023-03-31 10:00:00,MACH-A,33.99,1.58
2023-03-31 11:00:00,MACH-A,41.72,2.17
2023-03-31 12:00:00,MACH-A,48.97,1.73
2023-03-31 13:00:00,MACH-A,33.57,1.65
2023-03-31 14:00:00,MACH-A,48.24,1.96
2023-03-31 15:00:00,MACH-A,66.61,2.17
2023-03-31 16:00:00,MACH-A,50.21,1.28
2023-03-31 17:00:00,MACH-A,52.31,2.28
2023-03-31 18:00:00,MACH-A,37.4,1.6
2023-03-31 19:00:00,MACH-A,43.84,1.99
2023-03-31 20:00:00,MACH-A,46.25,1.98
2023-03-31 21:00:00,MACH-A,46.82,1.74
2023-03-31 22:00:00,MACH-A,62.82,1.49
2023-03-31 23:00:00,MACH-A,55.58,1.86
2023-04-01 00:00:00,MACH-A,38.89,2.81
2023-04-01 01:00:00,MACH-A,52.47,1.32
2023-04-01 02:00:00,MACH-A,54.98,2.85
2023-04-01 03:00:00,MACH-A,61.4,1.87
2023-04-01 04:00:00,MACH-A,65.81,2.02
2023-04-01 05:00:00,MACH-A,39.85,1.46
2023-04-01 06:00:00,MACH-A,41.89,1.61
2023-04-01 07:00:00,MACH-A,37.42,1.75
2023-04-01 08:00:00,MACH-A,47.66,1.48
2023-04-01 09:00:00,MACH-A,54.66,1.9
2023-04-01 10:00:00,MACH-A,59.87,1.8
2023-04-01 11:00:00,MACH-A,49.24,2.93
2023-04-01 12:00:00,MACH-A,46.8,1.42
2023-04-01 13:00:00,MACH-A,51.52,2.05
2023-04-01 14:00:00,MACH-A,41.65,2.12
2023-04-01 15:00:00,MACH-A,70.9,1.46
2023-04-01 16:00:00,MACH-A,33.92,2.34
2023-04-01 17:00:00,MACH-A,51.85,1.8
2023-04-01 18:00:00,MACH-A,70.24,0.75
2023-04-01 19:00:00,MACH-A,50.07,2.33
2023-04-01 20:00:00,MACH-A,48.1,1.44
2023-04-01 21:00:00,MACH-A,46.43,1.48
2023-04-01 22:00:00,MACH-A,48.2,2.34
2023-04-01 23:00:00,MACH-A,63.73,1.83
2023-04-02 00:00:00,MACH-A,27.88,2.46
2023-04-02 01:00:00,MACH-A,65.33,2.61
2023-04-02 02:00:00,MACH-A,35.76,1.68
2023-04-02 03:00:00,MACH-A,47.33,2.4
2023-04-02 04:00:00,MACH-A,45.71,1.62
2023-04-02 05:00:00,MACH-A,55.89,3.12
2023-04-02 06:00:00,MACH-A,34.02,1.65
2023-04-02 07:00:00,MACH-A,54.62,2.51
2023-04-02 08:00:00,MACH-A,70.24,2.42
2023-04-02 09:00:00,MACH-A,36.37,2.16
2023-04-02 10:00:00,MACH-A,51.9,1.66
2023-04-02 11:00:00,MACH-A,43.38,1.92
2023-04-02 12:00:00,MACH-A,54.26,0.92
2023-04-02 13:00:00,MACH-A,50.19,2.11
2023-04-02 14:00:00,MACH-A,43.59,2.17
2023-04-02 15:00:00,MACH-A,54.88,2.07
2023-04-02 16:00:00,MACH-A,68.04,0.51
2023-04-02 17:00:00,MACH-A,48.09,1.37
2023-04-02 18:00:00,MACH-A,86.12,4.85
2023-04-02 19:00:00,MACH-A,37.07,2.15
2023-04-02 20:00:00,MACH-A,40.44,2.14
2023-04-02 21:00:00,MACH-A,54.72,1.91
2023-04-02 22:00:00,MACH-A,64.84,2.32
2023-04-02 23:00:00,MACH-A,53.56,1.49
2023-04-03 00:00:00,MACH-A,46.87,2.31
2023-04-03 01:00:00,MACH-A,49.99,2.24
2023-04-03 02:00:00,MACH-A,37.5,2.19
2023-04-03 03:00:00,MACH-A,56.05,1.91
2023-04-03 04:00:00,MACH-A,58.82,2.92
2023-04-03 05:00:00,MACH-A,45.48,2.25
2023-04-03 06:00:00,MACH-A,45.3,1.52
2023-04-03 07:00:00,MACH-A,52.66,2.12
2023-04-03 08:00:00,MACH-A,45.63,2.38
2023-04-03 09:00:00,MACH-A,49.34,1.71
2023-04-03 10:00:00,MACH-A,71.0,2.54
2023-04-03 11:00:00,MACH-A,47.53,2.19
2023-04-03 12:00:00,MACH-A,46.42,0.83
2023-04-03 13:00:00,MACH-A,43.52,2.15
2023-04-03 14:00:00,MACH-A,57.44,1.8
2023-04-03 15:00:00,MACH-A,48.19,2.27
2023-04-03 16:00:00,MACH-A,43.51,2.47
2023-04-03 17:00:00,MACH-A,63.21,2.1
2023-04-03 18:00:00,MACH-A,64.2,2.83
2023-04-03 19:00:00,MACH-A,44.0,1.91
2023-04-03 20:00:00,MACH-A,31.33,2.31
2023-04-03 21:00:00,MACH-A,60.08,2.4
2023-04-03 22:00:00,MACH-A,43.15,1.95
2023-04-03 23:00:00,MACH-A,57.91,2.39
2023-04-04 00:00:00,MACH-A,30.3,1.7
2023-04-04 01:00:00,MACH-A,58.93,1.79
2023-04-04 02:00:00,MACH-A,94.33,3.84
2023-04-04 03:00:00,MACH-A,57.31,2.12
2023-04-04 04:00:00,MACH-A,50.14,2.16
2023-04-04 05:00:00,MACH-A,40.46,2.59
2023-04-04 06:00:00,MACH-A,45.93,2.4
2023-04-04 07:00:00,MACH-A,56.86,1.86
2023-04-04 08:00:00,MACH-A,51.06,1.41
2023-04-04 09:00:00,MACH-A,55.84,2.22
2023-04-04 10:00:00,MACH-A,69.76,2.56
2023-04-04 11:00:00,MACH-A,34.36,2.38
2023-04-04 12:00:00,MACH-A,66.17,2.54
2023-04-04 13:00:00,MACH-A,51.04,1.89
2023-04-04 14:00:00,MACH-A,41.01,1.77
2023-04-04 15:00:00,MACH-A,36.7,1.63
2023-04-04 16:00:00,MACH-A,48.11,1.97
2023-04-04 17:00:00,MACH-A,59.22,1.96
2023-04-04 18:00:00,MACH-A,48.72,2.1
2023-04-04 19:00:00,MACH-A,88.7,4.95
2023-04-04 20:00:00,MACH-A,35.49,1.93
2023-04-04 21:00:00,MACH-A,49.88,1.61
2023-04-04 22:00:00,MACH-A,37.48,2.47
2023-04-04 23:00:00,MACH-A,53.64,2.04
2023-04-05 00:00:00,MACH-A,58.87,1.91
2023-04-05 01:00:00,MACH-A,45.79,1.63
2023-04-05 02:00:00,MACH-A,23.96,1.33
2023-04-05 03:00:00,MACH-A,51.99,2.65
2023-04-05 04:00:00,MACH-A,54.37,2.28
2023-04-05 05:00:00,MACH-A,54.04,1.19
2023-04-05 06:00:00,MACH-A,62.36,2.38
2023-04-05 07:00:00,MACH-A,39.29,2.46
2023-04-05 08:00:00,MACH-A,56.8,2.06
2023-04-05 09:00:00,MACH-A,61.93,2.8
2023-04-05 10:00:00,MACH-A,32.21,2.11
2023-04-05 11:00:00,MACH-A,53.2,1.29
2023-04-05 12:00:00,MACH-A,44.96,2.18
2023-04-05 13:00:00,MACH-A,49.18,2.12
2023-04-05 14:00:00,MACH-A,53.48,1.7
2023-04-05 15:00:00,MACH-A,45.13,2.29
2023-04-05 16:00:00,MACH-A,43.24,1.17
2023-04-05 17:00:00,MACH-A,50.34,2.5
2023-04-05 18:00:00,MACH-A,39.13,1.56
2023-04-05 19:00:00,MACH-A,39.14,1.51
2023-04-05 20:00:00,MACH-A,56.79,1.94
2023-04-05 21:00:00,MACH-A,38.51,2.22
2023-04-05 22:00:00,MACH-A,56.66,2.08
2023-04-05 23:00:00,MACH-A,54.63,1.63
2023-04-06 00:00:00,MACH-A,32.74,1.75
2023-04-06 01:00:00,MACH-A,43.22,1.43
2023-04-06 02:00:00,MACH-A,61.94,1.89
2023-04-06 03:00:00,MACH-A,40.19,2.54
2023-04-06 04:00:00,MACH-A,45.36,2.0
2023-04-06 05:00:00,MACH-A,54.62,2.43
2023-04-06 06:00:00,MACH-A,57.83,2.73
2023-04-06 07:00:00,MACH-A,47.48,1.71
2023-04-06 08:00:00,MACH-A,44.02,1.91
2023-04-06 09:00:00,MACH-A,64.22,3.09
2023-04-06 10:00:00,MACH-A,67.39,2.72
2023-04-06 11:00:00,MACH-A,59.79,1.16
2023-04-06 12:00:00,MACH-A,50.85,2.19
2023-04-06 13:00:00,MACH-A,41.92,2.0
2023-04-06 14:00:00,MACH-A,41.7,2.41
2023-04-06 15:00:00,MACH-A,55.23,1.63
2023-04-06 16:00:00,MACH-A,54.18,1.58
2023-04-06 17:00:00,MACH-A,64.02,1.66
2023-04-06 18:00:00,MACH-A,56.5,1.71
2023-04-06 19:00:00,MACH-A,34.97,2.41
2023-04-06 20:00:00,MACH-A,60.52,1.41
2023-04-06 21:00:00,MACH-A,40.02,1.69
2023-04-06 22:00:00,MACH-A,46.16,1.11
2023-04-06 23:00:00,MACH-A,52.5,2.5
2023-04-07 00:00:00,MACH-A,69.96,2.64
2023-04-07 01:00:00,MACH-A,81.1,1.84
2023-04-07 02:00:00,MACH-A,56.07,1.85
2023-04-07 03:00:00,MACH-A,48.17,2.23
2023-04-07 04:00:00,MACH-A,55.35,2.74
2023-04-07 05:00:00,MACH-A,58.88,2.2
2023-04-07 06:00:00,MACH-A,46.79,1.65
2023-04-07 07:00:00,MACH-A,67.95,1.19
2023-04-07 08:00:00,MACH-A,52.3,1.44
2023-04-07 09:00:00,MACH-A,54.98,2.04
2023-04-07 10:00:00,MACH-A,56.66,1.67
2023-04-07 11:00:00,MACH-A,54.22,2.1
2023-04-07 12:00:00,MACH-A,58.39,1.72
2023-04-07 13:00:00,MACH-A,43.83,1.47
2023-04-07 14:00:00,MACH-A,44.42,1.41
2023-04-07 15:00:00,MACH-A,39.0,2.78
2023-04-07 16:00:00,MACH-A,54.4,2.44
2023-04-07 17:00:00,MACH-A,57.79,2.87
2023-04-07 18:00:00,MACH-A,54.58,2.27
2023-04-07 19:00:00,MACH-A,66.74,1.79
2023-04-07 20:00:00,MACH-A,49.94,2.66
2023-04-07 21:00:00,MACH-A,56.69,1.98
2023-04-07 22:00:00,MACH-A,39.08,2.11
2023-04-07 23:00:00,MACH-A,46.13,1.98
2023-04-08 00:00:00,MACH-A,56.96,0.53
2023-04-08 01:00:00,MACH-A,58.49,2.8
2023-04-08 02:00:00,MACH-A,47.06,2.25
2023-04-08 03:00:00,MACH-A,49.28,2.16
2023-04-08 04:00:00,MACH-A,34.82,1.97
2023-04-08 05:00:00,MACH-A,46.43,2.08
2023-04-08 06:00:00,MACH-A,58.9,1.7
2023-04-08 07:00:00,MACH-A,55.75,2.31
2023-04-08 08:00:00,MACH-A,55.01,1.35
2023-04-08 09:00:00,MACH-A,50.5,2.09
2023-04-08 10:00:00,MACH-A,50.07,2.28
2023-04-08 11:00:00,MACH-A,43.4,1.9
2023-04-08 12:00:00,MACH-A,56.99,2.19
2023-04-08 13:00:00,MACH-A,54.21,1.5
2023-04-08 14:00:00,MACH-A,54.92,1.52
2023-04-08 15:00:00,MACH-A,44.74,2.12
2023-04-08 16:00:00,MACH-A,28.47,2.34
2023-04-08 17:00:00,MACH-A,60.97,1.06
2023-04-08 18:00:00,MACH-A,45.21,2.26
2023-04-08 19:00:00,MACH-A,41.37,1.73
2023-04-08 20:00:00,MACH-A,56.93,1.9
2023-04-08 21:00:00,MACH-A,46.08,1.33
2023-04-08 22:00:00,MACH-A,60.6,1.57
2023-04-08 23:00:00,MACH-A,56.17,2.48
2023-04-09 00:00:00,MACH-A,56.84,2.02
2023-04-09 01:00:00,MACH-A,36.34,1.81
2023-04-09 02:00:00,MACH-A,62.12,1.94
2023-04-09 03:00:00,MACH-A,52.61,2.24
2023-04-09 04:00:00,MACH-A,46.31,2.22
2023-04-09 05:00:00,MACH-A,51.43,1.96
2023-04-09 06:00:00,MACH-A,32.24,2.55
2023-04-09 07:00:00,MACH-A,54.09,2.49
2023-04-09 08:00:00,MACH-A,39.71,2.21
2023-04-09 09:00:00,MACH-A,36.47,2.03
2023-04-09 10:00:00,MACH-A,34.78,2.33
2023-04-09 11:00:00,MACH-A,61.13,2.16
2023-04-09 12:00:00,MACH-A,43.71,2.53
2023-04-09 13:00:00,MACH-A,65.34,2.45
2023-04-09 14:00:00,MACH-A,44.64,1.49
2023-04-09 15:00:00,MACH-A,32.93,1.46
2023-04-09 16:00:00,MACH-A,38.83,1.65
2023-04-09 17:00:00,MACH-A,62.36,2.49
2023-04-09 18:00:00,MACH-A,48.44,1.21
2023-04-09 19:00:00,MACH-A,44.52,2.2
2023-04-09 20:00:00,MACH-A,51.6,2.18
2023-04-09 21:00:00,MACH-A,55.02,2.58
2023-04-09 22:00:00,MACH-A,61.17,2.09
2023-04-09 23:00:00,MACH-A,64.48,1.33
2023-04-10 00:00:00,MACH-A,46.4,1.52
2023-04-10 01:00:00,MACH-A,36.74,1.41
2023-04-10 02:00:00,MACH-A,45.87,1.73
2023-04-10 03:00:00,MACH-A,52.6,1.91
2023-04-10 04:00:00,MACH-A,40.36,1.42
2023-04-10 05:00:00,MACH-A,40.43,2.74
2023-04-10 06:00:00,MACH-A,53.44,1.34
2023-04-10 07:00:00,MACH-A,49.51,2.67
2023-04-10 08:00:00,MACH-A,50.33,2.59
2023-04-10 09:00:00,MACH-A,42.42,2.45
2023-04-10 10:00:00,MACH-A,47.7,1.65
2023-04-10 11:00:00,MACH-A,40.76,2.17
2023-04-10 12:00:00,MACH-A,58.9,1.36
2023-04-10 13:00:00,MACH-A,60.35,2.46
2023-04-10 14:00:00,MACH-A,31.54,1.96
2023-04-10 15:00:00,MACH-A,40.7,1.8
2023-04-10 16:00:00,MACH-A,35.03,1.39
2023-04-10 17:00:00,MACH-A,43.5,0.76
2023-04-10 18:00:00,MACH-A,49.17,1.48
2023-04-10 19:00:00,MACH-A,35.5,2.56
2023-04-10 20:00:00,MACH-A,40.78,1.8
2023-04-10 21:00:00,MACH-A,39.96,1.92
2023-04-10 22:00:00,MACH-A,52.07,2.33
2023-04-10 23:00:00,MACH-A,50.69,2.9
2023-04-11 00:00:00,MACH-A,42.78,2.66
2023-04-11 01:00:00,MACH-A,51.77,1.51
2023-04-11 02:00:00,MACH-A,44.53,1.03
2023-04-11 03:00:00,MACH-A,47.28,3.18
2023-04-11 04:00:00,MACH-A,66.73,3.13
2023-04-11 05:00:00,MACH-A,63.4,2.09
2023-04-11 06:00:00,MACH-A,37.0,1.36
2023-04-11 07:00:00,MACH-A,58.3,2.48
2023-04-11 08:00:00,MACH-A,58.11,1.95
2023-04-11 09:00:00,MACH-A,38.52,1.94
2023-04-11 10:00:00,MACH-A,58.19,2.45
2023-04-11 11:00:00,MACH-A,65.38,2.17
2023-04-11 12:00:00,MACH-A,38.77,1.41
2023-04-11 13:00:00,MACH-A,40.82,1.84
2023-04-11 14:00:00,MACH-A,60.18,2.33
2023-04-11 15:00:00,MACH-A,52.71,2.26
2023-04-11 16:00:00,MACH-A,55.51,2.13
2023-04-11 17:00:00,MACH-A,53.41,2.47
2023-04-11 18:00:00,MACH-A,53.91,1.82
2023-04-11 19:00:00,MACH-A,36.74,2.09
2023-04-11 20:00:00,MACH-A,60.47,0.31
2023-04-11 21:00:00,MACH-A,61.7,1.78
2023-04-11 22:00:00,MACH-A,47.71,2.38
2023-04-11 23:00:00,MACH-A,49.57,1.8
2023-04-12 00:00:00,MACH-A,34.69,1.77
2023-04-12 01:00:00,MACH-A,55.14,1.48
2023-04-12 02:00:00,MACH-A,55.72,2.5
2023-04-12 03:00:00,MACH-A,49.38,2.27
2023-04-12 04:00:00,MACH-A,61.24,2.41
2023-04-12 05:00:00,MACH-A,46.66,1.14
2023-04-12 06:00:00,MACH-A,55.65,1.92
2023-04-12 07:00:00,MACH-A,39.8,1.86
2023-04-12 08:00:00,MACH-A,49.76,1.86
2023-04-12 09:00:00,MACH-A,48.26,1.69
2023-04-12 10:00:00,MACH-A,52.25,1.83
2023-04-12 11:00:00,MACH-A,46.3,2.42
2023-04-12 12:00:00,MACH-A,48.69,1.04
2023-04-12 13:00:00,MACH-A,58.26,2.89
2023-04-12 14:00:00,MACH-A,45.63,2.24
2023-04-12 15:00:00,MACH-A,33.93,1.98
2023-04-12 16:00:00,MACH-A,67.5,2.45
2023-04-12 17:00:00,MACH-A,63.81,1.27
2023-04-12 18:00:00,MACH-A,37.08,1.67
2023-04-12 19:00:00,MACH-A,56.9,1.94
2023-04-12 20:00:00,MACH-A,44.97,2.68
2023-04-12 21:00:00,MACH-A,52.63,1.98
2023-04-12 22:00:00,MACH-A,52.94,2.23
2023-04-12 23:00:00,MACH-A,47.66,1.71
2023-04-13 00:00:00,MACH-A,42.16,2.24
2023-04-13 01:00:00,MACH-A,43.09,2.84
2023-04-13 02:00:00,MACH-A,40.84,2.5
2023-04-13 03:00:00,MACH-A,41.68,1.96
2023-04-13 04:00:00,MACH-A,49.33,2.34
2023-04-13 05:00:00,MACH-A,42.84,2.29
2023-04-13 06:00:00,MACH-A,56.82,2.25
2023-04-13 07:00:00,MACH-A,64.87,2.56
2023-04-13 08:00:00,MACH-A,44.2,2.55
2023-04-13 09:00:00,MACH-A,52.39,1.94
2023-04-13 10:00:00,MACH-A,55.0,2.32
2023-04-13 11:00:00,MACH-A,54.72,1.81
2023-04-13 12:00:00,MACH-A,50.76,1.54
2023-04-13 13:00:00,MACH-A,57.43,1.87
2023-04-13 14:00:00,MACH-A,54.82,1.96
2023-04-13 15:00:00,MACH-A,37.62,1.17
2023-04-13 16:00:00,MACH-A,58.69,2.43
2023-04-13 17:00:00,MACH-A,58.87,0.62
2023-04-13 18:00:00,MACH-A,42.37,3.36
2023-04-13 19:00:00,MACH-A,50.38,2.75
2023-04-13 20:00:00,MACH-A,56.83,1.87
2023-04-13 21:00:00,MACH-A,47.91,2.0
2023-04-13 22:00:00,MACH-A,60.73,2.15
2023-04-13 23:00:00,MACH-A,73.64,1.71
2023-04-14 00:00:00,MACH-A,42.14,2.1
2023-04-14 01:00:00,MACH-A,36.19,1.93
2023-04-14 02:00:00,MACH-A,53.04,1.95
2023-04-14 03:00:00,MACH-A,57.22,2.09
2023-04-14 04:00:00,MACH-A,47.69,1.34
2023-04-14 05:00:00,MACH-A,64.53,2.02
2023-04-14 06:00:00,MACH-A,36.61,2.08
2023-04-14 07:00:00,MACH-A,56.93,2.06
2023-04-14 08:00:00,MACH-A,43.94,1.89
2023-04-14 09:00:00,MACH-A,67.19,2.57
2023-04-14 10:00:00,MACH-A,69.93,1.82
2023-04-14 11:00:00,MACH-A,42.33,2.11
2023-04-14 12:00:00,MACH-A,44.5,2.65
2023-04-14 13:00:00,MACH-A,58.6,1.96
2023-04-14 14:00:00,MACH-A,46.13,2.11
2023-04-14 15:00:00,MACH-A,49.55,1.95
2023-04-14 16:00:00,MACH-A,50.25,2.62
2023-04-14 17:00:00,MACH-A,30.8,1.87
2023-04-14 18:00:00,MACH-A,49.86,2.64
2023-04-14 19:00:00,MACH-A,43.1,1.95
2023-04-14 20:00:00,MACH-A,45.07,1.57
2023-04-14 21:00:00,MACH-A,64.44,2.34
2023-04-14 22:00:00,MACH-A,37.43,1.85
2023-04-14 23:00:00,MACH-A,58.13,2.31
2023-04-15 00:00:00,MACH-A,47.21,0.64
2023-04-15 01:00:00,MACH-A,47.2,2.0
2023-04-15 02:00:00,MACH-A,57.9,1.77
2023-04-15 03:00:00,MACH-A,53.4,1.47
2023-04-15 04:00:00,MACH-A,55.71,1.72
2023-04-15 05:00:00,MACH-A,59.68,1.71
2023-04-15 06:00:00,MACH-A,46.69,1.98
2023-04-15 07:00:00,MACH-A,43.88,1.32
2023-04-15 08:00:00,MACH-A,39.15,2.16
2023-04-15 09:00:00,MACH-A,41.75,2.68
2023-04-15 10:00:00,MACH-A,79.49,2.14
2023-04-15 11:00:00,MACH-A,62.45,2.4
2023-04-15 12:00:00,MACH-A,36.49,2.55
2023-04-15 13:00:00,MACH-A,36.78,2.62
2023-04-15 14:00:00,MACH-A,54.82,2.94
2023-04-15 15:00:00,MACH-A,55.47,1.75
2023-04-15 16:00:00,MACH-A,55.49,1.64
2023-04-15 17:00:00,MACH-A,47.45,2.39
2023-04-15 18:00:00,MACH-A,48.75,2.35
2023-04-15 19:00:00,MACH-A,53.28,2.39
2023-04-15 20:00:00,MACH-A,50.86,2.94
2023-04-15 21:00:00,MACH-A,27.81,2.01
2023-04-15 22:00:00,MACH-A,47.7,2.21
2023-04-15 23:00:00,MACH-A,41.49,1.51
2023-04-16 00:00:00,MACH-A,51.75,3.07
2023-04-16 01:00:00,MACH-A,79.85,1.83
2023-04-16 02:00:00,MACH-A,53.67,1.85
2023-04-16 03:00:00,MACH-A,46.86,1.83
2023-04-16 04:00:00,MACH-A,59.22,1.68
2023-04-16 05:00:00,MACH-A,54.83,1.64
2023-04-16 06:00:00,MACH-A,54.2,1.74
2023-04-16 07:00:00,MACH-A,56.07,1.32
2023-04-16 08:00:00,MACH-A,70.57,1.61
2023-04-16 09:00:00,MACH-A,38.69,2.97
2023-04-16 10:00:00,MACH-A,54.74,2.37
2023-04-16 11:00:00,MACH-A,40.74,2.46
2023-04-16 12:00:00,MACH-A,55.56,2.59
2023-04-16 13:00:00,MACH-A,40.81,2.92
2023-04-16 14:00:00,MACH-A,45.83,1.11
2023-04-16 15:00:00,MACH-A,47.05,1.39
2023-04-16 16:00:00,MACH-A,59.76,1.6
2023-04-16 17:00:00,MACH-A,59.18,1.77
2023-04-16 18:00:00,MACH-A,37.54,1.85
2023-04-16 19:00:00,MACH-A,50.55,1.78
2023-04-16 20:00:00,MACH-A,42.9,2.11
2023-04-16 21:00:00,MACH-A,37.41,2.02
2023-04-16 22:00:00,MACH-A,47.83,1.64
2023-04-16 23:00:00,MACH-A,46.92,0.91
2023-04-17 00:00:00,MACH-A,74.27,1.5
2023-04-17 01:00:00,MACH-A,54.33,1.73
2023-04-17 02:00:00,MACH-A,36.22,1.88
2023-04-17 03:00:00,MACH-A,44.35,1.44
2023-04-17 04:00:00,MACH-A,60.21,1.75
2023-04-17 05:00:00,MACH-A,70.88,1.43
2023-04-17 06:00:00,MACH-A,34.14,1.94
2023-04-17 07:00:00,MACH-A,31.2,1.46
2023-04-17 08:00:00,MACH-A,68.71,1.58
2023-04-17 09:00:00,MACH-A,53.9,1.35
2023-04-17 10:00:00,MACH-A,41.32,1.92
2023-04-17 11:00:00,MACH-A,55.35,1.57
2023-04-17 12:00:00,MACH-A,23.64,2.45
2023-04-17 13:00:00,MACH-A,50.03,2.2
2023-04-17 14:00:00,MACH-A,53.28,1.97
2023-04-17 15:00:00,MACH-A,59.24,1.6
2023-04-17 16:00:00,MACH-A,39.86,2.19
2023-04-17 17:00:00,MACH-A,50.86,2.35
2023-04-17 18:00:00,MACH-A,40.75,2.07
2023-04-17 19:00:00,MACH-A,52.55,2.8
2023-04-17 20:00:00,MACH-A,41.05,2.23
2023-04-17 21:00:00,MACH-A,45.92,2.46
2023-04-17 22:00:00,MACH-A,40.04,2.07
2023-04-17 23:00:00,MACH-A,56.51,2.34
2023-04-18 00:00:00,MACH-A,58.58,1.6
2023-04-18 01:00:00,MACH-A,47.65,1.77
2023-04-18 02:00:00,MACH-A,50.38,2.17
2023-04-18 03:00:00,MACH-A,35.51,2.17
2023-04-18 04:00:00,MACH-A,47.0,2.25
2023-04-18 05:00:00,MACH-A,49.5,2.55
2023-04-18 06:00:00,MACH-A,76.21,1.29
2023-04-18 07:00:00,MACH-A,38.88,1.51
2023-04-18 08:00:00,MACH-A,64.64,2.11
2023-04-18 09:00:00,MACH-A,59.97,1.64
2023-04-18 10:00:00,MACH-A,52.81,3.69
2023-04-18 11:00:00,MACH-A,67.59,2.26
2023-04-18 12:00:00,MACH-A,53.72,1.96
2023-04-18 13:00:00,MACH-A,53.89,1.74
2023-04-18 14:00:00,MACH-A,49.47,1.76
2023-04-18 15:00:00,MACH-A,62.24,2.02
2023-04-18 16:00:00,MACH-A,60.96,2.06
2023-04-18 17:00:00,MACH-A,43.74,1.77
2023-04-18 18:00:00,MACH-A,36.81,1.86
2023-04-18 19:00:00,MACH-A,47.97,2.67
2023-04-18 20:00:00,MACH-A,42.0,2.69
2023-04-18 21:00:00,MACH-A,49.36,2.13
2023-04-18 22:00:00,MACH-A,62.37,1.33
2023-04-18 23:00:00,MACH-A,45.43,2.27
2023-04-19 00:00:00,MACH-A,49.57,2.78
2023-04-19 01:00:00,MACH-A,50.58,2.68
2023-04-19 02:00:00,MACH-A,58.48,2.37
2023-04-19 03:00:00,MACH-A,27.53,2.71
2023-04-19 04:00:00,MACH-A,43.93,2.03
2023-04-19 05:00:00,MACH-A,52.11,2.31
2023-04-19 06:00:00,MACH-A,62.0,1.66
2023-04-19 07:00:00,MACH-A,45.08,2.15
2023-04-19 08:00:00,MACH-A,31.23,2.66
2023-04-19 09:00:00,MACH-A,56.2,1.71
2023-04-19 10:00:00,MACH-A,43.65,1.57
2023-04-19 11:00:00,MACH-A,38.1,2.05
2023-04-19 12:00:00,MACH-A,43.76,1.89
2023-04-19 13:00:00,MACH-A,48.15,2.32
2023-04-19 14:00:00,MACH-A,43.95,1.77
2023-04-19 15:00:00,MACH-A,27.94,2.86
2023-04-19 16:00:00,MACH-A,58.97,1.36
2023-04-19 17:00:00,MACH-A,62.75,2.63
2023-04-19 18:00:00,MACH-A,56.52,1.62
2023-04-19 19:00:00,MACH-A,38.62,1.1
2023-04-19 20:00:00,MACH-A,47.99,2.12
2023-04-19 21:00:00,MACH-A,49.93,1.87
2023-04-19 22:00:00,MACH-A,55.99,1.45
2023-04-19 23:00:00,MACH-A,56.68,1.16
2023-04-20 00:00:00,MACH-A,42.66,2.0
2023-04-20 01:00:00,MACH-A,50.82,2.49
2023-04-20 02:00:00,MACH-A,54.57,2.29
2023-04-20 03:00:00,MACH-A,64.56,2.03
2023-04-20 04:00:00,MACH-A,57.05,2.24
2023-04-20 05:00:00,MACH-A,57.89,1.99
2023-04-20 06:00:00,MACH-A,50.84,1.29
2023-04-20 07:00:00,MACH-A,64.1,1.29
2023-04-20 08:00:00,MACH-A,88.79,3.79
2023-04-20 09:00:00,MACH-A,41.39,1.92
2023-04-20 10:00:00,MACH-A,64.03,2.43
2023-04-20 11:00:00,MACH-A,56.98,2.38
2023-04-20 12:00:00,MACH-A,45.57,2.3
2023-04-20 13:00:00,MACH-A,83.16,4.91
2023-04-20 14:00:00,MACH-A,52.97,1.31
2023-04-20 15:00:00,MACH-A,54.63,2.21
2023-04-20 16:00:00,MACH-A,51.97,2.26
2023-04-20 17:00:00,MACH-A,53.11,0.81
2023-04-20 18:00:00,MACH-A,67.0,1.58
2023-04-20 19:00:00,MACH-A,60.72,1.65
2023-04-20 20:00:00,MACH-A,51.91,2.06
2023-04-20 21:00:00,MACH-A,59.41,1.6
2023-04-20 22:00:00,MACH-A,39.67,1.98
2023-04-20 23:00:00,MACH-A,53.98,1.89
2023-04-21 00:00:00,MACH-A,68.09,1.92
2023-04-21 01:00:00,MACH-A,47.82,1.64
2023-04-21 02:00:00,MACH-A,41.52,1.68
2023-04-21 03:00:00,MACH-A,43.48,1.46
2023-04-21 04:00:00,MACH-A,39.1,2.19
2023-04-21 05:00:00,MACH-A,42.15,2.29
2023-04-21 06:00:00,MACH-A,46.29,1.61
2023-04-21 07:00:00,MACH-A,35.94,2.76
2023-04-21 08:00:00,MACH-A,50.16,1.84
2023-04-21 09:00:00,MACH-A,59.02,2.77
2023-04-21 10:00:00,MACH-A,40.92,1.68
2023-04-21 11:00:00,MACH-A,65.19,0.99
2023-04-21 12:00:00,MACH-A,55.11,2.2
2023-04-21 13:00:00,MACH-A,60.31,2.12
2023-04-21 14:00:00,MACH-A,43.42,2.02
2023-04-21 15:00:00,MACH-A,58.55,1.68
2023-04-21 16:00:00,MACH-A,39.08,1.98
2023-04-21 17:00:00,MACH-A,58.9,1.74
2023-04-21 18:00:00,MACH-A,51.72,1.85
2023-04-21 19:00:00,MACH-A,55.53,2.42
2023-04-21 20:00:00,MACH-A,38.24,2.09
2023-04-21 21:00:00,MACH-A,41.05,2.3
2023-04-21 22:00:00,MACH-A,55.97,1.88
2023-04-21 23:00:00,MACH-A,40.52,1.83
2023-04-22 00:00:00,MACH-A,54.63,1.42
2023-04-22 01:00:00,MACH-A,36.33,1.81
2023-04-22 02:00:00,MACH-A,58.48,0.34
2023-04-22 03:00:00,MACH-A,37.67,1.7
2023-04-22 04:00:00,MACH-A,55.52,1.96
2023-04-22 05:00:00,MACH-A,56.26,2.28
2023-04-22 06:00:00,MACH-A,43.03,1.87
2023-04-22 07:00:00,MACH-A,55.82,2.17
2023-04-22 08:00:00,MACH-A,52.6,0.91
2023-04-22 09:00:00,MACH-A,44.61,1.97
2023-04-22 10:00:00,MACH-A,39.91,1.16
2023-04-22 11:00:00,MACH-A,30.37,1.4
2023-04-22 12:00:00,MACH-A,53.5,1.91
2023-04-22 13:00:00,MACH-A,34.35,2.64
2023-04-22 14:00:00,MACH-A,50.95,2.19
2023-04-22 15:00:00,MACH-A,47.37,2.01
2023-04-22 16:00:00,MACH-A,56.79,1.99
2023-04-22 17:00:00,MACH-A,46.98,1.64
2023-04-22 18:00:00,MACH-A,46.71,1.73
2023-04-22 19:00:00,MACH-A,57.32,2.21
2023-04-22 20:00:00,MACH-A,53.35,1.31
2023-04-22 21:00:00,MACH-A,53.16,2.3
2023-04-22 22:00:00,MACH-A,54.69,1.81
2023-04-22 23:00:00,MACH-A,34.64,2.41
2023-04-23 00:00:00,MACH-A,57.57,2.48
2023-04-23 01:00:00,MACH-A,56.12,1.16
2023-04-23 02:00:00,MACH-A,39.83,1.71
2023-04-23 03:00:00,MACH-A,47.56,1.57
2023-04-23 04:00:00,MACH-A,49.61,1.09
2023-04-23 05:00:00,MACH-A,48.66,1.48
2023-04-23 06:00:00,MACH-A,53.34,3.22
2023-04-23 07:00:00,MACH-A,64.31,2.3
2023-04-23 08:00:00,MACH-A,60.82,2.96
2023-04-23 09:00:00,MACH-A,36.88,2.41
2023-04-23 10:00:00,MACH-A,56.22,1.63
2023-04-23 11:00:00,MACH-A,63.29,1.81
2023-04-23 12:00:00,MACH-A,53.87,2.29
2023-04-23 13:00:00,MACH-A,60.91,2.22
2023-04-23 14:00:00,MACH-A,70.12,1.71
2023-04-23 15:00:00,MACH-A,60.24,1.25
2023-04-23 16:00:00,MACH-A,52.49,3.64
2023-04-23 17:00:00,MACH-A,60.45,1.93
2023-04-23 18:00:00,MACH-A,51.45,1.84
2023-04-23 19:00:00,MACH-A,50.24,2.06
2023-04-23 20:00:00,MACH-A,46.49,1.88
2023-04-23 21:00:00,MACH-A,65.63,2.06
2023-04-23 22:00:00,MACH-A,41.82,2.64
2023-04-23 23:00:00,MACH-A,65.32,1.94
2023-04-24 00:00:00,MACH-A,55.0,1.42
2023-04-24 01:00:00,MACH-A,36.01,1.92
2023-04-24 02:00:00,MACH-A,53.68,1.77
2023-04-24 03:00:00,MACH-A,29.0,2.71
2023-04-24 04:00:00,MACH-A,56.26,2.59
2023-04-24 05:00:00,MACH-A,58.85,2.05
2023-04-24 06:00:00,MACH-A,44.08,1.36
2023-04-24 07:00:00,MACH-A,51.24,1.39
2023-04-24 08:00:00,MACH-A,69.54,2.01
2023-04-24 09:00:00,MACH-A,44.94,2.17
2023-04-24 10:00:00,MACH-A,39.41,1.81
2023-04-24 11:00:00,MACH-A,84.46,3.5
2023-04-24 12:00:00,MACH-A,69.63,1.7
2023-04-24 13:00:00,MACH-A,50.04,1.99
2023-04-24 14:00:00,MACH-A,60.11,0.81
2023-04-24 15:00:00,MACH-A,63.41,1.45
2023-04-24 16:00:00,MACH-A,42.58,1.69
2023-04-24 17:00:00,MACH-A,45.15,2.6
2023-04-24 18:00:00,MACH-A,62.31,1.59
2023-04-24 19:00:00,MACH-A,66.85,2.09
2023-04-24 20:00:00,MACH-A,55.63,2.11
2023-04-24 21:00:00,MACH-A,41.2,2.65
2023-04-24 22:00:00,MACH-A,69.87,2.63
2023-04-24 23:00:00,MACH-A,44.69,1.97
2023-04-25 00:00:00,MACH-A,46.65,1.76
2023-04-25 01:00:00,MACH-A,53.42,1.67
2023-04-25 02:00:00,MACH-A,65.54,1.88
2023-04-25 03:00:00,MACH-A,58.54,1.78
2023-04-25 04:00:00,MACH-A,54.15,2.28
2023-04-25 05:00:00,MACH-A,54.63,2.21
2023-04-25 06:00:00,MACH-A,50.44,2.3
2023-04-25 07:00:00,MACH-A,55.58,2.63
2023-04-25 08:00:00,MACH-A,24.7,2.93
2023-04-25 09:00:00,MACH-A,47.03,2.06
2023-04-25 10:00:00,MACH-A,52.41,2.55
2023-04-25 11:00:00,MACH-A,38.49,1.82
2023-04-25 12:00:00,MACH-A,53.86,2.59
2023-04-25 13:00:00,MACH-A,47.96,2.53
2023-04-25 14:00:00,MACH-A,67.55,2.5
2023-04-25 15:00:00,MACH-A,65.73,2.05
2023-04-25 16:00:00,MACH-A,45.34,1.67
2023-04-25 17:00:00,MACH-A,48.49,1.3
2023-04-25 18:00:00,MACH-A,49.26,1.98
2023-04-25 19:00:00,MACH-A,45.48,2.77
2023-04-25 20:00:00,MACH-A,51.95,1.85
2023-04-25 21:00:00,MACH-A,42.42,2.39
2023-04-25 22:00:00,MACH-A,38.69,2.42
2023-04-25 23:00:00,MACH-A,56.23,1.86
2023-04-26 00:00:00,MACH-A,56.3,2.66
2023-04-26 01:00:00,MACH-A,41.96,0.55
2023-04-26 02:00:00,MACH-A,58.95,1.39
2023-04-26 03:00:00,MACH-A,43.68,1.54
2023-04-26 04:00:00,MACH-A,52.53,1.59
2023-04-26 05:00:00,MACH-A,58.2,2.17
2023-04-26 06:00:00,MACH-A,49.66,2.15
2023-04-26 07:00:00,MACH-A,54.55,2.2
2023-04-26 08:00:00,MACH-A,44.84,2.3
2023-04-26 09:00:00,MACH-A,48.04,1.52
2023-04-26 10:00:00,MACH-A,47.94,1.39
2023-04-26 11:00:00,MACH-A,42.53,2.2
2023-04-26 12:00:00,MACH-A,48.23,1.68
2023-04-26 13:00:00,MACH-A,34.51,1.21
2023-04-26 14:00:00,MACH-A,45.09,2.49
2023-04-26 15:00:00,MACH-A,47.15,2.7
2023-04-26 16:00:00,MACH-A,47.44,2.78
2023-04-26 17:00:00,MACH-A,47.59,2.09
2023-04-26 18:00:00,MACH-A,49.38,2.31
2023-04-26 19:00:00,MACH-A,54.79,2.68
2023-04-26 20:00:00,MACH-A,58.75,1.68
2023-04-26 21:00:00,MACH-A,43.5,2.56
2023-04-26 22:00:00,MACH-A,37.97,2.14
2023-04-26 23:00:00,MACH-A,39.58,2.46
2023-04-27 00:00:00,MACH-A,45.13,2.09
2023-04-27 01:00:00,MACH-A,46.48,2.65
2023-04-27 02:00:00,MACH-A,42.3,2.11
2023-04-27 03:00:00,MACH-A,37.04,1.26
2023-04-27 04:00:00,MACH-A,45.44,2.73
2023-04-27 05:00:00,MACH-A,51.81,1.53
2023-04-27 06:00:00,MACH-A,55.95,2.63
2023-04-27 07:00:00,MACH-A,44.43,1.95
2023-04-27 08:00:00,MACH-A,45.87,2.59
2023-04-27 09:00:00,MACH-A,40.73,2.57
2023-04-27 10:00:00,MACH-A,49.69,2.22
2023-04-27 11:00:00,MACH-A,41.52,2.25
2023-04-27 12:00:00,MACH-A,55.73,2.21
2023-04-27 13:00:00,MACH-A,32.14,0.99
2023-04-27 14:00:00,MACH-A,46.4,2.06
2023-04-27 15:00:00,MACH-A,53.01,1.44
2023-04-27 16:00:00,MACH-A,51.84,2.09
2023-04-27 17:00:00,MACH-A,76.93,1.43
2023-04-27 18:00:00,MACH-A,53.5,1.41
2023-04-27 19:00:00,MACH-A,39.96,2.8
2023-04-27 20:00:00,MACH-A,49.05,2.53
2023-04-27 21:00:00,MACH-A,32.24,2.0
2023-04-27 22:00:00,MACH-A,49.19,2.09
2023-04-27 23:00:00,MACH-A,41.67,1.88
2023-04-28 00:00:00,MACH-A,59.15,2.28
2023-04-28 01:00:00,MACH-A,44.5,1.66
2023-04-28 02:00:00,MACH-A,48.83,2.5
2023-04-28 03:00:00,MACH-A,43.64,1.87
2023-04-28 04:00:00,MACH-A,67.39,1.79
2023-04-28 05:00:00,MACH-A,46.79,2.01
2023-04-28 06:00:00,MACH-A,68.33,1.7
2023-04-28 07:00:00,MACH-A,58.14,2.16
2023-04-28 08:00:00,MACH-A,54.82,1.73
2023-04-28 09:00:00,MACH-A,53.69,2.23
2023-04-28 10:00:00,MACH-A,53.94,2.61
2023-04-28 11:00:00,MACH-A,30.72,1.64
2023-04-28 12:00:00,MACH-A,47.21,1.93
2023-04-28 13:00:00,MACH-A,58.45,2.23
2023-04-28 14:00:00,MACH-A,49.51,1.78
2023-04-28 15:00:00,MACH-A,35.95,2.23
2023-04-28 16:00:00,MACH-A,49.48,2.28
2023-04-28 17:00:00,MACH-A,67.04,2.54
2023-04-28 18:00:00,MACH-A,62.47,1.7
2023-04-28 19:00:00,MACH-A,49.38,1.53
2023-04-28 20:00:00,MACH-A,59.51,1.85
2023-04-28 21:00:00,MACH-A,46.33,1.52
2023-04-28 22:00:00,MACH-A,32.96,2.28
2023-04-28 23:00:00,MACH-A,40.76,1.42
2023-04-29 00:00:00,MACH-A,65.63,3.17
2023-04-29 01:00:00,MACH-A,47.26,2.65
2023-04-29 02:00:00,MACH-A,47.57,2.01
2023-04-29 03:00:00,MACH-A,47.0,2.43
2023-04-29 04:00:00,MACH-A,69.04,1.18
2023-04-29 05:00:00,MACH-A,66.26,3.26
2023-04-29 06:00:00,MACH-A,72.19,1.7
2023-04-29 07:00:00,MACH-A,48.41,1.94
2023-04-29 08:00:00,MACH-A,52.96,1.07
2023-04-29 09:00:00,MACH-A,34.83,2.24
2023-04-29 10:00:00,MACH-A,64.77,1.45
2023-04-29 11:00:00,MACH-A,38.32,2.05
2023-04-29 12:00:00,MACH-A,52.17,1.73
2023-04-29 13:00:00,MACH-A,39.03,1.46
2023-04-29 14:00:00,MACH-A,44.11,1.6
2023-04-29 15:00:00,MACH-A,41.63,2.11
2023-04-29 16:00:00,MACH-A,43.92,1.36
2023-04-29 17:00:00,MACH-A,44.61,1.63
2023-04-29 18:00:00,MACH-A,44.52,2.33
2023-04-29 19:00:00,MACH-A,58.33,3.3
2023-04-29 20:00:00,MACH-A,38.95,2.24
2023-04-29 21:00:00,MACH-A,52.21,1.54
2023-04-29 22:00:00,MACH-A,62.18,1.82
2023-04-29 23:00:00,MACH-A,44.87,2.02
2023-04-30 00:00:00,MACH-A,42.82,1.83
2023-04-30 01:00:00,MACH-A,47.69,2.45
2023-04-30 02:00:00,MACH-A,61.8,2.11
2023-04-30 03:00:00,MACH-A,51.94,2.45
2023-04-30 04:00:00,MACH-A,44.69,1.84
2023-04-30 05:00:00,MACH-A,54.84,2.66
2023-04-30 06:00:00,MACH-A,38.98,1.92
2023-04-30 07:00:00,MACH-A,56.81,1.51
2023-04-30 08:00:00,MACH-A,54.09,3.09
2023-04-30 09:00:00,MACH-A,46.92,1.09
2023-04-30 10:00:00,MACH-A,41.61,1.63
2023-04-30 11:00:00,MACH-A,41.13,1.69
2023-04-30 12:00:00,MACH-A,55.35,3.25
2023-04-30 13:00:00,MACH-A,62.29,2.9
2023-04-30 14:00:00,MACH-A,43.63,2.75
2023-04-30 15:00:00,MACH-A,54.58,1.83
2023-04-30 16:00:00,MACH-A,29.13,3.21
2023-04-30 17:00:00,MACH-A,44.15,2.18
2023-04-30 18:00:00,MACH-A,49.69,2.49
2023-04-30 19:00:00,MACH-A,40.9,2.09
2023-04-30 20:00:00,MACH-A,40.63,1.98
2023-04-30 21:00:00,MACH-A,43.32,1.87
2023-04-30 22:00:00,MACH-A,52.92,1.9
2023-04-30 23:00:00,MACH-A,48.13,2.3
2023-05-01 00:00:00,MACH-A,27.62,2.18
2023-05-01 01:00:00,MACH-A,28.79,1.98
2023-05-01 02:00:00,MACH-A,43.93,2.75
2023-05-01 03:00:00,MACH-A,54.58,0.52
2023-05-01 04:00:00,MACH-A,22.52,2.25
2023-05-01 05:00:00,MACH-A,45.0,2.36
2023-05-01 06:00:00,MACH-A,44.74,2.57
2023-05-01 07:00:00,MACH-A,63.88,1.97
2023-05-01 08:00:00,MACH-A,46.15,2.1
2023-05-01 09:00:00,MACH-A,53.83,2.49
2023-05-01 10:00:00,MACH-A,51.41,2.75
2023-05-01 11:00:00,MACH-A,28.69,1.85
2023-05-01 12:00:00,MACH-A,57.68,2.13
2023-05-01 13:00:00,MACH-A,52.15,2.84
2023-05-01 14:00:00,MACH-A,55.08,0.94
2023-05-01 15:00:00,MACH-A,89.26,1.65
2023-05-01 16:00:00,MACH-A,29.16,2.73
2023-05-01 17:00:00,MACH-A,67.25,2.55
2023-05-01 18:00:00,MACH-A,47.13,2.26
2023-05-01 19:00:00,MACH-A,52.87,1.78
2023-05-01 20:00:00,MACH-A,49.54,1.56
2023-05-01 21:00:00,MACH-A,45.76,1.7
2023-05-01 22:00:00,MACH-A,44.3,2.77
2023-05-01 23:00:00,MACH-A,53.3,1.69
2023-05-02 00:00:00,MACH-A,34.83,2.05
2023-05-02 01:00:00,MACH-A,57.51,1.62
2023-05-02 02:00:00,MACH-A,45.84,2.42
2023-05-02 03:00:00,MACH-A,38.7,1.73
2023-05-02 04:00:00,MACH-A,45.5,1.95
2023-05-02 05:00:00,MACH-A,62.57,1.16
2023-05-02 06:00:00,MACH-A,44.65,1.19
2023-05-02 07:00:00,MACH-A,53.58,2.0
2023-05-02 08:00:00,MACH-A,42.69,1.34
2023-05-02 09:00:00,MACH-A,57.58,3.05
2023-05-02 10:00:00,MACH-A,56.86,0.97
2023-05-02 11:00:00,MACH-A,68.49,1.6
2023-05-02 12:00:00,MACH-A,48.24,2.01
2023-05-02 13:00:00,MACH-A,56.69,1.82
2023-05-02 14:00:00,MACH-A,50.98,1.45
2023-05-02 15:00:00,MACH-A,62.96,1.52
2023-05-02 16:00:00,MACH-A,42.81,1.5
2023-05-02 17:00:00,MACH-A,57.45,1.86
2023-05-02 18:00:00,MACH-A,48.05,2.98
2023-05-02 19:00:00,MACH-A,49.36,2.04
2023-05-02 20:00:00,MACH-A,50.92,2.59
2023-05-02 21:00:00,MACH-A,52.52,2.25
2023-05-02 22:00:00,MACH-A,48.84,2.56
2023-05-02 23:00:00,MACH-A,52.15,0.6
2023-05-03 00:00:00,MACH-A,65.78,1.85
2023-05-03 01:00:00,MACH-A,59.85,2.65
2023-05-03 02:00:00,MACH-A,58.69,1.71
2023-05-03 03:00:00,MACH-A,45.44,2.88
2023-05-03 04:00:00,MACH-A,41.11,2.74
2023-05-03 05:00:00,MACH-A,59.55,1.77
2023-05-03 06:00:00,MACH-A,58.76,1.75
2023-05-03 07:00:00,MACH-A,64.73,1.49
2023-05-03 08:00:00,MACH-A,43.96,1.69
2023-05-03 09:00:00,MACH-A,47.7,1.38
2023-05-03 10:00:00,MACH-A,33.61,2.21
2023-05-03 11:00:00,MACH-A,46.08,1.27
2023-05-03 12:00:00,MACH-A,59.97,2.3
2023-05-03 13:00:00,MACH-A,45.34,2.31
2023-05-03 14:00:00,MACH-A,56.4,1.17
2023-05-03 15:00:00,MACH-A,48.09,2.77
2023-05-03 16:00:00,MACH-A,53.24,2.26
2023-05-03 17:00:00,MACH-A,38.52,2.37
2023-05-03 18:00:00,MACH-A,50.85,1.62
2023-05-03 19:00:00,MACH-A,20.09,2.31
2023-05-03 20:00:00,MACH-A,48.13,2.56
2023-05-03 21:00:00,MACH-A,33.7,1.95
2023-05-03 22:00:00,MACH-A,62.06,3.0
2023-05-03 23:00:00,MACH-A,57.77,2.02
2023-05-04 00:00:00,MACH-A,54.67,2.57
2023-05-04 01:00:00,MACH-A,65.21,2.15
2023-05-04 02:00:00,MACH-A,40.51,2.29
2023-05-04 03:00:00,MACH-A,67.47,1.16
2023-05-04 04:00:00,MACH-A,59.32,2.19
2023-05-04 05:00:00,MACH-A,47.63,1.63
2023-05-04 06:00:00,MACH-A,61.36,1.58
2023-05-04 07:00:00,MACH-A,38.94,2.87
2023-05-04 08:00:00,MACH-A,41.75,1.89
2023-05-04 09:00:00,MACH-A,43.91,1.5
2023-05-04 10:00:00,MACH-A,44.71,1.82
2023-05-04 11:00:00,MACH-A,39.43,1.35
2023-05-04 12:00:00,MACH-A,62.23,2.72
2023-05-04 13:00:00,MACH-A,47.41,1.65
2023-05-04 14:00:00,MACH-A,53.53,2.26
2023-05-04 15:00:00,MACH-A,44.3,2.68
2023-05-04 16:00:00,MACH-A,31.79,1.75
2023-05-04 17:00:00,MACH-A,52.7,2.27
2023-05-04 18:00:00,MACH-A,30.88,1.48
2023-05-04 19:00:00,MACH-A,49.31,3.22
2023-05-04 20:00:00,MACH-A,36.32,2.47
2023-05-04 21:00:00,MACH-A,69.87,1.9
2023-05-04 22:00:00,MACH-A,59.11,1.61
2023-05-04 23:00:00,MACH-A,51.06,1.94
2023-05-05 00:00:00,MACH-A,62.64,1.83
2023-05-05 01:00:00,MACH-A,41.54,2.98
2023-05-05 02:00:00,MACH-A,55.43,1.39
2023-05-05 03:00:00,MACH-A,52.0,2.07
2023-05-05 04:00:00,MACH-A,52.64,1.99
2023-05-05 05:00:00,MACH-A,62.72,1.94
2023-05-05 06:00:00,MACH-A,57.32,1.95
2023-05-05 07:00:00,MACH-A,52.89,1.94
2023-05-05 08:00:00,MACH-A,33.45,2.44
2023-05-05 09:00:00,MACH-A,40.4,2.3
2023-05-05 10:00:00,MACH-A,48.77,2.21
2023-05-05 11:00:00,MACH-A,50.93,0.48
2023-05-05 12:00:00,MACH-A,38.7,2.15
2023-05-05 13:00:00,MACH-A,74.12,1.17
2023-05-05 14:00:00,MACH-A,65.16,2.32
2023-05-05 15:00:00,MACH-A,56.02,2.74
2023-05-05 16:00:00,MACH-A,50.72,1.54
2023-05-05 17:00:00,MACH-A,47.88,1.87
2023-05-05 18:00:00,MACH-A,40.48,1.7
2023-05-05 19:00:00,MACH-A,50.77,2.62
2023-05-05 20:00:00,MACH-A,52.58,2.05
2023-05-05 21:00:00,MACH-A,37.58,2.86
2023-05-05 22:00:00,MACH-A,53.34,2.21
2023-05-05 23:00:00,MACH-A,48.45,2.12
2023-05-06 00:00:00,MACH-A,30.92,2.03
2023-05-06 01:00:00,MACH-A,41.4,2.41
2023-05-06 02:00:00,MACH-A,45.86,1.13
2023-05-06 03:00:00,MACH-A,68.88,2.04
2023-05-06 04:00:00,MACH-A,55.57,1.96
2023-05-06 05:00:00,MACH-A,36.65,2.36
2023-05-06 06:00:00,MACH-A,54.86,1.91
2023-05-06 07:00:00,MACH-A,34.53,1.48
2023-05-06 08:00:00,MACH-A,60.83,2.0
2023-05-06 09:00:00,MACH-A,45.29,1.46
2023-05-06 10:00:00,MACH-A,49.06,1.04
2023-05-06 11:00:00,MACH-A,63.26,2.36
2023-05-06 12:00:00,MACH-A,37.13,2.29
2023-05-06 13:00:00,MACH-A,36.03,2.23
2023-05-06 14:00:00,MACH-A,44.16,2.65
2023-05-06 15:00:00,MACH-A,60.38,1.67
2023-05-06 16:00:00,MACH-A,34.81,1.28
2023-05-06 17:00:00,MACH-A,21.68,1.96
2023-05-06 18:00:00,MACH-A,45.49,1.83
2023-05-06 19:00:00,MACH-A,55.52,1.58
2023-05-06 20:00:00,MACH-A,62.0,1.96
2023-05-06 21:00:00,MACH-A,45.37,1.69
2023-05-06 22:00:00,MACH-A,45.89,1.08
2023-05-06 23:00:00,MACH-A,61.54,1.78
2023-05-07 00:00:00,MACH-A,31.3,1.43
2023-05-07 01:00:00,MACH-A,46.11,2.12
2023-05-07 02:00:00,MACH-A,51.9,1.67
2023-05-07 03:00:00,MACH-A,54.49,2.56
2023-05-07 04:00:00,MACH-A,44.9,2.8
2023-05-07 05:00:00,MACH-A,50.34,2.34
2023-05-07 06:00:00,MACH-A,25.12,1.22
2023-05-07 07:00:00,MACH-A,43.42,2.75
2023-05-07 08:00:00,MACH-A,54.54,2.79
2023-05-07 09:00:00,MACH-A,40.18,2.01
2023-05-07 10:00:00,MACH-A,50.59,2.66
2023-05-07 11:00:00,MACH-A,54.47,1.72
2023-05-07 12:00:00,MACH-A,46.57,1.07
2023-05-07 13:00:00,MACH-A,51.7,1.62
2023-05-07 14:00:00,MACH-A,40.37,2.86
2023-05-07 15:00:00,MACH-A,47.93,1.25
2023-05-07 16:00:00,MACH-A,56.1,2.0
2023-05-07 17:00:00,MACH-A,51.57,2.02
2023-05-07 18:00:00,MACH-A,44.13,1.74
2023-05-07 19:00:00,MACH-A,52.24,1.78
2023-05-07 20:00:00,MACH-A,57.15,2.04
2023-05-07 21:00:00,MACH-A,29.5,1.72
2023-05-07 22:00:00,MACH-A,94.11,4.86
2023-05-07 23:00:00,MACH-A,46.64,2.11
2023-05-08 00:00:00,MACH-A,54.25,2.54
2023-05-08 01:00:00,MACH-A,61.97,2.43
2023-05-08 02:00:00,MACH-A,36.28,1.6
2023-05-08 03:00:00,MACH-A,42.91,1.37
2023-05-08 04:00:00,MACH-A,47.11,1.86
2023-05-08 05:00:00,MACH-A,42.16,2.78
2023-05-08 06:00:00,MACH-A,67.35,2.32
2023-05-08 07:00:00,MACH-A,41.43,2.35
2023-05-08 08:00:00,MACH-A,44.44,2.44
2023-05-08 09:00:00,MACH-A,52.04,2.21
2023-05-08 10:00:00,MACH-A,37.98,2.06
2023-05-08 11:00:00,MACH-A,46.04,2.33
2023-05-08 12:00:00,MACH-A,53.17,1.73
2023-05-08 13:00:00,MACH-A,46.67,1.29
2023-05-08 14:00:00,MACH-A,49.07,2.36
2023-05-08 15:00:00,MACH-A,44.71,2.62
2023-05-08 16:00:00,MACH-A,34.86,1.44
2023-05-08 17:00:00,MACH-A,53.22,2.41
2023-05-08 18:00:00,MACH-A,67.55,2.84
2023-05-08 19:00:00,MACH-A,50.18,2.0
2023-05-08 20:00:00,MACH-A,52.25,1.59
2023-05-08 21:00:00,MACH-A,56.93,2.06
2023-05-08 22:00:00,MACH-A,37.31,1.72
2023-05-08 23:00:00,MACH-A,67.03,1.69
2023-05-09 00:00:00,MACH-A,52.02,2.22
2023-05-09 01:00:00,MACH-A,66.32,1.2
2023-05-09 02:00:00,MACH-A,42.67,1.28
2023-05-09 03:00:00,MACH-A,68.18,2.01
2023-05-09 04:00:00,MACH-A,57.75,1.99
2023-05-09 05:00:00,MACH-A,55.53,2.17
2023-05-09 06:00:00,MACH-A,52.34,2.94
2023-05-09 07:00:00,MACH-A,47.51,2.05
2023-05-09 08:00:00,MACH-A,62.01,2.3
2023-05-09 09:00:00,MACH-A,51.4,1.51
2023-05-09 10:00:00,MACH-A,30.33,2.38
2023-05-09 11:00:00,MACH-A,38.83,1.74
2023-05-09 12:00:00,MACH-A,48.14,2.04
2023-05-09 13:00:00,MACH-A,53.1,1.95
2023-05-09 14:00:00,MACH-A,49.43,2.52
2023-05-09 15:00:00,MACH-A,62.19,1.35
2023-05-09 16:00:00,MACH-A,30.49,0.86
2023-05-09 17:00:00,MACH-A,51.44,1.89
2023-05-09 18:00:00,MACH-A,31.82,2.23
2023-05-09 19:00:00,MACH-A,57.6,2.08
2023-05-09 20:00:00,MACH-A,49.06,2.62
2023-05-09 21:00:00,MACH-A,54.2,2.22
2023-05-09 22:00:00,MACH-A,41.36,1.72
2023-05-09 23:00:00,MACH-A,62.79,0.84
2023-05-10 00:00:00,MACH-A,60.42,1.88
2023-05-10 01:00:00,MACH-A,55.84,2.51
2023-05-10 02:00:00,MACH-A,48.7,1.8
2023-05-10 03:00:00,MACH-A,55.8,2.01
2023-05-10 04:00:00,MACH-A,42.93,2.21
2023-05-10 05:00:00,MACH-A,58.56,1.49
2023-05-10 06:00:00,MACH-A,66.49,2.31
2023-05-10 07:00:00,MACH-A,60.71,2.82
2023-05-10 08:00:00,MACH-A,42.7,1.91
2023-05-10 09:00:00,MACH-A,53.61,1.44
2023-05-10 10:00:00,MACH-A,37.07,1.97
2023-05-10 11:00:00,MACH-A,55.72,0.89
2023-05-10 12:00:00,MACH-A,54.51,2.17
2023-05-10 13:00:00,MACH-A,31.3,2.23
2023-05-10 14:00:00,MACH-A,38.38,2.84
2023-05-10 15:00:00,MACH-A,47.17,1.9
2023-05-10 16:00:00,MACH-A,46.99,2.2
2023-05-10 17:00:00,MACH-A,37.91,1.57
2023-05-10 18:00:00,MACH-A,53.89,1.82
2023-05-10 19:00:00,MACH-A,52.51,1.24
2023-05-10 20:00:00,MACH-A,48.06,1.9
2023-05-10 21:00:00,MACH-A,42.44,1.85
2023-05-10 22:00:00,MACH-A,60.49,2.15
2023-05-10 23:00:00,MACH-A,66.55,1.69
2023-05-11 00:00:00,MACH-A,45.16,2.04
2023-05-11 01:00:00,MACH-A,43.88,1.83
2023-05-11 02:00:00,MACH-A,54.91,1.83
2023-05-11 03:00:00,MACH-A,46.42,2.04
2023-05-11 04:00:00,MACH-A,48.61,2.02
2023-05-11 05:00:00,MACH-A,57.4,2.38
2023-05-11 06:00:00,MACH-A,30.91,1.94
2023-05-11 07:00:00,MACH-A,63.18,1.83
2023-05-11 08:00:00,MACH-A,50.73,1.91
2023-05-11 09:00:00,MACH-A,45.89,1.64
2023-05-11 10:00:00,MACH-A,49.11,1.82
2023-05-11 11:00:00,MACH-A,49.62,3.02
2023-05-11 12:00:00,MACH-A,32.69,1.54
2023-05-11 13:00:00,MACH-A,64.95,1.86
2023-05-11 14:00:00,MACH-A,50.41,1.81
2023-05-11 15:00:00,MACH-A,54.43,1.88
2023-05-11 16:00:00,MACH-A,59.52,1.83
2023-05-11 17:00:00,MACH-A,39.79,2.14
2023-05-11 18:00:00,MACH-A,54.73,1.14
2023-05-11 19:00:00,MACH-A,47.32,2.52
2023-05-11 20:00:00,MACH-A,58.47,2.32
2023-05-11 21:00:00,MACH-A,28.73,1.38
2023-05-11 22:00:00,MACH-A,49.01,0.87
2023-05-11 23:00:00,MACH-A,43.97,1.51
2023-05-12 00:00:00,MACH-A,54.32,1.88
2023-05-12 01:00:00,MACH-A,54.7,3.29
2023-05-12 02:00:00,MACH-A,42.92,2.27
2023-05-12 03:00:00,MACH-A,42.88,1.1
2023-05-12 04:00:00,MACH-A,48.89,1.66
2023-05-12 05:00:00,MACH-A,41.03,1.97
2023-05-12 06:00:00,MACH-A,58.42,2.13
2023-05-12 07:00:00,MACH-A,46.31,1.34
2023-05-12 08:00:00,MACH-A,20.93,1.93
2023-05-12 09:00:00,MACH-A,46.25,1.64
2023-05-12 10:00:00,MACH-A,39.61,1.45
2023-05-12 11:00:00,MACH-A,33.69,2.13
2023-05-12 12:00:00,MACH-A,37.63,2.39
2023-05-12 13:00:00,MACH-A,51.09,2.42
2023-05-12 14:00:00,MACH-A,63.29,2.29
2023-05-12 15:00:00,MACH-A,53.13,1.75
2023-05-12 16:00:00,MACH-A,43.93,2.36
2023-05-12 17:00:00,MACH-A,54.56,2.15
2023-05-12 18:00:00,MACH-A,45.41,2.07
2023-05-12 19:00:00,MACH-A,43.05,1.69
2023-05-12 20:00:00,MACH-A,38.46,1.75
2023-05-12 21:00:00,MACH-A,32.48,2.04
2023-05-12 22:00:00,MACH-A,46.1,3.22
2023-05-12 23:00:00,MACH-A,51.58,2.15
2023-05-13 00:00:00,MACH-A,49.03,1.69
2023-05-13 01:00:00,MACH-A,45.84,1.58
2023-05-13 02:00:00,MACH-A,40.54,1.75
2023-05-13 03:00:00,MACH-A,56.08,3.09
2023-05-13 04:00:00,MACH-A,36.83,1.8
2023-05-13 05:00:00,MACH-A,57.76,2.45
2023-05-13 06:00:00,MACH-A,39.98,1.81
2023-05-13 07:00:00,MACH-A,42.48,2.13
2023-05-13 08:00:00,MACH-A,35.33,2.4
2023-05-13 09:00:00,MACH-A,44.99,1.71
2023-05-13 10:00:00,MACH-A,59.75,1.68
2023-05-13 11:00:00,MACH-A,55.16,2.83
2023-05-13 12:00:00,MACH-A,59.78,2.49
2023-05-13 13:00:00,MACH-A,55.22,2.4
2023-05-13 14:00:00,MACH-A,38.96,2.39
2023-05-13 15:00:00,MACH-A,46.69,2.23
2023-05-13 16:00:00,MACH-A,42.2,3.01
2023-05-13 17:00:00,MACH-A,63.31,2.02
2023-05-13 18:00:00,MACH-A,38.03,2.29
2023-05-13 19:00:00,MACH-A,58.94,1.27
2023-05-13 20:00:00,MACH-A,58.93,1.59
2023-05-13 21:00:00,MACH-A,68.3,1.4
2023-05-13 22:00:00,MACH-A,45.9,2.64
2023-05-13 23:00:00,MACH-A,57.12,0.72
2023-05-14 00:00:00,MACH-A,72.82,1.8
2023-05-14 01:00:00,MACH-A,43.82,0.5
2023-05-14 02:00:00,MACH-A,34.65,1.58
2023-05-14 03:00:00,MACH-A,31.2,1.75
2023-05-14 04:00:00,MACH-A,57.13,2.69
2023-05-14 05:00:00,MACH-A,31.17,2.2
2023-05-14 06:00:00,MACH-A,46.28,1.58
2023-05-14 07:00:00,MACH-A,54.37,2.53
2023-05-14 08:00:00,MACH-A,51.85,2.01
2023-05-14 09:00:00,MACH-A,54.25,2.02
2023-05-14 10:00:00,MACH-A,52.22,1.4
2023-05-14 11:00:00,MACH-A,62.79,1.5
2023-05-14 12:00:00,MACH-A,40.48,1.59
2023-05-14 13:00:00,MACH-A,43.23,2.02
2023-05-14 14:00:00,MACH-A,42.27,2.04
2023-05-14 15:00:00,MACH-A,58.3,2.77
2023-05-14 16:00:00,MACH-A,59.0,2.19
2023-05-14 17:00:00,MACH-A,54.51,0.65
2023-05-14 18:00:00,MACH-A,61.83,2.13
2023-05-14 19:00:00,MACH-A,38.22,1.27
2023-05-14 20:00:00,MACH-A,66.67,1.52
2023-05-14 21:00:00,MACH-A,65.23,1.59
2023-05-14 22:00:00,MACH-A,57.36,1.67
2023-05-14 23:00:00,MACH-A,67.82,1.31
2023-05-15 00:00:00,MACH-A,33.43,2.1
2023-05-15 01:00:00,MACH-A,44.76,1.29
2023-05-15 02:00:00,MACH-A,42.65,2.18
2023-05-15 03:00:00,MACH-A,57.21,3.12
2023-05-15 04:00:00,MACH-A,39.5,1.34
2023-05-15 05:00:00,MACH-A,57.57,1.86
2023-05-15 06:00:00,MACH-A,63.71,0.74
2023-05-15 07:00:00,MACH-A,56.95,1.85
2023-05-15 08:00:00,MACH-A,52.84,2.32
2023-05-15 09:00:00,MACH-A,40.12,2.36
2023-05-15 10:00:00,MACH-A,41.53,2.04
2023-05-15 11:00:00,MACH-A,62.5,2.44
2023-05-15 12:00:00,MACH-A,57.79,3.27
2023-05-15 13:00:00,MACH-A,49.61,2.86
2023-05-15 14:00:00,MACH-A,45.82,1.74
2023-05-15 15:00:00,MACH-A,29.74,1.27
2023-05-15 16:00:00,MACH-A,39.29,1.8
2023-05-15 17:00:00,MACH-A,69.11,1.53
2023-05-15 18:00:00,MACH-A,37.2,2.23
2023-05-15 19:00:00,MACH-A,51.89,1.41
2023-05-15 20:00:00,MACH-A,60.07,1.96
2023-05-15 21:00:00,MACH-A,37.45,2.42
2023-05-15 22:00:00,MACH-A,51.85,1.95
2023-05-15 23:00:00,MACH-A,59.38,1.53
2023-05-16 00:00:00,MACH-A,50.12,2.59
2023-05-16 01:00:00,MACH-A,78.68,1.06
2023-05-16 02:00:00,MACH-A,33.31,1.84
2023-05-16 03:00:00,MACH-A,60.59,1.98
2023-05-16 04:00:00,MACH-A,48.27,2.01
2023-05-16 05:00:00,MACH-A,57.72,2.09
2023-05-16 06:00:00,MACH-A,54.41,2.31
2023-05-16 07:00:00,MACH-A,42.67,1.98
2023-05-16 08:00:00,MACH-A,52.29,1.82
2023-05-16 09:00:00,MACH-A,31.42,1.8
2023-05-16 10:00:00,MACH-A,56.03,1.69
2023-05-16 11:00:00,MACH-A,52.98,2.39
2023-05-16 12:00:00,MACH-A,56.39,1.68
2023-05-16 13:00:00,MACH-A,60.58,2.42
2023-05-16 14:00:00,MACH-A,53.68,2.01
2023-05-16 15:00:00,MACH-A,51.48,1.74
2023-05-16 16:00:00,MACH-A,41.19,2.31
2023-05-16 17:00:00,MACH-A,42.88,1.64
2023-05-16 18:00:00,MACH-A,61.87,2.32
2023-05-16 19:00:00,MACH-A,64.36,2.11
2023-05-16 20:00:00,MACH-A,47.62,1.7
2023-05-16 21:00:00,MACH-A,50.46,2.26
2023-05-16 22:00:00,MACH-A,40.95,2.27
2023-05-16 23:00:00,MACH-A,91.29,4.77
2023-05-17 00:00:00,MACH-A,56.65,2.48
2023-05-17 01:00:00,MACH-A,69.41,2.25
2023-05-17 02:00:00,MACH-A,41.22,1.44
2023-05-17 03:00:00,MACH-A,46.22,3.22
2023-05-17 04:00:00,MACH-A,52.31,1.3
2023-05-17 05:00:00,MACH-A,56.46,2.47
2023-05-17 06:00:00,MACH-A,47.84,2.22
2023-05-17 07:00:00,MACH-A,41.27,1.41
2023-05-17 08:00:00,MACH-A,58.81,1.94
2023-05-17 09:00:00,MACH-A,57.21,1.96
2023-05-17 10:00:00,MACH-A,40.84,2.65
2023-05-17 11:00:00,MACH-A,63.55,1.64
2023-05-17 12:00:00,MACH-A,61.7,1.87
2023-05-17 13:00:00,MACH-A,51.34,0.83
2023-05-17 14:00:00,MACH-A,50.8,2.87
2023-05-17 15:00:00,MACH-A,55.54,1.46
2023-05-17 16:00:00,MACH-A,41.38,2.16
2023-05-17 17:00:00,MACH-A,50.3,1.95
2023-05-17 18:00:00,MACH-A,28.48,1.95
2023-05-17 19:00:00,MACH-A,58.76,2.4
2023-05-17 20:00:00,MACH-A,34.39,2.84
2023-05-17 21:00:00,MACH-A,65.03,2.13
2023-05-17 22:00:00,MACH-A,46.7,2.33
2023-05-17 23:00:00,MACH-A,47.88,2.16
2023-05-18 00:00:00,MACH-A,43.72,2.51
2023-05-18 01:00:00,MACH-A,47.12,1.77
2023-05-18 02:00:00,MACH-A,64.19,2.54
2023-05-18 03:00:00,MACH-A,25.12,2.56
2023-05-18 04:00:00,MACH-A,62.77,2.54
2023-05-18 05:00:00,MACH-A,53.38,1.67
2023-05-18 06:00:00,MACH-A,37.93,1.92
2023-05-18 07:00:00,MACH-A,39.25,2.12
2023-05-18 08:00:00,MACH-A,66.76,1.31
2023-05-18 09:00:00,MACH-A,40.54,2.8
2023-05-18 10:00:00,MACH-A,38.47,1.99
2023-05-18 11:00:00,MACH-A,61.37,2.14
2023-05-18 12:00:00,MACH-A,53.39,1.71
2023-05-18 13:00:00,MACH-A,40.62,1.34
2023-05-18 14:00:00,MACH-A,52.17,1.7
2023-05-18 15:00:00,MACH-A,39.74,2.11
2023-05-18 16:00:00,MACH-A,61.01,2.34
2023-05-18 17:00:00,MACH-A,60.61,2.08
2023-05-18 18:00:00,MACH-A,55.32,2.17
2023-05-18 19:00:00,MACH-A,53.62,1.83
2023-05-18 20:00:00,MACH-A,67.61,2.25
2023-05-18 21:00:00,MACH-A,50.0,2.74
2023-05-18 22:00:00,MACH-A,38.18,2.35
2023-05-18 23:00:00,MACH-A,54.49,2.4
2023-05-19 00:00:00,MACH-A,70.86,2.15
2023-05-19 01:00:00,MACH-A,39.85,1.25
2023-05-19 02:00:00,MACH-A,46.39,1.48
2023-05-19 03:00:00,MACH-A,54.16,2.23
2023-05-19 04:00:00,MACH-A,49.46,1.99
2023-05-19 05:00:00,MACH-A,40.18,2.22
2023-05-19 06:00:00,MACH-A,61.22,2.84
2023-05-19 07:00:00,MACH-A,73.2,2.36
2023-05-19 08:00:00,MACH-A,51.96,2.63
2023-05-19 09:00:00,MACH-A,40.96,2.05
2023-05-19 10:00:00,MACH-A,34.51,1.6
2023-05-19 11:00:00,MACH-A,52.58,1.97
2023-05-19 12:00:00,MACH-A,61.04,1.6
2023-05-19 13:00:00,MACH-A,54.75,2.78
2023-05-19 14:00:00,MACH-A,49.98,2.4
2023-05-19 15:00:00,MACH-A,44.11,2.26
2023-05-19 16:00:00,MACH-A,39.08,2.62
2023-05-19 17:00:00,MACH-A,58.35,0.99
2023-05-19 18:00:00,MACH-A,59.14,2.29
2023-05-19 19:00:00,MACH-A,34.54,1.34
2023-05-19 20:00:00,MACH-A,65.9,2.0
2023-05-19 21:00:00,MACH-A,55.74,1.84
2023-05-19 22:00:00,MACH-A,64.0,2.33
2023-05-19 23:00:00,MACH-A,36.58,2.11
2023-05-20 00:00:00,MACH-A,36.34,2.67
2023-05-20 01:00:00,MACH-A,48.51,1.7
2023-05-20 02:00:00,MACH-A,55.03,2.35
2023-05-20 03:00:00,MACH-A,67.96,2.08
2023-05-20 04:00:00,MACH-A,57.06,1.18
2023-05-20 05:00:00,MACH-A,47.57,1.54
2023-05-20 06:00:00,MACH-A,39.74,1.93
2023-05-20 07:00:00,MACH-A,62.3,2.56
2023-05-20 08:00:00,MACH-A,40.35,2.23
2023-05-20 09:00:00,MACH-A,66.28,1.42
2023-05-20 10:00:00,MACH-A,47.16,1.93
2023-05-20 11:00:00,MACH-A,65.91,3.01
2023-05-20 12:00:00,MACH-A,56.79,2.06
2023-05-20 13:00:00,MACH-A,48.63,1.84
2023-05-20 14:00:00,MACH-A,44.81,2.25
2023-05-20 15:00:00,MACH-A,46.59,2.38
2023-05-20 16:00:00,MACH-A,54.28,1.77
2023-05-20 17:00:00,MACH-A,50.77,2.25
2023-05-20 18:00:00,MACH-A,44.06,1.84
2023-05-20 19:00:00,MACH-A,48.34,2.36
2023-05-20 20:00:00,MACH-A,50.79,2.08
2023-05-20 21:00:00,MACH-A,28.71,2.24
2023-05-20 22:00:00,MACH-A,54.58,1.62
2023-05-20 23:00:00,MACH-A,40.2,1.59
2023-05-21 00:00:00,MACH-A,38.47,2.47
2023-05-21 01:00:00,MACH-A,33.13,1.96
2023-05-21 02:00:00,MACH-A,32.06,2.14
2023-05-21 03:00:00,MACH-A,36.45,1.85
2023-05-21 04:00:00,MACH-A,42.91,2.45
2023-05-21 05:00:00,MACH-A,69.53,1.7
2023-05-21 06:00:00,MACH-A,44.74,1.93
2023-05-21 07:00:00,MACH-A,51.78,2.39
2023-05-21 08:00:00,MACH-A,54.0,2.59
2023-05-21 09:00:00,MACH-A,51.31,1.74
2023-05-21 10:00:00,MACH-A,49.23,2.98
2023-05-21 11:00:00,MACH-A,38.05,2.16
2023-05-21 12:00:00,MACH-A,64.51,1.48
2023-05-21 13:00:00,MACH-A,68.07,2.18
2023-05-21 14:00:00,MACH-A,33.17,1.81
2023-05-21 15:00:00,MACH-A,39.76,2.22
2023-05-21 16:00:00,MACH-A,47.2,1.98
2023-05-21 17:00:00,MACH-A,40.35,2.04
2023-05-21 18:00:00,MACH-A,55.06,1.54
2023-05-21 19:00:00,MACH-A,42.72,2.5
2023-05-21 20:00:00,MACH-A,71.65,1.42
2023-05-21 21:00:00,MACH-A,61.91,1.45
2023-05-21 22:00:00,MACH-A,52.13,2.18
2023-05-21 23:00:00,MACH-A,60.27,2.8
2023-05-22 00:00:00,MACH-A,61.06,1.82
2023-05-22 01:00:00,MACH-A,44.36,2.35
2023-05-22 02:00:00,MACH-A,41.84,2.54
2023-05-22 03:00:00,MACH-A,50.78,2.41
2023-05-22 04:00:00,MACH-A,58.62,1.84
2023-05-22 05:00:00,MACH-A,51.39,1.45
2023-05-22 06:00:00,MACH-A,34.23,0.9
2023-05-22 07:00:00,MACH-A,41.97,1.87
2023-05-22 08:00:00,MACH-A,49.26,2.59
2023-05-22 09:00:00,MACH-A,49.24,1.44
2023-05-22 10:00:00,MACH-A,69.73,2.35
2023-05-22 11:00:00,MACH-A,36.14,1.52
2023-05-22 12:00:00,MACH-A,55.06,2.05
2023-05-22 13:00:00,MACH-A,64.89,2.35
2023-05-22 14:00:00,MACH-A,72.71,1.67
2023-05-22 15:00:00,MACH-A,45.96,2.09
2023-05-22 16:00:00,MACH-A,54.91,1.79
2023-05-22 17:00:00,MACH-A,55.7,2.35
2023-05-22 18:00:00,MACH-A,51.95,2.12
2023-05-22 19:00:00,MACH-A,49.01,2.03
2023-05-22 20:00:00,MACH-A,54.36,2.78
2023-05-22 21:00:00,MACH-A,24.68,2.33
2023-05-22 22:00:00,MACH-A,56.82,1.65
2023-05-22 23:00:00,MACH-A,51.26,1.96
2023-05-23 00:00:00,MACH-A,47.78,1.96
2023-05-23 01:00:00,MACH-A,70.47,2.04
2023-05-23 02:00:00,MACH-A,43.25,3.26
2023-05-23 03:00:00,MACH-A,45.97,2.19
2023-05-23 04:00:00,MACH-A,69.92,0.98
2023-05-23 05:00:00,MACH-A,41.68,1.73
2023-05-23 06:00:00,MACH-A,44.5,1.03
2023-05-23 07:00:00,MACH-A,48.53,1.84
2023-05-23 08:00:00,MACH-A,58.41,1.01
2023-05-23 09:00:00,MACH-A,52.08,1.56
2023-05-23 10:00:00,MACH-A,37.07,1.24
2023-05-23 11:00:00,MACH-A,44.68,2.19
2023-05-23 12:00:00,MACH-A,43.93,2.0
2023-05-23 13:00:00,MACH-A,49.23,2.15
2023-05-23 14:00:00,MACH-A,54.26,1.95
2023-05-23 15:00:00,MACH-A,54.18,1.3
2023-05-23 16:00:00,MACH-A,32.24,2.26
2023-05-23 17:00:00,MACH-A,60.64,2.96
2023-05-23 18:00:00,MACH-A,52.53,2.2
2023-05-23 19:00:00,MACH-A,63.85,1.79
2023-05-23 20:00:00,MACH-A,54.44,1.29
2023-05-23 21:00:00,MACH-A,61.01,1.55
2023-05-23 22:00:00,MACH-A,54.67,2.23
2023-05-23 23:00:00,MACH-A,63.46,2.54
2023-05-24 00:00:00,MACH-A,55.22,2.13
2023-05-24 01:00:00,MACH-A,49.02,2.4
2023-05-24 02:00:00,MACH-A,72.72,2.35
2023-05-24 03:00:00,MACH-A,58.89,2.25
2023-05-24 04:00:00,MACH-A,55.74,1.67
2023-05-24 05:00:00,MACH-A,37.24,2.09
2023-05-24 06:00:00,MACH-A,37.12,1.58
2023-05-24 07:00:00,MACH-A,52.93,2.01
2023-05-24 08:00:00,MACH-A,51.46,2.17
2023-05-24 09:00:00,MACH-A,43.86,2.84
2023-05-24 10:00:00,MACH-A,51.41,1.35
2023-05-24 11:00:00,MACH-A,65.89,2.24
2023-05-24 12:00:00,MACH-A,56.95,2.74
2023-05-24 13:00:00,MACH-A,38.59,2.38
2023-05-24 14:00:00,MACH-A,48.88,2.42
2023-05-24 15:00:00,MACH-A,41.95,2.29
2023-05-24 16:00:00,MACH-A,46.12,2.65
2023-05-24 17:00:00,MACH-A,45.86,1.46
2023-05-24 18:00:00,MACH-A,45.22,1.31
2023-05-24 19:00:00,MACH-A,37.45,2.0
2023-05-24 20:00:00,MACH-A,48.72,0.92
2023-05-24 21:00:00,MACH-A,44.39,2.62
2023-05-24 22:00:00,MACH-A,20.71,2.61
2023-05-24 23:00:00,MACH-A,70.53,1.78
2023-05-25 00:00:00,MACH-A,60.89,1.81
2023-05-25 01:00:00,MACH-A,46.24,1.96
2023-05-25 02:00:00,MACH-A,50.19,2.03
2023-05-25 03:00:00,MACH-A,38.28,2.06
2023-05-25 04:00:00,MACH-A,66.96,2.28
2023-05-25 05:00:00,MACH-A,68.97,1.91
2023-05-25 06:00:00,MACH-A,51.57,2.47
2023-05-25 07:00:00,MACH-A,60.24,2.22
2023-05-25 08:00:00,MACH-A,51.75,1.7
2023-05-25 09:00:00,MACH-A,36.63,2.67
2023-05-25 10:00:00,MACH-A,45.88,1.32
2023-05-25 11:00:00,MACH-A,51.32,1.95
2023-05-25 12:00:00,MACH-A,45.45,2.48
2023-05-25 13:00:00,MACH-A,47.81,1.64
2023-05-25 14:00:00,MACH-A,49.09,2.15
2023-05-25 15:00:00,MACH-A,49.19,2.27
2023-05-25 16:00:00,MACH-A,50.52,1.57
2023-05-25 17:00:00,MACH-A,39.39,1.96
2023-05-25 18:00:00,MACH-A,94.73,4.88
2023-05-25 19:00:00,MACH-A,37.15,1.72
2023-05-25 20:00:00,MACH-A,59.78,3.15
2023-05-25 21:00:00,MACH-A,28.94,1.62
2023-05-25 22:00:00,MACH-A,61.54,2.5
2023-05-25 23:00:00,MACH-A,63.86,1.8
2023-05-26 00:00:00,MACH-A,46.98,1.46
2023-05-26 01:00:00,MACH-A,23.97,2.05
2023-05-26 02:00:00,MACH-A,46.39,2.32
2023-05-26 03:00:00,MACH-A,49.36,2.46
2023-05-26 04:00:00,MACH-A,39.89,2.78
2023-05-26 05:00:00,MACH-A,44.85,3.47
2023-05-26 06:00:00,MACH-A,65.3,2.13
2023-05-26 07:00:00,MACH-A,56.65,1.67
2023-05-26 08:00:00,MACH-A,40.75,2.23
2023-05-26 09:00:00,MACH-A,34.02,1.87
2023-05-26 10:00:00,MACH-A,46.73,2.46
2023-05-26 11:00:00,MACH-A,47.87,1.35
2023-05-26 12:00:00,MACH-A,54.96,3.18
2023-05-26 13:00:00,MACH-A,44.65,2.43
2023-05-26 14:00:00,MACH-A,55.11,1.16
2023-05-26 15:00:00,MACH-A,69.35,1.65
2023-05-26 16:00:00,MACH-A,58.16,2.41
2023-05-26 17:00:00,MACH-A,49.52,2.59
2023-05-26 18:00:00,MACH-A,48.17,1.36
2023-05-26 19:00:00,MACH-A,46.43,2.36
2023-05-26 20:00:00,MACH-A,61.81,1.03
2023-05-26 21:00:00,MACH-A,43.73,1.96
2023-05-26 22:00:00,MACH-A,50.45,2.56
2023-05-26 23:00:00,MACH-A,50.51,1.72
2023-05-27 00:00:00,MACH-A,44.98,1.25
2023-05-27 01:00:00,MACH-A,36.28,2.07
2023-05-27 02:00:00,MACH-A,53.23,1.7
2023-05-27 03:00:00,MACH-A,49.39,2.31
2023-05-27 04:00:00,MACH-A,55.0,1.56
2023-05-27 05:00:00,MACH-A,44.66,1.61
2023-05-27 06:00:00,MACH-A,62.21,0.99
2023-05-27 07:00:00,MACH-A,41.23,2.08
2023-05-27 08:00:00,MACH-A,67.12,1.92
2023-05-27 09:00:00,MACH-A,32.52,1.41
2023-05-27 10:00:00,MACH-A,54.35,2.1
2023-05-27 11:00:00,MACH-A,54.75,2.51
2023-05-27 12:00:00,MACH-A,42.04,1.89
2023-05-27 13:00:00,MACH-A,54.24,2.13
2023-05-27 14:00:00,MACH-A,62.8,2.14
2023-05-27 15:00:00,MACH-A,27.83,1.4
2023-05-27 16:00:00,MACH-A,55.03,3.03
2023-05-27 17:00:00,MACH-A,25.07,1.76
2023-05-27 18:00:00,MACH-A,40.34,2.33
2023-05-27 19:00:00,MACH-A,66.29,2.38
2023-05-27 20:00:00,MACH-A,44.18,1.93
2023-05-27 21:00:00,MACH-A,38.26,2.3
2023-05-27 22:00:00,MACH-A,48.02,2.12
2023-05-27 23:00:00,MACH-A,70.68,1.29
2023-05-28 00:00:00,MACH-A,31.68,1.83
2023-05-28 01:00:00,MACH-A,39.49,1.69
2023-05-28 02:00:00,MACH-A,64.97,1.77
2023-05-28 03:00:00,MACH-A,68.58,1.35
2023-05-28 04:00:00,MACH-A,48.97,2.56
2023-05-28 05:00:00,MACH-A,37.61,2.8
2023-05-28 06:00:00,MACH-A,70.96,2.49
2023-05-28 07:00:00,MACH-A,65.94,2.64
2023-05-28 08:00:00,MACH-A,56.79,1.83
2023-05-28 09:00:00,MACH-A,41.88,1.68
2023-05-28 10:00:00,MACH-A,49.51,1.61
2023-05-28 11:00:00,MACH-A,48.4,2.32
2023-05-28 12:00:00,MACH-A,53.31,2.11
2023-05-28 13:00:00,MACH-A,64.51,1.96
2023-05-28 14:00:00,MACH-A,58.79,2.65
2023-05-28 15:00:00,MACH-A,39.23,2.2
2023-05-28 16:00:00,MACH-A,63.76,1.58
2023-05-28 17:00:00,MACH-A,53.13,1.66
2023-05-28 18:00:00,MACH-A,56.87,2.34
2023-05-28 19:00:00,MACH-A,64.67,2.52
2023-05-28 20:00:00,MACH-A,38.88,2.28
2023-05-28 21:00:00,MACH-A,49.64,2.95
2023-05-28 22:00:00,MACH-A,44.69,2.82
2023-05-28 23:00:00,MACH-A,34.32,2.22
2023-05-29 00:00:00,MACH-A,53.47,1.58
2023-05-29 01:00:00,MACH-A,75.12,1.35
2023-05-29 02:00:00,MACH-A,31.6,1.81
2023-05-29 03:00:00,MACH-A,49.68,2.38
2023-05-29 04:00:00,MACH-A,56.41,2.91
2023-05-29 05:00:00,MACH-A,51.23,2.21
2023-05-29 06:00:00,MACH-A,48.87,2.58
2023-05-29 07:00:00,MACH-A,37.01,1.88
2023-05-29 08:00:00,MACH-A,52.33,2.31
2023-05-29 09:00:00,MACH-A,42.43,2.41
2023-05-29 10:00:00,MACH-A,28.1,1.01
2023-05-29 11:00:00,MACH-A,61.95,1.79
2023-05-29 12:00:00,MACH-A,59.58,2.47
2023-05-29 13:00:00,MACH-A,50.52,2.14
2023-05-29 14:00:00,MACH-A,52.29,1.4
2023-05-29 15:00:00,MACH-A,60.74,0.78
2023-05-29 16:00:00,MACH-A,52.24,1.82
2023-05-29 17:00:00,MACH-A,59.04,1.96
2023-05-29 18:00:00,MACH-A,47.03,1.56
2023-05-29 19:00:00,MACH-A,63.12,2.07
2023-05-29 20:00:00,MACH-A,53.21,2.25
2023-05-29 21:00:00,MACH-A,51.94,2.34
2023-05-29 22:00:00,MACH-A,37.3,0.82
2023-05-29 23:00:00,MACH-A,52.87,1.34
2023-05-30 00:00:00,MACH-A,41.68,1.85
2023-05-30 01:00:00,MACH-A,43.62,2.29
2023-05-30 02:00:00,MACH-A,41.85,2.24
2023-05-30 03:00:00,MACH-A,39.34,2.24
2023-05-30 04:00:00,MACH-A,71.25,1.81
2023-05-30 05:00:00,MACH-A,63.31,1.84
2023-05-30 06:00:00,MACH-A,69.2,1.64
2023-05-30 07:00:00,MACH-A,37.77,2.38
2023-05-30 08:00:00,MACH-A,50.71,1.54
2023-05-30 09:00:00,MACH-A,37.06,2.43
2023-05-30 10:00:00,MACH-A,43.04,2.1
2023-05-30 11:00:00,MACH-A,40.82,1.98
2023-05-30 12:00:00,MACH-A,62.4,1.67
2023-05-30 13:00:00,MACH-A,46.04,1.32
2023-05-30 14:00:00,MACH-A,60.68,1.68
2023-05-30 15:00:00,MACH-A,56.04,1.83
2023-05-30 16:00:00,MACH-A,73.04,0.82
2023-05-30 17:00:00,MACH-A,35.21,1.9
2023-05-30 18:00:00,MACH-A,62.59,2.46
2023-05-30 19:00:00,MACH-A,61.46,2.28
2023-05-30 20:00:00,MACH-A,40.27,1.75
2023-05-30 21:00:00,MACH-A,60.07,2.02
2023-05-30 22:00:00,MACH-A,53.36,1.72
2023-05-30 23:00:00,MACH-A,47.73,2.07
2023-05-31 00:00:00,MACH-A,41.76,2.77
2023-05-31 01:00:00,MACH-A,42.81,2.48
2023-05-31 02:00:00,MACH-A,70.5,2.26
2023-05-31 03:00:00,MACH-A,50.01,1.75
2023-05-31 04:00:00,MACH-A,57.82,2.37
2023-05-31 05:00:00,MACH-A,42.09,1.16
2023-05-31 06:00:00,MACH-A,42.2,1.87
2023-05-31 07:00:00,MACH-A,60.82,2.29
2023-05-31 08:00:00,MACH-A,36.5,2.37
2023-05-31 09:00:00,MACH-A,45.85,2.33
2023-05-31 10:00:00,MACH-A,50.34,2.15
2023-05-31 11:00:00,MACH-A,51.11,1.9
2023-05-31 12:00:00,MACH-A,48.21,2.27
2023-05-31 13:00:00,MACH-A,53.96,1.52
2023-05-31 14:00:00,MACH-A,56.93,1.58
2023-05-31 15:00:00,MACH-A,57.35,2.03
2023-05-31 16:00:00,MACH-A,40.14,2.09
2023-05-31 17:00:00,MACH-A,47.16,1.09
2023-05-31 18:00:00,MACH-A,61.95,2.23
2023-05-31 19:00:00,MACH-A,58.95,2.39
2023-05-31 20:00:00,MACH-A,36.27,1.96
2023-05-31 21:00:00,MACH-A,53.51,3.19
2023-05-31 22:00:00,MACH-A,30.22,1.66
2023-05-31 23:00:00,MACH-A,50.47,1.82
2023-06-01 00:00:00,MACH-A,68.98,1.8
2023-06-01 01:00:00,MACH-A,40.52,1.96
2023-06-01 02:00:00,MACH-A,41.66,1.84
2023-06-01 03:00:00,MACH-A,57.64,1.3
2023-06-01 04:00:00,MACH-A,34.57,1.73
2023-06-01 05:00:00,MACH-A,43.67,1.95
2023-06-01 06:00:00,MACH-A,55.96,2.61
2023-06-01 07:00:00,MACH-A,43.66,3.1
2023-06-01 08:00:00,MACH-A,47.64,2.67
2023-06-01 09:00:00,MACH-A,57.44,1.61
2023-06-01 10:00:00,MACH-A,54.22,1.65
2023-06-01 11:00:00,MACH-A,52.67,1.92
2023-06-01 12:00:00,MACH-A,46.61,2.89
2023-06-01 13:00:00,MACH-A,53.7,1.92
2023-06-01 14:00:00,MACH-A,48.76,1.34
2023-06-01 15:00:00,MACH-A,54.58,1.75
2023-06-01 16:00:00,MACH-A,45.03,2.38
2023-06-01 17:00:00,MACH-A,48.17,2.34
2023-06-01 18:00:00,MACH-A,40.1,1.9
2023-06-01 19:00:00,MACH-A,49.65,2.34
2023-06-01 20:00:00,MACH-A,41.89,0.86
2023-06-01 21:00:00,MACH-A,38.86,2.05
2023-06-01 22:00:00,MACH-A,52.59,2.43
2023-06-01 23:00:00,MACH-A,52.13,1.58
2023-06-02 00:00:00,MACH-A,57.83,1.58
2023-06-02 01:00:00,MACH-A,45.69,1.07
2023-06-02 02:00:00,MACH-A,54.08,2.79
2023-06-02 03:00:00,MACH-A,55.51,1.64
2023-06-02 04:00:00,MACH-A,54.45,2.12
2023-06-02 05:00:00,MACH-A,41.74,2.3
2023-06-02 06:00:00,MACH-A,51.49,2.76
2023-06-02 07:00:00,MACH-A,53.64,1.92
2023-06-02 08:00:00,MACH-A,50.07,1.73
2023-06-02 09:00:00,MACH-A,29.14,2.09
2023-06-02 10:00:00,MACH-A,51.6,2.64
2023-06-02 11:00:00,MACH-A,72.13,1.91
2023-06-02 12:00:00,MACH-A,46.4,1.52
2023-06-02 13:00:00,MACH-A,42.72,1.23
2023-06-02 14:00:00,MACH-A,53.73,1.39
2023-06-02 15:00:00,MACH-A,53.12,2.43
2023-06-02 16:00:00,MACH-A,61.93,1.84
2023-06-02 17:00:00,MACH-A,37.42,1.7
2023-06-02 18:00:00,MACH-A,57.31,1.64
2023-06-02 19:00:00,MACH-A,55.9,2.04
2023-06-02 20:00:00,MACH-A,48.58,1.88
2023-06-02 21:00:00,MACH-A,53.39,1.86
2023-06-02 22:00:00,MACH-A,60.29,2.67
2023-06-02 23:00:00,MACH-A,58.72,2.77
2023-06-03 00:00:00,MACH-A,38.57,1.19
2023-06-03 01:00:00,MACH-A,58.2,2.16
2023-06-03 02:00:00,MACH-A,49.35,1.61
2023-06-03 03:00:00,MACH-A,50.73,1.88
2023-06-03 04:00:00,MACH-A,50.73,2.15
2023-06-03 05:00:00,MACH-A,48.5,1.89
2023-06-03 06:00:00,MACH-A,61.92,2.12
2023-06-03 07:00:00,MACH-A,49.16,2.34
2023-06-03 08:00:00,MACH-A,38.8,2.15
2023-06-03 09:00:00,MACH-A,46.06,1.68
2023-06-03 10:00:00,MACH-A,51.79,1.69
2023-06-03 11:00:00,MACH-A,62.29,1.28
2023-06-03 12:00:00,MACH-A,56.03,1.57
2023-06-03 13:00:00,MACH-A,41.49,2.98
2023-06-03 14:00:00,MACH-A,74.85,1.6
2023-06-03 15:00:00,MACH-A,52.65,1.4
2023-06-03 16:00:00,MACH-A,62.75,2.16
2023-06-03 17:00:00,MACH-A,48.48,1.94
2023-06-03 18:00:00,MACH-A,55.33,1.9
2023-06-03 19:00:00,MACH-A,58.39,2.7
2023-06-03 20:00:00,MACH-A,62.18,2.27
2023-06-03 21:00:00,MACH-A,60.57,1.74
2023-06-03 22:00:00,MACH-A,58.72,1.79
2023-06-03 23:00:00,MACH-A,46.85,1.75
2023-06-04 00:00:00,MACH-A,44.28,2.44
2023-06-04 01:00:00,MACH-A,53.33,1.85
2023-06-04 02:00:00,MACH-A,59.33,1.1
2023-06-04 03:00:00,MACH-A,47.77,1.98
2023-06-04 04:00:00,MACH-A,60.65,1.23
2023-06-04 05:00:00,MACH-A,64.53,3.09
2023-06-04 06:00:00,MACH-A,40.84,1.52
2023-06-04 07:00:00,MACH-A,41.63,1.92
2023-06-04 08:00:00,MACH-A,48.6,2.13
2023-06-04 09:00:00,MACH-A,53.08,1.86
2023-06-04 10:00:00,MACH-A,44.75,1.85
2023-06-04 11:00:00,MACH-A,63.52,2.21
2023-06-04 12:00:00,MACH-A,54.24,2.76
2023-06-04 13:00:00,MACH-A,50.39,2.38
2023-06-04 14:00:00,MACH-A,35.64,2.74
2023-06-04 15:00:00,MACH-A,36.84,1.48
2023-06-04 16:00:00,MACH-A,52.81,2.16
2023-06-04 17:00:00,MACH-A,28.67,2.08
2023-06-04 18:00:00,MACH-A,60.13,2.18
2023-06-04 19:00:00,MACH-A,48.42,2.69
2023-06-04 20:00:00,MACH-A,82.43,1.89
2023-06-04 21:00:00,MACH-A,73.08,1.8
2023-06-04 22:00:00,MACH-A,48.19,2.27
2023-06-04 23:00:00,MACH-A,48.94,1.11
2023-06-05 00:00:00,MACH-A,59.96,1.88
2023-06-05 01:00:00,MACH-A,67.03,1.93
2023-06-05 02:00:00,MACH-A,33.62,1.54
2023-06-05 03:00:00,MACH-A,32.14,2.53
2023-06-05 04:00:00,MACH-A,43.78,1.47
2023-06-05 05:00:00,MACH-A,55.83,1.93
2023-06-05 06:00:00,MACH-A,54.97,2.15
2023-06-05 07:00:00,MACH-A,60.7,2.68
2023-06-05 08:00:00,MACH-A,38.0,1.99
2023-06-05 09:00:00,MACH-A,26.84,2.47
2023-06-05 10:00:00,MACH-A,58.58,2.35
2023-06-05 11:00:00,MACH-A,41.72,2.06
2023-06-05 12:00:00,MACH-A,29.82,1.46
2023-06-05 13:00:00,MACH-A,51.45,1.28
2023-06-05 14:00:00,MACH-A,57.93,2.05
2023-06-05 15:00:00,MACH-A,48.78,1.73
2023-06-05 16:00:00,MACH-A,45.42,2.46
2023-06-05 17:00:00,MACH-A,48.41,2.37
2023-06-05 18:00:00,MACH-A,46.29,1.91
2023-06-05 19:00:00,MACH-A,36.52,1.42
2023-06-05 20:00:00,MACH-A,42.85,2.26
2023-06-05 21:00:00,MACH-A,55.21,1.49
2023-06-05 22:00:00,MACH-A,53.22,1.62
2023-06-05 23:00:00,MACH-A,51.68,1.51
2023-06-06 00:00:00,MACH-A,40.05,1.93
2023-06-06 01:00:00,MACH-A,48.18,2.59
2023-06-06 02:00:00,MACH-A,28.23,2.0
2023-06-06 03:00:00,MACH-A,51.78,1.78
2023-06-06 04:00:00,MACH-A,64.29,1.24
2023-06-06 05:00:00,MACH-A,35.26,2.28
2023-06-06 06:00:00,MACH-A,44.14,1.61
2023-06-06 07:00:00,MACH-A,53.29,2.06
2023-06-06 08:00:00,MACH-A,62.53,1.82
2023-06-06 09:00:00,MACH-A,45.52,2.42
2023-06-06 10:00:00,MACH-A,43.08,1.92
2023-06-06 11:00:00,MACH-A,30.31,1.97
2023-06-06 12:00:00,MACH-A,51.03,2.24
2023-06-06 13:00:00,MACH-A,70.42,3.05
2023-06-06 14:00:00,MACH-A,52.77,2.44
2023-06-06 15:00:00,MACH-A,49.78,1.96
2023-06-06 16:00:00,MACH-A,53.22,2.0
2023-06-06 17:00:00,MACH-A,49.89,1.74
2023-06-06 18:00:00,MACH-A,41.87,1.53
2023-06-06 19:00:00,MACH-A,58.23,1.72
2023-06-06 20:00:00,MACH-A,52.26,1.61
2023-06-06 21:00:00,MACH-A,50.18,2.33
2023-06-06 22:00:00,MACH-A,40.25,1.46
2023-06-06 23:00:00,MACH-A,63.04,2.67
2023-06-07 00:00:00,MACH-A,56.65,2.38
2023-06-07 01:00:00,MACH-A,44.47,2.01
2023-06-07 02:00:00,MACH-A,60.02,2.0
2023-06-07 03:00:00,MACH-A,45.02,1.72
2023-06-07 04:00:00,MACH-A,42.18,2.14
2023-06-07 05:00:00,MACH-A,42.4,2.54
2023-06-07 06:00:00,MACH-A,32.29,1.65
2023-06-07 07:00:00,MACH-A,54.72,1.23
2023-06-07 08:00:00,MACH-A,31.69,2.35
2023-06-07 09:00:00,MACH-A,37.72,2.16
2023-06-07 10:00:00,MACH-A,29.24,1.44
2023-06-07 11:00:00,MACH-A,49.14,1.63
2023-06-07 12:00:00,MACH-A,48.5,1.57
2023-06-07 13:00:00,MACH-A,46.73,1.64
2023-06-07 14:00:00,MACH-A,39.57,1.84
2023-06-07 15:00:00,MACH-A,38.28,1.87
2023-06-07 16:00:00,MACH-A,54.64,1.67
2023-06-07 17:00:00,MACH-A,44.49,1.62
2023-06-07 18:00:00,MACH-A,53.16,1.89
2023-06-07 19:00:00,MACH-A,41.15,2.08
2023-06-07 20:00:00,MACH-A,51.81,1.84
2023-06-07 21:00:00,MACH-A,63.03,2.58
2023-06-07 22:00:00,MACH-A,55.86,2.25
2023-06-07 23:00:00,MACH-A,45.88,1.2
2023-06-08 00:00:00,MACH-A,52.57,2.26
2023-06-08 01:00:00,MACH-A,47.59,2.3
2023-06-08 02:00:00,MACH-A,50.08,1.78
2023-06-08 03:00:00,MACH-A,46.74,1.25
2023-06-08 04:00:00,MACH-A,48.36,2.0
2023-06-08 05:00:00,MACH-A,52.12,2.0
2023-06-08 06:00:00,MACH-A,40.07,1.44
2023-06-08 07:00:00,MACH-A,39.84,1.27
2023-06-08 08:00:00,MACH-A,36.11,1.96
2023-06-08 09:00:00,MACH-A,34.0,1.88
2023-06-08 10:00:00,MACH-A,37.83,1.79
2023-06-08 11:00:00,MACH-A,51.59,1.96
2023-06-08 12:00:00,MACH-A,41.07,1.45
2023-06-08 13:00:00,MACH-A,55.14,1.78
2023-06-08 14:00:00,MACH-A,50.35,2.27
2023-06-08 15:00:00,MACH-A,30.31,1.83
2023-06-08 16:00:00,MACH-A,56.55,1.16
2023-06-08 17:00:00,MACH-A,58.11,1.76
2023-06-08 18:00:00,MACH-A,40.06,1.46
2023-06-08 19:00:00,MACH-A,54.2,2.13
2023-06-08 20:00:00,MACH-A,41.44,2.16
2023-06-08 21:00:00,MACH-A,50.98,1.17
2023-06-08 22:00:00,MACH-A,37.36,2.38
2023-06-08 23:00:00,MACH-A,32.07,1.44
2023-06-09 00:00:00,MACH-A,46.17,2.78
2023-06-09 01:00:00,MACH-A,48.76,1.98
2023-06-09 02:00:00,MACH-A,46.02,1.38
2023-06-09 03:00:00,MACH-A,38.16,1.43
2023-06-09 04:00:00,MACH-A,46.0,2.17
2023-06-09 05:00:00,MACH-A,52.69,1.8
2023-06-09 06:00:00,MACH-A,49.55,1.95
2023-06-09 07:00:00,MACH-A,51.83,2.81
2023-06-09 08:00:00,MACH-A,43.3,1.65
2023-06-09 09:00:00,MACH-A,61.72,2.03
2023-06-09 10:00:00,MACH-A,38.24,2.71
2023-06-09 11:00:00,MACH-A,54.88,2.14
2023-06-09 12:00:00,MACH-A,61.82,1.2
2023-06-09 13:00:00,MACH-A,54.81,2.25
2023-06-09 14:00:00,MACH-A,47.97,1.42
2023-06-09 15:00:00,MACH-A,44.72,2.7
2023-06-09 16:00:00,MACH-A,60.36,1.59
2023-06-09 17:00:00,MACH-A,35.77,3.48
2023-06-09 18:00:00,MACH-A,40.3,2.73
2023-06-09 19:00:00,MACH-A,46.02,1.6
2023-06-09 20:00:00,MACH-A,62.38,2.01
2023-06-09 21:00:00,MACH-A,53.8,2.38
2023-06-09 22:00:00,MACH-A,40.32,2.39
2023-06-09 23:00:00,MACH-A,46.9,2.22
2023-06-10 00:00:00,MACH-A,43.86,2.63
2023-06-10 01:00:00,MACH-A,42.9,1.94
2023-06-10 02:00:00,MACH-A,59.79,1.82
2023-06-10 03:00:00,MACH-A,36.28,1.83
2023-06-10 04:00:00,MACH-A,66.09,2.43
2023-06-10 05:00:00,MACH-A,58.28,2.18
2023-06-10 06:00:00,MACH-A,60.91,2.15
2023-06-10 07:00:00,MACH-A,45.37,2.4
2023-06-10 08:00:00,MACH-A,48.5,0.97
2023-06-10 09:00:00,MACH-A,35.67,2.16
2023-06-10 10:00:00,MACH-A,44.75,2.11
2023-06-10 11:00:00,MACH-A,54.94,2.83
2023-06-10 12:00:00,MACH-A,62.96,1.24
2023-06-10 13:00:00,MACH-A,38.93,2.78
2023-06-10 14:00:00,MACH-A,46.34,2.04
2023-06-10 15:00:00,MACH-A,48.49,2.24
2023-06-10 16:00:00,MACH-A,36.04,2.84
2023-06-10 17:00:00,MACH-A,55.91,2.28
2023-06-10 18:00:00,MACH-A,42.76,2.2
2023-06-10 19:00:00,MACH-A,48.05,2.12
2023-06-10 20:00:00,MACH-A,45.48,1.76
2023-06-10 21:00:00,MACH-A,42.11,1.99
2023-06-10 22:00:00,MACH-A,49.93,1.64
2023-06-10 23:00:00,MACH-A,47.84,1.98
2023-06-11 00:00:00,MACH-A,46.28,0.83
2023-06-11 01:00:00,MACH-A,42.72,2.21
2023-06-11 02:00:00,MACH-A,53.2,1.94
2023-06-11 03:00:00,MACH-A,66.54,1.83
2023-06-11 04:00:00,MACH-A,51.4,2.11
2023-06-11 05:00:00,MACH-A,59.96,1.28
2023-06-11 06:00:00,MACH-A,36.1,2.96
2023-06-11 07:00:00,MACH-A,51.58,1.95
2023-06-11 08:00:00,MACH-A,39.03,1.93
2023-06-11 09:00:00,MACH-A,35.23,1.52
2023-06-11 10:00:00,MACH-A,42.61,2.01
2023-06-11 11:00:00,MACH-A,61.92,2.69
2023-06-11 12:00:00,MACH-A,59.5,2.52
2023-06-11 13:00:00,MACH-A,52.43,2.43
2023-06-11 14:00:00,MACH-A,34.67,2.27
2023-06-11 15:00:00,MACH-A,48.04,1.82
2023-06-11 16:00:00,MACH-A,53.02,1.27
2023-06-11 17:00:00,MACH-A,51.76,1.9
2023-06-11 18:00:00,MACH-A,31.56,1.88
2023-06-11 19:00:00,MACH-A,41.1,2.52
2023-06-11 20:00:00,MACH-A,49.36,2.15
2023-06-11 21:00:00,MACH-A,55.36,2.81
2023-06-11 22:00:00,MACH-A,28.04,2.6
2023-06-11 23:00:00,MACH-A,48.38,1.77
2023-06-12 00:00:00,MACH-A,51.43,1.1
2023-06-12 01:00:00,MACH-A,58.5,2.69
2023-06-12 02:00:00,MACH-A,56.93,2.68
2023-06-12 03:00:00,MACH-A,55.83,1.32
2023-06-12 04:00:00,MACH-A,42.0,2.75
2023-06-12 05:00:00,MACH-A,30.92,2.19
2023-06-12 06:00:00,MACH-A,46.07,2.08
2023-06-12 07:00:00,MACH-A,60.02,2.81
2023-06-12 08:00:00,MACH-A,63.93,2.67
2023-06-12 09:00:00,MACH-A,57.11,2.33
2023-06-12 10:00:00,MACH-A,54.29,2.24
2023-06-12 11:00:00,MACH-A,53.8,2.31
2023-06-12 12:00:00,MACH-A,44.44,1.8
2023-06-12 13:00:00,MACH-A,48.7,1.97
2023-06-12 14:00:00,MACH-A,66.69,1.55
2023-06-12 15:00:00,MACH-A,40.57,1.83
2023-06-12 16:00:00,MACH-A,66.15,1.82
2023-06-12 17:00:00,MACH-A,46.78,1.68
2023-06-12 18:00:00,MACH-A,63.25,2.07
2023-06-12 19:00:00,MACH-A,35.93,1.84
2023-06-12 20:00:00,MACH-A,55.86,2.25
2023-06-12 21:00:00,MACH-A,42.63,1.19
2023-06-12 22:00:00,MACH-A,35.85,1.94
2023-06-12 23:00:00,MACH-A,52.19,2.07
2023-06-13 00:00:00,MACH-A,60.09,1.84
2023-06-13 01:00:00,MACH-A,41.55,1.91
2023-06-13 02:00:00,MACH-A,35.01,1.21
2023-06-13 03:00:00,MACH-A,49.08,2.18
2023-06-13 04:00:00,MACH-A,49.13,2.32
2023-06-13 05:00:00,MACH-A,55.48,2.25
2023-06-13 06:00:00,MACH-A,59.5,2.52
2023-06-13 07:00:00,MACH-A,49.41,2.1
2023-06-13 08:00:00,MACH-A,68.56,2.24
2023-06-13 09:00:00,MACH-A,52.24,2.08
2023-06-13 10:00:00,MACH-A,46.54,2.34
2023-06-13 11:00:00,MACH-A,33.88,1.21
2023-06-13 12:00:00,MACH-A,47.37,1.55
2023-06-13 13:00:00,MACH-A,46.64,2.79
2023-06-13 14:00:00,MACH-A,59.6,0.77
2023-06-13 15:00:00,MACH-A,54.62,1.93
2023-06-13 16:00:00,MACH-A,38.21,2.59
2023-06-13 17:00:00,MACH-A,51.72,1.95
2023-06-13 18:00:00,MACH-A,56.72,1.8
2023-06-13 19:00:00,MACH-A,65.28,2.06
2023-06-13 20:00:00,MACH-A,58.88,1.82
2023-06-13 21:00:00,MACH-A,57.61,2.02
2023-06-13 22:00:00,MACH-A,50.6,1.66
2023-06-13 23:00:00,MACH-A,53.88,2.55
2023-06-14 00:00:00,MACH-A,62.5,2.71
2023-06-14 01:00:00,MACH-A,36.67,1.93
2023-06-14 02:00:00,MACH-A,46.51,1.31
2023-06-14 03:00:00,MACH-A,42.27,1.74
2023-06-14 04:00:00,MACH-A,53.79,1.91
2023-06-14 05:00:00,MACH-A,62.3,2.25
2023-06-14 06:00:00,MACH-A,44.03,1.5
2023-06-14 07:00:00,MACH-A,26.1,1.62
2023-06-14 08:00:00,MACH-A,45.88,2.26
2023-06-14 09:00:00,MACH-A,59.13,2.47
2023-06-14 10:00:00,MACH-A,55.38,1.69
2023-06-14 11:00:00,MACH-A,54.28,1.33
2023-06-14 12:00:00,MACH-A,47.2,3.64
2023-06-14 13:00:00,MACH-A,37.21,2.39
2023-06-14 14:00:00,MACH-A,55.15,1.87
2023-06-14 15:00:00,MACH-A,41.66,2.43
2023-06-14 16:00:00,MACH-A,71.84,1.94
2023-06-14 17:00:00,MACH-A,55.71,2.43
2023-06-14 18:00:00,MACH-A,44.19,2.08
2023-06-14 19:00:00,MACH-A,43.89,2.05
2023-06-14 20:00:00,MACH-A,49.07,1.94
2023-06-14 21:00:00,MACH-A,47.6,1.28
2023-06-14 22:00:00,MACH-A,61.17,2.97
2023-06-14 23:00:00,MACH-A,51.86,1.53
2023-06-15 00:00:00,MACH-A,42.68,1.32
2023-06-15 01:00:00,MACH-A,68.9,1.89
2023-06-15 02:00:00,MACH-A,50.49,1.52
2023-06-15 03:00:00,MACH-A,57.69,1.97
2023-06-15 04:00:00,MACH-A,43.92,2.34
2023-06-15 05:00:00,MACH-A,53.63,2.5
2023-06-15 06:00:00,MACH-A,53.11,2.41
2023-06-15 07:00:00,MACH-A,31.1,1.85
2023-06-15 08:00:00,MACH-A,70.15,2.02
2023-06-15 09:00:00,MACH-A,62.91,2.2
2023-06-15 10:00:00,MACH-A,46.03,1.12
2023-06-15 11:00:00,MACH-A,38.98,2.29
2023-06-15 12:00:00,MACH-A,53.48,1.27
2023-06-15 13:00:00,MACH-A,50.87,3.02
2023-06-15 14:00:00,MACH-A,53.56,1.8
2023-06-15 15:00:00,MACH-A,51.92,1.91
2023-06-15 16:00:00,MACH-A,55.06,1.62
2023-06-15 17:00:00,MACH-A,64.47,1.69
2023-06-15 18:00:00,MACH-A,55.68,3.14
2023-06-15 19:00:00,MACH-A,39.5,2.47
2023-06-15 20:00:00,MACH-A,63.63,1.23
2023-06-15 21:00:00,MACH-A,66.41,2.75
2023-06-15 22:00:00,MACH-A,81.52,2.6
2023-06-15 23:00:00,MACH-A,38.77,1.86
2023-06-16 00:00:00,MACH-A,52.43,2.15
2023-06-16 01:00:00,MACH-A,29.18,1.99
2023-06-16 02:00:00,MACH-A,55.53,2.99
2023-06-16 03:00:00,MACH-A,44.52,1.6
2023-06-16 04:00:00,MACH-A,69.23,2.07
2023-06-16 05:00:00,MACH-A,42.25,1.79
2023-06-16 06:00:00,MACH-A,33.11,1.28
2023-06-16 07:00:00,MACH-A,45.29,3.1
2023-06-16 08:00:00,MACH-A,30.25,1.41
2023-06-16 09:00:00,MACH-A,57.51,2.11
2023-06-16 10:00:00,MACH-A,29.35,1.13
2023-06-16 11:00:00,MACH-A,50.28,1.8
2023-06-16 12:00:00,MACH-A,29.22,2.21
2023-06-16 13:00:00,MACH-A,46.8,1.59
2023-06-16 14:00:00,MACH-A,66.43,2.29
2023-06-16 15:00:00,MACH-A,53.61,1.87
2023-06-16 16:00:00,MACH-A,41.37,2.58
2023-06-16 17:00:00,MACH-A,49.69,2.68
2023-06-16 18:00:00,MACH-A,50.18,1.71
2023-06-16 19:00:00,MACH-A,54.73,2.04
2023-06-16 20:00:00,MACH-A,36.33,2.09
2023-06-16 21:00:00,MACH-A,55.93,2.31
2023-06-16 22:00:00,MACH-A,22.96,2.01
2023-06-16 23:00:00,MACH-A,43.7,2.1
2023-06-17 00:00:00,MACH-A,45.12,1.88
2023-06-17 01:00:00,MACH-A,56.33,2.06
2023-06-17 02:00:00,MACH-A,50.23,2.65
2023-06-17 03:00:00,MACH-A,35.94,2.32
2023-06-17 04:00:00,MACH-A,40.15,2.35
2023-06-17 05:00:00,MACH-A,51.99,2.36
2023-06-17 06:00:00,MACH-A,49.21,1.92
2023-06-17 07:00:00,MACH-A,44.21,2.16
2023-06-17 08:00:00,MACH-A,45.19,1.46
2023-06-17 09:00:00,MACH-A,56.96,2.63
2023-06-17 10:00:00,MACH-A,44.82,0.61
2023-06-17 11:00:00,MACH-A,49.12,1.96
2023-06-17 12:00:00,MACH-A,71.7,2.57
2023-06-17 13:00:00,MACH-A,35.76,1.32
2023-06-17 14:00:00,MACH-A,31.48,2.2
2023-06-17 15:00:00,MACH-A,57.84,1.66
2023-06-17 16:00:00,MACH-A,43.21,1.82
2023-06-17 17:00:00,MACH-A,46.82,2.47
2023-06-17 18:00:00,MACH-A,42.19,2.1
2023-06-17 19:00:00,MACH-A,47.4,0.98
2023-06-17 20:00:00,MACH-A,65.99,1.51
2023-06-17 21:00:00,MACH-A,58.02,2.49
2023-06-17 22:00:00,MACH-A,58.62,2.22
2023-06-17 23:00:00,MACH-A,35.84,2.87
2023-06-18 00:00:00,MACH-A,38.49,2.84
2023-06-18 01:00:00,MACH-A,21.61,1.83
2023-06-18 02:00:00,MACH-A,41.91,3.25
2023-06-18 03:00:00,MACH-A,59.57,2.01
2023-06-18 04:00:00,MACH-A,55.17,1.52
2023-06-18 05:00:00,MACH-A,47.78,1.68
2023-06-18 06:00:00,MACH-A,49.78,0.87
2023-06-18 07:00:00,MACH-A,43.11,2.8
2023-06-18 08:00:00,MACH-A,52.05,2.8
2023-06-18 09:00:00,MACH-A,57.66,1.49
2023-06-18 10:00:00,MACH-A,33.84,1.89
2023-06-18 11:00:00,MACH-A,53.0,2.05
2023-06-18 12:00:00,MACH-A,59.32,1.52
2023-06-18 13:00:00,MACH-A,45.85,1.12
2023-06-18 14:00:00,MACH-A,57.01,1.89
2023-06-18 15:00:00,MACH-A,78.15,1.84
2023-06-18 16:00:00,MACH-A,48.96,1.81
2023-06-18 17:00:00,MACH-A,53.93,2.11
2023-06-18 18:00:00,MACH-A,42.62,2.71
2023-06-18 19:00:00,MACH-A,51.81,1.85
2023-06-18 20:00:00,MACH-A,54.6,2.09
2023-06-18 21:00:00,MACH-A,51.95,2.36
2023-06-18 22:00:00,MACH-A,39.8,2.28
2023-06-18 23:00:00,MACH-A,52.06,1.69
2023-06-19 00:00:00,MACH-A,64.62,2.05
2023-06-19 01:00:00,MACH-A,54.49,2.27
2023-06-19 02:00:00,MACH-A,59.62,1.44
2023-06-19 03:00:00,MACH-A,47.63,2.63
2023-06-19 04:00:00,MACH-A,57.5,2.72
2023-06-19 05:00:00,MACH-A,52.79,1.64
2023-06-19 06:00:00,MACH-A,40.49,2.1
2023-06-19 07:00:00,MACH-A,53.19,2.32
2023-06-19 08:00:00,MACH-A,40.08,1.73
2023-06-19 09:00:00,MACH-A,43.67,2.24
2023-06-19 10:00:00,MACH-A,51.89,2.08
2023-06-19 11:00:00,MACH-A,52.97,1.27
2023-06-19 12:00:00,MACH-A,38.11,2.23
2023-06-19 13:00:00,MACH-A,60.54,1.45
2023-06-19 14:00:00,MACH-A,55.72,2.47
2023-06-19 15:00:00,MACH-A,42.95,1.66
2023-06-19 16:00:00,MACH-A,34.62,1.92
2023-06-19 17:00:00,MACH-A,48.55,2.69
2023-06-19 18:00:00,MACH-A,45.54,2.25
2023-06-19 19:00:00,MACH-A,51.13,1.46
2023-06-19 20:00:00,MACH-A,46.37,1.49
2023-06-19 21:00:00,MACH-A,29.93,1.7
2023-06-19 22:00:00,MACH-A,46.12,2.2
2023-06-19 23:00:00,MACH-A,46.94,2.18
2023-06-20 00:00:00,MACH-A,56.34,1.58
2023-06-20 01:00:00,MACH-A,43.02,1.42
2023-06-20 02:00:00,MACH-A,66.79,2.14
2023-06-20 03:00:00,MACH-A,30.88,1.91
2023-06-20 04:00:00,MACH-A,63.11,3.08
2023-06-20 05:00:00,MACH-A,47.76,2.02
2023-06-20 06:00:00,MACH-A,58.6,2.91
2023-06-20 07:00:00,MACH-A,50.8,1.41
2023-06-20 08:00:00,MACH-A,61.4,1.21
2023-06-20 09:00:00,MACH-A,46.13,1.44
2023-06-20 10:00:00,MACH-A,39.01,2.59
2023-06-20 11:00:00,MACH-A,64.21,2.88
2023-06-20 12:00:00,MACH-A,48.87,1.61
2023-06-20 13:00:00,MACH-A,52.22,1.77
2023-06-20 14:00:00,MACH-A,62.35,1.42
2023-06-20 15:00:00,MACH-A,39.68,1.09
2023-06-20 16:00:00,MACH-A,55.95,2.36
2023-06-20 17:00:00,MACH-A,44.1,2.11
2023-06-20 18:00:00,MACH-A,48.68,2.01
2023-06-20 19:00:00,MACH-A,50.72,1.3
2023-06-20 20:00:00,MACH-A,35.0,2.82
2023-06-20 21:00:00,MACH-A,42.21,1.75
2023-06-20 22:00:00,MACH-A,63.51,2.27
2023-06-20 23:00:00,MACH-A,58.86,1.27
2023-06-21 00:00:00,MACH-A,49.37,1.9
2023-06-21 01:00:00,MACH-A,52.43,2.15
2023-06-21 02:00:00,MACH-A,47.06,2.16
2023-06-21 03:00:00,MACH-A,63.57,2.08
2023-06-21 04:00:00,MACH-A,48.0,2.25
2023-06-21 05:00:00,MACH-A,52.32,1.43
2023-06-21 06:00:00,MACH-A,61.46,2.1
2023-06-21 07:00:00,MACH-A,42.23,2.06
2023-06-21 08:00:00,MACH-A,65.59,2.12
2023-06-21 09:00:00,MACH-A,34.7,2.04
2023-06-21 10:00:00,MACH-A,66.3,1.36
2023-06-21 11:00:00,MACH-A,46.27,1.34
2023-06-21 12:00:00,MACH-A,47.57,0.89
2023-06-21 13:00:00,MACH-A,31.1,2.41
2023-06-21 14:00:00,MACH-A,45.45,2.41
2023-06-21 15:00:00,MACH-A,39.6,2.42
2023-06-21 16:00:00,MACH-A,43.92,2.15
2023-06-21 17:00:00,MACH-A,48.63,0.93
2023-06-21 18:00:00,MACH-A,59.58,1.49
2023-06-21 19:00:00,MACH-A,52.08,2.09
2023-06-21 20:00:00,MACH-A,53.08,2.07
2023-06-21 21:00:00,MACH-A,39.04,1.89
2023-06-21 22:00:00,MACH-A,41.19,2.18
2023-06-21 23:00:00,MACH-A,67.99,2.01
2023-06-22 00:00:00,MACH-A,42.65,2.06
2023-06-22 01:00:00,MACH-A,66.56,1.68
2023-06-22 02:00:00,MACH-A,47.57,2.49
2023-06-22 03:00:00,MACH-A,50.02,1.78
2023-06-22 04:00:00,MACH-A,60.7,1.33
2023-06-22 05:00:00,MACH-A,62.72,1.61
2023-06-22 06:00:00,MACH-A,48.89,1.83
2023-06-22 07:00:00,MACH-A,46.12,2.5
2023-06-22 08:00:00,MACH-A,49.44,1.98
2023-06-22 09:00:00,MACH-A,53.38,1.91
2023-06-22 10:00:00,MACH-A,58.91,1.38
2023-06-22 11:00:00,MACH-A,50.04,2.39
2023-06-22 12:00:00,MACH-A,56.19,1.67
2023-06-22 13:00:00,MACH-A,66.38,1.95
2023-06-22 14:00:00,MACH-A,53.81,2.74
2023-06-22 15:00:00,MACH-A,53.12,2.25
2023-06-22 16:00:00,MACH-A,34.81,1.19
2023-06-22 17:00:00,MACH-A,23.69,1.12
2023-06-22 18:00:00,MACH-A,53.88,1.97
2023-06-22 19:00:00,MACH-A,49.05,1.39
2023-06-22 20:00:00,MACH-A,44.85,2.32
2023-06-22 21:00:00,MACH-A,52.44,2.02
2023-06-22 22:00:00,MACH-A,49.4,2.08
2023-06-22 23:00:00,MACH-A,61.28,1.65
2023-06-23 00:00:00,MACH-A,50.86,2.87
2023-06-23 01:00:00,MACH-A,42.53,3.42
2023-06-23 02:00:00,MACH-A,59.9,1.86
2023-06-23 03:00:00,MACH-A,47.83,2.18
2023-06-23 04:00:00,MACH-A,55.27,2.05
2023-06-23 05:00:00,MACH-A,45.23,1.87
2023-06-23 06:00:00,MACH-A,43.5,1.58
2023-06-23 07:00:00,MACH-A,50.84,1.46
2023-06-23 08:00:00,MACH-A,50.13,1.43
2023-06-23 09:00:00,MACH-A,54.8,2.2
2023-06-23 10:00:00,MACH-A,47.31,1.74
2023-06-23 11:00:00,MACH-A,31.64,0.71
2023-06-23 12:00:00,MACH-A,45.67,2.22
2023-06-23 13:00:00,MACH-A,57.94,1.98
2023-06-23 14:00:00,MACH-A,47.03,2.67
2023-06-23 15:00:00,MACH-A,47.54,2.19
2023-06-23 16:00:00,MACH-A,59.86,1.26
2023-06-23 17:00:00,MACH-A,42.88,0.89
2023-06-23 18:00:00,MACH-A,34.57,1.64
2023-06-23 19:00:00,MACH-A,48.39,1.69
2023-06-23 20:00:00,MACH-A,45.16,2.47
2023-06-23 21:00:00,MACH-A,40.34,2.0
2023-06-23 22:00:00,MACH-A,48.25,2.57
2023-06-23 23:00:00,MACH-A,54.92,1.34
2023-06-24 00:00:00,MACH-A,49.91,2.48
2023-06-24 01:00:00,MACH-A,53.07,2.36
2023-06-24 02:00:00,MACH-A,68.13,0.99
2023-06-24 03:00:00,MACH-A,46.57,2.66
2023-06-24 04:00:00,MACH-A,52.78,2.05
2023-06-24 05:00:00,MACH-A,44.91,2.2
2023-06-24 06:00:00,MACH-A,41.54,1.57
2023-06-24 07:00:00,MACH-A,44.15,2.64
2023-06-24 08:00:00,MACH-A,45.21,1.41
2023-06-24 09:00:00,MACH-A,53.59,2.42
2023-06-24 10:00:00,MACH-A,73.49,2.41
2023-06-24 11:00:00,MACH-A,42.84,1.51
2023-06-24 12:00:00,MACH-A,45.83,2.99
2023-06-24 13:00:00,MACH-A,49.37,2.12
2023-06-24 14:00:00,MACH-A,53.96,2.33
2023-06-24 15:00:00,MACH-A,52.64,1.24
2023-06-24 16:00:00,MACH-A,62.84,3.06
2023-06-24 17:00:00,MACH-A,25.74,1.39
2023-06-24 18:00:00,MACH-A,26.13,2.51
2023-06-24 19:00:00,MACH-A,45.04,1.5
2023-06-24 20:00:00,MACH-A,60.97,1.69
2023-06-24 21:00:00,MACH-A,34.34,2.39
2023-06-24 22:00:00,MACH-A,19.92,2.51
2023-06-24 23:00:00,MACH-A,55.71,1.36
2023-06-25 00:00:00,MACH-A,52.44,2.55
2023-06-25 01:00:00,MACH-A,39.1,2.52
2023-06-25 02:00:00,MACH-A,40.14,1.53
2023-06-25 03:00:00,MACH-A,40.3,2.8
2023-06-25 04:00:00,MACH-A,51.11,1.27
2023-06-25 05:00:00,MACH-A,43.74,1.69
2023-06-25 06:00:00,MACH-A,54.94,2.24
2023-06-25 07:00:00,MACH-A,21.45,1.57
2023-06-25 08:00:00,MACH-A,41.43,2.13
2023-06-25 09:00:00,MACH-A,38.74,2.12
2023-06-25 10:00:00,MACH-A,47.44,1.91
2023-06-25 11:00:00,MACH-A,44.62,2.42
2023-06-25 12:00:00,MACH-A,57.98,1.89
2023-06-25 13:00:00,MACH-A,31.41,2.12
2023-06-25 14:00:00,MACH-A,50.45,2.57
2023-06-25 15:00:00,MACH-A,55.58,2.4
2023-06-25 16:00:00,MACH-A,68.57,2.39
2023-06-25 17:00:00,MACH-A,45.18,1.43
2023-06-25 18:00:00,MACH-A,53.24,2.26
2023-06-25 19:00:00,MACH-A,31.96,1.56
2023-06-25 20:00:00,MACH-A,26.08,1.36
2023-06-25 21:00:00,MACH-A,58.45,1.96
2023-06-25 22:00:00,MACH-A,49.94,1.55
2023-06-25 23:00:00,MACH-A,61.79,2.4
2023-06-26 00:00:00,MACH-A,36.27,2.41
2023-06-26 01:00:00,MACH-A,55.2,1.05
2023-06-26 02:00:00,MACH-A,68.69,1.59
2023-06-26 03:00:00,MACH-A,54.2,1.27
2023-06-26 04:00:00,MACH-A,52.77,1.77
2023-06-26 05:00:00,MACH-A,50.09,2.23
2023-06-26 06:00:00,MACH-A,34.29,1.88
2023-06-26 07:00:00,MACH-A,63.56,1.71
2023-06-26 08:00:00,MACH-A,43.89,2.65
2023-06-26 09:00:00,MACH-A,55.04,0.85
2023-06-26 10:00:00,MACH-A,34.37,2.62
2023-06-26 11:00:00,MACH-A,38.21,1.73
2023-06-26 12:00:00,MACH-A,64.35,1.96
2023-06-26 13:00:00,MACH-A,46.53,1.74
2023-06-26 14:00:00,MACH-A,64.53,2.77
2023-06-26 15:00:00,MACH-A,49.22,1.38
2023-06-26 16:00:00,MACH-A,31.58,2.01
2023-06-26 17:00:00,MACH-A,58.92,2.26
2023-06-26 18:00:00,MACH-A,44.1,1.19
2023-06-26 19:00:00,MACH-A,56.99,1.54
2023-06-26 20:00:00,MACH-A,50.25,1.93
2023-06-26 21:00:00,MACH-A,34.57,1.56
2023-06-26 22:00:00,MACH-A,51.64,1.59
2023-06-26 23:00:00,MACH-A,71.96,1.83
2023-06-27 00:00:00,MACH-A,54.93,2.32
2023-06-27 01:00:00,MACH-A,49.42,1.83
2023-06-27 02:00:00,MACH-A,60.75,2.54
2023-06-27 03:00:00,MACH-A,52.11,1.5
2023-06-27 04:00:00,MACH-A,52.1,1.37
2023-06-27 05:00:00,MACH-A,39.08,2.96
2023-06-27 06:00:00,MACH-A,52.34,1.67
2023-06-27 07:00:00,MACH-A,60.35,1.34
2023-06-27 08:00:00,MACH-A,41.64,1.13
2023-06-27 09:00:00,MACH-A,64.24,2.54
2023-06-27 10:00:00,MACH-A,49.08,1.83
2023-06-27 11:00:00,MACH-A,41.12,1.87
2023-06-27 12:00:00,MACH-A,59.98,1.92
2023-06-27 13:00:00,MACH-A,47.13,2.51
2023-06-27 14:00:00,MACH-A,57.6,1.91
2023-06-27 15:00:00,MACH-A,47.08,3.17
2023-06-27 16:00:00,MACH-A,49.4,2.07
2023-06-27 17:00:00,MACH-A,54.94,2.53
2023-06-27 18:00:00,MACH-A,52.91,2.4
2023-06-27 19:00:00,MACH-A,30.04,1.98
2023-06-27 20:00:00,MACH-A,38.79,1.71
2023-06-27 21:00:00,MACH-A,59.29,2.17
2023-06-27 22:00:00,MACH-A,48.68,2.26
2023-06-27 23:00:00,MACH-A,44.76,1.71
2023-06-28 00:00:00,MACH-A,36.41,2.08
2023-06-28 01:00:00,MACH-A,39.2,2.62
2023-06-28 02:00:00,MACH-A,29.78,3.03
2023-06-28 03:00:00,MACH-A,48.99,2.43
2023-06-28 04:00:00,MACH-A,44.02,2.93
2023-06-28 05:00:00,MACH-A,40.33,1.69
2023-06-28 06:00:00,MACH-A,49.32,2.35
2023-06-28 07:00:00,MACH-A,53.64,2.67
2023-06-28 08:00:00,MACH-A,84.78,3.51
2023-06-28 09:00:00,MACH-A,34.88,1.76
2023-06-28 10:00:00,MACH-A,61.59,2.87
2023-06-28 11:00:00,MACH-A,59.73,1.51
2023-06-28 12:00:00,MACH-A,42.21,1.33
2023-06-28 13:00:00,MACH-A,52.03,2.76
2023-06-28 14:00:00,MACH-A,45.42,2.6
2023-06-28 15:00:00,MACH-A,51.86,2.22
2023-06-28 16:00:00,MACH-A,65.09,1.98
2023-06-28 17:00:00,MACH-A,56.06,1.78
2023-06-28 18:00:00,MACH-A,55.09,2.14
2023-06-28 19:00:00,MACH-A,45.7,2.79
2023-06-28 20:00:00,MACH-A,35.16,2.12
2023-06-28 21:00:00,MACH-A,47.92,3.08
2023-06-28 22:00:00,MACH-A,62.07,1.55
2023-06-28 23:00:00,MACH-A,34.73,1.99
2023-06-29 00:00:00,MACH-A,39.45,1.81
2023-06-29 01:00:00,MACH-A,51.26,1.46
2023-06-29 02:00:00,MACH-A,40.15,1.92
2023-06-29 03:00:00,MACH-A,42.07,2.21
2023-06-29 04:00:00,MACH-A,45.76,2.26
2023-06-29 05:00:00,MACH-A,36.34,3.09
2023-06-29 06:00:00,MACH-A,40.26,2.23
2023-06-29 07:00:00,MACH-A,57.03,2.58
2023-06-29 08:00:00,MACH-A,36.93,2.03
2023-06-29 09:00:00,MACH-A,34.02,2.84
2023-06-29 10:00:00,MACH-A,43.7,3.2
2023-06-29 11:00:00,MACH-A,57.32,2.27
2023-06-29 12:00:00,MACH-A,48.03,1.5
2023-06-29 13:00:00,MACH-A,45.35,1.73
2023-06-29 14:00:00,MACH-A,50.44,2.14
2023-06-29 15:00:00,MACH-A,32.54,2.23
2023-06-29 16:00:00,MACH-A,54.95,2.35
2023-06-29 17:00:00,MACH-A,53.83,2.23
2023-06-29 18:00:00,MACH-A,45.91,2.0
2023-06-29 19:00:00,MACH-A,60.06,1.68
2023-06-29 20:00:00,MACH-A,38.73,2.2
2023-06-29 21:00:00,MACH-A,61.28,2.93
2023-06-29 22:00:00,MACH-A,51.54,2.51
2023-06-29 23:00:00,MACH-A,46.63,2.27
2023-06-30 00:00:00,MACH-A,49.8,2.51
2023-06-30 01:00:00,MACH-A,48.93,1.81
2023-06-30 02:00:00,MACH-A,62.2,1.75
2023-06-30 03:00:00,MACH-A,39.23,1.63
2023-06-30 04:00:00,MACH-A,42.37,1.94
2023-06-30 05:00:00,MACH-A,60.36,1.79
2023-06-30 06:00:00,MACH-A,44.04,2.6
2023-06-30 07:00:00,MACH-A,59.01,1.76
2023-06-30 08:00:00,MACH-A,66.99,1.6
2023-06-30 09:00:00,MACH-A,45.98,2.97
2023-06-30 10:00:00,MACH-A,56.81,1.77
2023-06-30 11:00:00,MACH-A,38.46,2.08
2023-06-30 12:00:00,MACH-A,57.55,2.23
2023-06-30 13:00:00,MACH-A,51.99,1.43
2023-06-30 14:00:00,MACH-A,54.73,2.62
2023-06-30 15:00:00,MACH-A,43.54,2.32
2023-06-30 16:00:00,MACH-A,33.39,2.78
2023-06-30 17:00:00,MACH-A,55.03,1.66
2023-06-30 18:00:00,MACH-A,29.37,2.05
2023-06-30 19:00:00,MACH-A,46.83,2.02
2023-06-30 20:00:00,MACH-A,59.41,2.13
2023-06-30 21:00:00,MACH-A,51.92,1.27
2023-06-30 22:00:00,MACH-A,69.48,2.06
2023-06-30 23:00:00,MACH-A,60.25,1.29
2023-07-01 00:00:00,MACH-A,43.46,2.18
2023-07-01 01:00:00,MACH-A,50.27,0.94
2023-07-01 02:00:00,MACH-A,49.53,1.07
2023-07-01 03:00:00,MACH-A,34.18,2.41
2023-07-01 04:00:00,MACH-A,40.6,1.73
2023-07-01 05:00:00,MACH-A,44.39,1.51
2023-07-01 06:00:00,MACH-A,29.64,2.64
2023-07-01 07:00:00,MACH-A,50.47,2.16
2023-07-01 08:00:00,MACH-A,47.51,2.44
2023-07-01 09:00:00,MACH-A,33.27,1.92
2023-07-01 10:00:00,MACH-A,54.04,3.34
2023-07-01 11:00:00,MACH-A,57.16,1.7
2023-07-01 12:00:00,MACH-A,52.27,2.87
2023-07-01 13:00:00,MACH-A,46.76,1.97
2023-07-01 14:00:00,MACH-A,55.91,1.17
2023-07-01 15:00:00,MACH-A,56.8,2.24
2023-07-01 16:00:00,MACH-A,53.07,2.16
2023-07-01 17:00:00,MACH-A,41.75,1.47
2023-07-01 18:00:00,MACH-A,52.77,1.54
2023-07-01 19:00:00,MACH-A,61.95,1.99
2023-07-01 20:00:00,MACH-A,44.03,2.17
2023-07-01 21:00:00,MACH-A,70.98,0.76
2023-07-01 22:00:00,MACH-A,44.74,2.53
2023-07-01 23:00:00,MACH-A,50.32,1.75
2023-07-02 00:00:00,MACH-A,43.28,1.33
2023-07-02 01:00:00,MACH-A,52.23,2.47
2023-07-02 02:00:00,MACH-A,32.58,1.99
2023-07-02 03:00:00,MACH-A,44.54,2.61
2023-07-02 04:00:00,MACH-A,39.08,2.22
2023-07-02 05:00:00,MACH-A,51.35,2.0
2023-07-02 06:00:00,MACH-A,59.94,1.92
2023-07-02 07:00:00,MACH-A,56.46,2.24
2023-07-02 08:00:00,MACH-A,26.28,1.79
2023-07-02 09:00:00,MACH-A,70.42,1.57
2023-07-02 10:00:00,MACH-A,52.95,2.3
2023-07-02 11:00:00,MACH-A,42.24,1.93
2023-07-02 12:00:00,MACH-A,51.57,2.02
2023-07-02 13:00:00,MACH-A,51.76,2.54
2023-07-02 14:00:00,MACH-A,43.33,1.94
2023-07-02 15:00:00,MACH-A,51.98,2.01
2023-07-02 16:00:00,MACH-A,43.93,1.7
2023-07-02 17:00:00,MACH-A,45.96,2.22
2023-07-02 18:00:00,MACH-A,43.14,2.17
2023-07-02 19:00:00,MACH-A,35.67,2.45
2023-07-02 20:00:00,MACH-A,51.46,1.71
2023-07-02 21:00:00,MACH-A,55.85,1.77
2023-07-02 22:00:00,MACH-A,55.15,2.4
2023-07-02 23:00:00,MACH-A,58.2,2.13
2023-07-03 00:00:00,MACH-A,53.24,1.55
2023-07-03 01:00:00,MACH-A,44.67,2.65
2023-07-03 02:00:00,MACH-A,58.4,1.15
2023-07-03 03:00:00,MACH-A,36.42,2.39
2023-07-03 04:00:00,MACH-A,40.99,1.37
2023-07-03 05:00:00,MACH-A,40.36,2.94
2023-07-03 06:00:00,MACH-A,60.8,1.23
2023-07-03 07:00:00,MACH-A,59.43,2.58
2023-07-03 08:00:00,MACH-A,54.87,1.96
2023-07-03 09:00:00,MACH-A,60.72,1.82
2023-07-03 10:00:00,MACH-A,41.21,2.09
2023-07-03 11:00:00,MACH-A,53.49,2.32
2023-07-03 12:00:00,MACH-A,48.75,1.55
2023-07-03 13:00:00,MACH-A,58.47,1.59
2023-07-03 14:00:00,MACH-A,48.85,2.32
2023-07-03 15:00:00,MACH-A,46.15,1.15
2023-07-03 16:00:00,MACH-A,55.41,1.71
2023-07-03 17:00:00,MACH-A,58.76,3.52
2023-07-03 18:00:00,MACH-A,43.32,1.52
2023-07-03 19:00:00,MACH-A,49.39,2.57
2023-07-03 20:00:00,MACH-A,39.42,1.71
2023-07-03 21:00:00,MACH-A,25.02,2.25
2023-07-03 22:00:00,MACH-A,52.0,2.33
2023-07-03 23:00:00,MACH-A,56.09,2.56
2023-07-04 00:00:00,MACH-A,52.62,1.9
2023-07-04 01:00:00,MACH-A,30.5,2.99
2023-07-04 02:00:00,MACH-A,46.49,1.71
2023-07-04 03:00:00,MACH-A,27.82,2.12
2023-07-04 04:00:00,MACH-A,63.7,2.12
2023-07-04 05:00:00,MACH-A,39.14,1.44
2023-07-04 06:00:00,MACH-A,62.55,1.86
2023-07-04 07:00:00,MACH-A,59.46,2.08
2023-07-04 08:00:00,MACH-A,40.99,1.78
2023-07-04 09:00:00,MACH-A,38.67,3.22
2023-07-04 10:00:00,MACH-A,53.5,1.58
2023-07-04 11:00:00,MACH-A,41.56,2.59
2023-07-04 12:00:00,MACH-A,51.02,2.43
2023-07-04 13:00:00,MACH-A,45.17,1.99
2023-07-04 14:00:00,MACH-A,32.19,1.57
2023-07-04 15:00:00,MACH-A,27.7,1.62
2023-07-04 16:00:00,MACH-A,52.27,1.74
2023-07-04 17:00:00,MACH-A,44.38,1.11
2023-07-04 18:00:00,MACH-A,44.47,1.5
2023-07-04 19:00:00,MACH-A,56.96,1.26
2023-07-04 20:00:00,MACH-A,61.73,2.67
2023-07-04 21:00:00,MACH-A,47.27,2.31
2023-07-04 22:00:00,MACH-A,46.59,2.39
2023-07-04 23:00:00,MACH-A,55.0,2.29
2023-07-05 00:00:00,MACH-A,36.43,2.08
2023-07-05 01:00:00,MACH-A,52.23,2.73
2023-07-05 02:00:00,MACH-A,55.52,1.69
2023-07-05 03:00:00,MACH-A,56.8,2.05
2023-07-05 04:00:00,MACH-A,30.63,2.37
2023-07-05 05:00:00,MACH-A,42.39,1.34
2023-07-05 06:00:00,MACH-A,41.22,3.55
2023-07-05 07:00:00,MACH-A,51.0,2.01
2023-07-05 08:00:00,MACH-A,54.81,2.07
2023-07-05 09:00:00,MACH-A,64.97,2.63
2023-07-05 10:00:00,MACH-A,45.05,2.46
2023-07-05 11:00:00,MACH-A,45.02,2.02
2023-07-05 12:00:00,MACH-A,61.5,2.07
2023-07-05 13:00:00,MACH-A,52.97,1.25
2023-07-05 14:00:00,MACH-A,62.68,1.72
2023-07-05 15:00:00,MACH-A,52.89,2.26
2023-07-05 16:00:00,MACH-A,38.43,2.22
2023-07-05 17:00:00,MACH-A,36.67,2.61
2023-07-05 18:00:00,MACH-A,34.48,1.94
2023-07-05 19:00:00,MACH-A,56.62,1.31
2023-07-05 20:00:00,MACH-A,61.89,2.53
2023-07-05 21:00:00,MACH-A,68.49,2.72
2023-07-05 22:00:00,MACH-A,58.43,2.45
2023-07-05 23:00:00,MACH-A,61.63,1.92
2023-07-06 00:00:00,MACH-A,44.2,2.52
2023-07-06 01:00:00,MACH-A,38.44,3.71
2023-07-06 02:00:00,MACH-A,58.5,2.06
2023-07-06 03:00:00,MACH-A,54.18,1.34
2023-07-06 04:00:00,MACH-A,51.07,1.71
2023-07-06 05:00:00,MACH-A,53.87,2.31
2023-07-06 06:00:00,MACH-A,53.23,1.2
2023-07-06 07:00:00,MACH-A,62.84,2.08
2023-07-06 08:00:00,MACH-A,62.95,2.19
2023-07-06 09:00:00,MACH-A,55.44,2.77
2023-07-06 10:00:00,MACH-A,58.46,2.66
2023-07-06 11:00:00,MACH-A,55.14,2.43
2023-07-06 12:00:00,MACH-A,45.39,0.92
2023-07-06 13:00:00,MACH-A,57.57,2.46
2023-07-06 14:00:00,MACH-A,36.06,2.35
2023-07-06 15:00:00,MACH-A,60.54,2.13
2023-07-06 16:00:00,MACH-A,38.05,1.13
2023-07-06 17:00:00,MACH-A,52.86,1.61
2023-07-06 18:00:00,MACH-A,41.55,1.42
2023-07-06 19:00:00,MACH-A,55.53,0.99
2023-07-06 20:00:00,MACH-A,49.66,2.0
2023-07-06 21:00:00,MACH-A,34.05,1.6
2023-07-06 22:00:00,MACH-A,54.21,3.31
2023-07-06 23:00:00,MACH-A,44.22,1.92
2023-07-07 00:00:00,MACH-A,58.81,2.65
2023-07-07 01:00:00,MACH-A,50.01,1.22
2023-07-07 02:00:00,MACH-A,53.95,1.73
2023-07-07 03:00:00,MACH-A,40.42,2.05
2023-07-07 04:00:00,MACH-A,44.11,1.55
2023-07-07 05:00:00,MACH-A,45.41,1.79
2023-07-07 06:00:00,MACH-A,58.57,1.89
2023-07-07 07:00:00,MACH-A,66.77,1.88
2023-07-07 08:00:00,MACH-A,41.95,2.93
2023-07-07 09:00:00,MACH-A,60.77,2.19
2023-07-07 10:00:00,MACH-A,28.3,2.24
2023-07-07 11:00:00,MACH-A,38.06,2.27
2023-07-07 12:00:00,MACH-A,40.41,2.31
2023-07-07 13:00:00,MACH-A,36.47,1.96
2023-07-07 14:00:00,MACH-A,34.16,1.84
2023-07-07 15:00:00,MACH-A,54.13,2.08
2023-07-07 16:00:00,MACH-A,47.86,2.58
2023-07-07 17:00:00,MACH-A,53.79,2.56
2023-07-07 18:00:00,MACH-A,56.9,1.88
2023-07-07 19:00:00,MACH-A,52.66,2.38
2023-07-07 20:00:00,MACH-A,56.58,1.9
2023-07-07 21:00:00,MACH-A,49.3,2.02
2023-07-07 22:00:00,MACH-A,38.13,1.76
2023-07-07 23:00:00,MACH-A,60.58,1.91
2023-07-08 00:00:00,MACH-A,44.11,2.67
2023-07-08 01:00:00,MACH-A,40.64,2.05
2023-07-08 02:00:00,MACH-A,48.22,2.07
2023-07-08 03:00:00,MACH-A,40.87,1.28
2023-07-08 04:00:00,MACH-A,45.83,1.85
2023-07-08 05:00:00,MACH-A,53.44,1.88
2023-07-08 06:00:00,MACH-A,53.48,1.59
2023-07-08 07:00:00,MACH-A,41.02,2.01
2023-07-08 08:00:00,MACH-A,45.12,1.79
2023-07-08 09:00:00,MACH-A,60.74,2.04
2023-07-08 10:00:00,MACH-A,54.96,2.06
2023-07-08 11:00:00,MACH-A,70.75,1.52
2023-07-08 12:00:00,MACH-A,61.8,1.8
2023-07-08 13:00:00,MACH-A,61.44,2.04
2023-07-08 14:00:00,MACH-A,36.12,2.59
2023-07-08 15:00:00,MACH-A,57.64,2.13
2023-07-08 16:00:00,MACH-A,49.47,1.67
2023-07-08 17:00:00,MACH-A,44.49,2.2
2023-07-08 18:00:00,MACH-A,51.68,2.85
2023-07-08 19:00:00,MACH-A,59.45,2.46
2023-07-08 20:00:00,MACH-A,55.01,2.27
2023-07-08 21:00:00,MACH-A,41.22,2.36
2023-07-08 22:00:00,MACH-A,57.42,2.72
2023-07-08 23:00:00,MACH-A,43.62,2.54
2023-07-09 00:00:00,MACH-A,52.17,2.28
2023-07-09 01:00:00,MACH-A,46.97,2.53
2023-07-09 02:00:00,MACH-A,47.81,1.46
2023-07-09 03:00:00,MACH-A,57.66,1.25
2023-07-09 04:00:00,MACH-A,39.6,2.08
2023-07-09 05:00:00,MACH-A,69.45,2.03
2023-07-09 06:00:00,MACH-A,31.79,1.73
2023-07-09 07:00:00,MACH-A,44.02,2.41
2023-07-09 08:00:00,MACH-A,53.7,1.07
2023-07-09 09:00:00,MACH-A,55.84,1.73
2023-07-09 10:00:00,MACH-A,49.0,1.76
2023-07-09 11:00:00,MACH-A,49.43,1.18
2023-07-09 12:00:00,MACH-A,54.11,2.75
2023-07-09 13:00:00,MACH-A,47.69,1.32
2023-07-09 14:00:00,MACH-A,63.93,1.71
2023-07-09 15:00:00,MACH-A,58.39,2.45
2023-07-09 16:00:00,MACH-A,58.73,2.32
2023-07-09 17:00:00,MACH-A,40.34,1.45
2023-07-09 18:00:00,MACH-A,49.21,2.34
2023-07-09 19:00:00,MACH-A,47.0,2.14
2023-07-09 20:00:00,MACH-A,39.94,3.17
2023-07-09 21:00:00,MACH-A,53.6,2.2
2023-07-09 22:00:00,MACH-A,44.62,1.93
2023-07-09 23:00:00,MACH-A,56.55,1.57
2023-07-10 00:00:00,MACH-A,39.3,1.63
2023-07-10 01:00:00,MACH-A,67.19,1.59
2023-07-10 02:00:00,MACH-A,41.04,2.69
2023-07-10 03:00:00,MACH-A,52.19,2.01
2023-07-10 04:00:00,MACH-A,57.92,2.28
2023-07-10 05:00:00,MACH-A,44.29,2.76
2023-07-10 06:00:00,MACH-A,58.52,0.82
2023-07-10 07:00:00,MACH-A,37.71,2.64
2023-07-10 08:00:00,MACH-A,64.52,2.03
2023-07-10 09:00:00,MACH-A,50.14,2.22
2023-07-10 10:00:00,MACH-A,44.04,1.59
2023-07-10 11:00:00,MACH-A,47.01,1.62
2023-07-10 12:00:00,MACH-A,58.09,2.24
2023-07-10 13:00:00,MACH-A,44.16,3.19
2023-07-10 14:00:00,MACH-A,42.51,2.5
2023-07-10 15:00:00,MACH-A,47.78,2.63
2023-07-10 16:00:00,MACH-A,38.23,1.9
2023-07-10 17:00:00,MACH-A,68.21,1.7
2023-07-10 18:00:00,MACH-A,44.34,1.61
2023-07-10 19:00:00,MACH-A,58.32,1.76
2023-07-10 20:00:00,MACH-A,52.09,0.97
2023-07-10 21:00:00,MACH-A,40.15,1.64
2023-07-10 22:00:00,MACH-A,49.94,1.72
2023-07-10 23:00:00,MACH-A,57.84,1.91
2023-07-11 00:00:00,MACH-A,48.12,2.07
2023-07-11 01:00:00,MACH-A,61.93,2.18
2023-07-11 02:00:00,MACH-A,60.22,1.99
2023-07-11 03:00:00,MACH-A,59.19,1.71
2023-07-11 04:00:00,MACH-A,45.4,1.02
2023-07-11 05:00:00,MACH-A,39.2,1.71
2023-07-11 06:00:00,MACH-A,43.86,1.51
2023-07-11 07:00:00,MACH-A,51.96,2.23
2023-07-11 08:00:00,MACH-A,55.46,2.45
2023-07-11 09:00:00,MACH-A,28.28,2.47
2023-07-11 10:00:00,MACH-A,49.92,2.38
2023-07-11 11:00:00,MACH-A,51.58,1.93
2023-07-11 12:00:00,MACH-A,47.22,1.74
2023-07-11 13:00:00,MACH-A,62.91,1.63
2023-07-11 14:00:00,MACH-A,54.22,1.25
2023-07-11 15:00:00,MACH-A,63.1,2.5
2023-07-11 16:00:00,MACH-A,47.84,1.91
2023-07-11 17:00:00,MACH-A,59.37,1.38
2023-07-11 18:00:00,MACH-A,66.35,1.59
2023-07-11 19:00:00,MACH-A,63.12,1.57
2023-07-11 20:00:00,MACH-A,39.08,2.02
2023-07-11 21:00:00,MACH-A,47.46,2.53
2023-07-11 22:00:00,MACH-A,46.55,1.83
2023-07-11 23:00:00,MACH-A,54.89,0.87
2023-07-12 00:00:00,MACH-A,56.86,1.91
2023-07-12 01:00:00,MACH-A,41.61,1.92
2023-07-12 02:00:00,MACH-A,50.68,1.89
2023-07-12 03:00:00,MACH-A,29.8,1.69
2023-07-12 04:00:00,MACH-A,64.42,2.11
2023-07-12 05:00:00,MACH-A,44.88,2.03
2023-07-12 06:00:00,MACH-A,50.56,1.99
2023-07-12 07:00:00,MACH-A,46.9,2.21
2023-07-12 08:00:00,MACH-A,61.46,1.79
2023-07-12 09:00:00,MACH-A,21.62,1.76
2023-07-12 10:00:00,MACH-A,49.83,2.69
2023-07-12 11:00:00,MACH-A,48.94,2.28
2023-07-12 12:00:00,MACH-A,45.46,2.41
2023-07-12 13:00:00,MACH-A,67.26,2.61
2023-07-12 14:00:00,MACH-A,41.13,2.26
2023-07-12 15:00:00,MACH-A,57.72,2.46
2023-07-12 16:00:00,MACH-A,53.56,1.21
2023-07-12 17:00:00,MACH-A,62.62,2.1
2023-07-12 18:00:00,MACH-A,43.33,1.91
2023-07-12 19:00:00,MACH-A,42.67,2.84
2023-07-12 20:00:00,MACH-A,60.96,2.46
2023-07-12 21:00:00,MACH-A,54.25,1.68
2023-07-12 22:00:00,MACH-A,34.55,2.19
2023-07-12 23:00:00,MACH-A,44.61,2.08
2023-07-13 00:00:00,MACH-A,53.86,2.23
2023-07-13 01:00:00,MACH-A,58.38,1.49
2023-07-13 02:00:00,MACH-A,43.21,2.18
2023-07-13 03:00:00,MACH-A,20.86,1.89
2023-07-13 04:00:00,MACH-A,55.23,2.14
2023-07-13 05:00:00,MACH-A,37.8,1.64
2023-07-13 06:00:00,MACH-A,29.83,1.71
2023-07-13 07:00:00,MACH-A,21.68,2.59
2023-07-13 08:00:00,MACH-A,58.14,1.47
2023-07-13 09:00:00,MACH-A,51.29,1.51
2023-07-13 10:00:00,MACH-A,47.74,1.97
2023-07-13 11:00:00,MACH-A,63.89,1.61
2023-07-13 12:00:00,MACH-A,56.37,1.56
2023-07-13 13:00:00,MACH-A,66.16,2.05
2023-07-13 14:00:00,MACH-A,36.07,1.25
2023-07-13 15:00:00,MACH-A,49.65,1.5
2023-07-13 16:00:00,MACH-A,33.83,3.03
2023-07-13 17:00:00,MACH-A,47.71,2.23
2023-07-13 18:00:00,MACH-A,47.51,1.63
2023-07-13 19:00:00,MACH-A,56.27,2.21
2023-07-13 20:00:00,MACH-A,50.46,2.28
2023-07-13 21:00:00,MACH-A,56.23,2.5
2023-07-13 22:00:00,MACH-A,57.03,1.94
2023-07-13 23:00:00,MACH-A,71.55,2.49
2023-07-14 00:00:00,MACH-A,46.85,0.98
2023-07-14 01:00:00,MACH-A,40.59,1.47
2023-07-14 02:00:00,MACH-A,52.46,2.08
2023-07-14 03:00:00,MACH-A,41.98,2.16
2023-07-14 04:00:00,MACH-A,64.82,1.54
2023-07-14 05:00:00,MACH-A,47.17,2.13
2023-07-14 06:00:00,MACH-A,44.34,1.69
2023-07-14 07:00:00,MACH-A,45.29,1.86
2023-07-14 08:00:00,MACH-A,57.18,2.51
2023-07-14 09:00:00,MACH-A,48.42,2.45
2023-07-14 10:00:00,MACH-A,43.58,1.5
2023-07-14 11:00:00,MACH-A,66.65,1.47
2023-07-14 12:00:00,MACH-A,41.44,1.79
2023-07-14 13:00:00,MACH-A,50.36,1.99
2023-07-14 14:00:00,MACH-A,56.52,1.67
2023-07-14 15:00:00,MACH-A,33.69,2.52
2023-07-14 16:00:00,MACH-A,82.43,4.56
2023-07-14 17:00:00,MACH-A,39.45,2.2
2023-07-14 18:00:00,MACH-A,58.23,1.37
2023-07-14 19:00:00,MACH-A,40.37,2.58
2023-07-14 20:00:00,MACH-A,56.93,0.59
2023-07-14 21:00:00,MACH-A,61.06,2.42
2023-07-14 22:00:00,MACH-A,58.61,2.47
2023-07-14 23:00:00,MACH-A,52.51,1.78
2023-07-15 00:00:00,MACH-A,47.69,2.64
2023-07-15 01:00:00,MACH-A,44.24,1.97
2023-07-15 02:00:00,MACH-A,64.71,2.03
2023-07-15 03:00:00,MACH-A,43.01,2.17
2023-07-15 04:00:00,MACH-A,39.63,3.59
2023-07-15 05:00:00,MACH-A,56.65,2.67
2023-07-15 06:00:00,MACH-A,42.04,2.35
2023-07-15 07:00:00,MACH-A,40.5,1.54
2023-07-15 08:00:00,MACH-A,35.56,2.07
2023-07-15 09:00:00,MACH-A,45.17,1.59
2023-07-15 10:00:00,MACH-A,49.17,2.41
2023-07-15 11:00:00,MACH-A,52.43,2.07
2023-07-15 12:00:00,MACH-A,59.51,1.44
2023-07-15 13:00:00,MACH-A,55.27,2.04
2023-07-15 14:00:00,MACH-A,48.09,1.58
2023-07-15 15:00:00,MACH-A,48.02,2.08
2023-07-15 16:00:00,MACH-A,55.1,1.57
2023-07-15 17:00:00,MACH-A,62.73,2.01
2023-07-15 18:00:00,MACH-A,51.26,2.38
2023-07-15 19:00:00,MACH-A,45.31,1.97
2023-07-15 20:00:00,MACH-A,40.07,1.8
2023-07-15 21:00:00,MACH-A,35.55,2.1
2023-07-15 22:00:00,MACH-A,56.66,2.35
2023-07-15 23:00:00,MACH-A,55.78,1.45
2023-07-16 00:00:00,MACH-A,55.77,2.13
2023-07-16 01:00:00,MACH-A,48.71,2.66
2023-07-16 02:00:00,MACH-A,64.07,2.29
2023-07-16 03:00:00,MACH-A,45.16,2.03
2023-07-16 04:00:00,MACH-A,59.55,2.32
2023-07-16 05:00:00,MACH-A,49.61,2.23
2023-07-16 06:00:00,MACH-A,43.92,2.38
2023-07-16 07:00:00,MACH-A,55.93,0.99
2023-07-16 08:00:00,MACH-A,54.1,1.22
2023-07-16 09:00:00,MACH-A,53.57,2.5
2023-07-16 10:00:00,MACH-A,50.81,1.25
2023-07-16 11:00:00,MACH-A,49.62,2.2
2023-07-16 12:00:00,MACH-A,73.88,1.82
2023-07-16 13:00:00,MACH-A,61.84,1.5
2023-07-16 14:00:00,MACH-A,57.23,2.17
2023-07-16 15:00:00,MACH-A,51.12,2.1
2023-07-16 16:00:00,MACH-A,60.07,3.06
2023-07-16 17:00:00,MACH-A,55.18,1.69
2023-07-16 18:00:00,MACH-A,50.26,2.72
2023-07-16 19:00:00,MACH-A,46.96,2.18
2023-07-16 20:00:00,MACH-A,49.19,1.67
2023-07-16 21:00:00,MACH-A,18.3,2.4
2023-07-16 22:00:00,MACH-A,52.11,2.28
2023-07-16 23:00:00,MACH-A,45.12,2.02
2023-07-17 00:00:00,MACH-A,65.93,2.13
2023-07-17 01:00:00,MACH-A,50.19,1.7
2023-07-17 02:00:00,MACH-A,38.11,1.59
2023-07-17 03:00:00,MACH-A,49.5,2.38
2023-07-17 04:00:00,MACH-A,39.54,1.89
2023-07-17 05:00:00,MACH-A,54.73,1.96
2023-07-17 06:00:00,MACH-A,52.91,2.14
2023-07-17 07:00:00,MACH-A,59.58,2.13
2023-07-17 08:00:00,MACH-A,42.09,1.29
2023-07-17 09:00:00,MACH-A,50.34,2.64
2023-07-17 10:00:00,MACH-A,36.35,2.06
2023-07-17 11:00:00,MACH-A,57.01,1.9
2023-07-17 12:00:00,MACH-A,55.19,2.22
2023-07-17 13:00:00,MACH-A,54.96,2.12
2023-07-17 14:00:00,MACH-A,50.02,2.38
2023-07-17 15:00:00,MACH-A,54.15,2.27
2023-07-17 16:00:00,MACH-A,66.04,2.36
2023-07-17 17:00:00,MACH-A,47.15,2.68
2023-07-17 18:00:00,MACH-A,51.39,2.44
2023-07-17 19:00:00,MACH-A,39.14,1.92
2023-07-17 20:00:00,MACH-A,41.32,1.44
2023-07-17 21:00:00,MACH-A,50.98,2.83
2023-07-17 22:00:00,MACH-A,61.04,1.88
2023-07-17 23:00:00,MACH-A,47.44,1.76
2023-07-18 00:00:00,MACH-A,47.64,1.13
2023-07-18 01:00:00,MACH-A,45.93,2.17
2023-07-18 02:00:00,MACH-A,44.65,2.07
2023-07-18 03:00:00,MACH-A,52.95,1.24
2023-07-18 04:00:00,MACH-A,35.03,2.23
2023-07-18 05:00:00,MACH-A,62.81,1.75
2023-07-18 06:00:00,MACH-A,43.35,3.35
2023-07-18 07:00:00,MACH-A,57.22,1.72
2023-07-18 08:00:00,MACH-A,37.3,1.78
2023-07-18 09:00:00,MACH-A,56.69,1.56
2023-07-18 10:00:00,MACH-A,56.72,2.64
2023-07-18 11:00:00,MACH-A,53.84,1.81
2023-07-18 12:00:00,MACH-A,40.06,1.64
2023-07-18 13:00:00,MACH-A,52.5,2.35
2023-07-18 14:00:00,MACH-A,38.17,1.31
2023-07-18 15:00:00,MACH-A,47.47,2.31
2023-07-18 16:00:00,MACH-A,60.29,2.89
2023-07-18 17:00:00,MACH-A,57.97,2.28
2023-07-18 18:00:00,MACH-A,50.15,2.32
2023-07-18 19:00:00,MACH-A,40.25,2.44
2023-07-18 20:00:00,MACH-A,56.46,2.85
2023-07-18 21:00:00,MACH-A,50.19,2.6
2023-07-18 22:00:00,MACH-A,26.8,2.22
2023-07-18 23:00:00,MACH-A,57.83,2.45
2023-07-19 00:00:00,MACH-A,49.76,1.56
2023-07-19 01:00:00,MACH-A,62.02,2.39
2023-07-19 02:00:00,MACH-A,39.05,1.5
2023-07-19 03:00:00,MACH-A,18.23,1.82
2023-07-19 04:00:00,MACH-A,52.79,0.46
2023-07-19 05:00:00,MACH-A,52.92,2.2
2023-07-19 06:00:00,MACH-A,33.09,1.68
2023-07-19 07:00:00,MACH-A,40.22,2.56
2023-07-19 08:00:00,MACH-A,77.55,2.2
2023-07-19 09:00:00,MACH-A,46.94,2.56
2023-07-19 10:00:00,MACH-A,57.31,1.46
2023-07-19 11:00:00,MACH-A,43.49,2.52
2023-07-19 12:00:00,MACH-A,29.1,3.05
2023-07-19 13:00:00,MACH-A,48.3,2.38
2023-07-19 14:00:00,MACH-A,47.34,2.4
2023-07-19 15:00:00,MACH-A,46.0,2.08
2023-07-19 16:00:00,MACH-A,48.85,1.74
2023-07-19 17:00:00,MACH-A,52.64,2.38
2023-07-19 18:00:00,MACH-A,48.5,1.25
2023-07-19 19:00:00,MACH-A,37.36,1.79
2023-07-19 20:00:00,MACH-A,54.86,1.11
2023-07-19 21:00:00,MACH-A,30.51,1.65
2023-07-19 22:00:00,MACH-A,29.5,2.32
2023-07-19 23:00:00,MACH-A,57.39,2.25
2023-07-20 00:00:00,MACH-A,55.07,2.03
2023-07-20 01:00:00,MACH-A,49.43,2.09
2023-07-20 02:00:00,MACH-A,36.05,1.06
2023-07-20 03:00:00,MACH-A,42.92,1.81
2023-07-20 04:00:00,MACH-A,47.37,1.66
2023-07-20 05:00:00,MACH-A,34.04,1.67
2023-07-20 06:00:00,MACH-A,42.61,2.3
2023-07-20 07:00:00,MACH-A,56.52,1.57
2023-07-20 08:00:00,MACH-A,64.27,1.7
2023-07-20 09:00:00,MACH-A,45.81,0.96
2023-07-20 10:00:00,MACH-A,57.56,1.85
2023-07-20 11:00:00,MACH-A,30.86,1.46
2023-07-20 12:00:00,MACH-A,56.59,2.04
2023-07-20 13:00:00,MACH-A,41.96,1.52
2023-07-20 14:00:00,MACH-A,53.07,2.05
2023-07-20 15:00:00,MACH-A,47.52,1.93
2023-07-20 16:00:00,MACH-A,63.2,2.84
2023-07-20 17:00:00,MACH-A,41.26,2.25
2023-07-20 18:00:00,MACH-A,56.28,1.08
2023-07-20 19:00:00,MACH-A,47.2,1.37
2023-07-20 20:00:00,MACH-A,48.42,2.03
2023-07-20 21:00:00,MACH-A,48.16,1.54
2023-07-20 22:00:00,MACH-A,41.54,0.52
2023-07-20 23:00:00,MACH-A,49.86,2.67
2023-07-21 00:00:00,MACH-A,49.37,2.36
2023-07-21 01:00:00,MACH-A,52.41,2.26
2023-07-21 02:00:00,MACH-A,50.85,1.7
2023-07-21 03:00:00,MACH-A,57.98,2.21
2023-07-21 04:00:00,MACH-A,59.24,1.65
2023-07-21 05:00:00,MACH-A,39.49,2.1
2023-07-21 06:00:00,MACH-A,58.69,1.54
2023-07-21 07:00:00,MACH-A,38.14,2.76
2023-07-21 08:00:00,MACH-A,55.88,1.21
2023-07-21 09:00:00,MACH-A,56.2,2.62
2023-07-21 10:00:00,MACH-A,30.89,2.02
2023-07-21 11:00:00,MACH-A,50.93,1.76
2023-07-21 12:00:00,MACH-A,45.32,2.08
2023-07-21 13:00:00,MACH-A,42.41,2.37
2023-07-21 14:00:00,MACH-A,63.51,2.68
2023-07-21 15:00:00,MACH-A,43.46,2.16
2023-07-21 16:00:00,MACH-A,41.94,1.55
2023-07-21 17:00:00,MACH-A,50.76,2.03
2023-07-21 18:00:00,MACH-A,56.86,2.91
2023-07-21 19:00:00,MACH-A,48.58,2.67
2023-07-21 20:00:00,MACH-A,61.66,2.45
2023-07-21 21:00:00,MACH-A,55.31,2.4
2023-07-21 22:00:00,MACH-A,28.22,2.35
2023-07-21 23:00:00,MACH-A,44.71,2.58
2023-07-22 00:00:00,MACH-A,44.38,1.77
2023-07-22 01:00:00,MACH-A,54.79,1.32
2023-07-22 02:00:00,MACH-A,23.75,2.03
2023-07-22 03:00:00,MACH-A,75.49,1.59
2023-07-22 04:00:00,MACH-A,55.31,1.47
2023-07-22 05:00:00,MACH-A,51.49,1.64
2023-07-22 06:00:00,MACH-A,61.82,3.24
2023-07-22 07:00:00,MACH-A,73.44,2.07
2023-07-22 08:00:00,MACH-A,58.71,2.18
2023-07-22 09:00:00,MACH-A,59.49,1.39
2023-07-22 10:00:00,MACH-A,51.31,1.08
2023-07-22 11:00:00,MACH-A,48.58,1.59
2023-07-22 12:00:00,MACH-A,45.24,2.72
2023-07-22 13:00:00,MACH-A,41.74,2.17
2023-07-22 14:00:00,MACH-A,43.13,2.3
2023-07-22 15:00:00,MACH-A,36.49,2.37
2023-07-22 16:00:00,MACH-A,49.24,1.7
2023-07-22 17:00:00,MACH-A,33.15,2.69
2023-07-22 18:00:00,MACH-A,51.91,1.68
2023-07-22 19:00:00,MACH-A,49.64,2.7
2023-07-22 20:00:00,MACH-A,51.47,2.22
2023-07-22 21:00:00,MACH-A,44.78,1.11
2023-07-22 22:00:00,MACH-A,80.77,1.63
2023-07-22 23:00:00,MACH-A,63.6,1.11
2023-07-23 00:00:00,MACH-A,37.55,2.58
2023-07-23 01:00:00,MACH-A,52.33,1.99
2023-07-23 02:00:00,MACH-A,43.92,0.89
2023-07-23 03:00:00,MACH-A,39.86,2.19
2023-07-23 04:00:00,MACH-A,36.6,1.73
2023-07-23 05:00:00,MACH-A,54.32,1.26
2023-07-23 06:00:00,MACH-A,43.19,2.84
2023-07-23 07:00:00,MACH-A,59.68,2.05
2023-07-23 08:00:00,MACH-A,59.94,1.85
2023-07-23 09:00:00,MACH-A,63.74,1.8
2023-07-23 10:00:00,MACH-A,41.48,1.24
2023-07-23 11:00:00,MACH-A,54.75,1.35
2023-07-23 12:00:00,MACH-A,56.32,2.64
2023-07-23 13:00:00,MACH-A,45.26,1.76
2023-07-23 14:00:00,MACH-A,42.28,2.01
2023-07-23 15:00:00,MACH-A,66.1,0.98
2023-07-23 16:00:00,MACH-A,52.27,1.34
2023-07-23 17:00:00,MACH-A,56.36,2.3
2023-07-23 18:00:00,MACH-A,41.78,2.19
2023-07-23 19:00:00,MACH-A,37.81,2.88
2023-07-23 20:00:00,MACH-A,44.31,2.67
2023-07-23 21:00:00,MACH-A,48.76,1.88
2023-07-23 22:00:00,MACH-A,39.36,2.24
2023-07-23 23:00:00,MACH-A,49.9,1.84
2023-07-24 00:00:00,MACH-A,33.11,3.03
2023-07-24 01:00:00,MACH-A,38.8,2.57
2023-07-24 02:00:00,MACH-A,56.71,2.08
2023-07-24 03:00:00,MACH-A,56.04,2.1
2023-07-24 04:00:00,MACH-A,46.08,2.72
2023-07-24 05:00:00,MACH-A,39.82,2.29
2023-07-24 06:00:00,MACH-A,39.73,2.78
2023-07-24 07:00:00,MACH-A,46.27,0.9
2023-07-24 08:00:00,MACH-A,56.45,2.23
2023-07-24 09:00:00,MACH-A,59.28,1.74
2023-07-24 10:00:00,MACH-A,45.03,2.88
2023-07-24 11:00:00,MACH-A,38.47,2.77
2023-07-24 12:00:00,MACH-A,52.68,2.02
2023-07-24 13:00:00,MACH-A,41.76,2.77
2023-07-24 14:00:00,MACH-A,44.82,2.89
2023-07-24 15:00:00,MACH-A,63.25,2.04
2023-07-24 16:00:00,MACH-A,58.27,3.24
2023-07-24 17:00:00,MACH-A,51.58,1.98
2023-07-24 18:00:00,MACH-A,37.28,1.89
2023-07-24 19:00:00,MACH-A,52.11,2.43
2023-07-24 20:00:00,MACH-A,60.63,1.82
2023-07-24 21:00:00,MACH-A,46.24,2.04
2023-07-24 22:00:00,MACH-A,63.51,2.7
2023-07-24 23:00:00,MACH-A,62.93,2.01
2023-07-25 00:00:00,MACH-A,66.64,1.15
2023-07-25 01:00:00,MACH-A,53.05,2.18
2023-07-25 02:00:00,MACH-A,55.87,1.65
2023-07-25 03:00:00,MACH-A,64.14,2.43
2023-07-25 04:00:00,MACH-A,54.47,2.35
2023-07-25 05:00:00,MACH-A,44.99,2.74
2023-07-25 06:00:00,MACH-A,45.51,2.45
2023-07-25 07:00:00,MACH-A,52.39,2.55
2023-07-25 08:00:00,MACH-A,37.09,1.67
2023-07-25 09:00:00,MACH-A,48.57,2.4
2023-07-25 10:00:00,MACH-A,60.97,2.98
2023-07-25 11:00:00,MACH-A,28.09,1.66
2023-07-25 12:00:00,MACH-A,65.34,2.9
2023-07-25 13:00:00,MACH-A,61.22,1.73
2023-07-25 14:00:00,MACH-A,45.4,1.57
2023-07-25 15:00:00,MACH-A,55.43,2.15
2023-07-25 16:00:00,MACH-A,50.03,2.36
2023-07-25 17:00:00,MACH-A,62.3,2.46
2023-07-25 18:00:00,MACH-A,59.83,1.52
2023-07-25 19:00:00,MACH-A,36.0,2.22
2023-07-25 20:00:00,MACH-A,55.87,1.66
2023-07-25 21:00:00,MACH-A,47.94,1.26
2023-07-25 22:00:00,MACH-A,50.83,1.54
2023-07-25 23:00:00,MACH-A,42.72,1.62
2023-07-26 00:00:00,MACH-A,67.48,2.26
2023-07-26 01:00:00,MACH-A,60.4,2.58
2023-07-26 02:00:00,MACH-A,42.6,1.26
2023-07-26 03:00:00,MACH-A,36.65,2.18
2023-07-26 04:00:00,MACH-A,46.14,1.41
2023-07-26 05:00:00,MACH-A,54.35,2.31
2023-07-26 06:00:00,MACH-A,52.4,1.69
2023-07-26 07:00:00,MACH-A,62.53,1.47
2023-07-26 08:00:00,MACH-A,57.9,2.4
2023-07-26 09:00:00,MACH-A,59.7,1.71
2023-07-26 10:00:00,MACH-A,53.27,1.84
2023-07-26 11:00:00,MACH-A,36.11,0.89
2023-07-26 12:00:00,MACH-A,48.04,2.47
2023-07-26 13:00:00,MACH-A,60.6,2.41
2023-07-26 14:00:00,MACH-A,49.48,2.0
2023-07-26 15:00:00,MACH-A,55.03,1.24
2023-07-26 16:00:00,MACH-A,46.81,2.6
2023-07-26 17:00:00,MACH-A,39.7,1.67
2023-07-26 18:00:00,MACH-A,48.77,1.77
2023-07-26 19:00:00,MACH-A,53.09,3.16
2023-07-26 20:00:00,MACH-A,43.44,1.65
2023-07-26 21:00:00,MACH-A,47.64,2.37
2023-07-26 22:00:00,MACH-A,40.61,2.28
2023-07-26 23:00:00,MACH-A,61.19,2.2
2023-07-27 00:00:00,MACH-A,47.06,2.14
2023-07-27 01:00:00,MACH-A,64.53,2.19
2023-07-27 02:00:00,MACH-A,65.29,2.14
2023-07-27 03:00:00,MACH-A,49.19,1.97
2023-07-27 04:00:00,MACH-A,39.92,2.76
2023-07-27 05:00:00,MACH-A,29.14,1.34
2023-07-27 06:00:00,MACH-A,35.28,2.51
2023-07-27 07:00:00,MACH-A,36.26,2.41
2023-07-27 08:00:00,MACH-A,63.78,2.35
2023-07-27 09:00:00,MACH-A,51.16,2.56
2023-07-27 10:00:00,MACH-A,53.9,1.95
2023-07-27 11:00:00,MACH-A,27.8,1.07
2023-07-27 12:00:00,MACH-A,38.02,1.96
2023-07-27 13:00:00,MACH-A,58.87,1.5
2023-07-27 14:00:00,MACH-A,52.87,1.63
2023-07-27 15:00:00,MACH-A,48.53,1.38
2023-07-27 16:00:00,MACH-A,55.65,1.76
2023-07-27 17:00:00,MACH-A,66.36,1.7
2023-07-27 18:00:00,MACH-A,47.79,0.81
2023-07-27 19:00:00,MACH-A,50.69,2.35
2023-07-27 20:00:00,MACH-A,51.93,3.11
2023-07-27 21:00:00,MACH-A,73.92,2.3
2023-07-27 22:00:00,MACH-A,29.01,1.9
2023-07-27 23:00:00,MACH-A,56.83,1.97
2023-07-28 00:00:00,MACH-A,48.85,1.79
2023-07-28 01:00:00,MACH-A,55.67,2.05
2023-07-28 02:00:00,MACH-A,43.43,1.98
2023-07-28 03:00:00,MACH-A,49.51,1.58
2023-07-28 04:00:00,MACH-A,57.11,2.84
2023-07-28 05:00:00,MACH-A,81.13,1.26
2023-07-28 06:00:00,MACH-A,58.08,2.36
2023-07-28 07:00:00,MACH-A,41.52,1.95
2023-07-28 08:00:00,MACH-A,45.76,2.95
2023-07-28 09:00:00,MACH-A,45.47,2.17
2023-07-28 10:00:00,MACH-A,32.04,1.82
2023-07-28 11:00:00,MACH-A,46.7,1.88
2023-07-28 12:00:00,MACH-A,57.33,2.02
2023-07-28 13:00:00,MACH-A,37.26,1.43
2023-07-28 14:00:00,MACH-A,60.48,1.62
2023-07-28 15:00:00,MACH-A,54.88,1.11
2023-07-28 16:00:00,MACH-A,42.66,1.54
2023-07-28 17:00:00,MACH-A,48.58,2.05
2023-07-28 18:00:00,MACH-A,65.98,2.15
2023-07-28 19:00:00,MACH-A,57.34,1.01
2023-07-28 20:00:00,MACH-A,50.09,1.93
2023-07-28 21:00:00,MACH-A,47.62,2.28
2023-07-28 22:00:00,MACH-A,50.77,1.92
2023-07-28 23:00:00,MACH-A,44.88,1.68
2023-07-29 00:00:00,MACH-A,28.95,1.79
2023-07-29 01:00:00,MACH-A,70.42,1.73
2023-07-29 02:00:00,MACH-A,51.55,1.68
2023-07-29 03:00:00,MACH-A,53.98,2.09
2023-07-29 04:00:00,MACH-A,49.42,3.15
2023-07-29 05:00:00,MACH-A,42.65,1.63
2023-07-29 06:00:00,MACH-A,48.14,1.84
2023-07-29 07:00:00,MACH-A,34.01,1.97
2023-07-29 08:00:00,MACH-A,72.77,1.66
2023-07-29 09:00:00,MACH-A,37.65,2.55
2023-07-29 10:00:00,MACH-A,39.68,0.81
2023-07-29 11:00:00,MACH-A,45.6,1.73
2023-07-29 12:00:00,MACH-A,62.88,2.41
2023-07-29 13:00:00,MACH-A,50.15,1.85
2023-07-29 14:00:00,MACH-A,37.64,1.59
2023-07-29 15:00:00,MACH-A,62.54,2.22
2023-07-29 16:00:00,MACH-A,57.31,2.45
2023-07-29 17:00:00,MACH-A,55.38,2.11
2023-07-29 18:00:00,MACH-A,57.16,1.6
2023-07-29 19:00:00,MACH-A,73.94,2.23
2023-07-29 20:00:00,MACH-A,71.85,1.8
2023-07-29 21:00:00,MACH-A,43.13,2.37
2023-07-29 22:00:00,MACH-A,66.24,2.74
2023-07-29 23:00:00,MACH-A,53.83,0.7
2023-07-30 00:00:00,MACH-A,54.99,2.06
2023-07-30 01:00:00,MACH-A,33.08,1.13
2023-07-30 02:00:00,MACH-A,48.3,3.22
2023-07-30 03:00:00,MACH-A,41.87,1.77
2023-07-30 04:00:00,MACH-A,58.28,2.37
2023-07-30 05:00:00,MACH-A,60.71,1.98
2023-07-30 06:00:00,MACH-A,29.26,1.6
2023-07-30 07:00:00,MACH-A,49.78,1.54
2023-07-30 08:00:00,MACH-A,61.22,2.79
2023-07-30 09:00:00,MACH-A,48.13,2.48
2023-07-30 10:00:00,MACH-A,57.29,2.97
2023-07-30 11:00:00,MACH-A,53.51,2.03
2023-07-30 12:00:00,MACH-A,53.42,2.14
2023-07-30 13:00:00,MACH-A,47.29,1.87
2023-07-30 14:00:00,MACH-A,37.83,1.86
2023-07-30 15:00:00,MACH-A,38.78,1.48
2023-07-30 16:00:00,MACH-A,57.09,2.04
2023-07-30 17:00:00,MACH-A,50.19,1.61
2023-07-30 18:00:00,MACH-A,48.61,2.22
2023-07-30 19:00:00,MACH-A,45.76,2.09
2023-07-30 20:00:00,MACH-A,46.95,2.14
2023-07-30 21:00:00,MACH-A,60.47,2.84
2023-07-30 22:00:00,MACH-A,46.65,1.98
2023-07-30 23:00:00,MACH-A,36.59,2.38
2023-07-31 00:00:00,MACH-A,57.44,3.03
2023-07-31 01:00:00,MACH-A,47.95,2.65
2023-07-31 02:00:00,MACH-A,50.31,2.58
2023-07-31 03:00:00,MACH-A,66.08,1.85
2023-07-31 04:00:00,MACH-A,49.79,2.11
2023-07-31 05:00:00,MACH-A,52.89,1.34
2023-07-31 06:00:00,MACH-A,38.21,2.25
2023-07-31 07:00:00,MACH-A,47.8,2.14
2023-07-31 08:00:00,MACH-A,56.1,2.01
2023-07-31 09:00:00,MACH-A,34.45,2.51
2023-07-31 10:00:00,MACH-A,52.01,1.4
2023-07-31 11:00:00,MACH-A,51.01,2.82
2023-07-31 12:00:00,MACH-A,50.41,2.45
2023-07-31 13:00:00,MACH-A,60.37,1.96
2023-07-31 14:00:00,MACH-A,53.34,1.93
2023-07-31 15:00:00,MACH-A,64.78,2.24
2023-07-31 16:00:00,MACH-A,40.06,2.76
2023-07-31 17:00:00,MACH-A,51.36,2.05
2023-07-31 18:00:00,MACH-A,50.84,2.07
2023-07-31 19:00:00,MACH-A,39.31,2.01
2023-07-31 20:00:00,MACH-A,59.56,2.89
2023-07-31 21:00:00,MACH-A,73.25,1.82
2023-07-31 22:00:00,MACH-A,49.83,1.99
2023-07-31 23:00:00,MACH-A,55.05,2.73
2023-08-01 00:00:00,MACH-A,50.85,2.07
2023-08-01 01:00:00,MACH-A,42.86,2.57
2023-08-01 02:00:00,MACH-A,31.79,1.54
2023-08-01 03:00:00,MACH-A,42.94,1.9
2023-08-01 04:00:00,MACH-A,36.08,2.74
2023-08-01 05:00:00,MACH-A,67.04,1.66
2023-08-01 06:00:00,MACH-A,48.85,1.92
2023-08-01 07:00:00,MACH-A,46.54,2.13
2023-08-01 08:00:00,MACH-A,58.89,1.51
2023-08-01 09:00:00,MACH-A,38.78,1.79
2023-08-01 10:00:00,MACH-A,42.33,2.06
2023-08-01 11:00:00,MACH-A,50.68,2.02
2023-08-01 12:00:00,MACH-A,60.29,2.64
2023-08-01 13:00:00,MACH-A,55.02,2.77
2023-08-01 14:00:00,MACH-A,52.48,1.57
2023-08-01 15:00:00,MACH-A,50.78,2.06
2023-08-01 16:00:00,MACH-A,54.0,2.34
2023-08-01 17:00:00,MACH-A,52.02,2.76
2023-08-01 18:00:00,MACH-A,39.7,2.36
2023-08-01 19:00:00,MACH-A,50.46,2.15
2023-08-01 20:00:00,MACH-A,39.26,2.33
2023-08-01 21:00:00,MACH-A,50.81,2.34
2023-08-01 22:00:00,MACH-A,45.19,1.54
2023-08-01 23:00:00,MACH-A,75.39,2.1
2023-08-02 00:00:00,MACH-A,49.6,2.73
2023-08-02 01:00:00,MACH-A,35.96,1.9
2023-08-02 02:00:00,MACH-A,48.66,2.06
2023-08-02 03:00:00,MACH-A,55.19,1.88
2023-08-02 04:00:00,MACH-A,66.73,0.84
2023-08-02 05:00:00,MACH-A,44.11,2.01
2023-08-02 06:00:00,MACH-A,34.18,2.15
2023-08-02 07:00:00,MACH-A,58.17,1.74
2023-08-02 08:00:00,MACH-A,36.19,1.42
2023-08-02 09:00:00,MACH-A,45.64,1.56
2023-08-02 10:00:00,MACH-A,47.42,2.38
2023-08-02 11:00:00,MACH-A,49.3,2.99
2023-08-02 12:00:00,MACH-A,56.89,2.69
2023-08-02 13:00:00,MACH-A,43.16,1.33
2023-08-02 14:00:00,MACH-A,47.26,2.43
2023-08-02 15:00:00,MACH-A,49.86,1.67
2023-08-02 16:00:00,MACH-A,51.5,1.71
2023-08-02 17:00:00,MACH-A,50.98,1.77
2023-08-02 18:00:00,MACH-A,54.36,2.35
2023-08-02 19:00:00,MACH-A,58.44,2.48
2023-08-02 20:00:00,MACH-A,53.93,1.95
2023-08-02 21:00:00,MACH-A,54.54,1.96
2023-08-02 22:00:00,MACH-A,34.18,2.23
2023-08-02 23:00:00,MACH-A,50.5,2.28
2023-08-03 00:00:00,MACH-A,54.8,2.59
2023-08-03 01:00:00,MACH-A,57.29,1.36
2023-08-03 02:00:00,MACH-A,43.08,2.01
2023-08-03 03:00:00,MACH-A,43.41,1.47
2023-08-03 04:00:00,MACH-A,44.26,1.97
2023-08-03 05:00:00,MACH-A,55.36,1.89
2023-08-03 06:00:00,MACH-A,60.34,1.98
2023-08-03 07:00:00,MACH-A,45.93,1.6
2023-08-03 08:00:00,MACH-A,59.08,1.26
2023-08-03 09:00:00,MACH-A,51.23,0.95
2023-08-03 10:00:00,MACH-A,48.76,1.93
2023-08-03 11:00:00,MACH-A,47.89,1.78
2023-08-03 12:00:00,MACH-A,57.47,1.66
2023-08-03 13:00:00,MACH-A,53.26,2.66
2023-08-03 14:00:00,MACH-A,72.76,1.57
2023-08-03 15:00:00,MACH-A,41.48,2.71
2023-08-03 16:00:00,MACH-A,55.18,2.81
2023-08-03 17:00:00,MACH-A,44.71,1.02
2023-08-03 18:00:00,MACH-A,41.31,2.05
2023-08-03 19:00:00,MACH-A,49.89,1.8
2023-08-03 20:00:00,MACH-A,51.37,0.54
2023-08-03 21:00:00,MACH-A,79.18,1.28
2023-08-03 22:00:00,MACH-A,48.16,2.39
2023-08-03 23:00:00,MACH-A,38.7,3.01
2023-08-04 00:00:00,MACH-A,52.73,2.45
2023-08-04 01:00:00,MACH-A,29.25,2.16
2023-08-04 02:00:00,MACH-A,49.08,1.99
2023-08-04 03:00:00,MACH-A,50.16,2.84
2023-08-04 04:00:00,MACH-A,57.95,3.07
2023-08-04 05:00:00,MACH-A,59.74,1.71
2023-08-04 06:00:00,MACH-A,44.96,1.0
2023-08-04 07:00:00,MACH-A,48.49,0.95
2023-08-04 08:00:00,MACH-A,42.34,2.66
2023-08-04 09:00:00,MACH-A,38.72,1.98
2023-08-04 10:00:00,MACH-A,53.1,2.09
2023-08-04 11:00:00,MACH-A,37.26,1.1
2023-08-04 12:00:00,MACH-A,45.85,1.62
2023-08-04 13:00:00,MACH-A,40.05,1.85
2023-08-04 14:00:00,MACH-A,55.5,2.1
2023-08-04 15:00:00,MACH-A,68.01,1.8
2023-08-04 16:00:00,MACH-A,36.98,1.48
2023-08-04 17:00:00,MACH-A,31.47,1.61
2023-08-04 18:00:00,MACH-A,48.75,2.6
2023-08-04 19:00:00,MACH-A,50.16,2.12
2023-08-04 20:00:00,MACH-A,52.19,2.31
2023-08-04 21:00:00,MACH-A,45.54,1.55
2023-08-04 22:00:00,MACH-A,47.99,0.52
2023-08-04 23:00:00,MACH-A,53.68,1.74
2023-08-05 00:00:00,MACH-A,60.4,1.57
2023-08-05 01:00:00,MACH-A,30.45,2.17
2023-08-05 02:00:00,MACH-A,46.31,3.64
2023-08-05 03:00:00,MACH-A,52.14,2.35
2023-08-05 04:00:00,MACH-A,40.82,3.37
2023-08-05 05:00:00,MACH-A,67.31,2.28
2023-08-05 06:00:00,MACH-A,43.65,1.69
2023-08-05 07:00:00,MACH-A,49.59,2.17
2023-08-05 08:00:00,MACH-A,55.56,2.89
2023-08-05 09:00:00,MACH-A,44.09,2.91
2023-08-05 10:00:00,MACH-A,31.53,1.71
2023-08-05 11:00:00,MACH-A,45.71,2.13
2023-08-05 12:00:00,MACH-A,60.29,1.29
2023-08-05 13:00:00,MACH-A,46.63,2.41
2023-08-05 14:00:00,MACH-A,41.54,2.78
2023-08-05 15:00:00,MACH-A,59.26,2.02
2023-08-05 16:00:00,MACH-A,46.69,1.67
2023-08-05 17:00:00,MACH-A,44.9,2.18
2023-08-05 18:00:00,MACH-A,51.49,2.21
2023-08-05 19:00:00,MACH-A,57.71,2.04
2023-08-05 20:00:00,MACH-A,73.82,2.09
2023-08-05 21:00:00,MACH-A,58.27,1.91
2023-08-05 22:00:00,MACH-A,61.6,2.5
2023-08-05 23:00:00,MACH-A,44.94,2.37
2023-08-06 00:00:00,MACH-A,39.74,1.51
2023-08-06 01:00:00,MACH-A,50.62,1.49
2023-08-06 02:00:00,MACH-A,51.07,1.87
2023-08-06 03:00:00,MACH-A,39.21,2.37
2023-08-06 04:00:00,MACH-A,48.25,2.07
2023-08-06 05:00:00,MACH-A,53.99,1.68
2023-08-06 06:00:00,MACH-A,53.6,2.13
2023-08-06 07:00:00,MACH-A,55.04,1.83
2023-08-06 08:00:00,MACH-A,52.91,2.44
2023-08-06 09:00:00,MACH-A,44.93,2.17
2023-08-06 10:00:00,MACH-A,44.86,1.84
2023-08-06 11:00:00,MACH-A,38.01,2.12
2023-08-06 12:00:00,MACH-A,67.85,2.66
2023-08-06 13:00:00,MACH-A,50.13,1.72
2023-08-06 14:00:00,MACH-A,47.75,2.2
2023-08-06 15:00:00,MACH-A,40.71,1.96
2023-08-06 16:00:00,MACH-A,79.36,2.21
2023-08-06 17:00:00,MACH-A,39.27,1.67
2023-08-06 18:00:00,MACH-A,45.71,2.06
2023-08-06 19:00:00,MACH-A,54.16,2.55
2023-08-06 20:00:00,MACH-A,56.0,1.53
2023-08-06 21:00:00,MACH-A,59.58,1.34
2023-08-06 22:00:00,MACH-A,68.08,1.35
2023-08-06 23:00:00,MACH-A,55.06,1.41
2023-08-07 00:00:00,MACH-A,39.44,2.3
2023-08-07 01:00:00,MACH-A,47.43,1.3
2023-08-07 02:00:00,MACH-A,53.08,1.85
2023-08-07 03:00:00,MACH-A,70.68,2.31
2023-08-07 04:00:00,MACH-A,36.02,2.21
2023-08-07 05:00:00,MACH-A,62.03,1.81
2023-08-07 06:00:00,MACH-A,51.8,2.1
2023-08-07 07:00:00,MACH-A,58.38,2.05
2023-08-07 08:00:00,MACH-A,48.98,1.89
2023-08-07 09:00:00,MACH-A,41.58,1.89
2023-08-07 10:00:00,MACH-A,57.51,3.12
2023-08-07 11:00:00,MACH-A,56.54,2.4
2023-08-07 12:00:00,MACH-A,59.72,3.24
2023-08-07 13:00:00,MACH-A,49.87,1.75
2023-08-07 14:00:00,MACH-A,44.0,1.96
2023-08-07 15:00:00,MACH-A,34.41,1.33
2023-08-07 16:00:00,MACH-A,58.19,1.6
2023-08-07 17:00:00,MACH-A,54.24,2.95
2023-08-07 18:00:00,MACH-A,40.34,1.74
2023-08-07 19:00:00,MACH-A,44.61,2.96
2023-08-07 20:00:00,MACH-A,45.33,1.38
2023-08-07 21:00:00,MACH-A,35.17,1.47
2023-08-07 22:00:00,MACH-A,41.82,1.83
2023-08-07 23:00:00,MACH-A,38.66,1.97
2023-08-08 00:00:00,MACH-A,45.88,2.46
2023-08-08 01:00:00,MACH-A,42.61,2.23
2023-08-08 02:00:00,MACH-A,33.73,1.79
2023-08-08 03:00:00,MACH-A,70.23,1.93
2023-08-08 04:00:00,MACH-A,62.53,1.84
2023-08-08 05:00:00,MACH-A,42.21,1.54
2023-08-08 06:00:00,MACH-A,52.72,1.56
2023-08-08 07:00:00,MACH-A,54.17,2.51
2023-08-08 08:00:00,MACH-A,61.91,1.09
2023-08-08 09:00:00,MACH-A,41.81,2.81
2023-08-08 10:00:00,MACH-A,60.92,1.83
2023-08-08 11:00:00,MACH-A,44.52,1.61
2023-08-08 12:00:00,MACH-A,36.64,2.37
2023-08-08 13:00:00,MACH-A,57.24,2.74
2023-08-08 14:00:00,MACH-A,62.91,2.56
2023-08-08 15:00:00,MACH-A,75.88,2.25
2023-08-08 16:00:00,MACH-A,38.0,2.54
2023-08-08 17:00:00,MACH-A,56.99,1.14
2023-08-08 18:00:00,MACH-A,45.9,1.74
2023-08-08 19:00:00,MACH-A,57.83,1.54
2023-08-08 20:00:00,MACH-A,35.3,2.61
2023-08-08 21:00:00,MACH-A,37.37,1.81
2023-08-08 22:00:00,MACH-A,42.24,2.42
2023-08-08 23:00:00,MACH-A,50.79,2.27
2023-08-09 00:00:00,MACH-A,43.59,1.57
2023-08-09 01:00:00,MACH-A,56.59,1.71
2023-08-09 02:00:00,MACH-A,60.27,2.65
2023-08-09 03:00:00,MACH-A,56.0,1.61
2023-08-09 04:00:00,MACH-A,66.19,2.06
2023-08-09 05:00:00,MACH-A,54.16,1.61
2023-08-09 06:00:00,MACH-A,37.83,1.84
2023-08-09 07:00:00,MACH-A,63.63,1.98
2023-08-09 08:00:00,MACH-A,43.95,1.61
2023-08-09 09:00:00,MACH-A,59.1,1.52
2023-08-09 10:00:00,MACH-A,65.74,2.14
2023-08-09 11:00:00,MACH-A,54.57,1.58
2023-08-09 12:00:00,MACH-A,35.04,1.59
2023-08-09 13:00:00,MACH-A,40.82,1.53
2023-08-09 14:00:00,MACH-A,63.23,1.96
2023-08-09 15:00:00,MACH-A,48.31,2.47
2023-08-09 16:00:00,MACH-A,50.8,2.75
2023-08-09 17:00:00,MACH-A,57.59,1.64
2023-08-09 18:00:00,MACH-A,56.96,3.08
2023-08-09 19:00:00,MACH-A,52.79,1.5
2023-08-09 20:00:00,MACH-A,47.91,2.54
2023-08-09 21:00:00,MACH-A,46.87,1.64
2023-08-09 22:00:00,MACH-A,58.58,1.56
2023-08-09 23:00:00,MACH-A,55.54,1.63
2023-08-10 00:00:00,MACH-A,47.43,1.97
2023-08-10 01:00:00,MACH-A,60.82,2.29
2023-08-10 02:00:00,MACH-A,48.71,2.33
2023-08-10 03:00:00,MACH-A,41.48,1.53
2023-08-10 04:00:00,MACH-A,42.41,1.51
2023-08-10 05:00:00,MACH-A,40.21,1.54
2023-08-10 06:00:00,MACH-A,47.28,1.94
2023-08-10 07:00:00,MACH-A,62.34,1.89
2023-08-10 08:00:00,MACH-A,41.95,1.52
2023-08-10 09:00:00,MACH-A,51.88,2.13
2023-08-10 10:00:00,MACH-A,43.43,3.13
2023-08-10 11:00:00,MACH-A,47.4,1.75
2023-08-10 12:00:00,MACH-A,34.9,1.78
2023-08-10 13:00:00,MACH-A,47.79,2.28
2023-08-10 14:00:00,MACH-A,48.06,1.72
2023-08-10 15:00:00,MACH-A,55.4,2.33
2023-08-10 16:00:00,MACH-A,52.23,1.64
2023-08-10 17:00:00,MACH-A,38.02,2.92
2023-08-10 18:00:00,MACH-A,60.84,2.17
2023-08-10 19:00:00,MACH-A,52.1,1.69
2023-08-10 20:00:00,MACH-A,51.98,1.71
2023-08-10 21:00:00,MACH-A,49.91,1.74
2023-08-10 22:00:00,MACH-A,44.82,2.69
2023-08-10 23:00:00,MACH-A,52.18,1.37
2023-08-11 00:00:00,MACH-A,54.76,1.67
2023-08-11 01:00:00,MACH-A,32.53,1.72
2023-08-11 02:00:00,MACH-A,44.61,1.99
2023-08-11 03:00:00,MACH-A,47.45,1.86
2023-08-11 04:00:00,MACH-A,52.56,1.25
2023-08-11 05:00:00,MACH-A,61.93,1.8
2023-08-11 06:00:00,MACH-A,42.28,1.95
2023-08-11 07:00:00,MACH-A,45.02,1.69
2023-08-11 08:00:00,MACH-A,44.87,2.34
2023-08-11 09:00:00,MACH-A,41.98,2.46
2023-08-11 10:00:00,MACH-A,46.53,1.96
2023-08-11 11:00:00,MACH-A,57.71,2.12
2023-08-11 12:00:00,MACH-A,39.46,0.92
2023-08-11 13:00:00,MACH-A,54.28,1.79
2023-08-11 14:00:00,MACH-A,32.98,2.5
2023-08-11 15:00:00,MACH-A,44.39,1.79
2023-08-11 16:00:00,MACH-A,46.71,1.63
2023-08-11 17:00:00,MACH-A,66.75,3.14
2023-08-11 18:00:00,MACH-A,47.25,2.91
2023-08-11 19:00:00,MACH-A,27.99,2.23
2023-08-11 20:00:00,MACH-A,30.01,2.57
2023-08-11 21:00:00,MACH-A,50.34,0.89
2023-08-11 22:00:00,MACH-A,56.14,1.61
2023-08-11 23:00:00,MACH-A,53.75,1.77
2023-08-12 00:00:00,MACH-A,51.68,1.88
2023-08-12 01:00:00,MACH-A,61.62,1.76
2023-08-12 02:00:00,MACH-A,44.6,0.72
2023-08-12 03:00:00,MACH-A,58.95,2.19
2023-08-12 04:00:00,MACH-A,33.68,2.27
2023-08-12 05:00:00,MACH-A,40.95,2.8
2023-08-12 06:00:00,MACH-A,31.93,1.61
2023-08-12 07:00:00,MACH-A,47.25,1.56
2023-08-12 08:00:00,MACH-A,49.54,0.66
2023-08-12 09:00:00,MACH-A,51.14,1.85
2023-08-12 10:00:00,MACH-A,50.62,2.45
2023-08-12 11:00:00,MACH-A,40.72,1.69
2023-08-12 12:00:00,MACH-A,48.1,3.07
2023-08-12 13:00:00,MACH-A,35.03,1.87
2023-08-12 14:00:00,MACH-A,63.63,2.07
2023-08-12 15:00:00,MACH-A,46.96,1.32
2023-08-12 16:00:00,MACH-A,45.11,2.14
2023-08-12 17:00:00,MACH-A,65.89,1.01
2023-08-12 18:00:00,MACH-A,37.58,2.35
2023-08-12 19:00:00,MACH-A,38.74,2.36
2023-08-12 20:00:00,MACH-A,39.04,2.68
2023-08-12 21:00:00,MACH-A,49.32,1.49
2023-08-12 22:00:00,MACH-A,54.32,2.08
2023-08-12 23:00:00,MACH-A,57.4,2.28
2023-08-13 00:00:00,MACH-A,75.72,2.22
2023-08-13 01:00:00,MACH-A,27.51,1.57
2023-08-13 02:00:00,MACH-A,56.09,0.8
2023-08-13 03:00:00,MACH-A,44.43,2.17
2023-08-13 04:00:00,MACH-A,44.14,1.92
2023-08-13 05:00:00,MACH-A,43.8,1.72
2023-08-13 06:00:00,MACH-A,40.91,2.38
2023-08-13 07:00:00,MACH-A,66.85,1.98
2023-08-13 08:00:00,MACH-A,58.42,1.34
2023-08-13 09:00:00,MACH-A,50.23,1.03
2023-08-13 10:00:00,MACH-A,63.51,1.44
2023-08-13 11:00:00,MACH-A,34.87,3.2
2023-08-13 12:00:00,MACH-A,36.69,2.36
2023-08-13 13:00:00,MACH-A,28.22,2.09
2023-08-13 14:00:00,MACH-A,43.01,1.91
2023-08-13 15:00:00,MACH-A,51.62,1.88
2023-08-13 16:00:00,MACH-A,51.03,2.58
2023-08-13 17:00:00,MACH-A,51.49,1.75
2023-08-13 18:00:00,MACH-A,35.89,2.29
2023-08-13 19:00:00,MACH-A,58.03,1.83
2023-08-13 20:00:00,MACH-A,52.4,2.97
2023-08-13 21:00:00,MACH-A,57.33,2.37
2023-08-13 22:00:00,MACH-A,31.07,2.62
2023-08-13 23:00:00,MACH-A,53.11,1.71
2023-08-14 00:00:00,MACH-A,38.12,2.53
2023-08-14 01:00:00,MACH-A,46.03,1.84
2023-08-14 02:00:00,MACH-A,55.34,2.06
2023-08-14 03:00:00,MACH-A,50.91,2.82
2023-08-14 04:00:00,MACH-A,41.48,1.48
2023-08-14 05:00:00,MACH-A,50.06,2.1
2023-08-14 06:00:00,MACH-A,34.68,2.22
2023-08-14 07:00:00,MACH-A,61.5,2.26
2023-08-14 08:00:00,MACH-A,47.95,1.77
2023-08-14 09:00:00,MACH-A,61.19,3.04
2023-08-14 10:00:00,MACH-A,44.73,1.35
2023-08-14 11:00:00,MACH-A,44.76,2.73
2023-08-14 12:00:00,MACH-A,42.36,2.61
2023-08-14 13:00:00,MACH-A,58.76,2.95
2023-08-14 14:00:00,MACH-A,42.91,1.21
2023-08-14 15:00:00,MACH-A,56.45,1.57
2023-08-14 16:00:00,MACH-A,46.18,2.75
2023-08-14 17:00:00,MACH-A,30.24,1.06
2023-08-14 18:00:00,MACH-A,44.3,1.2
2023-08-14 19:00:00,MACH-A,38.21,1.76
2023-08-14 20:00:00,MACH-A,50.34,2.1
2023-08-14 21:00:00,MACH-A,38.1,2.8
2023-08-14 22:00:00,MACH-A,59.26,1.91
2023-08-14 23:00:00,MACH-A,49.09,1.7
2023-08-15 00:00:00,MACH-A,48.22,2.16
2023-08-15 01:00:00,MACH-A,56.56,2.23
2023-08-15 02:00:00,MACH-A,59.64,2.22
2023-08-15 03:00:00,MACH-A,49.8,1.91
2023-08-15 04:00:00,MACH-A,42.29,1.02
2023-08-15 05:00:00,MACH-A,32.26,1.54
2023-08-15 06:00:00,MACH-A,43.14,2.71
2023-08-15 07:00:00,MACH-A,43.83,2.09
2023-08-15 08:00:00,MACH-A,51.07,1.84
2023-08-15 09:00:00,MACH-A,46.55,2.56
2023-08-15 10:00:00,MACH-A,56.88,1.43
2023-08-15 11:00:00,MACH-A,43.87,1.89
2023-08-15 12:00:00,MACH-A,49.43,2.07
2023-08-15 13:00:00,MACH-A,61.84,1.78
2023-08-15 14:00:00,MACH-A,53.42,2.05
2023-08-15 15:00:00,MACH-A,49.4,1.91
2023-08-15 16:00:00,MACH-A,43.98,1.3
2023-08-15 17:00:00,MACH-A,43.67,2.09
2023-08-15 18:00:00,MACH-A,41.49,1.34
2023-08-15 19:00:00,MACH-A,44.59,2.08
2023-08-15 20:00:00,MACH-A,57.56,2.69
2023-08-15 21:00:00,MACH-A,47.78,1.86
2023-08-15 22:00:00,MACH-A,36.5,1.41
2023-08-15 23:00:00,MACH-A,67.68,1.94
2023-08-16 00:00:00,MACH-A,53.2,1.58
2023-08-16 01:00:00,MACH-A,35.93,2.3
2023-08-16 02:00:00,MACH-A,45.58,1.93
2023-08-16 03:00:00,MACH-A,83.19,4.23
2023-08-16 04:00:00,MACH-A,67.05,2.58
2023-08-16 05:00:00,MACH-A,38.92,1.92
2023-08-16 06:00:00,MACH-A,59.76,2.36
2023-08-16 07:00:00,MACH-A,63.99,1.8
2023-08-16 08:00:00,MACH-A,43.71,2.02
2023-08-16 09:00:00,MACH-A,47.22,1.82
2023-08-16 10:00:00,MACH-A,39.64,2.38
2023-08-16 11:00:00,MACH-A,47.97,2.72
2023-08-16 12:00:00,MACH-A,49.63,2.4
2023-08-16 13:00:00,MACH-A,56.6,2.46
2023-08-16 14:00:00,MACH-A,60.9,2.46
2023-08-16 15:00:00,MACH-A,42.52,2.28
2023-08-16 16:00:00,MACH-A,30.33,1.43
2023-08-16 17:00:00,MACH-A,49.79,2.85
2023-08-16 18:00:00,MACH-A,52.94,2.9
2023-08-16 19:00:00,MACH-A,52.49,1.88
2023-08-16 20:00:00,MACH-A,46.73,1.81
2023-08-16 21:00:00,MACH-A,51.25,2.31
2023-08-16 22:00:00,MACH-A,65.15,2.28
2023-08-16 23:00:00,MACH-A,53.82,1.9
2023-08-17 00:00:00,MACH-A,46.27,1.37
2023-08-17 01:00:00,MACH-A,45.0,2.15
2023-08-17 02:00:00,MACH-A,48.3,2.28
2023-08-17 03:00:00,MACH-A,66.37,2.36
2023-08-17 04:00:00,MACH-A,48.17,2.17
2023-08-17 05:00:00,MACH-A,49.8,1.86
2023-08-17 06:00:00,MACH-A,45.18,2.5
2023-08-17 07:00:00,MACH-A,60.99,2.03
2023-08-17 08:00:00,MACH-A,69.6,1.77
2023-08-17 09:00:00,MACH-A,54.51,1.91
2023-08-17 10:00:00,MACH-A,50.83,1.13
2023-08-17 11:00:00,MACH-A,50.37,1.91
2023-08-17 12:00:00,MACH-A,26.16,2.34
2023-08-17 13:00:00,MACH-A,57.45,2.17
2023-08-17 14:00:00,MACH-A,51.34,2.76
2023-08-17 15:00:00,MACH-A,54.28,1.87
2023-08-17 16:00:00,MACH-A,42.89,2.24
2023-08-17 17:00:00,MACH-A,46.16,2.4
2023-08-17 18:00:00,MACH-A,45.89,3.17
2023-08-17 19:00:00,MACH-A,60.22,2.07
2023-08-17 20:00:00,MACH-A,46.21,1.48
2023-08-17 21:00:00,MACH-A,70.83,2.42
2023-08-17 22:00:00,MACH-A,54.31,2.93
2023-08-17 23:00:00,MACH-A,37.24,1.84
2023-08-18 00:00:00,MACH-A,48.71,2.42
2023-08-18 01:00:00,MACH-A,43.48,2.61
2023-08-18 02:00:00,MACH-A,28.06,2.51
2023-08-18 03:00:00,MACH-A,65.99,2.06
2023-08-18 04:00:00,MACH-A,57.03,1.65
2023-08-18 05:00:00,MACH-A,55.33,1.96
2023-08-18 06:00:00,MACH-A,51.65,2.23
2023-08-18 07:00:00,MACH-A,36.18,2.45
2023-08-18 08:00:00,MACH-A,45.16,2.17
2023-08-18 09:00:00,MACH-A,58.42,1.81
2023-08-18 10:00:00,MACH-A,39.49,2.28
2023-08-18 11:00:00,MACH-A,24.68,2.43
2023-08-18 12:00:00,MACH-A,47.73,2.19
2023-08-18 13:00:00,MACH-A,48.58,1.58
2023-08-18 14:00:00,MACH-A,51.36,1.91
2023-08-18 15:00:00,MACH-A,57.29,2.47
2023-08-18 16:00:00,MACH-A,56.38,1.31
2023-08-18 17:00:00,MACH-A,52.59,0.95
2023-08-18 18:00:00,MACH-A,61.96,2.75
2023-08-18 19:00:00,MACH-A,34.81,2.26
2023-08-18 20:00:00,MACH-A,55.05,2.3
2023-08-18 21:00:00,MACH-A,56.27,1.46
2023-08-18 22:00:00,MACH-A,37.6,2.37
2023-08-18 23:00:00,MACH-A,34.97,2.14
2023-08-19 00:00:00,MACH-A,42.54,1.21
2023-08-19 01:00:00,MACH-A,43.38,2.71
2023-08-19 02:00:00,MACH-A,57.53,2.08
2023-08-19 03:00:00,MACH-A,43.85,1.8
2023-08-19 04:00:00,MACH-A,41.44,1.81
2023-08-19 05:00:00,MACH-A,43.88,0.99
2023-08-19 06:00:00,MACH-A,61.19,2.3
2023-08-19 07:00:00,MACH-A,50.13,2.13
2023-08-19 08:00:00,MACH-A,48.21,1.9
2023-08-19 09:00:00,MACH-A,48.9,2.64
2023-08-19 10:00:00,MACH-A,62.92,1.31
2023-08-19 11:00:00,MACH-A,42.51,1.7
2023-08-19 12:00:00,MACH-A,63.16,1.57
2023-08-19 13:00:00,MACH-A,52.1,1.86
2023-08-19 14:00:00,MACH-A,48.4,2.03
2023-08-19 15:00:00,MACH-A,75.01,2.22
2023-08-19 16:00:00,MACH-A,39.44,1.83
2023-08-19 17:00:00,MACH-A,46.46,1.56
2023-08-19 18:00:00,MACH-A,37.68,2.84
2023-08-19 19:00:00,MACH-A,59.52,3.21
2023-08-19 20:00:00,MACH-A,66.89,2.07
2023-08-19 21:00:00,MACH-A,66.7,1.62
2023-08-19 22:00:00,MACH-A,62.24,2.74
2023-08-19 23:00:00,MACH-A,48.02,1.28
2023-08-20 00:00:00,MACH-A,46.35,1.83
2023-08-20 01:00:00,MACH-A,33.29,1.65
2023-08-20 02:00:00,MACH-A,70.36,1.42
2023-08-20 03:00:00,MACH-A,54.69,1.86
2023-08-20 04:00:00,MACH-A,45.08,1.57
2023-08-20 05:00:00,MACH-A,63.28,2.01
2023-08-20 06:00:00,MACH-A,40.27,2.01
2023-08-20 07:00:00,MACH-A,54.07,1.69
2023-08-20 08:00:00,MACH-A,48.27,1.81
2023-08-20 09:00:00,MACH-A,56.39,1.88
2023-08-20 10:00:00,MACH-A,49.36,2.4
2023-08-20 11:00:00,MACH-A,35.49,1.93
2023-08-20 12:00:00,MACH-A,50.76,2.41
2023-08-20 13:00:00,MACH-A,60.49,2.29
2023-08-20 14:00:00,MACH-A,49.71,2.29
2023-08-20 15:00:00,MACH-A,57.75,2.69
2023-08-20 16:00:00,MACH-A,82.68,4.27
2023-08-20 17:00:00,MACH-A,49.74,1.76
2023-08-20 18:00:00,MACH-A,43.75,2.88
2023-08-20 19:00:00,MACH-A,57.47,1.87
2023-08-20 20:00:00,MACH-A,50.31,0.59
2023-08-20 21:00:00,MACH-A,56.9,1.9
2023-08-20 22:00:00,MACH-A,60.88,2.07
2023-08-20 23:00:00,MACH-A,56.92,0.69
2023-08-21 00:00:00,MACH-A,52.73,2.67
2023-08-21 01:00:00,MACH-A,40.02,1.64
2023-08-21 02:00:00,MACH-A,49.97,2.16
2023-08-21 03:00:00,MACH-A,44.67,1.89
2023-08-21 04:00:00,MACH-A,46.56,1.36
2023-08-21 05:00:00,MACH-A,46.25,1.46
2023-08-21 06:00:00,MACH-A,40.2,1.53
2023-08-21 07:00:00,MACH-A,30.43,2.54
2023-08-21 08:00:00,MACH-A,43.32,1.93
2023-08-21 09:00:00,MACH-A,51.93,1.74
2023-08-21 10:00:00,MACH-A,36.52,1.53
2023-08-21 11:00:00,MACH-A,50.16,2.6
2023-08-21 12:00:00,MACH-A,69.0,2.73
2023-08-21 13:00:00,MACH-A,60.23,2.59
2023-08-21 14:00:00,MACH-A,66.44,2.25
2023-08-21 15:00:00,MACH-A,53.91,2.14
2023-08-21 16:00:00,MACH-A,61.68,1.39
2023-08-21 17:00:00,MACH-A,42.76,1.88
2023-08-21 18:00:00,MACH-A,43.56,1.66
2023-08-21 19:00:00,MACH-A,22.61,1.09
2023-08-21 20:00:00,MACH-A,61.86,2.53
2023-08-21 21:00:00,MACH-A,65.4,1.65
2023-08-21 22:00:00,MACH-A,44.47,2.6
2023-08-21 23:00:00,MACH-A,47.46,2.44
2023-08-22 00:00:00,MACH-A,42.46,2.28
2023-08-22 01:00:00,MACH-A,53.83,2.31
2023-08-22 02:00:00,MACH-A,61.25,1.69
2023-08-22 03:00:00,MACH-A,32.57,2.93
2023-08-22 04:00:00,MACH-A,54.09,2.02
2023-08-22 05:00:00,MACH-A,47.23,2.15
2023-08-22 06:00:00,MACH-A,51.13,1.68
2023-08-22 07:00:00,MACH-A,54.59,1.53
2023-08-22 08:00:00,MACH-A,48.12,2.24
2023-08-22 09:00:00,MACH-A,48.96,2.11
2023-08-22 10:00:00,MACH-A,47.86,1.61
2023-08-22 11:00:00,MACH-A,59.7,1.28
2023-08-22 12:00:00,MACH-A,54.19,1.37
2023-08-22 13:00:00,MACH-A,52.21,2.6
2023-08-22 14:00:00,MACH-A,37.29,1.69
2023-08-22 15:00:00,MACH-A,46.21,1.83
2023-08-22 16:00:00,MACH-A,58.99,2.73
2023-08-22 17:00:00,MACH-A,50.38,1.44
2023-08-22 18:00:00,MACH-A,56.6,1.64
2023-08-22 19:00:00,MACH-A,67.67,1.62
2023-08-22 20:00:00,MACH-A,60.39,2.81
2023-08-22 21:00:00,MACH-A,50.93,3.0
2023-08-22 22:00:00,MACH-A,44.89,2.38
2023-08-22 23:00:00,MACH-A,24.46,2.39
2023-08-23 00:00:00,MACH-A,48.32,1.71
2023-08-23 01:00:00,MACH-A,46.74,2.97
2023-08-23 02:00:00,MACH-A,53.9,2.13
2023-08-23 03:00:00,MACH-A,48.46,2.43
2023-08-23 04:00:00,MACH-A,46.8,1.95
2023-08-23 05:00:00,MACH-A,32.21,1.87
2023-08-23 06:00:00,MACH-A,40.6,2.83
2023-08-23 07:00:00,MACH-A,54.77,2.27
2023-08-23 08:00:00,MACH-A,67.16,2.73
2023-08-23 09:00:00,MACH-A,49.02,2.13
2023-08-23 10:00:00,MACH-A,53.28,1.58
2023-08-23 11:00:00,MACH-A,59.52,1.71
2023-08-23 12:00:00,MACH-A,41.89,2.05
2023-08-23 13:00:00,MACH-A,53.67,1.69
2023-08-23 14:00:00,MACH-A,42.6,1.45
2023-08-23 15:00:00,MACH-A,58.65,2.6
2023-08-23 16:00:00,MACH-A,51.51,1.73
2023-08-23 17:00:00,MACH-A,52.98,2.07
2023-08-23 18:00:00,MACH-A,42.17,2.15
2023-08-23 19:00:00,MACH-A,57.07,1.71
2023-08-23 20:00:00,MACH-A,70.85,2.73
2023-08-23 21:00:00,MACH-A,39.92,1.44
2023-08-23 22:00:00,MACH-A,46.6,2.13
2023-08-23 23:00:00,MACH-A,52.32,2.12
2023-08-24 00:00:00,MACH-A,57.86,1.97
2023-08-24 01:00:00,MACH-A,44.4,1.35
2023-08-24 02:00:00,MACH-A,21.67,2.44
2023-08-24 03:00:00,MACH-A,63.59,2.37
2023-08-24 04:00:00,MACH-A,57.61,1.66
2023-08-24 05:00:00,MACH-A,32.57,2.35
2023-08-24 06:00:00,MACH-A,43.92,2.19
2023-08-24 07:00:00,MACH-A,65.68,1.36
2023-08-24 08:00:00,MACH-A,64.48,1.57
2023-08-24 09:00:00,MACH-A,59.39,2.57
2023-08-24 10:00:00,MACH-A,48.24,2.15
2023-08-24 11:00:00,MACH-A,50.83,1.72
2023-08-24 12:00:00,MACH-A,48.69,1.57
2023-08-24 13:00:00,MACH-A,61.28,1.74
2023-08-24 14:00:00,MACH-A,41.24,1.78
2023-08-24 15:00:00,MACH-A,41.94,1.58
2023-08-24 16:00:00,MACH-A,60.1,1.13
2023-08-24 17:00:00,MACH-A,49.56,2.57
2023-08-24 18:00:00,MACH-A,63.78,2.49
2023-08-24 19:00:00,MACH-A,43.28,1.36
2023-08-24 20:00:00,MACH-A,49.45,2.07
2023-08-24 21:00:00,MACH-A,40.78,1.55
2023-08-24 22:00:00,MACH-A,50.07,1.87
2023-08-24 23:00:00,MACH-A,35.21,1.83
2023-08-25 00:00:00,MACH-A,45.12,1.79
2023-08-25 01:00:00,MACH-A,35.64,3.0
2023-08-25 02:00:00,MACH-A,56.94,1.78
2023-08-25 03:00:00,MACH-A,57.17,1.6
2023-08-25 04:00:00,MACH-A,32.7,1.62
2023-08-25 05:00:00,MACH-A,63.34,2.52
2023-08-25 06:00:00,MACH-A,74.97,1.17
2023-08-25 07:00:00,MACH-A,50.46,1.62
2023-08-25 08:00:00,MACH-A,43.59,2.72
2023-08-25 09:00:00,MACH-A,78.24,2.12
2023-08-25 10:00:00,MACH-A,36.81,2.1
2023-08-25 11:00:00,MACH-A,50.2,3.07
2023-08-25 12:00:00,MACH-A,51.8,2.12
2023-08-25 13:00:00,MACH-A,63.45,1.65
2023-08-25 14:00:00,MACH-A,53.6,1.86
2023-08-25 15:00:00,MACH-A,45.01,1.43
2023-08-25 16:00:00,MACH-A,40.49,2.63
2023-08-25 17:00:00,MACH-A,46.58,2.29
2023-08-25 18:00:00,MACH-A,39.93,2.56
2023-08-25 19:00:00,MACH-A,50.48,2.61
2023-08-25 20:00:00,MACH-A,44.36,1.79
2023-08-25 21:00:00,MACH-A,35.06,1.53
2023-08-25 22:00:00,MACH-A,62.55,1.97
2023-08-25 23:00:00,MACH-A,45.02,1.56
2023-08-26 00:00:00,MACH-A,37.32,2.08
2023-08-26 01:00:00,MACH-A,48.32,2.57
2023-08-26 02:00:00,MACH-A,50.68,1.92
2023-08-26 03:00:00,MACH-A,32.54,2.07
2023-08-26 04:00:00,MACH-A,53.32,1.95
2023-08-26 05:00:00,MACH-A,39.53,2.4
2023-08-26 06:00:00,MACH-A,67.11,1.67
2023-08-26 07:00:00,MACH-A,55.24,0.9
2023-08-26 08:00:00,MACH-A,46.0,2.24
2023-08-26 09:00:00,MACH-A,42.55,2.49
2023-08-26 10:00:00,MACH-A,48.95,2.22
2023-08-26 11:00:00,MACH-A,56.13,1.68
2023-08-26 12:00:00,MACH-A,49.75,1.43
2023-08-26 13:00:00,MACH-A,47.83,2.25
2023-08-26 14:00:00,MACH-A,50.58,2.07
2023-08-26 15:00:00,MACH-A,43.96,1.94
2023-08-26 16:00:00,MACH-A,46.57,2.91
2023-08-26 17:00:00,MACH-A,29.14,1.53
2023-08-26 18:00:00,MACH-A,59.74,2.89
2023-08-26 19:00:00,MACH-A,52.99,2.02
2023-08-26 20:00:00,MACH-A,42.27,1.08
2023-08-26 21:00:00,MACH-A,68.99,1.91
2023-08-26 22:00:00,MACH-A,50.87,2.48
2023-08-26 23:00:00,MACH-A,39.64,1.82
2023-08-27 00:00:00,MACH-A,58.57,1.26
2023-08-27 01:00:00,MACH-A,53.98,1.92
2023-08-27 02:00:00,MACH-A,53.95,1.57
2023-08-27 03:00:00,MACH-A,45.74,2.25
2023-08-27 04:00:00,MACH-A,54.5,2.39
2023-08-27 05:00:00,MACH-A,47.38,1.47
2023-08-27 06:00:00,MACH-A,55.56,1.65
2023-08-27 07:00:00,MACH-A,30.95,2.38
2023-08-27 08:00:00,MACH-A,45.66,1.57
2023-08-27 09:00:00,MACH-A,67.22,1.46
2023-08-27 10:00:00,MACH-A,42.33,1.41
2023-08-27 11:00:00,MACH-A,43.96,2.18
2023-08-27 12:00:00,MACH-A,45.52,2.15
2023-08-27 13:00:00,MACH-A,37.85,1.66
2023-08-27 14:00:00,MACH-A,27.92,2.0
2023-08-27 15:00:00,MACH-A,47.69,2.76
2023-08-27 16:00:00,MACH-A,51.36,1.51
2023-08-27 17:00:00,MACH-A,49.47,1.02
2023-08-27 18:00:00,MACH-A,48.55,2.23
2023-08-27 19:00:00,MACH-A,50.43,1.94
2023-08-27 20:00:00,MACH-A,60.23,1.64
2023-08-27 21:00:00,MACH-A,84.16,4.6
2023-08-27 22:00:00,MACH-A,44.26,2.42
2023-08-27 23:00:00,MACH-A,47.19,0.9
2023-08-28 00:00:00,MACH-A,55.79,1.67
2023-08-28 01:00:00,MACH-A,64.12,3.16
2023-08-28 02:00:00,MACH-A,43.72,2.29
2023-08-28 03:00:00,MACH-A,50.99,2.34
2023-08-28 04:00:00,MACH-A,53.38,2.59
2023-08-28 05:00:00,MACH-A,40.07,2.01
2023-08-28 06:00:00,MACH-A,50.2,2.4
2023-08-28 07:00:00,MACH-A,35.34,2.36
2023-08-28 08:00:00,MACH-A,32.31,2.27
2023-08-28 09:00:00,MACH-A,53.67,1.84
2023-08-28 10:00:00,MACH-A,46.16,2.09
2023-08-28 11:00:00,MACH-A,52.02,1.71
2023-08-28 12:00:00,MACH-A,49.82,2.01
2023-08-28 13:00:00,MACH-A,40.24,1.42
2023-08-28 14:00:00,MACH-A,49.55,1.6
2023-08-28 15:00:00,MACH-A,37.67,1.86
2023-08-28 16:00:00,MACH-A,63.91,1.53
2023-08-28 17:00:00,MACH-A,36.44,1.75
2023-08-28 18:00:00,MACH-A,48.04,1.92
2023-08-28 19:00:00,MACH-A,39.58,2.2
2023-08-28 20:00:00,MACH-A,55.7,2.47
2023-08-28 21:00:00,MACH-A,46.69,1.77
2023-08-28 22:00:00,MACH-A,44.81,2.67
2023-08-28 23:00:00,MACH-A,58.53,2.47
2023-08-29 00:00:00,MACH-A,50.29,2.25
2023-08-29 01:00:00,MACH-A,55.17,2.08
2023-08-29 02:00:00,MACH-A,40.19,2.16
2023-08-29 03:00:00,MACH-A,35.95,2.59
2023-08-29 04:00:00,MACH-A,51.07,2.61
2023-08-29 05:00:00,MACH-A,46.81,2.67
2023-08-29 06:00:00,MACH-A,56.26,2.02
2023-08-29 07:00:00,MACH-A,49.2,2.28
2023-08-29 08:00:00,MACH-A,52.05,2.67
2023-08-29 09:00:00,MACH-A,33.77,1.69
2023-08-29 10:00:00,MACH-A,68.88,1.84
2023-08-29 11:00:00,MACH-A,48.36,2.01
2023-08-29 12:00:00,MACH-A,56.98,2.45
2023-08-29 13:00:00,MACH-A,41.64,2.46
2023-08-29 14:00:00,MACH-A,53.08,1.88
2023-08-29 15:00:00,MACH-A,36.97,1.25
2023-08-29 16:00:00,MACH-A,54.52,2.12
2023-08-29 17:00:00,MACH-A,46.44,1.54
2023-08-29 18:00:00,MACH-A,50.29,1.26
2023-08-29 19:00:00,MACH-A,56.98,1.37
2023-08-29 20:00:00,MACH-A,37.67,2.16
2023-08-29 21:00:00,MACH-A,43.16,2.68
2023-08-29 22:00:00,MACH-A,54.57,2.02
2023-08-29 23:00:00,MACH-A,70.98,2.11
2023-08-30 00:00:00,MACH-A,48.62,2.59
2023-08-30 01:00:00,MACH-A,55.91,1.23
2023-08-30 02:00:00,MACH-A,48.93,2.26
2023-08-30 03:00:00,MACH-A,69.42,1.99
2023-08-30 04:00:00,MACH-A,32.53,2.28
2023-08-30 05:00:00,MACH-A,50.95,1.76
2023-08-30 06:00:00,MACH-A,33.74,1.59
2023-08-30 07:00:00,MACH-A,24.93,2.07
2023-08-30 08:00:00,MACH-A,52.97,2.82
2023-08-30 09:00:00,MACH-A,51.39,2.43
2023-08-30 10:00:00,MACH-A,47.15,1.75
2023-08-30 11:00:00,MACH-A,48.94,1.33
2023-08-30 12:00:00,MACH-A,80.98,1.16
2023-08-30 13:00:00,MACH-A,47.42,2.66
2023-08-30 14:00:00,MACH-A,55.1,1.52
2023-08-30 15:00:00,MACH-A,43.51,1.84
2023-08-30 16:00:00,MACH-A,52.95,2.66
2023-08-30 17:00:00,MACH-A,47.62,1.19
2023-08-30 18:00:00,MACH-A,45.89,2.75
2023-08-30 19:00:00,MACH-A,68.19,1.87
2023-08-30 20:00:00,MACH-A,61.77,1.43
2023-08-30 21:00:00,MACH-A,51.37,1.88
2023-08-30 22:00:00,MACH-A,26.96,1.64
2023-08-30 23:00:00,MACH-A,46.39,2.22
2023-08-31 00:00:00,MACH-A,77.03,1.68
2023-08-31 01:00:00,MACH-A,47.69,1.04
2023-08-31 02:00:00,MACH-A,61.03,1.89
2023-08-31 03:00:00,MACH-A,64.42,1.32
2023-08-31 04:00:00,MACH-A,52.19,2.1
2023-08-31 05:00:00,MACH-A,41.58,1.41
2023-08-31 06:00:00,MACH-A,25.65,1.76
2023-08-31 07:00:00,MACH-A,56.84,2.09
2023-08-31 08:00:00,MACH-A,41.85,1.89
2023-08-31 09:00:00,MACH-A,51.76,2.13
2023-08-31 10:00:00,MACH-A,37.5,2.34
2023-08-31 11:00:00,MACH-A,47.35,1.42
2023-08-31 12:00:00,MACH-A,50.34,1.97
2023-08-31 13:00:00,MACH-A,52.69,0.34
2023-08-31 14:00:00,MACH-A,38.85,2.12
2023-08-31 15:00:00,MACH-A,61.97,1.85
2023-08-31 16:00:00,MACH-A,44.03,1.51
2023-08-31 17:00:00,MACH-A,33.26,2.16
2023-08-31 18:00:00,MACH-A,48.91,2.59
2023-08-31 19:00:00,MACH-A,50.34,1.76
2023-08-31 20:00:00,MACH-A,51.61,1.53
2023-08-31 21:00:00,MACH-A,63.62,2.08
2023-08-31 22:00:00,MACH-A,47.64,1.33
2023-08-31 23:00:00,MACH-A,48.8,1.67
2023-09-01 00:00:00,MACH-A,38.97,2.61
2023-09-01 01:00:00,MACH-A,58.21,2.03
2023-09-01 02:00:00,MACH-A,51.84,1.06
2023-09-01 03:00:00,MACH-A,45.8,1.1
2023-09-01 04:00:00,MACH-A,30.95,2.08
2023-09-01 05:00:00,MACH-A,64.44,2.43
2023-09-01 06:00:00,MACH-A,37.72,1.19
2023-09-01 07:00:00,MACH-A,44.09,2.22
2023-09-01 08:00:00,MACH-A,53.58,2.67
2023-09-01 09:00:00,MACH-A,38.03,2.94
2023-09-01 10:00:00,MACH-A,35.06,2.17
2023-09-01 11:00:00,MACH-A,28.76,2.25
2023-09-01 12:00:00,MACH-A,57.21,0.93
2023-09-01 13:00:00,MACH-A,44.55,3.05
2023-09-01 14:00:00,MACH-A,79.27,1.71
2023-09-01 15:00:00,MACH-A,40.06,1.53
2023-09-01 16:00:00,MACH-A,40.79,1.87
2023-09-01 17:00:00,MACH-A,44.35,2.76
2023-09-01 18:00:00,MACH-A,52.43,3.1
2023-09-01 19:00:00,MACH-A,45.3,2.06
2023-09-01 20:00:00,MACH-A,56.12,2.5
2023-09-01 21:00:00,MACH-A,40.21,2.02
2023-09-01 22:00:00,MACH-A,36.18,1.48
2023-09-01 23:00:00,MACH-A,32.02,2.74
2023-09-02 00:00:00,MACH-A,27.76,1.69
2023-09-02 01:00:00,MACH-A,44.82,2.77
2023-09-02 02:00:00,MACH-A,46.99,2.65
2023-09-02 03:00:00,MACH-A,43.69,2.31
2023-09-02 04:00:00,MACH-A,90.95,4.17
2023-09-02 05:00:00,MACH-A,62.28,3.12
2023-09-02 06:00:00,MACH-A,46.65,1.91
2023-09-02 07:00:00,MACH-A,32.06,1.6
2023-09-02 08:00:00,MACH-A,44.33,1.07
2023-09-02 09:00:00,MACH-A,44.0,3.12
2023-09-02 10:00:00,MACH-A,43.43,1.78
2023-09-02 11:00:00,MACH-A,43.02,2.57
2023-09-02 12:00:00,MACH-A,43.47,1.63
2023-09-02 13:00:00,MACH-A,46.13,2.77
2023-09-02 14:00:00,MACH-A,43.64,1.65
2023-09-02 15:00:00,MACH-A,52.08,1.4
2023-09-02 16:00:00,MACH-A,53.6,1.9
2023-09-02 17:00:00,MACH-A,40.89,1.73
2023-09-02 18:00:00,MACH-A,62.71,2.3
2023-09-02 19:00:00,MACH-A,40.2,1.97
2023-09-02 20:00:00,MACH-A,33.82,2.31
2023-09-02 21:00:00,MACH-A,53.81,1.85
2023-09-02 22:00:00,MACH-A,41.83,1.67
2023-09-02 23:00:00,MACH-A,53.21,1.71
2023-09-03 00:00:00,MACH-A,25.96,3.02
2023-09-03 01:00:00,MACH-A,63.92,2.11
2023-09-03 02:00:00,MACH-A,56.72,1.01
2023-09-03 03:00:00,MACH-A,35.0,1.74
2023-09-03 04:00:00,MACH-A,35.21,2.05
2023-09-03 05:00:00,MACH-A,66.72,2.92
2023-09-03 06:00:00,MACH-A,42.63,2.51
2023-09-03 07:00:00,MACH-A,41.66,1.54
2023-09-03 08:00:00,MACH-A,27.34,3.21
2023-09-03 09:00:00,MACH-A,46.49,1.98
2023-09-03 10:00:00,MACH-A,47.72,2.62
2023-09-03 11:00:00,MACH-A,57.15,1.42
2023-09-03 12:00:00,MACH-A,36.01,0.8
2023-09-03 13:00:00,MACH-A,34.8,1.3
2023-09-03 14:00:00,MACH-A,54.51,0.37
2023-09-03 15:00:00,MACH-A,60.07,3.06
2023-09-03 16:00:00,MACH-A,34.29,2.11
2023-09-03 17:00:00,MACH-A,60.82,1.54
2023-09-03 18:00:00,MACH-A,50.38,2.23
2023-09-03 19:00:00,MACH-A,60.92,2.09
2023-09-03 20:00:00,MACH-A,49.3,2.31
2023-09-03 21:00:00,MACH-A,24.78,2.6
2023-09-03 22:00:00,MACH-A,48.48,1.86
2023-09-03 23:00:00,MACH-A,60.6,1.56
2023-09-04 00:00:00,MACH-A,41.06,2.41
2023-09-04 01:00:00,MACH-A,46.12,2.4
2023-09-04 02:00:00,MACH-A,48.24,2.05
2023-09-04 03:00:00,MACH-A,21.0,3.09
2023-09-04 04:00:00,MACH-A,66.71,1.78
2023-09-04 05:00:00,MACH-A,40.99,1.55
2023-09-04 06:00:00,MACH-A,55.06,2.21
2023-09-04 07:00:00,MACH-A,49.13,1.66
2023-09-04 08:00:00,MACH-A,62.58,2.25
2023-09-04 09:00:00,MACH-A,54.06,1.58
2023-09-04 10:00:00,MACH-A,47.65,1.8
2023-09-04 11:00:00,MACH-A,41.06,2.95
2023-09-04 12:00:00,MACH-A,57.98,1.8
2023-09-04 13:00:00,MACH-A,31.27,1.6
2023-09-04 14:00:00,MACH-A,56.46,2.59
2023-09-04 15:00:00,MACH-A,39.01,1.47
2023-09-04 16:00:00,MACH-A,62.52,1.65
2023-09-04 17:00:00,MACH-A,51.61,2.29
2023-09-04 18:00:00,MACH-A,56.44,2.47
2023-09-04 19:00:00,MACH-A,50.82,2.61
2023-09-04 20:00:00,MACH-A,32.48,1.63
2023-09-04 21:00:00,MACH-A,41.39,2.3
2023-09-04 22:00:00,MACH-A,56.72,1.77
2023-09-04 23:00:00,MACH-A,51.67,1.7
2023-09-05 00:00:00,MACH-A,61.81,2.6
2023-09-05 01:00:00,MACH-A,54.03,1.73
2023-09-05 02:00:00,MACH-A,40.33,2.14
2023-09-05 03:00:00,MACH-A,42.04,2.08
2023-09-05 04:00:00,MACH-A,51.03,1.46
2023-09-05 05:00:00,MACH-A,26.86,2.48
2023-09-05 06:00:00,MACH-A,66.73,2.28
2023-09-05 07:00:00,MACH-A,54.42,1.01
2023-09-05 08:00:00,MACH-A,62.27,2.14
2023-09-05 09:00:00,MACH-A,34.19,1.61
2023-09-05 10:00:00,MACH-A,62.45,2.55
2023-09-05 11:00:00,MACH-A,72.31,1.28
2023-09-05 12:00:00,MACH-A,36.79,1.82
2023-09-05 13:00:00,MACH-A,57.71,2.18
2023-09-05 14:00:00,MACH-A,50.01,2.03
2023-09-05 15:00:00,MACH-A,34.56,2.38
2023-09-05 16:00:00,MACH-A,54.93,1.24
2023-09-05 17:00:00,MACH-A,58.34,2.83
2023-09-05 18:00:00,MACH-A,43.99,2.26
2023-09-05 19:00:00,MACH-A,61.66,2.68
2023-09-05 20:00:00,MACH-A,33.33,2.44
2023-09-05 21:00:00,MACH-A,35.05,1.99
2023-09-05 22:00:00,MACH-A,51.37,1.36
2023-09-05 23:00:00,MACH-A,50.25,1.72
2023-09-06 00:00:00,MACH-A,42.83,2.79
2023-09-06 01:00:00,MACH-A,58.1,2.69
2023-09-06 02:00:00,MACH-A,55.31,1.69
2023-09-06 03:00:00,MACH-A,58.58,0.59
2023-09-06 04:00:00,MACH-A,48.77,1.89
2023-09-06 05:00:00,MACH-A,56.03,1.86
2023-09-06 06:00:00,MACH-A,45.54,1.88
2023-09-06 07:00:00,MACH-A,70.54,2.26
2023-09-06 08:00:00,MACH-A,41.87,2.44
2023-09-06 09:00:00,MACH-A,71.05,2.5
2023-09-06 10:00:00,MACH-A,50.35,2.22
2023-09-06 11:00:00,MACH-A,36.24,1.1
2023-09-06 12:00:00,MACH-A,63.68,1.83
2023-09-06 13:00:00,MACH-A,51.26,3.15
2023-09-06 14:00:00,MACH-A,58.51,2.19
2023-09-06 15:00:00,MACH-A,62.24,2.18
2023-09-06 16:00:00,MACH-A,53.38,2.18
2023-09-06 17:00:00,MACH-A,44.08,2.21
2023-09-06 18:00:00,MACH-A,59.76,0.81
2023-09-06 19:00:00,MACH-A,50.01,1.88
2023-09-06 20:00:00,MACH-A,56.86,1.98
2023-09-06 21:00:00,MACH-A,28.46,2.64
2023-09-06 22:00:00,MACH-A,54.47,2.02
2023-09-06 23:00:00,MACH-A,43.61,1.18
2023-09-07 00:00:00,MACH-A,66.53,2.22
2023-09-07 01:00:00,MACH-A,56.23,1.6
2023-09-07 02:00:00,MACH-A,52.4,1.39
2023-09-07 03:00:00,MACH-A,54.86,1.58
2023-09-07 04:00:00,MACH-A,40.02,2.27
2023-09-07 05:00:00,MACH-A,66.23,2.63
2023-09-07 06:00:00,MACH-A,69.91,2.24
2023-09-07 07:00:00,MACH-A,53.93,2.32
2023-09-07 08:00:00,MACH-A,65.9,2.24
2023-09-07 09:00:00,MACH-A,44.31,2.05
2023-09-07 10:00:00,MACH-A,88.71,4.1
2023-09-07 11:00:00,MACH-A,50.41,0.79
2023-09-07 12:00:00,MACH-A,54.35,2.06
2023-09-07 13:00:00,MACH-A,46.06,1.48
2023-09-07 14:00:00,MACH-A,55.38,2.58
2023-09-07 15:00:00,MACH-A,53.06,1.93
2023-09-07 16:00:00,MACH-A,40.02,2.02
2023-09-07 17:00:00,MACH-A,55.19,1.25
2023-09-07 18:00:00,MACH-A,58.64,2.51
2023-09-07 19:00:00,MACH-A,51.71,2.31
2023-09-07 20:00:00,MACH-A,61.53,2.28
2023-09-07 21:00:00,MACH-A,37.83,1.59
2023-09-07 22:00:00,MACH-A,54.68,1.61
2023-09-07 23:00:00,MACH-A,38.3,2.11
2023-09-08 00:00:00,MACH-A,38.86,1.65
2023-09-08 01:00:00,MACH-A,43.69,2.22
2023-09-08 02:00:00,MACH-A,40.58,0.92
2023-09-08 03:00:00,MACH-A,44.52,1.76
2023-09-08 04:00:00,MACH-A,47.86,2.9
2023-09-08 05:00:00,MACH-A,58.37,2.22
2023-09-08 06:00:00,MACH-A,46.79,2.08
2023-09-08 07:00:00,MACH-A,34.14,2.99
2023-09-08 08:00:00,MACH-A,61.4,0.83
2023-09-08 09:00:00,MACH-A,41.63,1.59
2023-09-08 10:00:00,MACH-A,49.41,1.8
2023-09-08 11:00:00,MACH-A,54.47,2.43
2023-09-08 12:00:00,MACH-A,52.0,2.44
2023-09-08 13:00:00,MACH-A,60.94,1.57
2023-09-08 14:00:00,MACH-A,54.79,2.5
2023-09-08 15:00:00,MACH-A,41.39,1.8
2023-09-08 16:00:00,MACH-A,71.79,2.61
2023-09-08 17:00:00,MACH-A,51.94,1.48
2023-09-08 18:00:00,MACH-A,48.53,1.94
2023-09-08 19:00:00,MACH-A,59.64,1.75
2023-09-08 20:00:00,MACH-A,52.49,2.53
2023-09-08 21:00:00,MACH-A,53.99,1.74
2023-09-08 22:00:00,MACH-A,74.92,1.98
2023-09-08 23:00:00,MACH-A,47.25,2.25
2023-09-09 00:00:00,MACH-A,46.82,2.27
2023-09-09 01:00:00,MACH-A,51.17,2.44
2023-09-09 02:00:00,MACH-A,60.72,2.11
2023-09-09 03:00:00,MACH-A,34.93,1.79
2023-09-09 04:00:00,MACH-A,30.34,1.83
2023-09-09 05:00:00,MACH-A,44.13,2.01
2023-09-09 06:00:00,MACH-A,33.66,2.12
2023-09-09 07:00:00,MACH-A,45.75,1.93
2023-09-09 08:00:00,MACH-A,55.02,2.01
2023-09-09 09:00:00,MACH-A,41.09,1.24
2023-09-09 10:00:00,MACH-A,35.73,2.33
2023-09-09 11:00:00,MACH-A,50.69,2.09
2023-09-09 12:00:00,MACH-A,58.63,2.5
2023-09-09 13:00:00,MACH-A,33.05,2.0
2023-09-09 14:00:00,MACH-A,58.2,1.13
2023-09-09 15:00:00,MACH-A,58.17,1.82
2023-09-09 16:00:00,MACH-A,59.54,1.9
2023-09-09 17:00:00,MACH-A,62.18,2.37
2023-09-09 18:00:00,MACH-A,72.02,0.96
2023-09-09 19:00:00,MACH-A,46.44,2.02
2023-09-09 20:00:00,MACH-A,51.1,2.26
2023-09-09 21:00:00,MACH-A,45.84,1.67
2023-09-09 22:00:00,MACH-A,50.02,2.04
2023-09-09 23:00:00,MACH-A,65.33,1.69
2023-09-10 00:00:00,MACH-A,36.55,1.64
2023-09-10 01:00:00,MACH-A,41.39,1.8
2023-09-10 02:00:00,MACH-A,63.77,1.64
2023-09-10 03:00:00,MACH-A,60.2,2.34
2023-09-10 04:00:00,MACH-A,46.37,1.63
2023-09-10 05:00:00,MACH-A,58.54,1.55
2023-09-10 06:00:00,MACH-A,53.41,2.88
2023-09-10 07:00:00,MACH-A,65.0,2.48
2023-09-10 08:00:00,MACH-A,50.75,1.07
2023-09-10 09:00:00,MACH-A,60.26,1.62
2023-09-10 10:00:00,MACH-A,76.42,2.12
2023-09-10 11:00:00,MACH-A,55.98,2.16
2023-09-10 12:00:00,MACH-A,50.49,1.25
2023-09-10 13:00:00,MACH-A,57.22,2.58
2023-09-10 14:00:00,MACH-A,46.35,2.41
2023-09-10 15:00:00,MACH-A,73.88,2.24
2023-09-10 16:00:00,MACH-A,51.8,2.68
2023-09-10 17:00:00,MACH-A,47.27,2.23
2023-09-10 18:00:00,MACH-A,41.64,2.22
2023-09-10 19:00:00,MACH-A,60.97,2.78
2023-09-10 20:00:00,MACH-A,58.67,2.55
2023-09-10 21:00:00,MACH-A,45.03,1.58
2023-09-10 22:00:00,MACH-A,55.76,2.32
2023-09-10 23:00:00,MACH-A,34.91,1.67
2023-09-11 00:00:00,MACH-A,51.85,2.25
2023-09-11 01:00:00,MACH-A,54.53,2.24
2023-09-11 02:00:00,MACH-A,67.07,1.31
2023-09-11 03:00:00,MACH-A,42.29,1.94
2023-09-11 04:00:00,MACH-A,37.22,2.13
2023-09-11 05:00:00,MACH-A,41.05,1.78
2023-09-11 06:00:00,MACH-A,36.63,2.16
2023-09-11 07:00:00,MACH-A,63.37,2.4
2023-09-11 08:00:00,MACH-A,65.49,1.98
2023-09-11 09:00:00,MACH-A,53.2,2.11
2023-09-11 10:00:00,MACH-A,62.21,2.69
2023-09-11 11:00:00,MACH-A,51.34,2.24
2023-09-11 12:00:00,MACH-A,49.05,2.1
2023-09-11 13:00:00,MACH-A,46.67,1.52
2023-09-11 14:00:00,MACH-A,46.9,2.34
2023-09-11 15:00:00,MACH-A,34.52,2.17
2023-09-11 16:00:00,MACH-A,52.64,2.64
2023-09-11 17:00:00,MACH-A,49.6,2.02
2023-09-11 18:00:00,MACH-A,57.45,1.09
2023-09-11 19:00:00,MACH-A,50.94,1.15
2023-09-11 20:00:00,MACH-A,48.37,2.37
2023-09-11 21:00:00,MACH-A,41.29,1.71
2023-09-11 22:00:00,MACH-A,50.72,2.22
2023-09-11 23:00:00,MACH-A,57.38,2.06
2023-09-12 00:00:00,MACH-A,38.57,1.92
2023-09-12 01:00:00,MACH-A,50.87,1.95
2023-09-12 02:00:00,MACH-A,52.33,1.57
2023-09-12 03:00:00,MACH-A,42.82,1.99
2023-09-12 04:00:00,MACH-A,44.12,1.71
2023-09-12 05:00:00,MACH-A,52.31,1.81
2023-09-12 06:00:00,MACH-A,38.67,1.84
2023-09-12 07:00:00,MACH-A,53.5,1.89
2023-09-12 08:00:00,MACH-A,41.05,2.46
2023-09-12 09:00:00,MACH-A,60.63,1.94
2023-09-12 10:00:00,MACH-A,73.38,2.51
2023-09-12 11:00:00,MACH-A,41.39,2.77
2023-09-12 12:00:00,MACH-A,55.34,2.43
2023-09-12 13:00:00,MACH-A,42.73,2.27
2023-09-12 14:00:00,MACH-A,60.41,2.16
2023-09-12 15:00:00,MACH-A,37.35,2.43
2023-09-12 16:00:00,MACH-A,54.81,2.04
2023-09-12 17:00:00,MACH-A,41.27,2.49
2023-09-12 18:00:00,MACH-A,47.93,2.31
2023-09-12 19:00:00,MACH-A,39.69,1.82
2023-09-12 20:00:00,MACH-A,58.22,2.45
2023-09-12 21:00:00,MACH-A,41.63,2.05
2023-09-12 22:00:00,MACH-A,55.52,1.95
2023-09-12 23:00:00,MACH-A,46.56,1.76
2023-09-13 00:00:00,MACH-A,48.86,2.08
2023-09-13 01:00:00,MACH-A,51.48,2.5
2023-09-13 02:00:00,MACH-A,42.38,2.44
2023-09-13 03:00:00,MACH-A,52.1,2.18
2023-09-13 04:00:00,MACH-A,65.3,2.3
2023-09-13 05:00:00,MACH-A,42.22,2.64
2023-09-13 06:00:00,MACH-A,61.72,1.93
2023-09-13 07:00:00,MACH-A,64.98,1.44
2023-09-13 08:00:00,MACH-A,41.84,2.65
2023-09-13 09:00:00,MACH-A,35.45,1.74
2023-09-13 10:00:00,MACH-A,53.02,1.65
2023-09-13 11:00:00,MACH-A,44.53,1.1
2023-09-13 12:00:00,MACH-A,68.69,2.29
2023-09-13 13:00:00,MACH-A,50.35,1.19
2023-09-13 14:00:00,MACH-A,41.98,1.62
2023-09-13 15:00:00,MACH-A,38.53,2.29
2023-09-13 16:00:00,MACH-A,60.9,2.36
2023-09-13 17:00:00,MACH-A,44.29,1.67
2023-09-13 18:00:00,MACH-A,50.44,1.93
2023-09-13 19:00:00,MACH-A,59.56,1.56
2023-09-13 20:00:00,MACH-A,45.16,1.73
2023-09-13 21:00:00,MACH-A,49.54,2.13
2023-09-13 22:00:00,MACH-A,49.83,1.75
2023-09-13 23:00:00,MACH-A,56.83,1.88
2023-09-14 00:00:00,MACH-A,55.91,1.27
2023-09-14 01:00:00,MACH-A,47.8,2.57
2023-09-14 02:00:00,MACH-A,50.64,2.26
2023-09-14 03:00:00,MACH-A,46.28,2.4
2023-09-14 04:00:00,MACH-A,35.22,2.65
2023-09-14 05:00:00,MACH-A,52.58,1.59
2023-09-14 06:00:00,MACH-A,68.92,1.82
2023-09-14 07:00:00,MACH-A,41.16,1.05
2023-09-14 08:00:00,MACH-A,42.27,3.57
2023-09-14 09:00:00,MACH-A,41.29,1.93
2023-09-14 10:00:00,MACH-A,57.25,2.52
2023-09-14 11:00:00,MACH-A,54.48,1.38
2023-09-14 12:00:00,MACH-A,48.41,2.5
2023-09-14 13:00:00,MACH-A,40.82,2.93
2023-09-14 14:00:00,MACH-A,50.92,1.97
2023-09-14 15:00:00,MACH-A,34.35,1.49
2023-09-14 16:00:00,MACH-A,51.43,1.93
2023-09-14 17:00:00,MACH-A,58.72,0.89
2023-09-14 18:00:00,MACH-A,37.49,1.98
2023-09-14 19:00:00,MACH-A,34.67,2.41
2023-09-14 20:00:00,MACH-A,65.79,1.98
2023-09-14 21:00:00,MACH-A,43.88,1.86
2023-09-14 22:00:00,MACH-A,61.36,2.26
2023-09-14 23:00:00,MACH-A,48.46,2.3
2023-09-15 00:00:00,MACH-A,48.38,1.17
2023-09-15 01:00:00,MACH-A,54.38,2.04
2023-09-15 02:00:00,MACH-A,41.16,3.22
2023-09-15 03:00:00,MACH-A,51.32,1.33
2023-09-15 04:00:00,MACH-A,46.19,1.96
2023-09-15 05:00:00,MACH-A,36.8,2.97
2023-09-15 06:00:00,MACH-A,53.37,2.55
2023-09-15 07:00:00,MACH-A,47.37,1.74
2023-09-15 08:00:00,MACH-A,48.43,2.1
2023-09-15 09:00:00,MACH-A,37.9,2.0
2023-09-15 10:00:00,MACH-A,65.91,1.63
2023-09-15 11:00:00,MACH-A,58.77,1.96
2023-09-15 12:00:00,MACH-A,59.64,1.86
2023-09-15 13:00:00,MACH-A,46.95,2.06
2023-09-15 14:00:00,MACH-A,32.71,1.63
2023-09-15 15:00:00,MACH-A,69.53,1.36
2023-09-15 16:00:00,MACH-A,49.39,1.98
2023-09-15 17:00:00,MACH-A,42.51,2.86
2023-09-15 18:00:00,MACH-A,54.17,2.04
2023-09-15 19:00:00,MACH-A,61.67,1.83
2023-09-15 20:00:00,MACH-A,49.77,2.38
2023-09-15 21:00:00,MACH-A,62.79,1.92
2023-09-15 22:00:00,MACH-A,60.83,2.93
2023-09-15 23:00:00,MACH-A,39.24,2.0
2023-09-16 00:00:00,MACH-A,43.26,2.35
2023-09-16 01:00:00,MACH-A,59.58,1.62
2023-09-16 02:00:00,MACH-A,22.87,2.25
2023-09-16 03:00:00,MACH-A,48.51,2.14
2023-09-16 04:00:00,MACH-A,35.69,1.97
2023-09-16 05:00:00,MACH-A,45.23,1.75
2023-09-16 06:00:00,MACH-A,47.01,1.68
2023-09-16 07:00:00,MACH-A,46.42,2.14
2023-09-16 08:00:00,MACH-A,44.48,2.31
2023-09-16 09:00:00,MACH-A,39.03,1.94
2023-09-16 10:00:00,MACH-A,72.92,2.14
2023-09-16 11:00:00,MACH-A,68.67,1.98
2023-09-16 12:00:00,MACH-A,38.38,2.05
2023-09-16 13:00:00,MACH-A,65.82,1.9
2023-09-16 14:00:00,MACH-A,46.01,2.01
2023-09-16 15:00:00,MACH-A,51.29,3.35
2023-09-16 16:00:00,MACH-A,49.37,2.16
2023-09-16 17:00:00,MACH-A,43.4,2.32
2023-09-16 18:00:00,MACH-A,59.84,2.22
2023-09-16 19:00:00,MACH-A,51.26,1.87
2023-09-16 20:00:00,MACH-A,45.23,2.65
2023-09-16 21:00:00,MACH-A,36.95,1.85
2023-09-16 22:00:00,MACH-A,41.06,2.53
2023-09-16 23:00:00,MACH-A,33.59,1.83
2023-09-17 00:00:00,MACH-A,50.12,1.52
2023-09-17 01:00:00,MACH-A,38.03,2.18
2023-09-17 02:00:00,MACH-A,47.34,1.45
2023-09-17 03:00:00,MACH-A,63.7,2.27
2023-09-17 04:00:00,MACH-A,61.99,1.4
2023-09-17 05:00:00,MACH-A,49.68,1.84
2023-09-17 06:00:00,MACH-A,49.13,1.28
2023-09-17 07:00:00,MACH-A,68.8,3.41
2023-09-17 08:00:00,MACH-A,55.21,1.17
2023-09-17 09:00:00,MACH-A,46.72,2.0
2023-09-17 10:00:00,MACH-A,35.74,2.57
2023-09-17 11:00:00,MACH-A,53.94,2.52
2023-09-17 12:00:00,MACH-A,58.29,2.43
2023-09-17 13:00:00,MACH-A,43.68,1.84
2023-09-17 14:00:00,MACH-A,52.91,2.68
2023-09-17 15:00:00,MACH-A,46.36,2.46
2023-09-17 16:00:00,MACH-A,48.16,2.11
2023-09-17 17:00:00,MACH-A,25.12,2.12
2023-09-17 18:00:00,MACH-A,47.78,1.85
2023-09-17 19:00:00,MACH-A,59.69,1.55
2023-09-17 20:00:00,MACH-A,43.69,2.62
2023-09-17 21:00:00,MACH-A,82.01,4.31
2023-09-17 22:00:00,MACH-A,42.44,1.56
2023-09-17 23:00:00,MACH-A,53.6,1.92
2023-09-18 00:00:00,MACH-A,47.83,1.93
2023-09-18 01:00:00,MACH-A,40.61,1.98
2023-09-18 02:00:00,MACH-A,63.33,2.03
2023-09-18 03:00:00,MACH-A,59.29,2.47
2023-09-18 04:00:00,MACH-A,43.95,1.63
2023-09-18 05:00:00,MACH-A,54.98,1.58
2023-09-18 06:00:00,MACH-A,89.57,4.91
2023-09-18 07:00:00,MACH-A,56.42,1.77
2023-09-18 08:00:00,MACH-A,33.06,1.37
2023-09-18 09:00:00,MACH-A,60.07,1.76
2023-09-18 10:00:00,MACH-A,44.3,1.83
2023-09-18 11:00:00,MACH-A,46.42,2.78
2023-09-18 12:00:00,MACH-A,76.38,2.46
2023-09-18 13:00:00,MACH-A,53.02,2.57
2023-09-18 14:00:00,MACH-A,46.14,2.41
2023-09-18 15:00:00,MACH-A,27.95,2.47
2023-09-18 16:00:00,MACH-A,63.9,1.66
2023-09-18 17:00:00,MACH-A,36.55,1.9
2023-09-18 18:00:00,MACH-A,39.97,1.51
2023-09-18 19:00:00,MACH-A,46.69,1.89
2023-09-18 20:00:00,MACH-A,64.16,2.34
2023-09-18 21:00:00,MACH-A,57.73,2.07
2023-09-18 22:00:00,MACH-A,48.42,2.66
2023-09-18 23:00:00,MACH-A,53.08,1.43
2023-09-19 00:00:00,MACH-A,44.0,2.25
2023-09-19 01:00:00,MACH-A,51.4,1.38
2023-09-19 02:00:00,MACH-A,50.73,2.05
2023-09-19 03:00:00,MACH-A,59.69,2.37
2023-09-19 04:00:00,MACH-A,59.67,1.89
2023-09-19 05:00:00,MACH-A,54.94,2.28
2023-09-19 06:00:00,MACH-A,46.38,1.52
2023-09-19 07:00:00,MACH-A,57.42,1.17
2023-09-19 08:00:00,MACH-A,49.08,2.28
2023-09-19 09:00:00,MACH-A,39.18,2.87
2023-09-19 10:00:00,MACH-A,45.97,1.5
2023-09-19 11:00:00,MACH-A,50.85,2.61
2023-09-19 12:00:00,MACH-A,59.1,2.02
2023-09-19 13:00:00,MACH-A,48.16,1.33
2023-09-19 14:00:00,MACH-A,37.91,1.43
2023-09-19 15:00:00,MACH-A,50.57,2.01
2023-09-19 16:00:00,MACH-A,51.13,1.8
2023-09-19 17:00:00,MACH-A,51.86,1.34
2023-09-19 18:00:00,MACH-A,85.58,3.75
2023-09-19 19:00:00,MACH-A,60.19,1.58
2023-09-19 20:00:00,MACH-A,44.06,2.1
2023-09-19 21:00:00,MACH-A,43.84,2.0
2023-09-19 22:00:00,MACH-A,39.6,1.75
2023-09-19 23:00:00,MACH-A,56.99,2.1
2023-09-20 00:00:00,MACH-A,64.49,2.52
2023-09-20 01:00:00,MACH-A,46.85,2.2
2023-09-20 02:00:00,MACH-A,47.59,1.94
2023-09-20 03:00:00,MACH-A,64.67,2.46
2023-09-20 04:00:00,MACH-A,55.06,1.52
2023-09-20 05:00:00,MACH-A,54.36,1.89
2023-09-20 06:00:00,MACH-A,38.09,1.9
2023-09-20 07:00:00,MACH-A,56.79,1.38
2023-09-20 08:00:00,MACH-A,40.71,1.79
2023-09-20 09:00:00,MACH-A,38.66,0.96
2023-09-20 10:00:00,MACH-A,46.53,2.96
2023-09-20 11:00:00,MACH-A,44.14,1.53
2023-09-20 12:00:00,MACH-A,47.78,2.79
2023-09-20 13:00:00,MACH-A,35.59,2.02
2023-09-20 14:00:00,MACH-A,59.59,2.28
2023-09-20 15:00:00,MACH-A,61.28,1.76
2023-09-20 16:00:00,MACH-A,30.53,2.1
2023-09-20 17:00:00,MACH-A,59.78,2.33
2023-09-20 18:00:00,MACH-A,41.89,2.33
2023-09-20 19:00:00,MACH-A,58.57,2.39
2023-09-20 20:00:00,MACH-A,49.32,1.82
2023-09-20 21:00:00,MACH-A,50.29,1.76
2023-09-20 22:00:00,MACH-A,48.15,1.2
2023-09-20 23:00:00,MACH-A,62.12,2.26
2023-09-21 00:00:00,MACH-A,37.6,2.54
2023-09-21 01:00:00,MACH-A,56.08,2.81
2023-09-21 02:00:00,MACH-A,61.01,2.15
2023-09-21 03:00:00,MACH-A,57.16,1.62
2023-09-21 04:00:00,MACH-A,73.25,1.15
2023-09-21 05:00:00,MACH-A,44.71,2.52
2023-09-21 06:00:00,MACH-A,59.57,1.1
2023-09-21 07:00:00,MACH-A,48.94,1.83
2023-09-21 08:00:00,MACH-A,62.33,1.89
2023-09-21 09:00:00,MACH-A,49.92,1.97
2023-09-21 10:00:00,MACH-A,46.12,2.02
2023-09-21 11:00:00,MACH-A,63.06,2.07
2023-09-21 12:00:00,MACH-A,45.08,0.79
2023-09-21 13:00:00,MACH-A,35.87,2.01
2023-09-21 14:00:00,MACH-A,44.83,0.89
2023-09-21 15:00:00,MACH-A,56.19,2.37
2023-09-21 16:00:00,MACH-A,63.92,1.72
2023-09-21 17:00:00,MACH-A,51.11,0.92
2023-09-21 18:00:00,MACH-A,63.18,1.59
2023-09-21 19:00:00,MACH-A,36.42,1.71
2023-09-21 20:00:00,MACH-A,45.57,2.6
2023-09-21 21:00:00,MACH-A,47.11,2.1
2023-09-21 22:00:00,MACH-A,48.85,2.17
2023-09-21 23:00:00,MACH-A,50.84,2.59
2023-09-22 00:00:00,MACH-A,56.91,1.95
2023-09-22 01:00:00,MACH-A,45.55,2.38
2023-09-22 02:00:00,MACH-A,51.39,2.34
2023-09-22 03:00:00,MACH-A,49.55,1.36
2023-09-22 04:00:00,MACH-A,40.74,2.74
2023-09-22 05:00:00,MACH-A,48.86,1.29
2023-09-22 06:00:00,MACH-A,48.56,2.46
2023-09-22 07:00:00,MACH-A,48.35,1.24
2023-09-22 08:00:00,MACH-A,50.32,2.3
2023-09-22 09:00:00,MACH-A,50.76,2.93
2023-09-22 10:00:00,MACH-A,45.68,1.89
2023-09-22 11:00:00,MACH-A,62.73,1.87
2023-09-22 12:00:00,MACH-A,38.31,2.31
2023-09-22 13:00:00,MACH-A,42.79,1.84
2023-09-22 14:00:00,MACH-A,77.8,2.91
2023-09-22 15:00:00,MACH-A,39.62,2.1
2023-09-22 16:00:00,MACH-A,36.46,1.84
2023-09-22 17:00:00,MACH-A,57.34,1.73
2023-09-22 18:00:00,MACH-A,29.23,1.53
2023-09-22 19:00:00,MACH-A,47.65,1.69
2023-09-22 20:00:00,MACH-A,71.46,1.82
2023-09-22 21:00:00,MACH-A,34.55,1.76
2023-09-22 22:00:00,MACH-A,30.18,1.67
2023-09-22 23:00:00,MACH-A,35.01,3.05
2023-09-23 00:00:00,MACH-A,58.98,1.48
2023-09-23 01:00:00,MACH-A,61.25,2.07
2023-09-23 02:00:00,MACH-A,44.87,2.3
2023-09-23 03:00:00,MACH-A,56.83,2.32
2023-09-23 04:00:00,MACH-A,63.9,1.97
2023-09-23 05:00:00,MACH-A,67.87,1.88
2023-09-23 06:00:00,MACH-A,47.54,2.23
2023-09-23 07:00:00,MACH-A,26.99,2.13
2023-09-23 08:00:00,MACH-A,41.79,1.87
2023-09-23 09:00:00,MACH-A,45.73,1.22
2023-09-23 10:00:00,MACH-A,47.41,1.77
2023-09-23 11:00:00,MACH-A,48.12,1.43
2023-09-23 12:00:00,MACH-A,61.19,1.67
2023-09-23 13:00:00,MACH-A,62.74,2.02
2023-09-23 14:00:00,MACH-A,48.28,2.18
2023-09-23 15:00:00,MACH-A,60.98,2.89
2023-09-23 16:00:00,MACH-A,53.58,1.73
2023-09-23 17:00:00,MACH-A,50.65,2.39
2023-09-23 18:00:00,MACH-A,59.07,2.15
2023-09-23 19:00:00,MACH-A,50.72,2.65
2023-09-23 20:00:00,MACH-A,70.58,2.29
2023-09-23 21:00:00,MACH-A,35.62,1.5
2023-09-23 22:00:00,MACH-A,44.85,1.14
2023-09-23 23:00:00,MACH-A,48.73,2.16
2023-09-24 00:00:00,MACH-A,54.39,1.74
2023-09-24 01:00:00,MACH-A,62.68,1.51
2023-09-24 02:00:00,MACH-A,49.76,1.37
2023-09-24 03:00:00,MACH-A,35.78,2.08
2023-09-24 04:00:00,MACH-A,58.43,2.75
2023-09-24 05:00:00,MACH-A,57.55,1.8
2023-09-24 06:00:00,MACH-A,30.58,2.3
2023-09-24 07:00:00,MACH-A,49.96,1.95
2023-09-24 08:00:00,MACH-A,34.1,1.36
2023-09-24 09:00:00,MACH-A,43.35,2.37
2023-09-24 10:00:00,MACH-A,40.97,1.45
2023-09-24 11:00:00,MACH-A,58.09,2.01
2023-09-24 12:00:00,MACH-A,51.17,1.83
2023-09-24 13:00:00,MACH-A,37.14,2.45
2023-09-24 14:00:00,MACH-A,58.8,1.47
2023-09-24 15:00:00,MACH-A,35.66,2.2
2023-09-24 16:00:00,MACH-A,53.3,1.58
2023-09-24 17:00:00,MACH-A,41.86,1.74
2023-09-24 18:00:00,MACH-A,46.34,0.18
2023-09-24 19:00:00,MACH-A,55.04,3.05
2023-09-24 20:00:00,MACH-A,55.21,2.28
2023-09-24 21:00:00,MACH-A,63.37,1.62
2023-09-24 22:00:00,MACH-A,49.18,1.44
2023-09-24 23:00:00,MACH-A,53.06,1.75
2023-09-25 00:00:00,MACH-A,45.62,2.36
2023-09-25 01:00:00,MACH-A,51.82,1.05
2023-09-25 02:00:00,MACH-A,54.39,1.93
2023-09-25 03:00:00,MACH-A,49.02,2.89
2023-09-25 04:00:00,MACH-A,31.96,1.43
2023-09-25 05:00:00,MACH-A,53.31,2.04
2023-09-25 06:00:00,MACH-A,53.65,3.1
2023-09-25 07:00:00,MACH-A,43.2,2.32
2023-09-25 08:00:00,MACH-A,37.16,2.06
2023-09-25 09:00:00,MACH-A,64.76,2.25
2023-09-25 10:00:00,MACH-A,54.91,1.8
2023-09-25 11:00:00,MACH-A,47.71,2.65
2023-09-25 12:00:00,MACH-A,38.63,1.8
2023-09-25 13:00:00,MACH-A,41.78,1.02
2023-09-25 14:00:00,MACH-A,63.03,1.8
2023-09-25 15:00:00,MACH-A,51.38,1.52
2023-09-25 16:00:00,MACH-A,44.49,1.86
2023-09-25 17:00:00,MACH-A,55.1,1.87
2023-09-25 18:00:00,MACH-A,41.86,2.6
2023-09-25 19:00:00,MACH-A,65.01,2.35
2023-09-25 20:00:00,MACH-A,63.53,2.13
2023-09-25 21:00:00,MACH-A,45.33,2.0
2023-09-25 22:00:00,MACH-A,43.71,1.47
2023-09-25 23:00:00,MACH-A,23.82,0.91
2023-09-26 00:00:00,MACH-A,35.18,2.06
2023-09-26 01:00:00,MACH-A,36.61,2.4
2023-09-26 02:00:00,MACH-A,51.35,1.95
2023-09-26 03:00:00,MACH-A,46.74,1.73
2023-09-26 04:00:00,MACH-A,36.55,2.23
2023-09-26 05:00:00,MACH-A,47.19,1.96
2023-09-26 06:00:00,MACH-A,55.05,2.84
2023-09-26 07:00:00,MACH-A,55.28,2.62
2023-09-26 08:00:00,MACH-A,31.0,2.48
2023-09-26 09:00:00,MACH-A,48.72,2.38
2023-09-26 10:00:00,MACH-A,36.17,1.35
2023-09-26 11:00:00,MACH-A,59.02,2.33
2023-09-26 12:00:00,MACH-A,57.84,2.19
2023-09-26 13:00:00,MACH-A,41.02,2.3
2023-09-26 14:00:00,MACH-A,42.34,2.25
2023-09-26 15:00:00,MACH-A,45.39,2.23
2023-09-26 16:00:00,MACH-A,27.47,3.35
2023-09-26 17:00:00,MACH-A,53.36,1.96
2023-09-26 18:00:00,MACH-A,47.27,2.47
2023-09-26 19:00:00,MACH-A,59.7,1.76
2023-09-26 20:00:00,MACH-A,39.02,2.4
2023-09-26 21:00:00,MACH-A,43.81,2.47
2023-09-26 22:00:00,MACH-A,34.93,2.18
2023-09-26 23:00:00,MACH-A,39.96,2.83
2023-09-27 00:00:00,MACH-A,38.18,1.56
2023-09-27 01:00:00,MACH-A,59.96,1.76
2023-09-27 02:00:00,MACH-A,43.02,2.11
2023-09-27 03:00:00,MACH-A,51.24,2.44
2023-09-27 04:00:00,MACH-A,46.19,2.09
2023-09-27 05:00:00,MACH-A,37.31,2.64
2023-09-27 06:00:00,MACH-A,48.32,1.67
2023-09-27 07:00:00,MACH-A,55.99,1.43
2023-09-27 08:00:00,MACH-A,37.92,2.15
2023-09-27 09:00:00,MACH-A,58.09,1.96
2023-09-27 10:00:00,MACH-A,41.5,2.27
2023-09-27 11:00:00,MACH-A,45.17,1.99
2023-09-27 12:00:00,MACH-A,55.31,1.83
2023-09-27 13:00:00,MACH-A,43.37,1.96
2023-09-27 14:00:00,MACH-A,50.38,2.01
2023-09-27 15:00:00,MACH-A,46.85,1.85
2023-09-27 16:00:00,MACH-A,51.29,1.9
2023-09-27 17:00:00,MACH-A,26.19,1.8
2023-09-27 18:00:00,MACH-A,31.7,2.43
2023-09-27 19:00:00,MACH-A,56.16,2.1
2023-09-27 20:00:00,MACH-A,60.37,3.13
2023-09-27 21:00:00,MACH-A,40.9,2.08
2023-09-27 22:00:00,MACH-A,47.56,1.72
2023-09-27 23:00:00,MACH-A,52.95,3.34
2023-09-28 00:00:00,MACH-A,56.93,2.21
2023-09-28 01:00:00,MACH-A,29.72,2.5
2023-09-28 02:00:00,MACH-A,41.14,2.3
2023-09-28 03:00:00,MACH-A,46.67,2.31
2023-09-28 04:00:00,MACH-A,57.03,2.27
2023-09-28 05:00:00,MACH-A,74.98,1.45
2023-09-28 06:00:00,MACH-A,47.72,2.18
2023-09-28 07:00:00,MACH-A,35.93,1.34
2023-09-28 08:00:00,MACH-A,54.02,1.91
2023-09-28 09:00:00,MACH-A,63.21,1.64
2023-09-28 10:00:00,MACH-A,51.08,2.18
2023-09-28 11:00:00,MACH-A,40.93,2.17
2023-09-28 12:00:00,MACH-A,59.58,2.24
2023-09-28 13:00:00,MACH-A,56.64,2.14
2023-09-28 14:00:00,MACH-A,39.74,1.7
2023-09-28 15:00:00,MACH-A,53.81,1.87
2023-09-28 16:00:00,MACH-A,59.97,2.46
2023-09-28 17:00:00,MACH-A,61.82,2.53
2023-09-28 18:00:00,MACH-A,49.34,1.43
2023-09-28 19:00:00,MACH-A,46.42,1.23
2023-09-28 20:00:00,MACH-A,62.27,1.64
2023-09-28 21:00:00,MACH-A,37.9,2.52
2023-09-28 22:00:00,MACH-A,54.39,2.61
2023-09-28 23:00:00,MACH-A,36.3,1.54
2023-09-29 00:00:00,MACH-A,60.65,2.15
2023-09-29 01:00:00,MACH-A,47.42,2.92
2023-09-29 02:00:00,MACH-A,62.69,2.21
2023-09-29 03:00:00,MACH-A,54.91,2.71
2023-09-29 04:00:00,MACH-A,37.77,2.5
2023-09-29 05:00:00,MACH-A,64.25,1.54
2023-09-29 06:00:00,MACH-A,65.51,1.91
2023-09-29 07:00:00,MACH-A,58.82,2.02
2023-09-29 08:00:00,MACH-A,42.38,2.05
2023-09-29 09:00:00,MACH-A,46.94,2.46
2023-09-29 10:00:00,MACH-A,51.45,2.2
2023-09-29 11:00:00,MACH-A,42.96,0.53
2023-09-29 12:00:00,MACH-A,66.92,1.34
2023-09-29 13:00:00,MACH-A,51.44,0.91
2023-09-29 14:00:00,MACH-A,22.97,2.09
2023-09-29 15:00:00,MACH-A,53.39,2.12
2023-09-29 16:00:00,MACH-A,46.52,2.14
2023-09-29 17:00:00,MACH-A,49.25,1.52
2023-09-29 18:00:00,MACH-A,46.31,2.34
2023-09-29 19:00:00,MACH-A,58.07,2.36
2023-09-29 20:00:00,MACH-A,61.2,1.37
2023-09-29 21:00:00,MACH-A,52.83,1.27
2023-09-29 22:00:00,MACH-A,46.61,2.0
2023-09-29 23:00:00,MACH-A,49.59,2.9
2023-09-30 00:00:00,MACH-A,50.2,2.85
2023-09-30 01:00:00,MACH-A,41.98,2.28
2023-09-30 02:00:00,MACH-A,55.79,1.64
2023-09-30 03:00:00,MACH-A,54.6,2.44
2023-09-30 04:00:00,MACH-A,65.4,1.77
2023-09-30 05:00:00,MACH-A,62.55,1.62
2023-09-30 06:00:00,MACH-A,43.14,0.93
2023-09-30 07:00:00,MACH-A,58.2,2.05
2023-09-30 08:00:00,MACH-A,40.49,1.69
2023-09-30 09:00:00,MACH-A,56.96,2.05
2023-09-30 10:00:00,MACH-A,44.83,0.85
2023-09-30 11:00:00,MACH-A,39.77,2.08
2023-09-30 12:00:00,MACH-A,52.8,0.78
2023-09-30 13:00:00,MACH-A,23.25,2.54
2023-09-30 14:00:00,MACH-A,32.49,2.26
2023-09-30 15:00:00,MACH-A,48.23,1.86
2023-09-30 16:00:00,MACH-A,50.82,2.28
2023-09-30 17:00:00,MACH-A,46.31,1.51
2023-09-30 18:00:00,MACH-A,34.21,2.04
2023-09-30 19:00:00,MACH-A,41.82,2.4
2023-09-30 20:00:00,MACH-A,53.91,0.45
2023-09-30 21:00:00,MACH-A,55.82,1.78
2023-09-30 22:00:00,MACH-A,49.84,1.99
2023-09-30 23:00:00,MACH-A,61.57,1.9
2023-10-01 00:00:00,MACH-A,53.97,2.73
2023-10-01 01:00:00,MACH-A,42.53,1.44
2023-10-01 02:00:00,MACH-A,47.19,1.69
2023-10-01 03:00:00,MACH-A,35.97,1.04
2023-10-01 04:00:00,MACH-A,48.92,2.76
2023-10-01 05:00:00,MACH-A,61.12,1.88
2023-10-01 06:00:00,MACH-A,56.85,1.78
2023-10-01 07:00:00,MACH-A,64.02,1.97
2023-10-01 08:00:00,MACH-A,46.97,2.32
2023-10-01 09:00:00,MACH-A,63.46,2.17
2023-10-01 10:00:00,MACH-A,48.07,3.32
2023-10-01 11:00:00,MACH-A,64.72,2.23
2023-10-01 12:00:00,MACH-A,49.78,1.77
2023-10-01 13:00:00,MACH-A,57.07,1.72
2023-10-01 14:00:00,MACH-A,64.75,1.8
2023-10-01 15:00:00,MACH-A,48.07,1.25
2023-10-01 16:00:00,MACH-A,52.18,2.02
2023-10-01 17:00:00,MACH-A,62.89,2.39
2023-10-01 18:00:00,MACH-A,48.67,1.69
2023-10-01 19:00:00,MACH-A,36.79,1.6
2023-10-01 20:00:00,MACH-A,71.43,2.76
2023-10-01 21:00:00,MACH-A,45.3,1.29
2023-10-01 22:00:00,MACH-A,51.59,0.97
2023-10-01 23:00:00,MACH-A,61.56,1.42
2023-10-02 00:00:00,MACH-A,43.92,1.23
2023-10-02 01:00:00,MACH-A,39.92,2.19
2023-10-02 02:00:00,MACH-A,52.54,1.82
2023-10-02 03:00:00,MACH-A,32.07,1.89
2023-10-02 04:00:00,MACH-A,47.12,2.58
2023-10-02 05:00:00,MACH-A,52.45,1.65
2023-10-02 06:00:00,MACH-A,47.3,2.39
2023-10-02 07:00:00,MACH-A,34.57,2.76
2023-10-02 08:00:00,MACH-A,65.94,1.77
2023-10-02 09:00:00,MACH-A,51.04,2.37
2023-10-02 10:00:00,MACH-A,64.31,1.88
2023-10-02 11:00:00,MACH-A,47.4,2.46
2023-10-02 12:00:00,MACH-A,41.2,1.21
2023-10-02 13:00:00,MACH-A,52.69,1.18
2023-10-02 14:00:00,MACH-A,47.84,1.8
2023-10-02 15:00:00,MACH-A,38.22,1.56
2023-10-02 16:00:00,MACH-A,64.7,1.74
2023-10-02 17:00:00,MACH-A,43.78,1.89
2023-10-02 18:00:00,MACH-A,31.6,2.36
2023-10-02 19:00:00,MACH-A,63.28,1.8
2023-10-02 20:00:00,MACH-A,44.96,1.59
2023-10-02 21:00:00,MACH-A,43.92,1.82
2023-10-02 22:00:00,MACH-A,32.35,1.62
2023-10-02 23:00:00,MACH-A,67.41,1.53
2023-10-03 00:00:00,MACH-A,37.11,1.19
2023-10-03 01:00:00,MACH-A,50.58,2.03
2023-10-03 02:00:00,MACH-A,59.13,1.72
2023-10-03 03:00:00,MACH-A,54.22,2.48
2023-10-03 04:00:00,MACH-A,49.4,1.28
2023-10-03 05:00:00,MACH-A,32.98,1.73
2023-10-03 06:00:00,MACH-A,41.9,2.91
2023-10-03 07:00:00,MACH-A,51.88,1.53
2023-10-03 08:00:00,MACH-A,42.13,1.88
2023-10-03 09:00:00,MACH-A,52.03,1.39
2023-10-03 10:00:00,MACH-A,56.82,1.33
2023-10-03 11:00:00,MACH-A,59.63,2.77
2023-10-03 12:00:00,MACH-A,37.74,2.09
2023-10-03 13:00:00,MACH-A,71.97,2.07
2023-10-03 14:00:00,MACH-A,57.67,1.15
2023-10-03 15:00:00,MACH-A,49.98,2.18
2023-10-03 16:00:00,MACH-A,60.9,2.58
2023-10-03 17:00:00,MACH-A,73.65,2.57
2023-10-03 18:00:00,MACH-A,35.61,2.33
2023-10-03 19:00:00,MACH-A,47.75,1.44
2023-10-03 20:00:00,MACH-A,26.22,2.16
2023-10-03 21:00:00,MACH-A,51.93,2.33
2023-10-03 22:00:00,MACH-A,53.65,1.1
2023-10-03 23:00:00,MACH-A,49.61,1.44
2023-10-04 00:00:00,MACH-A,43.45,2.44
2023-10-04 01:00:00,MACH-A,29.5,2.44
2023-10-04 02:00:00,MACH-A,53.74,1.23
2023-10-04 03:00:00,MACH-A,64.55,2.4
2023-10-04 04:00:00,MACH-A,44.09,2.05
2023-10-04 05:00:00,MACH-A,54.4,2.39
2023-10-04 06:00:00,MACH-A,34.32,1.68
2023-10-04 07:00:00,MACH-A,54.57,2.32
2023-10-04 08:00:00,MACH-A,46.07,2.42
2023-10-04 09:00:00,MACH-A,42.38,1.82
2023-10-04 10:00:00,MACH-A,42.4,2.01
2023-10-04 11:00:00,MACH-A,46.06,1.68
2023-10-04 12:00:00,MACH-A,53.82,2.83
2023-10-04 13:00:00,MACH-A,36.88,1.94
2023-10-04 14:00:00,MACH-A,46.03,1.54
2023-10-04 15:00:00,MACH-A,49.59,1.64
2023-10-04 16:00:00,MACH-A,39.01,2.06
2023-10-04 17:00:00,MACH-A,67.97,2.38
2023-10-04 18:00:00,MACH-A,41.47,1.33
2023-10-04 19:00:00,MACH-A,43.31,2.92
2023-10-04 20:00:00,MACH-A,40.22,2.15
2023-10-04 21:00:00,MACH-A,67.98,2.23
2023-10-04 22:00:00,MACH-A,55.53,1.95
2023-10-04 23:00:00,MACH-A,40.63,2.01
2023-10-05 00:00:00,MACH-A,61.06,1.93
2023-10-05 01:00:00,MACH-A,52.01,2.51
2023-10-05 02:00:00,MACH-A,52.57,2.0
2023-10-05 03:00:00,MACH-A,46.56,2.38
2023-10-05 04:00:00,MACH-A,42.51,1.78
2023-10-05 05:00:00,MACH-A,53.38,2.1
2023-10-05 06:00:00,MACH-A,44.55,1.6
2023-10-05 07:00:00,MACH-A,68.17,2.61
2023-10-05 08:00:00,MACH-A,37.31,1.58
2023-10-05 09:00:00,MACH-A,65.36,1.84
2023-10-05 10:00:00,MACH-A,48.89,1.84
2023-10-05 11:00:00,MACH-A,85.35,4.75
2023-10-05 12:00:00,MACH-A,58.33,2.36
2023-10-05 13:00:00,MACH-A,43.7,1.84
2023-10-05 14:00:00,MACH-A,58.64,2.7
2023-10-05 15:00:00,MACH-A,22.92,1.59
2023-10-05 16:00:00,MACH-A,42.8,2.08
2023-10-05 17:00:00,MACH-A,40.76,1.61
2023-10-05 18:00:00,MACH-A,37.46,2.21
2023-10-05 19:00:00,MACH-A,47.85,1.99
2023-10-05 20:00:00,MACH-A,53.86,1.92
2023-10-05 21:00:00,MACH-A,57.03,2.59
2023-10-05 22:00:00,MACH-A,52.41,1.67
2023-10-05 23:00:00,MACH-A,43.34,2.29
2023-10-06 00:00:00,MACH-A,53.69,1.62
2023-10-06 01:00:00,MACH-A,51.24,2.06
2023-10-06 02:00:00,MACH-A,59.36,1.4
2023-10-06 03:00:00,MACH-A,57.77,1.67
2023-10-06 04:00:00,MACH-A,50.3,1.96
2023-10-06 05:00:00,MACH-A,41.03,2.91
2023-10-06 06:00:00,MACH-A,43.47,2.05
2023-10-06 07:00:00,MACH-A,44.5,2.83
2023-10-06 08:00:00,MACH-A,46.85,2.11
2023-10-06 09:00:00,MACH-A,52.68,1.81
2023-10-06 10:00:00,MACH-A,57.15,2.77
2023-10-06 11:00:00,MACH-A,49.49,2.22
2023-10-06 12:00:00,MACH-A,50.16,1.68
2023-10-06 13:00:00,MACH-A,51.43,2.24
2023-10-06 14:00:00,MACH-A,44.84,1.85
2023-10-06 15:00:00,MACH-A,40.75,1.01
2023-10-06 16:00:00,MACH-A,32.45,2.47
2023-10-06 17:00:00,MACH-A,43.05,2.55
2023-10-06 18:00:00,MACH-A,54.73,2.92
2023-10-06 19:00:00,MACH-A,42.97,2.21
2023-10-06 20:00:00,MACH-A,47.62,1.88
2023-10-06 21:00:00,MACH-A,54.66,2.42
2023-10-06 22:00:00,MACH-A,55.21,2.42
2023-10-06 23:00:00,MACH-A,39.2,2.82
2023-10-07 00:00:00,MACH-A,59.97,1.98
2023-10-07 01:00:00,MACH-A,61.27,1.92
2023-10-07 02:00:00,MACH-A,38.7,1.64
2023-10-07 03:00:00,MACH-A,41.76,2.27
2023-10-07 04:00:00,MACH-A,61.91,1.23
2023-10-07 05:00:00,MACH-A,48.53,2.39
2023-10-07 06:00:00,MACH-A,27.8,2.29
2023-10-07 07:00:00,MACH-A,36.0,2.29
2023-10-07 08:00:00,MACH-A,47.51,2.07
2023-10-07 09:00:00,MACH-A,38.37,2.77
2023-10-07 10:00:00,MACH-A,45.87,2.44
2023-10-07 11:00:00,MACH-A,50.32,1.7
2023-10-07 12:00:00,MACH-A,64.62,1.71
2023-10-07 13:00:00,MACH-A,47.1,1.56
2023-10-07 14:00:00,MACH-A,60.73,2.28
2023-10-07 15:00:00,MACH-A,64.29,1.5
2023-10-07 16:00:00,MACH-A,64.34,2.54
2023-10-07 17:00:00,MACH-A,52.85,2.66
2023-10-07 18:00:00,MACH-A,30.37,1.56
2023-10-07 19:00:00,MACH-A,54.61,1.91
2023-10-07 20:00:00,MACH-A,60.48,2.01
2023-10-07 21:00:00,MACH-A,49.19,2.44
2023-10-07 22:00:00,MACH-A,67.45,2.8
2023-10-07 23:00:00,MACH-A,58.6,1.16
2023-10-08 00:00:00,MACH-A,55.68,1.84
2023-10-08 01:00:00,MACH-A,60.86,1.87
2023-10-08 02:00:00,MACH-A,53.33,1.3
2023-10-08 03:00:00,MACH-A,25.07,1.76
2023-10-08 04:00:00,MACH-A,45.01,2.21
2023-10-08 05:00:00,MACH-A,61.97,1.86
2023-10-08 06:00:00,MACH-A,41.92,1.23
2023-10-08 07:00:00,MACH-A,47.77,3.44
2023-10-08 08:00:00,MACH-A,39.55,2.13
2023-10-08 09:00:00,MACH-A,67.84,2.06
2023-10-08 10:00:00,MACH-A,66.81,1.45
2023-10-08 11:00:00,MACH-A,41.16,2.13
2023-10-08 12:00:00,MACH-A,51.47,1.92
2023-10-08 13:00:00,MACH-A,43.2,1.06
2023-10-08 14:00:00,MACH-A,56.15,1.46
2023-10-08 15:00:00,MACH-A,55.1,2.4
2023-10-08 16:00:00,MACH-A,58.12,2.97
2023-10-08 17:00:00,MACH-A,53.32,2.18
2023-10-08 18:00:00,MACH-A,79.35,2.55
2023-10-08 19:00:00,MACH-A,39.72,1.92
2023-10-08 20:00:00,MACH-A,32.89,1.96
2023-10-08 21:00:00,MACH-A,46.07,2.55
2023-10-08 22:00:00,MACH-A,34.32,2.83
2023-10-08 23:00:00,MACH-A,35.08,2.65
2023-10-09 00:00:00,MACH-A,39.99,1.47
2023-10-09 01:00:00,MACH-A,40.78,1.97
2023-10-09 02:00:00,MACH-A,40.45,2.14
2023-10-09 03:00:00,MACH-A,55.18,1.87
2023-10-09 04:00:00,MACH-A,44.94,2.19
2023-10-09 05:00:00,MACH-A,48.2,2.41
2023-10-09 06:00:00,MACH-A,58.94,2.5
2023-10-09 07:00:00,MACH-A,42.34,2.84
2023-10-09 08:00:00,MACH-A,47.35,1.84
2023-10-09 09:00:00,MACH-A,53.66,1.32
2023-10-09 10:00:00,MACH-A,30.58,2.18
2023-10-09 11:00:00,MACH-A,26.15,2.94
2023-10-09 12:00:00,MACH-A,53.46,1.76
2023-10-09 13:00:00,MACH-A,54.92,2.34
2023-10-09 14:00:00,MACH-A,70.64,2.35
2023-10-09 15:00:00,MACH-A,51.58,2.1
2023-10-09 16:00:00,MACH-A,58.2,2.0
2023-10-09 17:00:00,MACH-A,48.05,1.54
2023-10-09 18:00:00,MACH-A,52.97,0.86
2023-10-09 19:00:00,MACH-A,66.67,1.44
2023-10-09 20:00:00,MACH-A,28.76,1.8
2023-10-09 21:00:00,MACH-A,54.14,2.55
2023-10-09 22:00:00,MACH-A,71.36,1.95
2023-10-09 23:00:00,MACH-A,52.82,1.74
2023-10-10 00:00:00,MACH-A,66.51,1.55
2023-10-10 01:00:00,MACH-A,43.71,2.33
2023-10-10 02:00:00,MACH-A,49.68,2.68
2023-10-10 03:00:00,MACH-A,50.34,2.53
2023-10-10 04:00:00,MACH-A,27.82,2.3
2023-10-10 05:00:00,MACH-A,38.32,1.26
2023-10-10 06:00:00,MACH-A,39.03,1.82
2023-10-10 07:00:00,MACH-A,58.22,2.97
2023-10-10 08:00:00,MACH-A,58.72,2.56
2023-10-10 09:00:00,MACH-A,53.24,1.23
2023-10-10 10:00:00,MACH-A,58.24,1.97
2023-10-10 11:00:00,MACH-A,48.36,2.18
2023-10-10 12:00:00,MACH-A,62.02,1.62
2023-10-10 13:00:00,MACH-A,50.09,0.85
2023-10-10 14:00:00,MACH-A,50.58,2.05
2023-10-10 15:00:00,MACH-A,47.34,1.61
2023-10-10 16:00:00,MACH-A,56.84,1.61
2023-10-10 17:00:00,MACH-A,45.79,1.82
2023-10-10 18:00:00,MACH-A,59.76,1.93
2023-10-10 19:00:00,MACH-A,38.68,2.0
2023-10-10 20:00:00,MACH-A,39.01,1.56
2023-10-10 21:00:00,MACH-A,56.87,1.89
2023-10-10 22:00:00,MACH-A,49.11,1.12
2023-10-10 23:00:00,MACH-A,45.46,2.16
2023-10-11 00:00:00,MACH-A,58.9,0.57
2023-10-11 01:00:00,MACH-A,43.93,1.86
2023-10-11 02:00:00,MACH-A,48.0,2.46
2023-10-11 03:00:00,MACH-A,63.99,1.47
2023-10-11 04:00:00,MACH-A,65.39,2.36
2023-10-11 05:00:00,MACH-A,65.72,2.58
2023-10-11 06:00:00,MACH-A,47.18,0.35
2023-10-11 07:00:00,MACH-A,62.31,1.92
2023-10-11 08:00:00,MACH-A,81.28,3.24
2023-10-11 09:00:00,MACH-A,40.93,1.94
2023-10-11 10:00:00,MACH-A,26.5,2.0
2023-10-11 11:00:00,MACH-A,66.73,0.76
2023-10-11 12:00:00,MACH-A,41.36,2.96
2023-10-11 13:00:00,MACH-A,48.73,2.14
2023-10-11 14:00:00,MACH-A,40.9,1.58
2023-10-11 15:00:00,MACH-A,56.95,2.73
2023-10-11 16:00:00,MACH-A,46.24,1.1
2023-10-11 17:00:00,MACH-A,36.95,1.39
2023-10-11 18:00:00,MACH-A,54.42,0.85
2023-10-11 19:00:00,MACH-A,35.66,2.9
2023-10-11 20:00:00,MACH-A,41.63,2.17
2023-10-11 21:00:00,MACH-A,28.93,2.33
2023-10-11 22:00:00,MACH-A,35.76,2.15
2023-10-11 23:00:00,MACH-A,51.79,2.29
2023-10-12 00:00:00,MACH-A,30.35,2.04
2023-10-12 01:00:00,MACH-A,35.19,2.14
2023-10-12 02:00:00,MACH-A,49.98,2.05
2023-10-12 03:00:00,MACH-A,44.56,1.7
2023-10-12 04:00:00,MACH-A,69.92,1.98
2023-10-12 05:00:00,MACH-A,68.34,2.14
2023-10-12 06:00:00,MACH-A,41.32,2.06
2023-10-12 07:00:00,MACH-A,55.57,1.26
2023-10-12 08:00:00,MACH-A,57.49,1.33
2023-10-12 09:00:00,MACH-A,44.03,2.54
2023-10-12 10:00:00,MACH-A,35.04,1.85
2023-10-12 11:00:00,MACH-A,49.88,2.29
2023-10-12 12:00:00,MACH-A,48.27,1.45
2023-10-12 13:00:00,MACH-A,45.64,1.26
2023-10-12 14:00:00,MACH-A,54.42,1.58
2023-10-12 15:00:00,MACH-A,42.49,1.89
2023-10-12 16:00:00,MACH-A,38.48,1.67
2023-10-12 17:00:00,MACH-A,51.09,2.65
2023-10-12 18:00:00,MACH-A,53.86,2.09
2023-10-12 19:00:00,MACH-A,38.23,2.92
2023-10-12 20:00:00,MACH-A,59.28,2.2
2023-10-12 21:00:00,MACH-A,32.3,0.79
2023-10-12 22:00:00,MACH-A,44.22,2.53
2023-10-12 23:00:00,MACH-A,47.42,1.25
2023-10-13 00:00:00,MACH-A,43.64,2.12
2023-10-13 01:00:00,MACH-A,44.35,1.61
2023-10-13 02:00:00,MACH-A,68.71,3.07
2023-10-13 03:00:00,MACH-A,41.49,2.72
2023-10-13 04:00:00,MACH-A,74.41,1.63
2023-10-13 05:00:00,MACH-A,54.37,1.94
2023-10-13 06:00:00,MACH-A,50.92,2.12
2023-10-13 07:00:00,MACH-A,54.76,2.43
2023-10-13 08:00:00,MACH-A,75.3,2.01
2023-10-13 09:00:00,MACH-A,40.06,1.49
2023-10-13 10:00:00,MACH-A,38.8,1.64
2023-10-13 11:00:00,MACH-A,42.45,2.0
2023-10-13 12:00:00,MACH-A,50.32,2.62
2023-10-13 13:00:00,MACH-A,32.74,2.21
2023-10-13 14:00:00,MACH-A,50.22,1.61
2023-10-13 15:00:00,MACH-A,66.94,2.32
2023-10-13 16:00:00,MACH-A,51.51,1.81
2023-10-13 17:00:00,MACH-A,47.07,2.45
2023-10-13 18:00:00,MACH-A,43.82,3.26
2023-10-13 19:00:00,MACH-A,58.99,1.82
2023-10-13 20:00:00,MACH-A,41.74,2.4
2023-10-13 21:00:00,MACH-A,68.46,1.63
2023-10-13 22:00:00,MACH-A,69.33,1.94
2023-10-13 23:00:00,MACH-A,52.57,2.01
2023-10-14 00:00:00,MACH-A,86.93,4.41
2023-10-14 01:00:00,MACH-A,60.31,3.23
2023-10-14 02:00:00,MACH-A,60.95,1.85
2023-10-14 03:00:00,MACH-A,41.94,2.29
2023-10-14 04:00:00,MACH-A,44.73,1.03
2023-10-14 05:00:00,MACH-A,36.78,2.22
2023-10-14 06:00:00,MACH-A,54.09,2.57
2023-10-14 07:00:00,MACH-A,56.67,1.74
2023-10-14 08:00:00,MACH-A,36.5,0.74
2023-10-14 09:00:00,MACH-A,45.45,1.98
2023-10-14 10:00:00,MACH-A,36.53,2.01
2023-10-14 11:00:00,MACH-A,41.01,2.36
2023-10-14 12:00:00,MACH-A,55.51,3.01
2023-10-14 13:00:00,MACH-A,42.67,1.81
2023-10-14 14:00:00,MACH-A,46.99,1.57
2023-10-14 15:00:00,MACH-A,33.73,1.42
2023-10-14 16:00:00,MACH-A,51.87,2.1
2023-10-14 17:00:00,MACH-A,49.56,2.24
2023-10-14 18:00:00,MACH-A,42.71,1.73
2023-10-14 19:00:00,MACH-A,48.11,2.39
2023-10-14 20:00:00,MACH-A,51.8,2.23
2023-10-14 21:00:00,MACH-A,41.85,2.02
2023-10-14 22:00:00,MACH-A,35.24,1.55
2023-10-14 23:00:00,MACH-A,68.06,1.76
2023-10-15 00:00:00,MACH-A,43.67,0.79
2023-10-15 01:00:00,MACH-A,49.03,2.12
2023-10-15 02:00:00,MACH-A,60.11,2.01
2023-10-15 03:00:00,MACH-A,85.29,2.09
2023-10-15 04:00:00,MACH-A,37.56,2.25
2023-10-15 05:00:00,MACH-A,54.5,2.19
2023-10-15 06:00:00,MACH-A,42.92,1.94
2023-10-15 07:00:00,MACH-A,44.61,2.02
2023-10-15 08:00:00,MACH-A,42.8,1.3
2023-10-15 09:00:00,MACH-A,38.74,1.71
2023-10-15 10:00:00,MACH-A,49.59,2.03
2023-10-15 11:00:00,MACH-A,35.25,1.63
2023-10-15 12:00:00,MACH-A,59.47,2.43
2023-10-15 13:00:00,MACH-A,50.55,1.67
2023-10-15 14:00:00,MACH-A,54.22,2.11
2023-10-15 15:00:00,MACH-A,45.34,2.06
2023-10-15 16:00:00,MACH-A,46.33,2.37
2023-10-15 17:00:00,MACH-A,52.88,2.45
2023-10-15 18:00:00,MACH-A,38.36,2.35
2023-10-15 19:00:00,MACH-A,46.42,0.95
2023-10-15 20:00:00,MACH-A,41.4,2.6
2023-10-15 21:00:00,MACH-A,41.09,2.76
2023-10-15 22:00:00,MACH-A,28.9,1.76
2023-10-15 23:00:00,MACH-A,63.39,2.12
2023-10-16 00:00:00,MACH-A,43.13,1.55
2023-10-16 01:00:00,MACH-A,61.63,1.03
2023-10-16 02:00:00,MACH-A,60.69,1.63
2023-10-16 03:00:00,MACH-A,37.14,1.73
2023-10-16 04:00:00,MACH-A,39.12,1.82
2023-10-16 05:00:00,MACH-A,75.61,1.52
2023-10-16 06:00:00,MACH-A,67.51,1.63
2023-10-16 07:00:00,MACH-A,49.68,1.99
2023-10-16 08:00:00,MACH-A,52.57,1.61
2023-10-16 09:00:00,MACH-A,43.69,2.27
2023-10-16 10:00:00,MACH-A,54.32,2.34
2023-10-16 11:00:00,MACH-A,42.83,3.19
2023-10-16 12:00:00,MACH-A,29.68,2.56
2023-10-16 13:00:00,MACH-A,36.78,2.12
2023-10-16 14:00:00,MACH-A,50.21,1.69
2023-10-16 15:00:00,MACH-A,38.69,2.15
2023-10-16 16:00:00,MACH-A,49.33,2.16
2023-10-16 17:00:00,MACH-A,39.25,1.74
2023-10-16 18:00:00,MACH-A,42.18,2.39
2023-10-16 19:00:00,MACH-A,58.53,1.3
2023-10-16 20:00:00,MACH-A,52.47,1.88
2023-10-16 21:00:00,MACH-A,49.9,2.28
2023-10-16 22:00:00,MACH-A,58.79,1.86
2023-10-16 23:00:00,MACH-A,54.81,1.9
2023-10-17 00:00:00,MACH-A,64.47,1.93
2023-10-17 01:00:00,MACH-A,45.4,1.58
2023-10-17 02:00:00,MACH-A,45.7,2.59
2023-10-17 03:00:00,MACH-A,36.99,1.49
2023-10-17 04:00:00,MACH-A,45.71,2.16
2023-10-17 05:00:00,MACH-A,59.65,2.21
2023-10-17 06:00:00,MACH-A,63.0,1.53
2023-10-17 07:00:00,MACH-A,59.6,2.04
2023-10-17 08:00:00,MACH-A,32.06,1.55
2023-10-17 09:00:00,MACH-A,60.83,2.7
2023-10-17 10:00:00,MACH-A,31.61,1.43
2023-10-17 11:00:00,MACH-A,58.98,1.67
2023-10-17 12:00:00,MACH-A,46.32,1.39
2023-10-17 13:00:00,MACH-A,57.03,1.32
2023-10-17 14:00:00,MACH-A,36.68,2.8
2023-10-17 15:00:00,MACH-A,61.71,2.27
2023-10-17 16:00:00,MACH-A,35.35,2.07
2023-10-17 17:00:00,MACH-A,43.32,1.67
2023-10-17 18:00:00,MACH-A,40.02,2.45
2023-10-17 19:00:00,MACH-A,32.46,1.59
2023-10-17 20:00:00,MACH-A,50.95,2.4
2023-10-17 21:00:00,MACH-A,68.06,1.56
2023-10-17 22:00:00,MACH-A,76.67,1.68
2023-10-17 23:00:00,MACH-A,50.97,2.38
2023-10-18 00:00:00,MACH-A,61.17,2.43
2023-10-18 01:00:00,MACH-A,52.32,2.3
2023-10-18 02:00:00,MACH-A,54.99,1.48
2023-10-18 03:00:00,MACH-A,46.58,1.78
2023-10-18 04:00:00,MACH-A,51.95,2.08
2023-10-18 05:00:00,MACH-A,55.37,1.58
2023-10-18 06:00:00,MACH-A,44.22,2.69
2023-10-18 07:00:00,MACH-A,49.23,0.8
2023-10-18 08:00:00,MACH-A,49.42,1.61
2023-10-18 09:00:00,MACH-A,58.26,1.75
2023-10-18 10:00:00,MACH-A,39.34,0.58
2023-10-18 11:00:00,MACH-A,49.48,1.3
2023-10-18 12:00:00,MACH-A,69.12,2.31
2023-10-18 13:00:00,MACH-A,61.64,2.02
2023-10-18 14:00:00,MACH-A,63.49,2.79
2023-10-18 15:00:00,MACH-A,50.24,2.77
2023-10-18 16:00:00,MACH-A,53.21,2.22
2023-10-18 17:00:00,MACH-A,60.02,2.16
2023-10-18 18:00:00,MACH-A,65.6,2.03
2023-10-18 19:00:00,MACH-A,30.48,0.67
2023-10-18 20:00:00,MACH-A,36.85,1.3
2023-10-18 21:00:00,MACH-A,63.09,2.05
2023-10-18 22:00:00,MACH-A,47.23,2.31
2023-10-18 23:00:00,MACH-A,43.28,2.14
2023-10-19 00:00:00,MACH-A,37.46,1.55
2023-10-19 01:00:00,MACH-A,44.45,2.47
2023-10-19 02:00:00,MACH-A,35.98,2.74
2023-10-19 03:00:00,MACH-A,70.91,2.47
2023-10-19 04:00:00,MACH-A,49.78,2.49
2023-10-19 05:00:00,MACH-A,49.42,1.72
2023-10-19 06:00:00,MACH-A,55.88,2.54
2023-10-19 07:00:00,MACH-A,59.62,2.07
2023-10-19 08:00:00,MACH-A,59.46,2.26
2023-10-19 09:00:00,MACH-A,60.74,2.18
2023-10-19 10:00:00,MACH-A,43.69,1.94
2023-10-19 11:00:00,MACH-A,47.02,1.57
2023-10-19 12:00:00,MACH-A,57.69,1.96
2023-10-19 13:00:00,MACH-A,44.73,2.49
2023-10-19 14:00:00,MACH-A,49.95,1.78
2023-10-19 15:00:00,MACH-A,53.99,2.45
2023-10-19 16:00:00,MACH-A,57.85,2.37
2023-10-19 17:00:00,MACH-A,32.22,1.85
2023-10-19 18:00:00,MACH-A,57.15,2.69
2023-10-19 19:00:00,MACH-A,47.66,1.82
2023-10-19 20:00:00,MACH-A,57.07,2.75
2023-10-19 21:00:00,MACH-A,57.77,2.22
2023-10-19 22:00:00,MACH-A,66.08,1.99
2023-10-19 23:00:00,MACH-A,63.53,1.56
2023-10-20 00:00:00,MACH-A,63.47,1.96
2023-10-20 01:00:00,MACH-A,64.44,1.9
2023-10-20 02:00:00,MACH-A,52.91,1.37
2023-10-20 03:00:00,MACH-A,50.32,1.89
2023-10-20 04:00:00,MACH-A,58.73,1.6
2023-10-20 05:00:00,MACH-A,57.32,2.29
2023-10-20 06:00:00,MACH-A,46.91,2.65
2023-10-20 07:00:00,MACH-A,54.05,1.39
2023-10-20 08:00:00,MACH-A,49.65,2.86
2023-10-20 09:00:00,MACH-A,41.46,1.94
2023-10-20 10:00:00,MACH-A,62.9,1.51
2023-10-20 11:00:00,MACH-A,50.55,2.38
2023-10-20 12:00:00,MACH-A,70.49,1.78
2023-10-20 13:00:00,MACH-A,33.75,1.96
2023-10-20 14:00:00,MACH-A,44.43,1.8
2023-10-20 15:00:00,MACH-A,50.33,1.59
2023-10-20 16:00:00,MACH-A,61.37,2.36
2023-10-20 17:00:00,MACH-A,53.99,1.86
2023-10-20 18:00:00,MACH-A,53.1,1.28
2023-10-20 19:00:00,MACH-A,38.73,2.28
2023-10-20 20:00:00,MACH-A,38.43,1.4
2023-10-20 21:00:00,MACH-A,53.23,1.42
2023-10-20 22:00:00,MACH-A,36.36,2.6
2023-10-20 23:00:00,MACH-A,44.68,1.4
2023-10-21 00:00:00,MACH-A,55.01,0.84
2023-10-21 01:00:00,MACH-A,40.18,2.31
2023-10-21 02:00:00,MACH-A,66.05,1.85
2023-10-21 03:00:00,MACH-A,62.24,1.89
2023-10-21 04:00:00,MACH-A,34.29,1.84
2023-10-21 05:00:00,MACH-A,40.68,2.12
2023-10-21 06:00:00,MACH-A,27.14,1.62
2023-10-21 07:00:00,MACH-A,42.17,2.74
2023-10-21 08:00:00,MACH-A,57.66,1.26
2023-10-21 09:00:00,MACH-A,45.86,2.22
2023-10-21 10:00:00,MACH-A,54.61,2.32
2023-10-21 11:00:00,MACH-A,34.78,1.62
2023-10-21 12:00:00,MACH-A,57.98,1.49
2023-10-21 13:00:00,MACH-A,44.45,2.51
2023-10-21 14:00:00,MACH-A,50.12,1.5
2023-10-21 15:00:00,MACH-A,49.07,1.7
2023-10-21 16:00:00,MACH-A,37.28,2.44
2023-10-21 17:00:00,MACH-A,38.47,2.02
2023-10-21 18:00:00,MACH-A,59.68,1.1
2023-10-21 19:00:00,MACH-A,53.99,2.87
2023-10-21 20:00:00,MACH-A,60.5,1.73
2023-10-21 21:00:00,MACH-A,53.25,1.8
2023-10-21 22:00:00,MACH-A,51.43,2.13
2023-10-21 23:00:00,MACH-A,32.74,2.31
2023-10-22 00:00:00,MACH-A,47.3,2.98
2023-10-22 01:00:00,MACH-A,49.73,1.17
2023-10-22 02:00:00,MACH-A,69.53,2.41
2023-10-22 03:00:00,MACH-A,56.87,2.37
2023-10-22 04:00:00,MACH-A,65.36,1.93
2023-10-22 05:00:00,MACH-A,55.98,2.39
2023-10-22 06:00:00,MACH-A,42.89,2.47
2023-10-22 07:00:00,MACH-A,51.17,1.31
2023-10-22 08:00:00,MACH-A,52.36,2.87
2023-10-22 09:00:00,MACH-A,40.61,1.22
2023-10-22 10:00:00,MACH-A,46.16,1.43
2023-10-22 11:00:00,MACH-A,47.94,1.87
2023-10-22 12:00:00,MACH-A,66.06,2.96
2023-10-22 13:00:00,MACH-A,29.19,1.85
2023-10-22 14:00:00,MACH-A,62.06,1.98
2023-10-22 15:00:00,MACH-A,40.63,2.72
2023-10-22 16:00:00,MACH-A,36.28,1.85
2023-10-22 17:00:00,MACH-A,61.8,1.41
2023-10-22 18:00:00,MACH-A,57.32,1.79
2023-10-22 19:00:00,MACH-A,62.55,2.69
2023-10-22 20:00:00,MACH-A,58.01,2.04
2023-10-22 21:00:00,MACH-A,70.6,2.97
2023-10-22 22:00:00,MACH-A,55.59,2.37
2023-10-22 23:00:00,MACH-A,48.44,1.68
2023-10-23 00:00:00,MACH-A,53.43,2.03
2023-10-23 01:00:00,MACH-A,62.43,1.57
2023-10-23 02:00:00,MACH-A,42.21,1.67
2023-10-23 03:00:00,MACH-A,43.48,4.24
2023-10-23 04:00:00,MACH-A,46.91,2.51
2023-10-23 05:00:00,MACH-A,28.95,2.43
2023-10-23 06:00:00,MACH-A,51.38,1.69
2023-10-23 07:00:00,MACH-A,31.14,2.78
2023-10-23 08:00:00,MACH-A,50.53,2.55
2023-10-23 09:00:00,MACH-A,58.65,2.94
2023-10-23 10:00:00,MACH-A,45.23,2.92
2023-10-23 11:00:00,MACH-A,66.77,1.26
2023-10-23 12:00:00,MACH-A,35.39,1.45
2023-10-23 13:00:00,MACH-A,61.91,1.5
2023-10-23 14:00:00,MACH-A,56.75,1.53
2023-10-23 15:00:00,MACH-A,32.84,2.16
2023-10-23 16:00:00,MACH-A,77.11,1.72
2023-10-23 17:00:00,MACH-A,49.36,3.04
2023-10-23 18:00:00,MACH-A,41.23,2.95
2023-10-23 19:00:00,MACH-A,35.93,2.0
2023-10-23 20:00:00,MACH-A,47.8,2.98
2023-10-23 21:00:00,MACH-A,48.73,2.74
2023-10-23 22:00:00,MACH-A,51.03,1.77
2023-10-23 23:00:00,MACH-A,47.02,1.0
2023-10-24 00:00:00,MACH-A,56.33,1.89
2023-10-24 01:00:00,MACH-A,46.12,1.68
2023-10-24 02:00:00,MACH-A,30.65,2.1
2023-10-24 03:00:00,MACH-A,48.51,2.04
2023-10-24 04:00:00,MACH-A,26.33,2.03
2023-10-24 05:00:00,MACH-A,53.54,2.26
2023-10-24 06:00:00,MACH-A,40.21,1.39
2023-10-24 07:00:00,MACH-A,51.63,2.21
2023-10-24 08:00:00,MACH-A,63.14,1.78
2023-10-24 09:00:00,MACH-A,40.51,2.1
2023-10-24 10:00:00,MACH-A,60.61,2.48
2023-10-24 11:00:00,MACH-A,45.67,1.39
2023-10-24 12:00:00,MACH-A,67.53,1.86
2023-10-24 13:00:00,MACH-A,46.35,1.94
2023-10-24 14:00:00,MACH-A,41.6,1.74
2023-10-24 15:00:00,MACH-A,56.87,2.45
2023-10-24 16:00:00,MACH-A,45.64,1.64
2023-10-24 17:00:00,MACH-A,41.59,1.72
2023-10-24 18:00:00,MACH-A,45.22,1.65
2023-10-24 19:00:00,MACH-A,49.55,2.55
2023-10-24 20:00:00,MACH-A,63.42,1.75
2023-10-24 21:00:00,MACH-A,30.66,2.23
2023-10-24 22:00:00,MACH-A,50.23,2.99
2023-10-24 23:00:00,MACH-A,56.25,1.96
2023-10-25 00:00:00,MACH-A,51.93,2.56
2023-10-25 01:00:00,MACH-A,63.1,2.84
2023-10-25 02:00:00,MACH-A,49.26,2.51
2023-10-25 03:00:00,MACH-A,48.15,1.99
2023-10-25 04:00:00,MACH-A,55.92,2.32
2023-10-25 05:00:00,MACH-A,50.99,1.36
2023-10-25 06:00:00,MACH-A,46.1,1.61
2023-10-25 07:00:00,MACH-A,55.16,1.7
2023-10-25 08:00:00,MACH-A,43.47,3.12
2023-10-25 09:00:00,MACH-A,43.89,1.59
2023-10-25 10:00:00,MACH-A,44.72,1.59
2023-10-25 11:00:00,MACH-A,63.53,1.48
2023-10-25 12:00:00,MACH-A,17.79,2.28
2023-10-25 13:00:00,MACH-A,53.96,2.07
2023-10-25 14:00:00,MACH-A,50.34,2.54
2023-10-25 15:00:00,MACH-A,33.19,2.34
2023-10-25 16:00:00,MACH-A,53.1,1.31
2023-10-25 17:00:00,MACH-A,54.76,1.6
2023-10-25 18:00:00,MACH-A,55.9,2.68
2023-10-25 19:00:00,MACH-A,23.48,1.9
2023-10-25 20:00:00,MACH-A,63.66,2.59
2023-10-25 21:00:00,MACH-A,42.62,1.93
2023-10-25 22:00:00,MACH-A,56.87,1.52
2023-10-25 23:00:00,MACH-A,57.41,1.85
2023-10-26 00:00:00,MACH-A,41.23,1.52
2023-10-26 01:00:00,MACH-A,56.6,1.72
2023-10-26 02:00:00,MACH-A,46.15,2.1
2023-10-26 03:00:00,MACH-A,29.29,2.26
2023-10-26 04:00:00,MACH-A,61.68,1.2
2023-10-26 05:00:00,MACH-A,42.25,1.99
2023-10-26 06:00:00,MACH-A,41.46,1.71
2023-10-26 07:00:00,MACH-A,45.97,1.68
2023-10-26 08:00:00,MACH-A,52.72,2.07
2023-10-26 09:00:00,MACH-A,49.43,1.72
2023-10-26 10:00:00,MACH-A,55.48,2.69
2023-10-26 11:00:00,MACH-A,36.61,2.59
2023-10-26 12:00:00,MACH-A,42.58,2.59
2023-10-26 13:00:00,MACH-A,48.84,1.75
2023-10-26 14:00:00,MACH-A,68.98,1.52
2023-10-26 15:00:00,MACH-A,48.86,2.04
2023-10-26 16:00:00,MACH-A,60.85,1.92
2023-10-26 17:00:00,MACH-A,50.39,1.7
2023-10-26 18:00:00,MACH-A,45.16,1.41
2023-10-26 19:00:00,MACH-A,47.53,1.98
2023-10-26 20:00:00,MACH-A,48.32,1.8
2023-10-26 21:00:00,MACH-A,56.04,2.34
2023-10-26 22:00:00,MACH-A,63.75,2.33
2023-10-26 23:00:00,MACH-A,53.6,2.55
2023-10-27 00:00:00,MACH-A,61.87,1.37
2023-10-27 01:00:00,MACH-A,40.35,2.2
2023-10-27 02:00:00,MACH-A,45.85,1.64
2023-10-27 03:00:00,MACH-A,42.76,1.39
2023-10-27 04:00:00,MACH-A,53.14,1.79
2023-10-27 05:00:00,MACH-A,46.41,2.53
2023-10-27 06:00:00,MACH-A,57.3,1.81
2023-10-27 07:00:00,MACH-A,40.69,2.78
2023-10-27 08:00:00,MACH-A,50.43,2.27
2023-10-27 09:00:00,MACH-A,56.87,1.8
2023-10-27 10:00:00,MACH-A,29.35,2.58
2023-10-27 11:00:00,MACH-A,71.22,2.22
2023-10-27 12:00:00,MACH-A,47.17,1.53
2023-10-27 13:00:00,MACH-A,29.75,2.93
2023-10-27 14:00:00,MACH-A,51.58,2.13
2023-10-27 15:00:00,MACH-A,50.33,2.01
2023-10-27 16:00:00,MACH-A,49.18,1.57
2023-10-27 17:00:00,MACH-A,59.91,2.59
2023-10-27 18:00:00,MACH-A,57.47,2.26
2023-10-27 19:00:00,MACH-A,52.98,2.31
2023-10-27 20:00:00,MACH-A,54.5,1.75
2023-10-27 21:00:00,MACH-A,48.96,2.42
2023-10-27 22:00:00,MACH-A,67.75,2.46
2023-10-27 23:00:00,MACH-A,35.21,1.67
2023-10-28 00:00:00,MACH-A,51.4,1.29
2023-10-28 01:00:00,MACH-A,50.65,2.29
2023-10-28 02:00:00,MACH-A,58.13,1.21
2023-10-28 03:00:00,MACH-A,41.56,2.08
2023-10-28 04:00:00,MACH-A,32.56,1.78
2023-10-28 05:00:00,MACH-A,51.57,2.61
2023-10-28 06:00:00,MACH-A,52.81,1.8
2023-10-28 07:00:00,MACH-A,64.9,2.55
2023-10-28 08:00:00,MACH-A,37.3,1.74
2023-10-28 09:00:00,MACH-A,61.55,2.5
2023-10-28 10:00:00,MACH-A,73.67,3.03
2023-10-28 11:00:00,MACH-A,46.22,1.47
2023-10-28 12:00:00,MACH-A,37.09,2.15
2023-10-28 13:00:00,MACH-A,45.93,3.37
2023-10-28 14:00:00,MACH-A,50.14,2.03
2023-10-28 15:00:00,MACH-A,55.64,2.03
2023-10-28 16:00:00,MACH-A,44.09,2.39
2023-10-28 17:00:00,MACH-A,65.55,2.02
2023-10-28 18:00:00,MACH-A,38.85,1.15
2023-10-28 19:00:00,MACH-A,32.61,2.57
2023-10-28 20:00:00,MACH-A,61.07,1.0
2023-10-28 21:00:00,MACH-A,27.25,1.79
2023-10-28 22:00:00,MACH-A,47.96,2.6
2023-10-28 23:00:00,MACH-A,81.18,1.82
2023-10-29 00:00:00,MACH-A,49.88,1.65
2023-10-29 01:00:00,MACH-A,38.79,2.44
2023-10-29 02:00:00,MACH-A,49.43,1.57
2023-10-29 03:00:00,MACH-A,49.49,1.39
2023-10-29 04:00:00,MACH-A,51.61,2.14
2023-10-29 05:00:00,MACH-A,56.62,1.91
2023-10-29 06:00:00,MACH-A,39.61,1.38
2023-10-29 07:00:00,MACH-A,66.88,2.32
2023-10-29 08:00:00,MACH-A,52.45,2.23
2023-10-29 09:00:00,MACH-A,57.27,1.82
2023-10-29 10:00:00,MACH-A,43.72,1.85
2023-10-29 11:00:00,MACH-A,62.86,2.24
2023-10-29 12:00:00,MACH-A,47.43,2.6
2023-10-29 13:00:00,MACH-A,52.78,1.86
2023-10-29 14:00:00,MACH-A,40.67,2.33
2023-10-29 15:00:00,MACH-A,40.03,2.28
2023-10-29 16:00:00,MACH-A,56.88,2.44
2023-10-29 17:00:00,MACH-A,45.56,2.02
2023-10-29 18:00:00,MACH-A,41.46,1.54
2023-10-29 19:00:00,MACH-A,43.57,1.77
2023-10-29 20:00:00,MACH-A,56.99,2.17
2023-10-29 21:00:00,MACH-A,43.71,2.91
2023-10-29 22:00:00,MACH-A,48.82,1.76
2023-10-29 23:00:00,MACH-A,50.15,2.4
2023-10-30 00:00:00,MACH-A,30.83,1.84
2023-10-30 01:00:00,MACH-A,35.29,2.06
2023-10-30 02:00:00,MACH-A,53.36,2.76
2023-10-30 03:00:00,MACH-A,42.63,2.38
2023-10-30 04:00:00,MACH-A,60.57,1.38
2023-10-30 05:00:00,MACH-A,59.67,1.71
2023-10-30 06:00:00,MACH-A,57.19,2.63
2023-10-30 07:00:00,MACH-A,68.2,2.07
2023-10-30 08:00:00,MACH-A,49.17,1.43
2023-10-30 09:00:00,MACH-A,56.49,1.59
2023-10-30 10:00:00,MACH-A,44.16,2.35
2023-10-30 11:00:00,MACH-A,74.52,2.5
2023-10-30 12:00:00,MACH-A,69.84,2.01
2023-10-30 13:00:00,MACH-A,50.12,3.24
2023-10-30 14:00:00,MACH-A,53.87,2.41
2023-10-30 15:00:00,MACH-A,63.59,1.88
2023-10-30 16:00:00,MACH-A,48.53,1.59
2023-10-30 17:00:00,MACH-A,43.43,1.51
2023-10-30 18:00:00,MACH-A,58.74,2.17
2023-10-30 19:00:00,MACH-A,50.78,1.76
2023-10-30 20:00:00,MACH-A,51.83,2.84
2023-10-30 21:00:00,MACH-A,41.66,2.73
2023-10-30 22:00:00,MACH-A,32.82,2.32
2023-10-30 23:00:00,MACH-A,52.36,1.41
2023-10-31 00:00:00,MACH-A,59.05,1.66
2023-10-31 01:00:00,MACH-A,47.74,2.63
2023-10-31 02:00:00,MACH-A,64.36,1.72
2023-10-31 03:00:00,MACH-A,42.96,2.56
2023-10-31 04:00:00,MACH-A,39.45,2.24
2023-10-31 05:00:00,MACH-A,49.33,2.03
2023-10-31 06:00:00,MACH-A,49.17,1.65
2023-10-31 07:00:00,MACH-A,57.7,1.95
2023-10-31 08:00:00,MACH-A,42.25,2.09
2023-10-31 09:00:00,MACH-A,63.68,2.52
2023-10-31 10:00:00,MACH-A,69.67,1.56
2023-10-31 11:00:00,MACH-A,49.61,1.87
2023-10-31 12:00:00,MACH-A,62.5,2.02
2023-10-31 13:00:00,MACH-A,39.44,2.33
2023-10-31 14:00:00,MACH-A,60.75,1.55
2023-10-31 15:00:00,MACH-A,60.47,1.34
2023-10-31 16:00:00,MACH-A,58.63,2.34
2023-10-31 17:00:00,MACH-A,49.84,1.24
2023-10-31 18:00:00,MACH-A,20.46,2.64
2023-10-31 19:00:00,MACH-A,43.58,1.92
2023-10-31 20:00:00,MACH-A,43.74,1.23
2023-10-31 21:00:00,MACH-A,40.22,1.76
2023-10-31 22:00:00,MACH-A,51.22,2.19
2023-10-31 23:00:00,MACH-A,45.81,1.73
2023-11-01 00:00:00,MACH-A,41.75,2.01
2023-11-01 01:00:00,MACH-A,39.41,2.37
2023-11-01 02:00:00,MACH-A,42.84,1.9
2023-11-01 03:00:00,MACH-A,61.21,1.53
2023-11-01 04:00:00,MACH-A,43.39,1.85
2023-11-01 05:00:00,MACH-A,44.85,2.71
2023-11-01 06:00:00,MACH-A,45.43,2.84
2023-11-01 07:00:00,MACH-A,53.39,0.99
2023-11-01 08:00:00,MACH-A,54.56,2.55
2023-11-01 09:00:00,MACH-A,19.55,2.13
2023-11-01 10:00:00,MACH-A,60.22,2.46
2023-11-01 11:00:00,MACH-A,64.36,1.72
2023-11-01 12:00:00,MACH-A,39.5,1.12
2023-11-01 13:00:00,MACH-A,40.28,2.29
2023-11-01 14:00:00,MACH-A,45.5,1.53
2023-11-01 15:00:00,MACH-A,42.44,1.31
2023-11-01 16:00:00,MACH-A,52.24,1.34
2023-11-01 17:00:00,MACH-A,30.53,2.3
2023-11-01 18:00:00,MACH-A,38.82,2.07
2023-11-01 19:00:00,MACH-A,65.39,2.39
2023-11-01 20:00:00,MACH-A,40.72,2.33
2023-11-01 21:00:00,MACH-A,62.43,1.79
2023-11-01 22:00:00,MACH-A,53.55,1.96
2023-11-01 23:00:00,MACH-A,31.91,1.74
2023-11-02 00:00:00,MACH-A,56.35,1.89
2023-11-02 01:00:00,MACH-A,48.82,1.52
2023-11-02 02:00:00,MACH-A,45.45,2.2
2023-11-02 03:00:00,MACH-A,52.45,2.54
2023-11-02 04:00:00,MACH-A,54.75,1.59
2023-11-02 05:00:00,MACH-A,57.08,2.64
2023-11-02 06:00:00,MACH-A,61.78,2.06
2023-11-02 07:00:00,MACH-A,54.08,2.12
2023-11-02 08:00:00,MACH-A,36.24,1.15
2023-11-02 09:00:00,MACH-A,45.26,1.1
2023-11-02 10:00:00,MACH-A,79.43,2.07
2023-11-02 11:00:00,MACH-A,57.24,2.39
2023-11-02 12:00:00,MACH-A,73.69,1.66
2023-11-02 13:00:00,MACH-A,63.95,2.84
2023-11-02 14:00:00,MACH-A,52.42,2.37
2023-11-02 15:00:00,MACH-A,53.01,1.55
2023-11-02 16:00:00,MACH-A,49.63,2.02
2023-11-02 17:00:00,MACH-A,32.62,3.24
2023-11-02 18:00:00,MACH-A,50.18,1.38
2023-11-02 19:00:00,MACH-A,62.11,2.26
2023-11-02 20:00:00,MACH-A,44.0,1.84
2023-11-02 21:00:00,MACH-A,54.12,2.35
2023-11-02 22:00:00,MACH-A,58.52,2.63
2023-11-02 23:00:00,MACH-A,40.9,1.81
2023-11-03 00:00:00,MACH-A,45.49,2.56
2023-11-03 01:00:00,MACH-A,39.82,3.11
2023-11-03 02:00:00,MACH-A,41.78,2.03
2023-11-03 03:00:00,MACH-A,37.12,2.39
2023-11-03 04:00:00,MACH-A,41.0,1.7
2023-11-03 05:00:00,MACH-A,64.19,2.01
2023-11-03 06:00:00,MACH-A,40.85,1.91
2023-11-03 07:00:00,MACH-A,51.26,2.4
2023-11-03 08:00:00,MACH-A,44.97,2.6
2023-11-03 09:00:00,MACH-A,61.79,1.95
2023-11-03 10:00:00,MACH-A,63.11,2.77
2023-11-03 11:00:00,MACH-A,58.64,2.77
2023-11-03 12:00:00,MACH-A,53.06,2.42
2023-11-03 13:00:00,MACH-A,47.69,1.74
2023-11-03 14:00:00,MACH-A,38.08,1.69
2023-11-03 15:00:00,MACH-A,69.44,1.59
2023-11-03 16:00:00,MACH-A,42.4,2.47
2023-11-03 17:00:00,MACH-A,56.64,1.39
2023-11-03 18:00:00,MACH-A,60.6,2.34
2023-11-03 19:00:00,MACH-A,44.45,1.46
2023-11-03 20:00:00,MACH-A,60.38,2.41
2023-11-03 21:00:00,MACH-A,57.64,2.01
2023-11-03 22:00:00,MACH-A,67.28,2.67
2023-11-03 23:00:00,MACH-A,45.31,2.57
2023-11-04 00:00:00,MACH-A,37.14,2.72
2023-11-04 01:00:00,MACH-A,44.95,2.73
2023-11-04 02:00:00,MACH-A,52.09,2.07
2023-11-04 03:00:00,MACH-A,50.58,1.42
2023-11-04 04:00:00,MACH-A,46.07,1.47
2023-11-04 05:00:00,MACH-A,30.91,0.96
2023-11-04 06:00:00,MACH-A,54.7,1.46
2023-11-04 07:00:00,MACH-A,69.72,2.03
2023-11-04 08:00:00,MACH-A,54.64,1.72
2023-11-04 09:00:00,MACH-A,56.09,1.91
2023-11-04 10:00:00,MACH-A,55.72,2.25
2023-11-04 11:00:00,MACH-A,53.97,1.85
2023-11-04 12:00:00,MACH-A,59.32,1.44
2023-11-04 13:00:00,MACH-A,53.95,1.97
2023-11-04 14:00:00,MACH-A,46.87,1.55
2023-11-04 15:00:00,MACH-A,42.04,1.86
2023-11-04 16:00:00,MACH-A,47.51,2.67
2023-11-04 17:00:00,MACH-A,53.14,1.86
2023-11-04 18:00:00,MACH-A,46.84,2.89
2023-11-04 19:00:00,MACH-A,53.14,2.72
2023-11-04 20:00:00,MACH-A,54.39,1.71
2023-11-04 21:00:00,MACH-A,58.33,1.44
2023-11-04 22:00:00,MACH-A,62.83,1.97
2023-11-04 23:00:00,MACH-A,50.78,2.58
2023-11-05 00:00:00,MACH-A,36.92,1.75
2023-11-05 01:00:00,MACH-A,46.55,2.45
2023-11-05 02:00:00,MACH-A,50.44,2.6
2023-11-05 03:00:00,MACH-A,31.64,1.61
2023-11-05 04:00:00,MACH-A,63.89,1.66
2023-11-05 05:00:00,MACH-A,51.42,2.36
2023-11-05 06:00:00,MACH-A,53.81,2.08
2023-11-05 07:00:00,MACH-A,63.66,1.66
2023-11-05 08:00:00,MACH-A,43.7,1.82
2023-11-05 09:00:00,MACH-A,55.74,1.96
2023-11-05 10:00:00,MACH-A,48.9,1.22
2023-11-05 11:00:00,MACH-A,48.16,2.38
2023-11-05 12:00:00,MACH-A,42.28,1.76
2023-11-05 13:00:00,MACH-A,66.66,0.61
2023-11-05 14:00:00,MACH-A,46.24,1.99
2023-11-05 15:00:00,MACH-A,56.99,1.63
2023-11-05 16:00:00,MACH-A,31.25,2.84
2023-11-05 17:00:00,MACH-A,61.8,1.71
2023-11-05 18:00:00,MACH-A,60.52,1.45
2023-11-05 19:00:00,MACH-A,50.97,2.25
2023-11-05 20:00:00,MACH-A,47.73,1.67
2023-11-05 21:00:00,MACH-A,54.0,1.61
2023-11-05 22:00:00,MACH-A,72.89,2.25
2023-11-05 23:00:00,MACH-A,32.37,1.48
2023-11-06 00:00:00,MACH-A,57.82,1.27
2023-11-06 01:00:00,MACH-A,40.88,2.86
2023-11-06 02:00:00,MACH-A,49.8,2.29
2023-11-06 03:00:00,MACH-A,47.52,1.87
2023-11-06 04:00:00,MACH-A,45.72,2.0
2023-11-06 05:00:00,MACH-A,49.9,2.25
2023-11-06 06:00:00,MACH-A,38.66,2.49
2023-11-06 07:00:00,MACH-A,60.29,1.62
2023-11-06 08:00:00,MACH-A,32.06,2.18
2023-11-06 09:00:00,MACH-A,55.4,1.75
2023-11-06 10:00:00,MACH-A,46.73,1.91
2023-11-06 11:00:00,MACH-A,38.29,2.08
2023-11-06 12:00:00,MACH-A,52.02,2.0
2023-11-06 13:00:00,MACH-A,34.43,2.37
2023-11-06 14:00:00,MACH-A,50.4,2.24
2023-11-06 15:00:00,MACH-A,35.77,1.25
2023-11-06 16:00:00,MACH-A,54.61,1.32
2023-11-06 17:00:00,MACH-A,40.76,1.82
2023-11-06 18:00:00,MACH-A,45.49,2.91
2023-11-06 19:00:00,MACH-A,52.94,1.57
2023-11-06 20:00:00,MACH-A,42.27,1.9
2023-11-06 21:00:00,MACH-A,49.42,1.73
2023-11-06 22:00:00,MACH-A,34.86,1.72
2023-11-06 23:00:00,MACH-A,56.31,2.09
2023-11-07 00:00:00,MACH-A,67.65,2.7
2023-11-07 01:00:00,MACH-A,77.92,2.23
2023-11-07 02:00:00,MACH-A,50.91,1.6
2023-11-07 03:00:00,MACH-A,57.88,3.38
2023-11-07 04:00:00,MACH-A,32.19,2.04
2023-11-07 05:00:00,MACH-A,65.03,1.71
2023-11-07 06:00:00,MACH-A,57.76,2.71
2023-11-07 07:00:00,MACH-A,45.16,1.77
2023-11-07 08:00:00,MACH-A,62.37,2.83
2023-11-07 09:00:00,MACH-A,47.46,1.56
2023-11-07 10:00:00,MACH-A,45.42,2.72
2023-11-07 11:00:00,MACH-A,54.75,2.1
2023-11-07 12:00:00,MACH-A,39.37,2.65
2023-11-07 13:00:00,MACH-A,60.22,2.95
2023-11-07 14:00:00,MACH-A,39.44,1.43
2023-11-07 15:00:00,MACH-A,39.5,2.64
2023-11-07 16:00:00,MACH-A,40.9,1.3
2023-11-07 17:00:00,MACH-A,57.6,1.48
2023-11-07 18:00:00,MACH-A,43.83,1.6
2023-11-07 19:00:00,MACH-A,36.52,2.25
2023-11-07 20:00:00,MACH-A,43.94,2.02
2023-11-07 21:00:00,MACH-A,49.68,1.92
2023-11-07 22:00:00,MACH-A,38.19,2.07
2023-11-07 23:00:00,MACH-A,38.48,2.3
2023-11-08 00:00:00,MACH-A,71.11,2.33
2023-11-08 01:00:00,MACH-A,41.39,2.55
2023-11-08 02:00:00,MACH-A,46.77,2.91
2023-11-08 03:00:00,MACH-A,46.33,1.99
2023-11-08 04:00:00,MACH-A,45.79,1.74
2023-11-08 05:00:00,MACH-A,56.21,2.31
2023-11-08 06:00:00,MACH-A,59.48,1.43
2023-11-08 07:00:00,MACH-A,46.94,1.66
2023-11-08 08:00:00,MACH-A,37.64,2.5
2023-11-08 09:00:00,MACH-A,62.74,1.94
2023-11-08 10:00:00,MACH-A,49.05,1.4
2023-11-08 11:00:00,MACH-A,67.3,1.26
2023-11-08 12:00:00,MACH-A,27.54,2.02
2023-11-08 13:00:00,MACH-A,51.95,2.57
2023-11-08 14:00:00,MACH-A,69.19,2.56
2023-11-08 15:00:00,MACH-A,46.47,2.06
2023-11-08 16:00:00,MACH-A,47.75,3.0
2023-11-08 17:00:00,MACH-A,52.96,1.95
2023-11-08 18:00:00,MACH-A,44.41,1.93
2023-11-08 19:00:00,MACH-A,46.88,0.72
2023-11-08 20:00:00,MACH-A,46.62,1.78
2023-11-08 21:00:00,MACH-A,43.73,2.43
2023-11-08 22:00:00,MACH-A,62.29,2.78
2023-11-08 23:00:00,MACH-A,54.61,1.58
2023-11-09 00:00:00,MACH-A,52.51,2.23
2023-11-09 01:00:00,MACH-A,58.09,2.52
2023-11-09 02:00:00,MACH-A,47.36,2.01
2023-11-09 03:00:00,MACH-A,42.26,0.86
2023-11-09 04:00:00,MACH-A,43.97,2.12
2023-11-09 05:00:00,MACH-A,50.02,2.38
2023-11-09 06:00:00,MACH-A,39.41,1.53
2023-11-09 07:00:00,MACH-A,45.0,1.87
2023-11-09 08:00:00,MACH-A,44.84,1.42
2023-11-09 09:00:00,MACH-A,71.25,0.71
2023-11-09 10:00:00,MACH-A,22.26,2.51
2023-11-09 11:00:00,MACH-A,48.2,2.0
2023-11-09 12:00:00,MACH-A,67.26,2.8
2023-11-09 13:00:00,MACH-A,51.22,2.43
2023-11-09 14:00:00,MACH-A,57.53,1.82
2023-11-09 15:00:00,MACH-A,51.0,1.96
2023-11-09 16:00:00,MACH-A,43.33,2.28
2023-11-09 17:00:00,MACH-A,27.58,2.48
2023-11-09 18:00:00,MACH-A,52.05,2.16
2023-11-09 19:00:00,MACH-A,42.24,2.55
2023-11-09 20:00:00,MACH-A,42.0,1.85
2023-11-09 21:00:00,MACH-A,45.01,1.5
2023-11-09 22:00:00,MACH-A,67.45,1.97
2023-11-09 23:00:00,MACH-A,74.05,2.1
2023-11-10 00:00:00,MACH-A,52.17,1.4
2023-11-10 01:00:00,MACH-A,45.35,1.33
2023-11-10 02:00:00,MACH-A,38.23,2.22
2023-11-10 03:00:00,MACH-A,54.69,1.8
2023-11-10 04:00:00,MACH-A,67.83,1.92
2023-11-10 05:00:00,MACH-A,47.53,1.82
2023-11-10 06:00:00,MACH-A,26.21,2.76
2023-11-10 07:00:00,MACH-A,56.7,2.63
2023-11-10 08:00:00,MACH-A,59.85,1.38
2023-11-10 09:00:00,MACH-A,34.14,1.73
2023-11-10 10:00:00,MACH-A,51.76,2.43
2023-11-10 11:00:00,MACH-A,54.51,2.3
2023-11-10 12:00:00,MACH-A,49.27,1.98
2023-11-10 13:00:00,MACH-A,42.09,1.43
2023-11-10 14:00:00,MACH-A,60.16,1.66
2023-11-10 15:00:00,MACH-A,45.97,1.74
2023-11-10 16:00:00,MACH-A,35.15,2.14
2023-11-10 17:00:00,MACH-A,29.51,2.85
2023-11-10 18:00:00,MACH-A,62.61,1.66
2023-11-10 19:00:00,MACH-A,56.17,1.49
2023-11-10 20:00:00,MACH-A,50.88,1.95
2023-11-10 21:00:00,MACH-A,45.6,2.52
2023-11-10 22:00:00,MACH-A,44.71,1.28
2023-11-10 23:00:00,MACH-A,39.24,2.73
2023-11-11 00:00:00,MACH-A,45.69,1.91
2023-11-11 01:00:00,MACH-A,28.8,1.63
2023-11-11 02:00:00,MACH-A,42.64,1.2
2023-11-11 03:00:00,MACH-A,46.89,2.35
2023-11-11 04:00:00,MACH-A,56.1,1.91
2023-11-11 05:00:00,MACH-A,49.6,2.09
2023-11-11 06:00:00,MACH-A,57.95,1.55
2023-11-11 07:00:00,MACH-A,63.49,1.84
2023-11-11 08:00:00,MACH-A,60.58,1.76
2023-11-11 09:00:00,MACH-A,54.71,1.95
2023-11-11 10:00:00,MACH-A,50.12,1.67
2023-11-11 11:00:00,MACH-A,40.19,1.23
2023-11-11 12:00:00,MACH-A,57.4,3.36
2023-11-11 13:00:00,MACH-A,66.8,1.32
2023-11-11 14:00:00,MACH-A,53.42,2.09
2023-11-11 15:00:00,MACH-A,69.17,1.11
2023-11-11 16:00:00,MACH-A,34.74,1.0
2023-11-11 17:00:00,MACH-A,38.46,2.05
2023-11-11 18:00:00,MACH-A,58.55,2.09
2023-11-11 19:00:00,MACH-A,52.64,2.63
2023-11-11 20:00:00,MACH-A,63.14,2.2
2023-11-11 21:00:00,MACH-A,49.85,1.93
2023-11-11 22:00:00,MACH-A,41.32,1.53
2023-11-11 23:00:00,MACH-A,47.86,2.75
2023-11-12 00:00:00,MACH-A,34.67,2.46
2023-11-12 01:00:00,MACH-A,38.71,1.38
2023-11-12 02:00:00,MACH-A,59.72,2.02
2023-11-12 03:00:00,MACH-A,58.73,2.07
2023-11-12 04:00:00,MACH-A,53.63,1.83
2023-11-12 05:00:00,MACH-A,32.79,2.39
2023-11-12 06:00:00,MACH-A,46.42,2.42
2023-11-12 07:00:00,MACH-A,37.75,1.9
2023-11-12 08:00:00,MACH-A,61.77,1.86
2023-11-12 09:00:00,MACH-A,44.16,2.75
2023-11-12 10:00:00,MACH-A,39.14,2.47
2023-11-12 11:00:00,MACH-A,50.3,2.04
2023-11-12 12:00:00,MACH-A,43.6,1.19
2023-11-12 13:00:00,MACH-A,64.84,2.17
2023-11-12 14:00:00,MACH-A,42.65,2.35
2023-11-12 15:00:00,MACH-A,36.01,0.62
2023-11-12 16:00:00,MACH-A,28.47,2.13
2023-11-12 17:00:00,MACH-A,49.69,1.79
2023-11-12 18:00:00,MACH-A,44.38,1.89
2023-11-12 19:00:00,MACH-A,35.71,1.55
2023-11-12 20:00:00,MACH-A,61.89,1.93
2023-11-12 21:00:00,MACH-A,56.67,2.7
2023-11-12 22:00:00,MACH-A,49.72,1.78
2023-11-12 23:00:00,MACH-A,63.64,2.48
2023-11-13 00:00:00,MACH-A,56.63,1.6
2023-11-13 01:00:00,MACH-A,41.77,2.38
2023-11-13 02:00:00,MACH-A,39.61,2.0
2023-11-13 03:00:00,MACH-A,58.18,2.18
2023-11-13 04:00:00,MACH-A,53.96,2.0
2023-11-13 05:00:00,MACH-A,51.7,2.32
2023-11-13 06:00:00,MACH-A,41.54,0.72
2023-11-13 07:00:00,MACH-A,56.08,1.29
2023-11-13 08:00:00,MACH-A,42.45,2.21
2023-11-13 09:00:00,MACH-A,48.98,0.98
2023-11-13 10:00:00,MACH-A,64.47,1.73
2023-11-13 11:00:00,MACH-A,43.39,1.97
2023-11-13 12:00:00,MACH-A,34.27,1.59
2023-11-13 13:00:00,MACH-A,39.47,1.65
2023-11-13 14:00:00,MACH-A,59.94,2.14
2023-11-13 15:00:00,MACH-A,52.55,2.5
2023-11-13 16:00:00,MACH-A,48.71,1.52
2023-11-13 17:00:00,MACH-A,44.91,1.71
2023-11-13 18:00:00,MACH-A,54.85,1.63
2023-11-13 19:00:00,MACH-A,41.51,0.79
2023-11-13 20:00:00,MACH-A,53.06,2.07
2023-11-13 21:00:00,MACH-A,42.69,2.47
2023-11-13 22:00:00,MACH-A,41.02,2.51
2023-11-13 23:00:00,MACH-A,43.63,1.56
2023-11-14 00:00:00,MACH-A,46.25,1.37
2023-11-14 01:00:00,MACH-A,49.51,2.01
2023-11-14 02:00:00,MACH-A,52.35,2.41
2023-11-14 03:00:00,MACH-A,94.83,4.02
2023-11-14 04:00:00,MACH-A,41.92,2.14
2023-11-14 05:00:00,MACH-A,46.08,2.57
2023-11-14 06:00:00,MACH-A,65.05,1.63
2023-11-14 07:00:00,MACH-A,39.2,1.89
2023-11-14 08:00:00,MACH-A,51.63,2.82
2023-11-14 09:00:00,MACH-A,64.95,1.9
2023-11-14 10:00:00,MACH-A,36.87,1.37
2023-11-14 11:00:00,MACH-A,53.94,1.67
2023-11-14 12:00:00,MACH-A,41.98,1.53
2023-11-14 13:00:00,MACH-A,44.95,2.18
2023-11-14 14:00:00,MACH-A,41.97,1.55
2023-11-14 15:00:00,MACH-A,42.68,2.14
2023-11-14 16:00:00,MACH-A,77.22,1.63
2023-11-14 17:00:00,MACH-A,58.44,0.94
2023-11-14 18:00:00,MACH-A,61.02,2.15
2023-11-14 19:00:00,MACH-A,54.92,2.07
2023-11-14 20:00:00,MACH-A,33.94,2.26
2023-11-14 21:00:00,MACH-A,53.95,1.66
2023-11-14 22:00:00,MACH-A,60.73,1.61
2023-11-14 23:00:00,MACH-A,41.47,2.2
2023-11-15 00:00:00,MACH-A,59.65,2.76
2023-11-15 01:00:00,MACH-A,57.04,2.01
2023-11-15 02:00:00,MACH-A,68.52,2.21
2023-11-15 03:00:00,MACH-A,45.82,1.84
2023-11-15 04:00:00,MACH-A,39.02,1.23
2023-11-15 05:00:00,MACH-A,46.38,2.48
2023-11-15 06:00:00,MACH-A,64.36,2.45
2023-11-15 07:00:00,MACH-A,31.72,2.36
2023-11-15 08:00:00,MACH-A,29.32,1.91
2023-11-15 09:00:00,MACH-A,50.89,2.3
2023-11-15 10:00:00,MACH-A,45.57,2.45
2023-11-15 11:00:00,MACH-A,50.08,2.81
2023-11-15 12:00:00,MACH-A,59.45,2.49
2023-11-15 13:00:00,MACH-A,44.47,2.03
2023-11-15 14:00:00,MACH-A,31.27,1.35
2023-11-15 15:00:00,MACH-A,70.44,2.08
2023-11-15 16:00:00,MACH-A,40.03,2.13
2023-11-15 17:00:00,MACH-A,39.41,2.35
2023-11-15 18:00:00,MACH-A,61.04,2.68
2023-11-15 19:00:00,MACH-A,46.16,1.95
2023-11-15 20:00:00,MACH-A,49.37,3.05
2023-11-15 21:00:00,MACH-A,54.83,1.12
2023-11-15 22:00:00,MACH-A,60.84,2.21
2023-11-15 23:00:00,MACH-A,46.67,1.6
2023-11-16 00:00:00,MACH-A,65.2,1.05
2023-11-16 01:00:00,MACH-A,28.64,1.9
2023-11-16 02:00:00,MACH-A,57.6,1.27
2023-11-16 03:00:00,MACH-A,41.6,1.92
2023-11-16 04:00:00,MACH-A,63.72,2.02
2023-11-16 05:00:00,MACH-A,51.42,2.56
2023-11-16 06:00:00,MACH-A,43.27,1.25
2023-11-16 07:00:00,MACH-A,56.63,2.45
2023-11-16 08:00:00,MACH-A,58.93,2.05
2023-11-16 09:00:00,MACH-A,56.42,2.51
2023-11-16 10:00:00,MACH-A,39.7,1.78
2023-11-16 11:00:00,MACH-A,45.16,1.33
2023-11-16 12:00:00,MACH-A,49.96,1.39
2023-11-16 13:00:00,MACH-A,49.59,1.35
2023-11-16 14:00:00,MACH-A,57.5,2.24
2023-11-16 15:00:00,MACH-A,29.85,2.74
2023-11-16 16:00:00,MACH-A,53.34,1.72
2023-11-16 17:00:00,MACH-A,47.1,2.31
2023-11-16 18:00:00,MACH-A,41.61,1.24
2023-11-16 19:00:00,MACH-A,42.58,2.09
2023-11-16 20:00:00,MACH-A,47.85,2.33
2023-11-16 21:00:00,MACH-A,13.99,1.28
2023-11-16 22:00:00,MACH-A,42.99,1.9
2023-11-16 23:00:00,MACH-A,41.24,2.36
2023-11-17 00:00:00,MACH-A,55.33,0.53
2023-11-17 01:00:00,MACH-A,41.94,2.67
2023-11-17 02:00:00,MACH-A,47.85,2.18
2023-11-17 03:00:00,MACH-A,65.42,2.36
2023-11-17 04:00:00,MACH-A,59.94,1.79
2023-11-17 05:00:00,MACH-A,59.02,1.14
2023-11-17 06:00:00,MACH-A,45.0,2.27
2023-11-17 07:00:00,MACH-A,55.43,1.96
2023-11-17 08:00:00,MACH-A,47.66,2.02
2023-11-17 09:00:00,MACH-A,48.04,2.54
2023-11-17 10:00:00,MACH-A,54.1,2.38
2023-11-17 11:00:00,MACH-A,44.03,2.96
2023-11-17 12:00:00,MACH-A,64.93,2.08
2023-11-17 13:00:00,MACH-A,48.4,1.65
2023-11-17 14:00:00,MACH-A,56.18,1.91
2023-11-17 15:00:00,MACH-A,64.56,2.21
2023-11-17 16:00:00,MACH-A,60.32,2.51
2023-11-17 17:00:00,MACH-A,35.91,1.27
2023-11-17 18:00:00,MACH-A,54.45,2.0
2023-11-17 19:00:00,MACH-A,58.51,2.8
2023-11-17 20:00:00,MACH-A,58.92,1.88
2023-11-17 21:00:00,MACH-A,38.87,2.47
2023-11-17 22:00:00,MACH-A,43.43,2.25
2023-11-17 23:00:00,MACH-A,59.95,2.48
2023-11-18 00:00:00,MACH-A,42.38,1.6
2023-11-18 01:00:00,MACH-A,47.0,1.6
2023-11-18 02:00:00,MACH-A,65.76,2.01
2023-11-18 03:00:00,MACH-A,49.52,1.23
2023-11-18 04:00:00,MACH-A,42.73,1.87
2023-11-18 05:00:00,MACH-A,41.22,2.13
2023-11-18 06:00:00,MACH-A,53.33,2.89
2023-11-18 07:00:00,MACH-A,36.67,2.2
2023-11-18 08:00:00,MACH-A,47.53,2.31
2023-11-18 09:00:00,MACH-A,53.33,2.58
2023-11-18 10:00:00,MACH-A,62.99,1.52
2023-11-18 11:00:00,MACH-A,56.68,1.92
2023-11-18 12:00:00,MACH-A,42.86,3.21
2023-11-18 13:00:00,MACH-A,61.78,1.96
2023-11-18 14:00:00,MACH-A,47.0,2.56
2023-11-18 15:00:00,MACH-A,37.64,2.48
2023-11-18 16:00:00,MACH-A,48.28,1.26
2023-11-18 17:00:00,MACH-A,64.38,2.16
2023-11-18 18:00:00,MACH-A,51.65,2.07
2023-11-18 19:00:00,MACH-A,50.13,2.16
2023-11-18 20:00:00,MACH-A,66.37,1.62
2023-11-18 21:00:00,MACH-A,35.69,1.44
2023-11-18 22:00:00,MACH-A,37.14,1.76
2023-11-18 23:00:00,MACH-A,33.84,1.95
2023-11-19 00:00:00,MACH-A,53.73,2.59
2023-11-19 01:00:00,MACH-A,51.66,2.91
2023-11-19 02:00:00,MACH-A,65.43,2.7
2023-11-19 03:00:00,MACH-A,52.43,2.43
2023-11-19 04:00:00,MACH-A,45.96,1.5
2023-11-19 05:00:00,MACH-A,50.02,1.8
2023-11-19 06:00:00,MACH-A,51.18,2.1
2023-11-19 07:00:00,MACH-A,33.28,1.68
2023-11-19 08:00:00,MACH-A,77.1,2.29
2023-11-19 09:00:00,MACH-A,55.2,2.36
2023-11-19 10:00:00,MACH-A,52.1,2.27
2023-11-19 11:00:00,MACH-A,56.15,2.51
2023-11-19 12:00:00,MACH-A,57.09,1.55
2023-11-19 13:00:00,MACH-A,48.59,2.47
2023-11-19 14:00:00,MACH-A,43.69,1.65
2023-11-19 15:00:00,MACH-A,55.99,1.53
2023-11-19 16:00:00,MACH-A,53.86,2.27
2023-11-19 17:00:00,MACH-A,41.9,2.61
2023-11-19 18:00:00,MACH-A,64.19,2.24
2023-11-19 19:00:00,MACH-A,52.93,2.01
2023-11-19 20:00:00,MACH-A,57.3,2.16
2023-11-19 21:00:00,MACH-A,63.92,2.07
2023-11-19 22:00:00,MACH-A,50.22,1.44
2023-11-19 23:00:00,MACH-A,53.17,1.38
2023-11-20 00:00:00,MACH-A,58.1,1.96
2023-11-20 01:00:00,MACH-A,42.75,2.04
2023-11-20 02:00:00,MACH-A,50.54,2.01
2023-11-20 03:00:00,MACH-A,51.26,2.34
2023-11-20 04:00:00,MACH-A,40.44,1.89
2023-11-20 05:00:00,MACH-A,73.18,2.28
2023-11-20 06:00:00,MACH-A,35.93,1.93
2023-11-20 07:00:00,MACH-A,37.02,2.91
2023-11-20 08:00:00,MACH-A,63.14,2.04
2023-11-20 09:00:00,MACH-A,57.13,3.17
2023-11-20 10:00:00,MACH-A,39.74,2.18
2023-11-20 11:00:00,MACH-A,56.07,1.89
2023-11-20 12:00:00,MACH-A,64.68,1.55
2023-11-20 13:00:00,MACH-A,49.7,1.28
2023-11-20 14:00:00,MACH-A,75.99,1.5
2023-11-20 15:00:00,MACH-A,32.76,1.56
2023-11-20 16:00:00,MACH-A,56.94,2.2
2023-11-20 17:00:00,MACH-A,61.67,1.74
2023-11-20 18:00:00,MACH-A,58.91,2.09
2023-11-20 19:00:00,MACH-A,47.96,2.64
2023-11-20 20:00:00,MACH-A,47.1,1.96
2023-11-20 21:00:00,MACH-A,54.44,3.04
2023-11-20 22:00:00,MACH-A,58.16,1.41
2023-11-20 23:00:00,MACH-A,56.02,1.92
2023-11-21 00:00:00,MACH-A,60.4,1.73
2023-11-21 01:00:00,MACH-A,39.81,2.47
2023-11-21 02:00:00,MACH-A,47.72,0.88
2023-11-21 03:00:00,MACH-A,40.6,1.28
2023-11-21 04:00:00,MACH-A,46.14,1.95
2023-11-21 05:00:00,MACH-A,60.15,2.78
2023-11-21 06:00:00,MACH-A,51.08,2.11
2023-11-21 07:00:00,MACH-A,76.07,1.32
2023-11-21 08:00:00,MACH-A,51.93,1.4
2023-11-21 09:00:00,MACH-A,50.6,2.84
2023-11-21 10:00:00,MACH-A,51.06,1.69
2023-11-21 11:00:00,MACH-A,43.62,1.53
2023-11-21 12:00:00,MACH-A,49.42,2.74
2023-11-21 13:00:00,MACH-A,61.28,2.51
2023-11-21 14:00:00,MACH-A,51.14,2.64
2023-11-21 15:00:00,MACH-A,42.07,1.52
2023-11-21 16:00:00,MACH-A,40.75,1.24
2023-11-21 17:00:00,MACH-A,45.5,2.07
2023-11-21 18:00:00,MACH-A,50.74,2.17
2023-11-21 19:00:00,MACH-A,61.94,2.18
2023-11-21 20:00:00,MACH-A,36.6,2.74
2023-11-21 21:00:00,MACH-A,46.8,1.13
2023-11-21 22:00:00,MACH-A,51.44,2.43
2023-11-21 23:00:00,MACH-A,31.66,1.45
2023-11-22 00:00:00,MACH-A,41.66,2.43
2023-11-22 01:00:00,MACH-A,43.2,1.76
2023-11-22 02:00:00,MACH-A,42.04,1.59
2023-11-22 03:00:00,MACH-A,51.92,1.7
2023-11-22 04:00:00,MACH-A,48.39,1.28
2023-11-22 05:00:00,MACH-A,44.45,2.02
2023-11-22 06:00:00,MACH-A,54.28,1.61
2023-11-22 07:00:00,MACH-A,67.23,2.39
2023-11-22 08:00:00,MACH-A,66.39,2.32
2023-11-22 09:00:00,MACH-A,30.77,2.84
2023-11-22 10:00:00,MACH-A,55.77,2.18
2023-11-22 11:00:00,MACH-A,48.22,2.26
2023-11-22 12:00:00,MACH-A,51.55,2.7
2023-11-22 13:00:00,MACH-A,46.02,1.69
2023-11-22 14:00:00,MACH-A,51.18,1.26
2023-11-22 15:00:00,MACH-A,51.51,2.1
2023-11-22 16:00:00,MACH-A,44.21,1.29
2023-11-22 17:00:00,MACH-A,41.04,3.23
2023-11-22 18:00:00,MACH-A,45.51,2.73
2023-11-22 19:00:00,MACH-A,52.34,3.08
2023-11-22 20:00:00,MACH-A,55.99,2.03
2023-11-22 21:00:00,MACH-A,58.53,2.28
2023-11-22 22:00:00,MACH-A,45.06,1.77
2023-11-22 23:00:00,MACH-A,52.84,2.44
2023-11-23 00:00:00,MACH-A,59.63,1.39
2023-11-23 01:00:00,MACH-A,61.66,0.73
2023-11-23 02:00:00,MACH-A,49.41,1.6
2023-11-23 03:00:00,MACH-A,47.79,1.27
2023-11-23 04:00:00,MACH-A,51.91,2.74
2023-11-23 05:00:00,MACH-A,38.5,2.91
2023-11-23 06:00:00,MACH-A,48.06,1.3
2023-11-23 07:00:00,MACH-A,57.45,2.65
2023-11-23 08:00:00,MACH-A,56.42,2.48
2023-11-23 09:00:00,MACH-A,47.3,1.22
2023-11-23 10:00:00,MACH-A,52.18,1.8
2023-11-23 11:00:00,MACH-A,41.75,1.71
2023-11-23 12:00:00,MACH-A,57.03,2.37
2023-11-23 13:00:00,MACH-A,49.22,1.39
2023-11-23 14:00:00,MACH-A,47.24,1.95
2023-11-23 15:00:00,MACH-A,46.38,1.66
2023-11-23 16:00:00,MACH-A,49.37,2.24
2023-11-23 17:00:00,MACH-A,45.52,1.89
2023-11-23 18:00:00,MACH-A,56.58,1.73
2023-11-23 19:00:00,MACH-A,46.05,1.89
2023-11-23 20:00:00,MACH-A,65.93,3.02
2023-11-23 21:00:00,MACH-A,64.65,1.79
2023-11-23 22:00:00,MACH-A,41.08,1.48
2023-11-23 23:00:00,MACH-A,50.7,2.29
2023-11-24 00:00:00,MACH-A,43.49,1.93
2023-11-24 01:00:00,MACH-A,46.73,1.29
2023-11-24 02:00:00,MACH-A,70.02,3.12
2023-11-24 03:00:00,MACH-A,46.92,1.82
2023-11-24 04:00:00,MACH-A,53.6,1.81
2023-11-24 05:00:00,MACH-A,55.41,2.08
2023-11-24 06:00:00,MACH-A,39.99,2.87
2023-11-24 07:00:00,MACH-A,41.45,1.16
2023-11-24 08:00:00,MACH-A,37.94,2.14
2023-11-24 09:00:00,MACH-A,41.14,3.04
2023-11-24 10:00:00,MACH-A,21.5,2.06
2023-11-24 11:00:00,MACH-A,55.45,1.38
2023-11-24 12:00:00,MACH-A,70.54,1.69
2023-11-24 13:00:00,MACH-A,51.48,2.1
2023-11-24 14:00:00,MACH-A,35.84,2.67
2023-11-24 15:00:00,MACH-A,43.57,1.83
2023-11-24 16:00:00,MACH-A,45.41,2.41
2023-11-24 17:00:00,MACH-A,39.82,1.28
2023-11-24 18:00:00,MACH-A,58.6,1.28
2023-11-24 19:00:00,MACH-A,58.1,1.76
2023-11-24 20:00:00,MACH-A,38.45,2.72
2023-11-24 21:00:00,MACH-A,57.25,2.03
2023-11-24 22:00:00,MACH-A,65.27,2.14
2023-11-24 23:00:00,MACH-A,69.03,2.14
2023-11-25 00:00:00,MACH-A,78.65,2.55
2023-11-25 01:00:00,MACH-A,40.98,1.69
2023-11-25 02:00:00,MACH-A,78.24,2.34
2023-11-25 03:00:00,MACH-A,46.46,1.58
2023-11-25 04:00:00,MACH-A,44.08,2.99
2023-11-25 05:00:00,MACH-A,53.27,1.6
2023-11-25 06:00:00,MACH-A,44.18,1.56
2023-11-25 07:00:00,MACH-A,53.99,2.27
2023-11-25 08:00:00,MACH-A,36.8,2.04
2023-11-25 09:00:00,MACH-A,47.61,2.16
2023-11-25 10:00:00,MACH-A,62.86,2.11
2023-11-25 11:00:00,MACH-A,49.43,1.45
2023-11-25 12:00:00,MACH-A,51.42,2.81
2023-11-25 13:00:00,MACH-A,54.75,2.45
2023-11-25 14:00:00,MACH-A,61.71,2.68
2023-11-25 15:00:00,MACH-A,33.45,1.74
2023-11-25 16:00:00,MACH-A,55.85,2.21
2023-11-25 17:00:00,MACH-A,47.32,2.1
2023-11-25 18:00:00,MACH-A,51.67,2.56
2023-11-25 19:00:00,MACH-A,60.6,2.58
2023-11-25 20:00:00,MACH-A,38.06,2.1
2023-11-25 21:00:00,MACH-A,39.87,1.24
2023-11-25 22:00:00,MACH-A,30.65,2.89
2023-11-25 23:00:00,MACH-A,44.51,2.28
2023-11-26 00:00:00,MACH-A,63.3,1.7
2023-11-26 01:00:00,MACH-A,48.79,2.2
2023-11-26 02:00:00,MACH-A,36.6,1.24
2023-11-26 03:00:00,MACH-A,45.14,2.53
2023-11-26 04:00:00,MACH-A,35.12,1.26
2023-11-26 05:00:00,MACH-A,38.75,1.89
2023-11-26 06:00:00,MACH-A,53.89,2.12
2023-11-26 07:00:00,MACH-A,38.26,2.52
2023-11-26 08:00:00,MACH-A,61.13,2.05
2023-11-26 09:00:00,MACH-A,49.29,2.32
2023-11-26 10:00:00,MACH-A,50.86,1.99
2023-11-26 11:00:00,MACH-A,47.22,1.98
2023-11-26 12:00:00,MACH-A,57.73,2.04
2023-11-26 13:00:00,MACH-A,57.83,1.91
2023-11-26 14:00:00,MACH-A,53.35,1.16
2023-11-26 15:00:00,MACH-A,55.65,1.62
2023-11-26 16:00:00,MACH-A,47.88,2.12
2023-11-26 17:00:00,MACH-A,55.42,1.88
2023-11-26 18:00:00,MACH-A,46.62,1.92
2023-11-26 19:00:00,MACH-A,50.02,1.84
2023-11-26 20:00:00,MACH-A,47.25,1.57
2023-11-26 21:00:00,MACH-A,45.43,1.75
2023-11-26 22:00:00,MACH-A,43.11,1.85
2023-11-26 23:00:00,MACH-A,54.68,2.0
2023-11-27 00:00:00,MACH-A,63.11,2.2
2023-11-27 01:00:00,MACH-A,61.71,1.91
2023-11-27 02:00:00,MACH-A,37.43,1.49
2023-11-27 03:00:00,MACH-A,62.89,1.3
2023-11-27 04:00:00,MACH-A,46.82,3.3
2023-11-27 05:00:00,MACH-A,56.01,1.44
2023-11-27 06:00:00,MACH-A,40.94,1.74
2023-11-27 07:00:00,MACH-A,51.42,2.26
2023-11-27 08:00:00,MACH-A,53.14,2.18
2023-11-27 09:00:00,MACH-A,35.15,2.26
2023-11-27 10:00:00,MACH-A,56.08,1.78
2023-11-27 11:00:00,MACH-A,63.46,2.12
2023-11-27 12:00:00,MACH-A,48.25,2.03
2023-11-27 13:00:00,MACH-A,63.6,1.84
2023-11-27 14:00:00,MACH-A,48.1,2.12
2023-11-27 15:00:00,MACH-A,58.5,2.53
2023-11-27 16:00:00,MACH-A,27.81,1.99
2023-11-27 17:00:00,MACH-A,74.19,1.99
2023-11-27 18:00:00,MACH-A,64.95,2.53
2023-11-27 19:00:00,MACH-A,47.15,2.48
2023-11-27 20:00:00,MACH-A,30.28,2.79
2023-11-27 21:00:00,MACH-A,52.88,1.12
2023-11-27 22:00:00,MACH-A,35.56,2.45
2023-11-27 23:00:00,MACH-A,54.45,2.3
2023-11-28 00:00:00,MACH-A,54.12,1.56
2023-11-28 01:00:00,MACH-A,40.59,2.13
2023-11-28 02:00:00,MACH-A,61.21,2.53
2023-11-28 03:00:00,MACH-A,58.06,1.59
2023-11-28 04:00:00,MACH-A,59.76,2.22
2023-11-28 05:00:00,MACH-A,50.09,2.44
2023-11-28 06:00:00,MACH-A,35.84,1.46
2023-11-28 07:00:00,MACH-A,59.78,1.93
2023-11-28 08:00:00,MACH-A,47.3,2.15
2023-11-28 09:00:00,MACH-A,36.1,1.6
2023-11-28 10:00:00,MACH-A,63.52,1.56
2023-11-28 11:00:00,MACH-A,70.99,1.93
2023-11-28 12:00:00,MACH-A,49.59,2.4
2023-11-28 13:00:00,MACH-A,71.59,2.32
2023-11-28 14:00:00,MACH-A,50.91,1.57
2023-11-28 15:00:00,MACH-A,46.2,2.33
2023-11-28 16:00:00,MACH-A,43.7,1.58
2023-11-28 17:00:00,MACH-A,66.37,1.19
2023-11-28 18:00:00,MACH-A,42.2,1.82
2023-11-28 19:00:00,MACH-A,57.35,2.56
2023-11-28 20:00:00,MACH-A,44.41,2.33
2023-11-28 21:00:00,MACH-A,45.4,2.0
2023-11-28 22:00:00,MACH-A,60.3,1.79
2023-11-28 23:00:00,MACH-A,46.2,1.81
2023-11-29 00:00:00,MACH-A,45.95,2.05
2023-11-29 01:00:00,MACH-A,61.33,1.47
2023-11-29 02:00:00,MACH-A,65.97,1.83
2023-11-29 03:00:00,MACH-A,56.45,1.89
2023-11-29 04:00:00,MACH-A,43.45,1.32
2023-11-29 05:00:00,MACH-A,44.89,1.58
2023-11-29 06:00:00,MACH-A,50.8,2.21
2023-11-29 07:00:00,MACH-A,53.21,2.0
2023-11-29 08:00:00,MACH-A,40.12,1.85
2023-11-29 09:00:00,MACH-A,57.23,1.54
2023-11-29 10:00:00,MACH-A,50.86,2.79
2023-11-29 11:00:00,MACH-A,32.84,1.58
2023-11-29 12:00:00,MACH-A,40.71,2.13
2023-11-29 13:00:00,MACH-A,44.96,1.76
2023-11-29 14:00:00,MACH-A,49.27,2.02
2023-11-29 15:00:00,MACH-A,68.89,2.23
2023-11-29 16:00:00,MACH-A,52.38,1.31
2023-11-29 17:00:00,MACH-A,41.59,2.0
2023-11-29 18:00:00,MACH-A,52.21,2.6
2023-11-29 19:00:00,MACH-A,46.48,2.88
2023-11-29 20:00:00,MACH-A,53.25,1.93
2023-11-29 21:00:00,MACH-A,55.81,2.02
2023-11-29 22:00:00,MACH-A,62.09,3.11
2023-11-29 23:00:00,MACH-A,49.76,2.57
2023-11-30 00:00:00,MACH-A,66.39,1.69
2023-11-30 01:00:00,MACH-A,59.08,1.69
2023-11-30 02:00:00,MACH-A,42.93,2.48
2023-11-30 03:00:00,MACH-A,72.1,1.49
2023-11-30 04:00:00,MACH-A,53.27,2.54
2023-11-30 05:00:00,MACH-A,41.65,2.17
2023-11-30 06:00:00,MACH-A,66.53,2.26
2023-11-30 07:00:00,MACH-A,70.78,1.87
2023-11-30 08:00:00,MACH-A,49.67,1.69
2023-11-30 09:00:00,MACH-A,44.96,2.73
2023-11-30 10:00:00,MACH-A,48.28,1.88
2023-11-30 11:00:00,MACH-A,57.15,1.79
2023-11-30 12:00:00,MACH-A,62.78,1.96
2023-11-30 13:00:00,MACH-A,55.7,2.1
2023-11-30 14:00:00,MACH-A,51.02,1.48
2023-11-30 15:00:00,MACH-A,64.98,1.72
2023-11-30 16:00:00,MACH-A,46.87,1.69
2023-11-30 17:00:00,MACH-A,60.31,2.42
2023-11-30 18:00:00,MACH-A,47.12,1.56
2023-11-30 19:00:00,MACH-A,54.31,1.12
2023-11-30 20:00:00,MACH-A,48.86,1.02
2023-11-30 21:00:00,MACH-A,49.44,1.26
2023-11-30 22:00:00,MACH-A,46.23,2.68
2023-11-30 23:00:00,MACH-A,63.45,2.01
2023-12-01 00:00:00,MACH-A,42.67,2.25
2023-12-01 01:00:00,MACH-A,42.6,2.27
2023-12-01 02:00:00,MACH-A,71.21,2.03
2023-12-01 03:00:00,MACH-A,59.78,1.96
2023-12-01 04:00:00,MACH-A,26.15,2.52
2023-12-01 05:00:00,MACH-A,44.35,2.07
2023-12-01 06:00:00,MACH-A,31.88,2.7
2023-12-01 07:00:00,MACH-A,40.49,2.31
2023-12-01 08:00:00,MACH-A,18.61,1.69
2023-12-01 09:00:00,MACH-A,48.63,1.75
2023-12-01 10:00:00,MACH-A,38.58,1.64
2023-12-01 11:00:00,MACH-A,50.6,2.61
2023-12-01 12:00:00,MACH-A,33.75,1.8
2023-12-01 13:00:00,MACH-A,50.83,1.6
2023-12-01 14:00:00,MACH-A,45.85,2.16
2023-12-01 15:00:00,MACH-A,65.02,1.95
2023-12-01 16:00:00,MACH-A,64.11,2.15
2023-12-01 17:00:00,MACH-A,57.85,2.94
2023-12-01 18:00:00,MACH-A,46.73,2.46
2023-12-01 19:00:00,MACH-A,69.85,2.01
2023-12-01 20:00:00,MACH-A,34.47,1.3
2023-12-01 21:00:00,MACH-A,35.96,1.75
2023-12-01 22:00:00,MACH-A,49.16,2.36
2023-12-01 23:00:00,MACH-A,72.54,1.41
2023-12-02 00:00:00,MACH-A,47.98,3.07
2023-12-02 01:00:00,MACH-A,48.17,2.01
2023-12-02 02:00:00,MACH-A,35.58,2.02
2023-12-02 03:00:00,MACH-A,59.46,1.67
2023-12-02 04:00:00,MACH-A,59.53,2.25
2023-12-02 05:00:00,MACH-A,57.89,1.42
2023-12-02 06:00:00,MACH-A,43.71,3.08
2023-12-02 07:00:00,MACH-A,42.93,2.66
2023-12-02 08:00:00,MACH-A,37.07,2.49
2023-12-02 09:00:00,MACH-A,50.84,1.3
2023-12-02 10:00:00,MACH-A,39.2,2.1
2023-12-02 11:00:00,MACH-A,38.23,2.6
2023-12-02 12:00:00,MACH-A,45.76,2.3
2023-12-02 13:00:00,MACH-A,45.11,1.5
2023-12-02 14:00:00,MACH-A,44.62,1.67
2023-12-02 15:00:00,MACH-A,54.66,1.77
2023-12-02 16:00:00,MACH-A,50.79,1.7
2023-12-02 17:00:00,MACH-A,47.12,2.76
2023-12-02 18:00:00,MACH-A,51.83,1.04
2023-12-02 19:00:00,MACH-A,40.08,2.33
2023-12-02 20:00:00,MACH-A,51.05,1.35
2023-12-02 21:00:00,MACH-A,51.51,1.52
2023-12-02 22:00:00,MACH-A,34.97,1.0
2023-12-02 23:00:00,MACH-A,59.96,1.73
2023-12-03 00:00:00,MACH-A,41.19,2.76
2023-12-03 01:00:00,MACH-A,50.9,2.13
2023-12-03 02:00:00,MACH-A,61.64,1.4
2023-12-03 03:00:00,MACH-A,59.26,2.51
2023-12-03 04:00:00,MACH-A,50.34,2.62
2023-12-03 05:00:00,MACH-A,46.38,2.05
2023-12-03 06:00:00,MACH-A,59.48,3.02
2023-12-03 07:00:00,MACH-A,56.75,2.41
2023-12-03 08:00:00,MACH-A,43.82,2.34
2023-12-03 09:00:00,MACH-A,42.05,1.6
2023-12-03 10:00:00,MACH-A,29.28,2.31
2023-12-03 11:00:00,MACH-A,51.54,2.11
2023-12-03 12:00:00,MACH-A,49.17,2.26
2023-12-03 13:00:00,MACH-A,61.36,1.66
2023-12-03 14:00:00,MACH-A,53.59,2.06
2023-12-03 15:00:00,MACH-A,63.34,1.59
2023-12-03 16:00:00,MACH-A,43.03,0.93
2023-12-03 17:00:00,MACH-A,61.38,2.5
2023-12-03 18:00:00,MACH-A,44.71,1.25
2023-12-03 19:00:00,MACH-A,57.78,2.05
2023-12-03 20:00:00,MACH-A,35.41,2.17
2023-12-03 21:00:00,MACH-A,52.35,2.16
2023-12-03 22:00:00,MACH-A,30.15,1.86
2023-12-03 23:00:00,MACH-A,47.33,2.14
2023-12-04 00:00:00,MACH-A,54.4,2.24
2023-12-04 01:00:00,MACH-A,44.79,2.37
2023-12-04 02:00:00,MACH-A,39.5,2.87
2023-12-04 03:00:00,MACH-A,58.46,2.12
2023-12-04 04:00:00,MACH-A,48.97,2.03
2023-12-04 05:00:00,MACH-A,45.1,1.55
2023-12-04 06:00:00,MACH-A,50.42,2.22
2023-12-04 07:00:00,MACH-A,76.37,2.33
2023-12-04 08:00:00,MACH-A,61.54,1.9
2023-12-04 09:00:00,MACH-A,61.63,2.27
2023-12-04 10:00:00,MACH-A,54.36,1.85
2023-12-04 11:00:00,MACH-A,51.66,2.34
2023-12-04 12:00:00,MACH-A,26.04,2.46
2023-12-04 13:00:00,MACH-A,43.21,2.45
2023-12-04 14:00:00,MACH-A,45.19,2.06
2023-12-04 15:00:00,MACH-A,31.25,1.48
2023-12-04 16:00:00,MACH-A,38.43,1.69
2023-12-04 17:00:00,MACH-A,30.19,2.3
2023-12-04 18:00:00,MACH-A,49.62,3.22
2023-12-04 19:00:00,MACH-A,58.19,1.83
2023-12-04 20:00:00,MACH-A,61.07,2.23
2023-12-04 21:00:00,MACH-A,54.15,1.72
2023-12-04 22:00:00,MACH-A,40.37,1.51
2023-12-04 23:00:00,MACH-A,30.68,1.66
2023-12-05 00:00:00,MACH-A,32.43,0.96
2023-12-05 01:00:00,MACH-A,37.31,2.68
2023-12-05 02:00:00,MACH-A,41.11,0.88
2023-12-05 03:00:00,MACH-A,48.4,1.87
2023-12-05 04:00:00,MACH-A,39.86,1.41
2023-12-05 05:00:00,MACH-A,53.39,1.56
2023-12-05 06:00:00,MACH-A,47.68,2.69
2023-12-05 07:00:00,MACH-A,50.11,2.1
2023-12-05 08:00:00,MACH-A,61.4,1.52
2023-12-05 09:00:00,MACH-A,38.2,1.71
2023-12-05 10:00:00,MACH-A,54.19,1.62
2023-12-05 11:00:00,MACH-A,49.86,1.98
2023-12-05 12:00:00,MACH-A,46.67,2.09
2023-12-05 13:00:00,MACH-A,58.85,2.95
2023-12-05 14:00:00,MACH-A,58.79,1.04
2023-12-05 15:00:00,MACH-A,40.54,1.98
2023-12-05 16:00:00,MACH-A,48.18,1.84
2023-12-05 17:00:00,MACH-A,52.81,2.47
2023-12-05 18:00:00,MACH-A,47.27,2.18
2023-12-05 19:00:00,MACH-A,55.85,2.3
2023-12-05 20:00:00,MACH-A,52.81,2.17
2023-12-05 21:00:00,MACH-A,68.33,1.53
2023-12-05 22:00:00,MACH-A,34.7,2.61
2023-12-05 23:00:00,MACH-A,48.78,2.4
2023-12-06 00:00:00,MACH-A,40.91,2.46
2023-12-06 01:00:00,MACH-A,56.04,2.63
2023-12-06 02:00:00,MACH-A,33.83,2.21
2023-12-06 03:00:00,MACH-A,53.46,2.74
2023-12-06 04:00:00,MACH-A,43.7,2.19
2023-12-06 05:00:00,MACH-A,42.66,1.89
2023-12-06 06:00:00,MACH-A,35.54,2.0
2023-12-06 07:00:00,MACH-A,45.35,1.99
2023-12-06 08:00:00,MACH-A,60.85,1.74
2023-12-06 09:00:00,MACH-A,49.75,2.82
2023-12-06 10:00:00,MACH-A,56.28,2.15
2023-12-06 11:00:00,MACH-A,66.65,2.05
2023-12-06 12:00:00,MACH-A,52.64,2.19
2023-12-06 13:00:00,MACH-A,44.41,3.49
2023-12-06 14:00:00,MACH-A,54.67,1.43
2023-12-06 15:00:00,MACH-A,44.56,1.58
2023-12-06 16:00:00,MACH-A,44.96,1.31
2023-12-06 17:00:00,MACH-A,34.8,1.88
2023-12-06 18:00:00,MACH-A,59.26,2.12
2023-12-06 19:00:00,MACH-A,46.14,1.77
2023-12-06 20:00:00,MACH-A,51.82,1.73
2023-12-06 21:00:00,MACH-A,39.64,2.07
2023-12-06 22:00:00,MACH-A,54.36,1.75
2023-12-06 23:00:00,MACH-A,42.38,2.16
2023-12-07 00:00:00,MACH-A,48.58,2.56
2023-12-07 01:00:00,MACH-A,58.78,2.34
2023-12-07 02:00:00,MACH-A,57.91,2.44
2023-12-07 03:00:00,MACH-A,49.78,2.54
2023-12-07 04:00:00,MACH-A,32.32,2.14
2023-12-07 05:00:00,MACH-A,79.93,1.92
2023-12-07 06:00:00,MACH-A,67.46,1.61
2023-12-07 07:00:00,MACH-A,57.23,1.8
2023-12-07 08:00:00,MACH-A,42.47,1.74
2023-12-07 09:00:00,MACH-A,48.86,2.37
2023-12-07 10:00:00,MACH-A,44.57,2.17
2023-12-07 11:00:00,MACH-A,62.64,2.35
2023-12-07 12:00:00,MACH-A,52.63,1.42
2023-12-07 13:00:00,MACH-A,42.16,2.72
2023-12-07 14:00:00,MACH-A,45.29,1.79
2023-12-07 15:00:00,MACH-A,61.21,1.45
2023-12-07 16:00:00,MACH-A,66.0,1.78
2023-12-07 17:00:00,MACH-A,65.28,3.24
2023-12-07 18:00:00,MACH-A,57.57,1.81
2023-12-07 19:00:00,MACH-A,47.47,1.84
2023-12-07 20:00:00,MACH-A,17.58,1.9
2023-12-07 21:00:00,MACH-A,52.97,1.93
2023-12-07 22:00:00,MACH-A,49.98,1.61
2023-12-07 23:00:00,MACH-A,51.4,2.07
2023-12-08 00:00:00,MACH-A,50.54,2.54
2023-12-08 01:00:00,MACH-A,36.74,2.16
2023-12-08 02:00:00,MACH-A,55.57,1.44
2023-12-08 03:00:00,MACH-A,56.32,1.83
2023-12-08 04:00:00,MACH-A,56.82,1.72
2023-12-08 05:00:00,MACH-A,59.47,2.03
2023-12-08 06:00:00,MACH-A,56.04,2.67
2023-12-08 07:00:00,MACH-A,45.9,1.93
2023-12-08 08:00:00,MACH-A,49.29,1.96
2023-12-08 09:00:00,MACH-A,50.91,2.89
2023-12-08 10:00:00,MACH-A,51.08,2.44
2023-12-08 11:00:00,MACH-A,59.98,2.29
2023-12-08 12:00:00,MACH-A,56.44,2.98
2023-12-08 13:00:00,MACH-A,70.77,2.24
2023-12-08 14:00:00,MACH-A,72.06,1.01
2023-12-08 15:00:00,MACH-A,50.8,2.42
2023-12-08 16:00:00,MACH-A,11.63,1.2
2023-12-08 17:00:00,MACH-A,62.37,2.23
2023-12-08 18:00:00,MACH-A,44.6,1.14
2023-12-08 19:00:00,MACH-A,41.99,1.77
2023-12-08 20:00:00,MACH-A,46.02,1.82
2023-12-08 21:00:00,MACH-A,45.53,1.61
2023-12-08 22:00:00,MACH-A,56.12,1.83
2023-12-08 23:00:00,MACH-A,34.41,2.52
2023-12-09 00:00:00,MACH-A,39.22,1.64
2023-12-09 01:00:00,MACH-A,53.43,2.27
2023-12-09 02:00:00,MACH-A,56.23,1.52
2023-12-09 03:00:00,MACH-A,56.42,1.91
2023-12-09 04:00:00,MACH-A,42.13,2.16
2023-12-09 05:00:00,MACH-A,40.22,1.5
2023-12-09 06:00:00,MACH-A,44.93,1.34
2023-12-09 07:00:00,MACH-A,52.4,2.25
2023-12-09 08:00:00,MACH-A,64.85,2.56
2023-12-09 09:00:00,MACH-A,29.53,1.96
2023-12-09 10:00:00,MACH-A,47.79,1.77
2023-12-09 11:00:00,MACH-A,36.67,2.08
2023-12-09 12:00:00,MACH-A,33.48,2.03
2023-12-09 13:00:00,MACH-A,59.67,2.12
2023-12-09 14:00:00,MACH-A,55.45,0.74
2023-12-09 15:00:00,MACH-A,54.49,1.47
2023-12-09 16:00:00,MACH-A,59.21,1.58
2023-12-09 17:00:00,MACH-A,45.2,2.08
2023-12-09 18:00:00,MACH-A,45.67,2.09
2023-12-09 19:00:00,MACH-A,71.86,2.32
2023-12-09 20:00:00,MACH-A,47.53,2.13
2023-12-09 21:00:00,MACH-A,57.35,1.35
2023-12-09 22:00:00,MACH-A,50.06,2.72
2023-12-09 23:00:00,MACH-A,31.52,2.64
2023-12-10 00:00:00,MACH-A,29.55,1.37
2023-12-10 01:00:00,MACH-A,44.21,2.17
2023-12-10 02:00:00,MACH-A,60.56,1.7
2023-12-10 03:00:00,MACH-A,57.88,2.07
2023-12-10 04:00:00,MACH-A,59.14,2.53
2023-12-10 05:00:00,MACH-A,40.13,3.07
2023-12-10 06:00:00,MACH-A,66.16,2.38
2023-12-10 07:00:00,MACH-A,40.35,2.15
2023-12-10 08:00:00,MACH-A,52.13,1.83
2023-12-10 09:00:00,MACH-A,49.9,2.09
2023-12-10 10:00:00,MACH-A,48.26,2.68
2023-12-10 11:00:00,MACH-A,63.39,1.98
2023-12-10 12:00:00,MACH-A,42.95,1.56
2023-12-10 13:00:00,MACH-A,36.5,1.19
2023-12-10 14:00:00,MACH-A,50.2,2.26
2023-12-10 15:00:00,MACH-A,46.0,2.12
2023-12-10 16:00:00,MACH-A,83.77,1.68
2023-12-10 17:00:00,MACH-A,56.77,2.51
2023-12-10 18:00:00,MACH-A,45.91,1.79
2023-12-10 19:00:00,MACH-A,39.44,1.93
2023-12-10 20:00:00,MACH-A,31.2,1.99
2023-12-10 21:00:00,MACH-A,39.75,1.82
2023-12-10 22:00:00,MACH-A,51.15,2.12
2023-12-10 23:00:00,MACH-A,64.27,2.58
2023-12-11 00:00:00,MACH-A,61.22,1.43
2023-12-11 01:00:00,MACH-A,52.29,2.24
2023-12-11 02:00:00,MACH-A,46.77,2.09
2023-12-11 03:00:00,MACH-A,52.69,2.08
2023-12-11 04:00:00,MACH-A,44.81,2.44
2023-12-11 05:00:00,MACH-A,67.18,2.02
2023-12-11 06:00:00,MACH-A,48.11,2.24
2023-12-11 07:00:00,MACH-A,49.14,2.36
2023-12-11 08:00:00,MACH-A,27.84,1.75
2023-12-11 09:00:00,MACH-A,48.05,2.15
2023-12-11 10:00:00,MACH-A,58.36,1.87
2023-12-11 11:00:00,MACH-A,39.32,1.93
2023-12-11 12:00:00,MACH-A,42.49,1.84
2023-12-11 13:00:00,MACH-A,57.93,2.24
2023-12-11 14:00:00,MACH-A,35.23,2.04
2023-12-11 15:00:00,MACH-A,60.58,2.2
2023-12-11 16:00:00,MACH-A,44.68,1.99
2023-12-11 17:00:00,MACH-A,46.11,1.2
2023-12-11 18:00:00,MACH-A,38.76,2.02
2023-12-11 19:00:00,MACH-A,53.78,2.03
2023-12-11 20:00:00,MACH-A,74.6,2.12
2023-12-11 21:00:00,MACH-A,57.81,1.7
2023-12-11 22:00:00,MACH-A,41.36,1.4
2023-12-11 23:00:00,MACH-A,61.36,2.31
2023-12-12 00:00:00,MACH-A,46.83,1.86
2023-12-12 01:00:00,MACH-A,63.74,2.09
2023-12-12 02:00:00,MACH-A,58.07,1.86
2023-12-12 03:00:00,MACH-A,20.57,2.0
2023-12-12 04:00:00,MACH-A,39.96,1.78
2023-12-12 05:00:00,MACH-A,59.44,1.52
2023-12-12 06:00:00,MACH-A,51.52,2.24
2023-12-12 07:00:00,MACH-A,39.76,1.7
2023-12-12 08:00:00,MACH-A,43.66,2.08
2023-12-12 09:00:00,MACH-A,30.94,2.21
2023-12-12 10:00:00,MACH-A,49.12,1.71
2023-12-12 11:00:00,MACH-A,72.11,1.4
2023-12-12 12:00:00,MACH-A,58.05,3.21
2023-12-12 13:00:00,MACH-A,71.9,1.74
2023-12-12 14:00:00,MACH-A,58.82,2.31
2023-12-12 15:00:00,MACH-A,60.27,2.97
2023-12-12 16:00:00,MACH-A,69.74,2.39
2023-12-12 17:00:00,MACH-A,53.77,1.85
2023-12-12 18:00:00,MACH-A,48.13,1.97
2023-12-12 19:00:00,MACH-A,60.33,1.58
2023-12-12 20:00:00,MACH-A,64.54,2.44
2023-12-12 21:00:00,MACH-A,45.2,2.28
2023-12-12 22:00:00,MACH-A,42.78,1.74
2023-12-12 23:00:00,MACH-A,51.39,1.48
2023-12-13 00:00:00,MACH-A,58.31,1.34
2023-12-13 01:00:00,MACH-A,57.98,2.49
2023-12-13 02:00:00,MACH-A,35.76,2.06
2023-12-13 03:00:00,MACH-A,69.12,2.11
2023-12-13 04:00:00,MACH-A,43.59,1.59
2023-12-13 05:00:00,MACH-A,47.35,1.27
2023-12-13 06:00:00,MACH-A,40.97,2.48
2023-12-13 07:00:00,MACH-A,76.98,2.02
2023-12-13 08:00:00,MACH-A,52.42,2.45
2023-12-13 09:00:00,MACH-A,41.49,1.81
2023-12-13 10:00:00,MACH-A,58.64,1.88
2023-12-13 11:00:00,MACH-A,57.69,2.36
2023-12-13 12:00:00,MACH-A,48.12,2.37
2023-12-13 13:00:00,MACH-A,58.41,2.4
2023-12-13 14:00:00,MACH-A,41.75,1.85
2023-12-13 15:00:00,MACH-A,45.07,2.31
2023-12-13 16:00:00,MACH-A,29.9,2.55
2023-12-13 17:00:00,MACH-A,36.76,1.95
2023-12-13 18:00:00,MACH-A,68.08,1.74
2023-12-13 19:00:00,MACH-A,66.41,2.67
2023-12-13 20:00:00,MACH-A,50.66,1.67
2023-12-13 21:00:00,MACH-A,66.63,2.31
2023-12-13 22:00:00,MACH-A,48.4,1.97
2023-12-13 23:00:00,MACH-A,47.57,1.08
2023-12-14 00:00:00,MACH-A,50.57,2.56
2023-12-14 01:00:00,MACH-A,48.75,0.62
2023-12-14 02:00:00,MACH-A,47.85,1.01
2023-12-14 03:00:00,MACH-A,61.43,2.26
2023-12-14 04:00:00,MACH-A,51.5,2.26
2023-12-14 05:00:00,MACH-A,57.12,1.68
2023-12-14 06:00:00,MACH-A,60.31,2.07
2023-12-14 07:00:00,MACH-A,53.88,0.73
2023-12-14 08:00:00,MACH-A,40.3,2.35
2023-12-14 09:00:00,MACH-A,36.47,2.12
2023-12-14 10:00:00,MACH-A,51.49,1.98
2023-12-14 11:00:00,MACH-A,48.29,2.01
2023-12-14 12:00:00,MACH-A,50.87,2.25
2023-12-14 13:00:00,MACH-A,49.84,1.99
2023-12-14 14:00:00,MACH-A,75.84,1.06
2023-12-14 15:00:00,MACH-A,36.7,3.1
2023-12-14 16:00:00,MACH-A,30.1,2.6
2023-12-14 17:00:00,MACH-A,53.32,1.36
2023-12-14 18:00:00,MACH-A,46.24,1.83
2023-12-14 19:00:00,MACH-A,53.16,1.88
2023-12-14 20:00:00,MACH-A,55.84,2.54
2023-12-14 21:00:00,MACH-A,62.84,0.92
2023-12-14 22:00:00,MACH-A,34.93,1.75
2023-12-14 23:00:00,MACH-A,44.43,1.12
2023-12-15 00:00:00,MACH-A,54.29,1.86
2023-12-15 01:00:00,MACH-A,57.7,1.76
2023-12-15 02:00:00,MACH-A,71.93,2.04
2023-12-15 03:00:00,MACH-A,59.56,1.7
2023-12-15 04:00:00,MACH-A,49.43,1.62
2023-12-15 05:00:00,MACH-A,41.1,2.31
2023-12-15 06:00:00,MACH-A,44.36,2.23
2023-12-15 07:00:00,MACH-A,44.07,2.28
2023-12-15 08:00:00,MACH-A,56.55,1.91
2023-12-15 09:00:00,MACH-A,52.57,1.71
2023-12-15 10:00:00,MACH-A,36.76,1.94
2023-12-15 11:00:00,MACH-A,45.64,2.25
2023-12-15 12:00:00,MACH-A,58.78,0.91
2023-12-15 13:00:00,MACH-A,53.52,2.2
2023-12-15 14:00:00,MACH-A,55.69,2.15
2023-12-15 15:00:00,MACH-A,53.83,2.03
2023-12-15 16:00:00,MACH-A,66.26,1.93
2023-12-15 17:00:00,MACH-A,52.36,0.72
2023-12-15 18:00:00,MACH-A,46.14,1.78
2023-12-15 19:00:00,MACH-A,40.84,2.89
2023-12-15 20:00:00,MACH-A,52.5,2.01
2023-12-15 21:00:00,MACH-A,25.59,1.85
2023-12-15 22:00:00,MACH-A,48.16,2.01
2023-12-15 23:00:00,MACH-A,47.94,2.18
2023-12-16 00:00:00,MACH-A,36.36,2.33
2023-12-16 01:00:00,MACH-A,40.72,1.89
2023-12-16 02:00:00,MACH-A,58.1,2.21
2023-12-16 03:00:00,MACH-A,52.31,2.84
2023-12-16 04:00:00,MACH-A,51.02,2.5
2023-12-16 05:00:00,MACH-A,53.06,3.17
2023-12-16 06:00:00,MACH-A,50.93,1.67
2023-12-16 07:00:00,MACH-A,62.43,2.84
2023-12-16 08:00:00,MACH-A,51.23,1.6
2023-12-16 09:00:00,MACH-A,35.42,2.18
2023-12-16 10:00:00,MACH-A,66.3,2.37
2023-12-16 11:00:00,MACH-A,53.7,1.74
2023-12-16 12:00:00,MACH-A,44.11,2.04
2023-12-16 13:00:00,MACH-A,37.47,2.46
2023-12-16 14:00:00,MACH-A,53.96,1.64
2023-12-16 15:00:00,MACH-A,48.83,2.83
2023-12-16 16:00:00,MACH-A,65.74,1.31
2023-12-16 17:00:00,MACH-A,46.54,2.97
2023-12-16 18:00:00,MACH-A,41.63,2.5
2023-12-16 19:00:00,MACH-A,58.96,1.96
2023-12-16 20:00:00,MACH-A,59.25,1.8
2023-12-16 21:00:00,MACH-A,51.69,1.75
2023-12-16 22:00:00,MACH-A,56.76,1.93
2023-12-16 23:00:00,MACH-A,49.62,1.98
2023-12-17 00:00:00,MACH-A,52.34,2.63
2023-12-17 01:00:00,MACH-A,61.65,2.98
2023-12-17 02:00:00,MACH-A,56.25,2.1
2023-12-17 03:00:00,MACH-A,48.31,1.58
2023-12-17 04:00:00,MACH-A,63.52,1.73
2023-12-17 05:00:00,MACH-A,26.35,1.91
2023-12-17 06:00:00,MACH-A,70.52,1.48
2023-12-17 07:00:00,MACH-A,32.94,1.41
2023-12-17 08:00:00,MACH-A,43.73,3.05
2023-12-17 09:00:00,MACH-A,49.59,2.15
2023-12-17 10:00:00,MACH-A,48.54,1.58
2023-12-17 11:00:00,MACH-A,60.06,2.41
2023-12-17 12:00:00,MACH-A,39.42,1.41
2023-12-17 13:00:00,MACH-A,52.61,1.45
2023-12-17 14:00:00,MACH-A,44.22,1.6
2023-12-17 15:00:00,MACH-A,52.95,2.83
2023-12-17 16:00:00,MACH-A,49.35,1.87
2023-12-17 17:00:00,MACH-A,50.93,0.78
2023-12-17 18:00:00,MACH-A,44.5,2.61
2023-12-17 19:00:00,MACH-A,44.9,1.85
2023-12-17 20:00:00,MACH-A,52.87,1.08
2023-12-17 21:00:00,MACH-A,59.44,1.84
2023-12-17 22:00:00,MACH-A,44.02,2.26
2023-12-17 23:00:00,MACH-A,41.31,2.2
2023-12-18 00:00:00,MACH-A,56.13,2.9
2023-12-18 01:00:00,MACH-A,49.67,1.57
2023-12-18 02:00:00,MACH-A,58.3,2.02
2023-12-18 03:00:00,MACH-A,40.94,1.65
2023-12-18 04:00:00,MACH-A,32.21,1.23
2023-12-18 05:00:00,MACH-A,44.67,2.44
2023-12-18 06:00:00,MACH-A,42.34,2.23
2023-12-18 07:00:00,MACH-A,49.21,2.14
2023-12-18 08:00:00,MACH-A,43.63,2.21
2023-12-18 09:00:00,MACH-A,57.41,1.66
2023-12-18 10:00:00,MACH-A,47.12,1.5
2023-12-18 11:00:00,MACH-A,51.5,2.02
2023-12-18 12:00:00,MACH-A,51.58,2.58
2023-12-18 13:00:00,MACH-A,51.95,2.8
2023-12-18 14:00:00,MACH-A,49.76,2.4
2023-12-18 15:00:00,MACH-A,55.11,2.01
2023-12-18 16:00:00,MACH-A,42.04,2.13
2023-12-18 17:00:00,MACH-A,63.99,2.01
2023-12-18 18:00:00,MACH-A,47.63,1.49
2023-12-18 19:00:00,MACH-A,36.88,2.01
2023-12-18 20:00:00,MACH-A,51.88,1.33
2023-12-18 21:00:00,MACH-A,41.49,1.94
2023-12-18 22:00:00,MACH-A,56.65,2.82
2023-12-18 23:00:00,MACH-A,72.1,2.41
2023-12-19 00:00:00,MACH-A,42.13,1.54
2023-12-19 01:00:00,MACH-A,53.32,1.96
2023-12-19 02:00:00,MACH-A,32.44,1.58
2023-12-19 03:00:00,MACH-A,54.54,1.97
2023-12-19 04:00:00,MACH-A,41.14,2.52
2023-12-19 05:00:00,MACH-A,43.75,2.33
2023-12-19 06:00:00,MACH-A,38.99,3.24
2023-12-19 07:00:00,MACH-A,57.32,2.6
2023-12-19 08:00:00,MACH-A,60.07,2.1
2023-12-19 09:00:00,MACH-A,50.23,2.34
2023-12-19 10:00:00,MACH-A,41.36,1.9
2023-12-19 11:00:00,MACH-A,65.9,1.44
2023-12-19 12:00:00,MACH-A,42.5,2.65
2023-12-19 13:00:00,MACH-A,28.38,2.5
2023-12-19 14:00:00,MACH-A,54.58,1.88
2023-12-19 15:00:00,MACH-A,38.95,2.14
2023-12-19 16:00:00,MACH-A,59.89,2.62
2023-12-19 17:00:00,MACH-A,46.19,2.42
2023-12-19 18:00:00,MACH-A,56.04,1.27
2023-12-19 19:00:00,MACH-A,64.02,2.12
2023-12-19 20:00:00,MACH-A,37.91,1.92
2023-12-19 21:00:00,MACH-A,44.34,2.56
2023-12-19 22:00:00,MACH-A,49.24,2.52
2023-12-19 23:00:00,MACH-A,65.38,2.66
2023-12-20 00:00:00,MACH-A,43.42,1.44
2023-12-20 01:00:00,MACH-A,44.05,1.61
2023-12-20 02:00:00,MACH-A,54.78,2.56
2023-12-20 03:00:00,MACH-A,44.23,1.7
2023-12-20 04:00:00,MACH-A,51.53,1.24
2023-12-20 05:00:00,MACH-A,34.48,2.27
2023-12-20 06:00:00,MACH-A,72.14,1.73
2023-12-20 07:00:00,MACH-A,36.52,2.89
2023-12-20 08:00:00,MACH-A,46.78,2.15
2023-12-20 09:00:00,MACH-A,49.68,2.08
2023-12-20 10:00:00,MACH-A,69.13,1.82
2023-12-20 11:00:00,MACH-A,36.75,2.8
2023-12-20 12:00:00,MACH-A,69.84,2.18
2023-12-20 13:00:00,MACH-A,57.57,1.8
2023-12-20 14:00:00,MACH-A,54.17,1.6
2023-12-20 15:00:00,MACH-A,40.15,1.96
2023-12-20 16:00:00,MACH-A,55.71,1.51
2023-12-20 17:00:00,MACH-A,42.77,2.51
2023-12-20 18:00:00,MACH-A,62.67,1.1
2023-12-20 19:00:00,MACH-A,40.29,1.93
2023-12-20 20:00:00,MACH-A,48.87,2.31
2023-12-20 21:00:00,MACH-A,44.45,2.17
2023-12-20 22:00:00,MACH-A,40.12,1.64
2023-12-20 23:00:00,MACH-A,57.41,2.33
2023-12-21 00:00:00,MACH-A,55.35,1.56
2023-12-21 01:00:00,MACH-A,62.09,1.99
2023-12-21 02:00:00,MACH-A,32.2,2.33
2023-12-21 03:00:00,MACH-A,60.64,2.23
2023-12-21 04:00:00,MACH-A,75.05,1.66
2023-12-21 05:00:00,MACH-A,45.48,2.6
2023-12-21 06:00:00,MACH-A,68.95,2.04
2023-12-21 07:00:00,MACH-A,47.37,2.37
2023-12-21 08:00:00,MACH-A,36.28,2.76
2023-12-21 09:00:00,MACH-A,46.94,2.56
2023-12-21 10:00:00,MACH-A,60.48,2.56
2023-12-21 11:00:00,MACH-A,41.62,2.1
2023-12-21 12:00:00,MACH-A,44.0,2.4
2023-12-21 13:00:00,MACH-A,55.94,2.11
2023-12-21 14:00:00,MACH-A,50.03,1.4
2023-12-21 15:00:00,MACH-A,55.85,2.15
2023-12-21 16:00:00,MACH-A,52.38,2.13
2023-12-21 17:00:00,MACH-A,54.8,2.29
2023-12-21 18:00:00,MACH-A,45.68,1.94
2023-12-21 19:00:00,MACH-A,52.32,1.62
2023-12-21 20:00:00,MACH-A,40.73,2.33
2023-12-21 21:00:00,MACH-A,62.88,1.34
2023-12-21 22:00:00,MACH-A,43.66,2.73
2023-12-21 23:00:00,MACH-A,61.29,1.88
2023-12-22 00:00:00,MACH-A,47.66,2.12
2023-12-22 01:00:00,MACH-A,52.02,2.28
2023-12-22 02:00:00,MACH-A,45.05,2.3
2023-12-22 03:00:00,MACH-A,39.84,1.3
2023-12-22 04:00:00,MACH-A,32.55,2.41
2023-12-22 05:00:00,MACH-A,39.45,2.15
2023-12-22 06:00:00,MACH-A,46.76,1.68
2023-12-22 07:00:00,MACH-A,52.12,1.63
2023-12-22 08:00:00,MACH-A,60.1,1.83
2023-12-22 09:00:00,MACH-A,45.54,1.35
2023-12-22 10:00:00,MACH-A,41.18,2.86
2023-12-22 11:00:00,MACH-A,35.57,2.74
2023-12-22 12:00:00,MACH-A,54.8,2.23
2023-12-22 13:00:00,MACH-A,63.83,1.89
2023-12-22 14:00:00,MACH-A,62.66,1.9
2023-12-22 15:00:00,MACH-A,57.1,2.38
2023-12-22 16:00:00,MACH-A,56.39,2.88
2023-12-22 17:00:00,MACH-A,66.98,1.71
2023-12-22 18:00:00,MACH-A,53.32,1.44
2023-12-22 19:00:00,MACH-A,56.46,2.77
2023-12-22 20:00:00,MACH-A,46.79,1.11
2023-12-22 21:00:00,MACH-A,36.38,1.5
2023-12-22 22:00:00,MACH-A,43.16,1.88
2023-12-22 23:00:00,MACH-A,49.91,1.22
2023-12-23 00:00:00,MACH-A,50.61,2.56
2023-12-23 01:00:00,MACH-A,69.26,2.43
2023-12-23 02:00:00,MACH-A,50.81,1.71
2023-12-23 03:00:00,MACH-A,61.79,2.64
2023-12-23 04:00:00,MACH-A,45.65,2.72
2023-12-23 05:00:00,MACH-A,46.88,1.94
2023-12-23 06:00:00,MACH-A,36.71,1.77
2023-12-23 07:00:00,MACH-A,82.02,4.39
2023-12-23 08:00:00,MACH-A,55.27,2.36
2023-12-23 09:00:00,MACH-A,50.08,2.13
2023-12-23 10:00:00,MACH-A,59.43,2.68
2023-12-23 11:00:00,MACH-A,51.81,2.15
2023-12-23 12:00:00,MACH-A,46.48,1.75
2023-12-23 13:00:00,MACH-A,71.48,2.04
2023-12-23 14:00:00,MACH-A,49.06,2.52
2023-12-23 15:00:00,MACH-A,61.63,1.0
2023-12-23 16:00:00,MACH-A,45.99,1.86
2023-12-23 17:00:00,MACH-A,57.1,2.69
2023-12-23 18:00:00,MACH-A,59.28,1.74
2023-12-23 19:00:00,MACH-A,52.08,2.77
2023-12-23 20:00:00,MACH-A,26.46,2.71
2023-12-23 21:00:00,MACH-A,50.18,1.97
2023-12-23 22:00:00,MACH-A,62.3,1.72
2023-12-23 23:00:00,MACH-A,55.27,1.86
2023-12-24 00:00:00,MACH-A,54.46,3.33
2023-12-24 01:00:00,MACH-A,32.78,2.94
2023-12-24 02:00:00,MACH-A,42.8,2.06
2023-12-24 03:00:00,MACH-A,54.11,1.7
2023-12-24 04:00:00,MACH-A,54.1,2.06
2023-12-24 05:00:00,MACH-A,62.15,2.12
2023-12-24 06:00:00,MACH-A,48.55,1.38
2023-12-24 07:00:00,MACH-A,54.06,2.04
2023-12-24 08:00:00,MACH-A,50.16,2.66
2023-12-24 09:00:00,MACH-A,40.13,1.1
2023-12-24 10:00:00,MACH-A,27.44,2.41
2023-12-24 11:00:00,MACH-A,54.31,2.69
2023-12-24 12:00:00,MACH-A,51.74,1.72
2023-12-24 13:00:00,MACH-A,43.82,2.85
2023-12-24 14:00:00,MACH-A,33.81,1.65
2023-12-24 15:00:00,MACH-A,56.3,2.22
2023-12-24 16:00:00,MACH-A,47.34,1.85
2023-12-24 17:00:00,MACH-A,55.57,1.85
2023-12-24 18:00:00,MACH-A,68.64,1.69
2023-12-24 19:00:00,MACH-A,28.59,2.35
2023-12-24 20:00:00,MACH-A,43.0,2.42
2023-12-24 21:00:00,MACH-A,47.91,1.97
2023-12-24 22:00:00,MACH-A,64.55,1.32
2023-12-24 23:00:00,MACH-A,33.64,2.2
2023-12-25 00:00:00,MACH-A,69.36,2.21
2023-12-25 01:00:00,MACH-A,51.36,1.89
2023-12-25 02:00:00,MACH-A,49.04,2.93
2023-12-25 03:00:00,MACH-A,48.02,1.22
2023-12-25 04:00:00,MACH-A,45.64,0.89
2023-12-25 05:00:00,MACH-A,60.48,1.63
2023-12-25 06:00:00,MACH-A,39.31,2.36
2023-12-25 07:00:00,MACH-A,53.45,1.47
2023-12-25 08:00:00,MACH-A,46.16,1.51
2023-12-25 09:00:00,MACH-A,42.38,2.48
2023-12-25 10:00:00,MACH-A,75.86,2.23
2023-12-25 11:00:00,MACH-A,54.19,2.19
2023-12-25 12:00:00,MACH-A,56.13,2.39
2023-12-25 13:00:00,MACH-A,61.38,1.79
2023-12-25 14:00:00,MACH-A,35.79,1.81
2023-12-25 15:00:00,MACH-A,67.52,2.4
2023-12-25 16:00:00,MACH-A,24.91,1.33
2023-12-25 17:00:00,MACH-A,42.31,0.93
2023-12-25 18:00:00,MACH-A,45.41,1.78
2023-12-25 19:00:00,MACH-A,55.82,2.47
2023-12-25 20:00:00,MACH-A,52.19,2.13
2023-12-25 21:00:00,MACH-A,48.33,2.43
2023-12-25 22:00:00,MACH-A,49.88,0.99
2023-12-25 23:00:00,MACH-A,40.22,2.16
2023-12-26 00:00:00,MACH-A,35.03,2.33
2023-12-26 01:00:00,MACH-A,57.27,1.32
2023-12-26 02:00:00,MACH-A,56.94,2.43
2023-12-26 03:00:00,MACH-A,65.84,1.94
2023-12-26 04:00:00,MACH-A,42.1,3.54
2023-12-26 05:00:00,MACH-A,56.93,0.91
2023-12-26 06:00:00,MACH-A,47.16,2.68
2023-12-26 07:00:00,MACH-A,61.9,1.8
2023-12-26 08:00:00,MACH-A,60.22,1.19
2023-12-26 09:00:00,MACH-A,52.11,1.74
2023-12-26 10:00:00,MACH-A,46.6,2.14
2023-12-26 11:00:00,MACH-A,59.61,2.52
2023-12-26 12:00:00,MACH-A,56.47,2.86
2023-12-26 13:00:00,MACH-A,43.16,2.71
2023-12-26 14:00:00,MACH-A,36.72,1.52
2023-12-26 15:00:00,MACH-A,47.11,2.57
2023-12-26 16:00:00,MACH-A,65.15,2.2
2023-12-26 17:00:00,MACH-A,61.46,1.67
2023-12-26 18:00:00,MACH-A,38.88,1.89
2023-12-26 19:00:00,MACH-A,38.32,1.65
2023-12-26 20:00:00,MACH-A,62.75,2.02
2023-12-26 21:00:00,MACH-A,38.64,1.64
2023-12-26 22:00:00,MACH-A,55.09,1.49
2023-12-26 23:00:00,MACH-A,43.84,2.24
2023-12-27 00:00:00,MACH-A,66.17,2.31
2023-12-27 01:00:00,MACH-A,42.3,1.91
2023-12-27 02:00:00,MACH-A,61.43,2.68
2023-12-27 03:00:00,MACH-A,51.85,1.87
2023-12-27 04:00:00,MACH-A,52.52,1.85
2023-12-27 05:00:00,MACH-A,30.3,2.33
2023-12-27 06:00:00,MACH-A,27.97,1.93
2023-12-27 07:00:00,MACH-A,47.79,2.04
2023-12-27 08:00:00,MACH-A,52.47,0.74
2023-12-27 09:00:00,MACH-A,38.75,2.01
2023-12-27 10:00:00,MACH-A,39.11,1.09
2023-12-27 11:00:00,MACH-A,55.61,1.39
2023-12-27 12:00:00,MACH-A,55.63,1.33
2023-12-27 13:00:00,MACH-A,48.62,1.48
2023-12-27 14:00:00,MACH-A,57.8,1.73
2023-12-27 15:00:00,MACH-A,38.26,1.76
2023-12-27 16:00:00,MACH-A,46.44,2.33
2023-12-27 17:00:00,MACH-A,66.48,2.11
2023-12-27 18:00:00,MACH-A,50.68,1.05
2023-12-27 19:00:00,MACH-A,51.26,2.04
2023-12-27 20:00:00,MACH-A,73.06,2.16
2023-12-27 21:00:00,MACH-A,36.01,1.84
2023-12-27 22:00:00,MACH-A,57.96,1.97
2023-12-27 23:00:00,MACH-A,66.64,2.1
2023-12-28 00:00:00,MACH-A,46.75,2.38
2023-12-28 01:00:00,MACH-A,58.6,1.21
2023-12-28 02:00:00,MACH-A,40.18,1.88
2023-12-28 03:00:00,MACH-A,43.13,2.75
2023-12-28 04:00:00,MACH-A,53.85,2.71
2023-12-28 05:00:00,MACH-A,57.99,2.43
2023-12-28 06:00:00,MACH-A,61.21,2.27
2023-12-28 07:00:00,MACH-A,65.7,2.83
2023-12-28 08:00:00,MACH-A,49.33,2.96
2023-12-28 09:00:00,MACH-A,61.94,1.94
2023-12-28 10:00:00,MACH-A,46.58,1.52
2023-12-28 11:00:00,MACH-A,59.02,1.86
2023-12-28 12:00:00,MACH-A,52.07,3.55
2023-12-28 13:00:00,MACH-A,54.46,1.22
2023-12-28 14:00:00,MACH-A,54.24,1.76
2023-12-28 15:00:00,MACH-A,33.95,1.29
2023-12-28 16:00:00,MACH-A,38.76,2.06
2023-12-28 17:00:00,MACH-A,51.03,1.4
2023-12-28 18:00:00,MACH-A,33.13,1.95
2023-12-28 19:00:00,MACH-A,58.31,1.02
2023-12-28 20:00:00,MACH-A,58.72,2.31
2023-12-28 21:00:00,MACH-A,53.27,2.61
2023-12-28 22:00:00,MACH-A,38.79,1.81
2023-12-28 23:00:00,MACH-A,63.8,1.93
2023-12-29 00:00:00,MACH-A,70.37,1.92
2023-12-29 01:00:00,MACH-A,51.47,2.09
2023-12-29 02:00:00,MACH-A,55.11,1.98
2023-12-29 03:00:00,MACH-A,52.02,2.38
2023-12-29 04:00:00,MACH-A,55.3,2.62
2023-12-29 05:00:00,MACH-A,48.8,1.59
2023-12-29 06:00:00,MACH-A,49.65,1.85
2023-12-29 07:00:00,MACH-A,59.06,2.45
2023-12-29 08:00:00,MACH-A,73.46,1.29
2023-12-29 09:00:00,MACH-A,36.0,1.01
2023-12-29 10:00:00,MACH-A,48.96,2.11
2023-12-29 11:00:00,MACH-A,38.2,2.25
2023-12-29 12:00:00,MACH-A,65.92,1.64
2023-12-29 13:00:00,MACH-A,44.12,1.71
2023-12-29 14:00:00,MACH-A,35.57,1.62
2023-12-29 15:00:00,MACH-A,56.38,1.57
2023-12-29 16:00:00,MACH-A,67.44,2.35
2023-12-29 17:00:00,MACH-A,56.64,1.41
2023-12-29 18:00:00,MACH-A,52.05,1.87
2023-12-29 19:00:00,MACH-A,54.09,1.55
2023-12-29 20:00:00,MACH-A,64.15,1.27
2023-12-29 21:00:00,MACH-A,41.26,2.44
2023-12-29 22:00:00,MACH-A,48.88,1.74
2023-12-29 23:00:00,MACH-A,45.47,2.09
2023-12-30 00:00:00,MACH-A,38.32,1.25
2023-12-30 01:00:00,MACH-A,46.72,1.63
2023-12-30 02:00:00,MACH-A,61.08,2.38
2023-12-30 03:00:00,MACH-A,55.67,3.29
2023-12-30 04:00:00,MACH-A,56.44,1.01
2023-12-30 05:00:00,MACH-A,51.46,1.9
2023-12-30 06:00:00,MACH-A,55.23,2.21
2023-12-30 07:00:00,MACH-A,41.99,1.69
2023-12-30 08:00:00,MACH-A,46.9,2.42
2023-12-30 09:00:00,MACH-A,51.92,1.57
2023-12-30 10:00:00,MACH-A,52.78,2.08
2023-12-30 11:00:00,MACH-A,53.2,1.74
2023-12-30 12:00:00,MACH-A,48.62,2.61
2023-12-30 13:00:00,MACH-A,46.23,1.66
2023-12-30 14:00:00,MACH-A,81.58,1.82
2023-12-30 15:00:00,MACH-A,59.07,2.47
2023-12-30 16:00:00,MACH-A,54.13,1.49
2023-12-30 17:00:00,MACH-A,47.67,2.03
2023-12-30 18:00:00,MACH-A,45.49,1.09
2023-12-30 19:00:00,MACH-A,48.69,1.46
2023-12-30 20:00:00,MACH-A,52.93,2.19
2023-12-30 21:00:00,MACH-A,31.2,1.5
2023-12-30 22:00:00,MACH-A,34.31,1.73
2023-12-30 23:00:00,MACH-A,43.63,2.25
2023-12-31 00:00:00,MACH-A,52.07,1.71
2023-12-31 01:00:00,MACH-A,47.61,2.41
2023-12-31 02:00:00,MACH-A,64.78,2.11
2023-12-31 03:00:00,MACH-A,35.18,2.22
2023-12-31 04:00:00,MACH-A,42.49,2.62
2023-12-31 05:00:00,MACH-A,65.2,2.16
2023-12-31 06:00:00,MACH-A,51.31,2.77
2023-12-31 07:00:00,MACH-A,58.85,2.46
2023-12-31 08:00:00,MACH-A,70.51,1.74
2023-12-31 09:00:00,MACH-A,43.06,2.65
2023-12-31 10:00:00,MACH-A,49.01,2.13
2023-12-31 11:00:00,MACH-A,47.28,1.8
2023-12-31 12:00:00,MACH-A,30.45,2.14
2023-12-31 13:00:00,MACH-A,46.9,2.56
2023-12-31 14:00:00,MACH-A,58.81,2.23
2023-12-31 15:00:00,MACH-A,55.41,2.91
2023-12-31 16:00:00,MACH-A,56.19,2.54
2023-12-31 17:00:00,MACH-A,46.24,2.26
2023-12-31 18:00:00,MACH-A,43.44,1.49
2023-12-31 19:00:00,MACH-A,62.69,1.91
2023-12-31 20:00:00,MACH-A,45.03,2.04
2023-12-31 21:00:00,MACH-A,52.94,2.35
2023-12-31 22:00:00,MACH-A,51.63,2.32
2023-12-31 23:00:00,MACH-A,64.62,2.08
2023-01-01 00:00:00,MACH-B,40.24,2.52
2023-01-01 01:00:00,MACH-B,41.38,2.83
2023-01-01 02:00:00,MACH-B,61.21,2.18
2023-01-01 03:00:00,MACH-B,51.45,1.74
2023-01-01 04:00:00,MACH-B,51.45,1.78
2023-01-01 05:00:00,MACH-B,41.09,2.18
2023-01-01 06:00:00,MACH-B,63.43,2.28
2023-01-01 07:00:00,MACH-B,68.47,2.07
2023-01-01 08:00:00,MACH-B,51.73,1.64
2023-01-01 09:00:00,MACH-B,59.18,2.59
2023-01-01 10:00:00,MACH-B,43.55,2.06
2023-01-01 11:00:00,MACH-B,62.74,2.23
2023-01-01 12:00:00,MACH-B,55.76,0.95
2023-01-01 13:00:00,MACH-B,37.7,1.89
2023-01-01 14:00:00,MACH-B,54.52,2.36
2023-01-01 15:00:00,MACH-B,54.47,1.38
2023-01-01 16:00:00,MACH-B,51.82,1.13
2023-01-01 17:00:00,MACH-B,55.08,2.57
2023-01-01 18:00:00,MACH-B,49.53,2.06
2023-01-01 19:00:00,MACH-B,48.17,2.1
2023-01-01 20:00:00,MACH-B,52.5,2.2
2023-01-01 21:00:00,MACH-B,46.5,2.13
2023-01-01 22:00:00,MACH-B,43.52,0.51
2023-01-01 23:00:00,MACH-B,61.1,1.8
2023-01-02 00:00:00,MACH-B,44.27,1.93
2023-01-02 01:00:00,MACH-B,48.39,2.08
2023-01-02 02:00:00,MACH-B,45.2,2.01
2023-01-02 03:00:00,MACH-B,41.3,1.78
2023-01-02 04:00:00,MACH-B,65.42,2.44
2023-01-02 05:00:00,MACH-B,35.59,1.86
2023-01-02 06:00:00,MACH-B,53.97,2.09
2023-01-02 07:00:00,MACH-B,48.69,2.8
2023-01-02 08:00:00,MACH-B,54.79,1.28
2023-01-02 09:00:00,MACH-B,48.3,0.87
2023-01-02 10:00:00,MACH-B,54.92,2.17
2023-01-02 11:00:00,MACH-B,52.83,2.29
2023-01-02 12:00:00,MACH-B,55.89,3.09
2023-01-02 13:00:00,MACH-B,67.44,2.02
2023-01-02 14:00:00,MACH-B,31.33,1.91
2023-01-02 15:00:00,MACH-B,50.81,1.74
2023-01-02 16:00:00,MACH-B,40.06,2.54
2023-01-02 17:00:00,MACH-B,42.75,2.25
2023-01-02 18:00:00,MACH-B,40.48,2.41
2023-01-02 19:00:00,MACH-B,47.08,2.14
2023-01-02 20:00:00,MACH-B,61.22,2.43
2023-01-02 21:00:00,MACH-B,46.22,2.7
2023-01-02 22:00:00,MACH-B,53.46,2.3
2023-01-02 23:00:00,MACH-B,58.97,1.73
2023-01-03 00:00:00,MACH-B,41.48,1.52
2023-01-03 01:00:00,MACH-B,42.02,2.08
2023-01-03 02:00:00,MACH-B,50.0,2.76
2023-01-03 03:00:00,MACH-B,31.98,2.1
2023-01-03 04:00:00,MACH-B,70.09,1.17
2023-01-03 05:00:00,MACH-B,50.06,2.89
2023-01-03 06:00:00,MACH-B,55.6,2.23
2023-01-03 07:00:00,MACH-B,48.05,1.95
2023-01-03 08:00:00,MACH-B,56.36,1.92
2023-01-03 09:00:00,MACH-B,48.26,0.85
2023-01-03 10:00:00,MACH-B,55.58,1.59
2023-01-03 11:00:00,MACH-B,62.97,1.58
2023-01-03 12:00:00,MACH-B,27.98,2.31
2023-01-03 13:00:00,MACH-B,56.66,1.89
2023-01-03 14:00:00,MACH-B,44.71,2.55
2023-01-03 15:00:00,MACH-B,38.95,0.92
2023-01-03 16:00:00,MACH-B,35.56,3.13
2023-01-03 17:00:00,MACH-B,50.98,2.62
2023-01-03 18:00:00,MACH-B,52.82,2.21
2023-01-03 19:00:00,MACH-B,43.74,1.83
2023-01-03 20:00:00,MACH-B,37.42,2.39
2023-01-03 21:00:00,MACH-B,51.15,2.04
2023-01-03 22:00:00,MACH-B,50.69,1.9
2023-01-03 23:00:00,MACH-B,56.01,2.37
2023-01-04 00:00:00,MACH-B,56.87,2.43
2023-01-04 01:00:00,MACH-B,61.65,2.18
2023-01-04 02:00:00,MACH-B,56.74,1.76
2023-01-04 03:00:00,MACH-B,33.68,1.94
2023-01-04 04:00:00,MACH-B,49.91,1.33
2023-01-04 05:00:00,MACH-B,60.0,1.3
2023-01-04 06:00:00,MACH-B,58.48,1.7
2023-01-04 07:00:00,MACH-B,74.3,2.48
2023-01-04 08:00:00,MACH-B,58.89,2.06
2023-01-04 09:00:00,MACH-B,36.53,2.48
2023-01-04 10:00:00,MACH-B,34.2,2.65
2023-01-04 11:00:00,MACH-B,50.56,2.18
2023-01-04 12:00:00,MACH-B,51.51,1.48
2023-01-04 13:00:00,MACH-B,44.52,2.41
2023-01-04 14:00:00,MACH-B,57.68,1.43
2023-01-04 15:00:00,MACH-B,24.86,1.73
2023-01-04 16:00:00,MACH-B,45.36,2.68
2023-01-04 17:00:00,MACH-B,27.17,2.0
2023-01-04 18:00:00,MACH-B,42.48,2.23
2023-01-04 19:00:00,MACH-B,46.53,0.98
2023-01-04 20:00:00,MACH-B,60.51,1.84
2023-01-04 21:00:00,MACH-B,37.78,2.14
2023-01-04 22:00:00,MACH-B,48.63,2.05
2023-01-04 23:00:00,MACH-B,44.76,2.39
2023-01-05 00:00:00,MACH-B,48.78,1.68
2023-01-05 01:00:00,MACH-B,46.12,2.57
2023-01-05 02:00:00,MACH-B,47.47,1.77
2023-01-05 03:00:00,MACH-B,43.48,2.01
2023-01-05 04:00:00,MACH-B,53.7,1.51
2023-01-05 05:00:00,MACH-B,61.02,2.28
2023-01-05 06:00:00,MACH-B,50.42,1.62
2023-01-05 07:00:00,MACH-B,70.08,2.13
2023-01-05 08:00:00,MACH-B,50.79,2.41
2023-01-05 09:00:00,MACH-B,58.06,2.46
2023-01-05 10:00:00,MACH-B,42.4,3.31
2023-01-05 11:00:00,MACH-B,48.85,2.0
2023-01-05 12:00:00,MACH-B,46.9,1.85
2023-01-05 13:00:00,MACH-B,37.77,1.69
2023-01-05 14:00:00,MACH-B,42.32,2.31
2023-01-05 15:00:00,MACH-B,53.57,1.94
2023-01-05 16:00:00,MACH-B,62.84,1.58
2023-01-05 17:00:00,MACH-B,55.62,1.56
2023-01-05 18:00:00,MACH-B,53.36,2.63
2023-01-05 19:00:00,MACH-B,41.42,2.44
2023-01-05 20:00:00,MACH-B,54.86,2.66
2023-01-05 21:00:00,MACH-B,43.67,1.29
2023-01-05 22:00:00,MACH-B,38.28,1.82
2023-01-05 23:00:00,MACH-B,41.01,1.54
2023-01-06 00:00:00,MACH-B,48.8,2.07
2023-01-06 01:00:00,MACH-B,44.6,1.6
2023-01-06 02:00:00,MACH-B,52.88,2.7
2023-01-06 03:00:00,MACH-B,46.22,1.82
2023-01-06 04:00:00,MACH-B,52.78,2.93
2023-01-06 05:00:00,MACH-B,46.89,2.43
2023-01-06 06:00:00,MACH-B,49.52,2.45
2023-01-06 07:00:00,MACH-B,40.19,2.86
2023-01-06 08:00:00,MACH-B,64.35,2.03
2023-01-06 09:00:00,MACH-B,33.69,2.42
2023-01-06 10:00:00,MACH-B,74.89,2.16
2023-01-06 11:00:00,MACH-B,54.74,1.61
2023-01-06 12:00:00,MACH-B,34.37,1.68
2023-01-06 13:00:00,MACH-B,50.99,1.9
2023-01-06 14:00:00,MACH-B,52.22,2.22
2023-01-06 15:00:00,MACH-B,64.93,2.38
2023-01-06 16:00:00,MACH-B,36.51,2.28
2023-01-06 17:00:00,MACH-B,36.52,2.29
2023-01-06 18:00:00,MACH-B,53.45,1.86
2023-01-06 19:00:00,MACH-B,51.93,0.89
2023-01-06 20:00:00,MACH-B,64.67,2.38
2023-01-06 21:00:00,MACH-B,40.02,1.6
2023-01-06 22:00:00,MACH-B,39.2,3.08
2023-01-06 23:00:00,MACH-B,68.7,2.17
2023-01-07 00:00:00,MACH-B,49.54,2.69
2023-01-07 01:00:00,MACH-B,42.55,1.45
2023-01-07 02:00:00,MACH-B,57.06,2.56
2023-01-07 03:00:00,MACH-B,29.49,2.36
2023-01-07 04:00:00,MACH-B,53.78,2.19
2023-01-07 05:00:00,MACH-B,43.68,1.47
2023-01-07 06:00:00,MACH-B,44.98,1.65
2023-01-07 07:00:00,MACH-B,62.95,2.33
2023-01-07 08:00:00,MACH-B,54.29,1.65
2023-01-07 09:00:00,MACH-B,38.72,1.59
2023-01-07 10:00:00,MACH-B,50.51,1.75
2023-01-07 11:00:00,MACH-B,51.17,2.25
2023-01-07 12:00:00,MACH-B,47.38,2.71
2023-01-07 13:00:00,MACH-B,40.4,2.21
2023-01-07 14:00:00,MACH-B,52.27,2.61
2023-01-07 15:00:00,MACH-B,57.01,1.93
2023-01-07 16:00:00,MACH-B,54.54,3.02
2023-01-07 17:00:00,MACH-B,42.87,2.67
2023-01-07 18:00:00,MACH-B,48.42,2.45
2023-01-07 19:00:00,MACH-B,27.92,2.23
2023-01-07 20:00:00,MACH-B,65.98,2.2
2023-01-07 21:00:00,MACH-B,43.98,1.25
2023-01-07 22:00:00,MACH-B,44.8,1.23
2023-01-07 23:00:00,MACH-B,36.85,2.33
2023-01-08 00:00:00,MACH-B,58.61,2.04
2023-01-08 01:00:00,MACH-B,60.28,2.28
2023-01-08 02:00:00,MACH-B,44.3,1.44
2023-01-08 03:00:00,MACH-B,38.62,2.76
2023-01-08 04:00:00,MACH-B,50.2,1.9
2023-01-08 05:00:00,MACH-B,46.71,2.19
2023-01-08 06:00:00,MACH-B,57.44,1.75
2023-01-08 07:00:00,MACH-B,48.69,2.16
2023-01-08 08:00:00,MACH-B,47.97,3.19
2023-01-08 09:00:00,MACH-B,56.7,2.58
2023-01-08 10:00:00,MACH-B,34.24,1.72
2023-01-08 11:00:00,MACH-B,46.89,1.5
2023-01-08 12:00:00,MACH-B,51.92,2.18
2023-01-08 13:00:00,MACH-B,45.72,1.83
2023-01-08 14:00:00,MACH-B,52.81,1.66
2023-01-08 15:00:00,MACH-B,52.22,2.99
2023-01-08 16:00:00,MACH-B,58.79,1.01
2023-01-08 17:00:00,MACH-B,47.26,2.36
2023-01-08 18:00:00,MACH-B,29.67,2.97
2023-01-08 19:00:00,MACH-B,34.52,1.42
2023-01-08 20:00:00,MACH-B,54.64,1.79
2023-01-08 21:00:00,MACH-B,51.81,1.84
2023-01-08 22:00:00,MACH-B,47.74,2.8
2023-01-08 23:00:00,MACH-B,48.47,1.99
2023-01-09 00:00:00,MACH-B,43.52,3.02
2023-01-09 01:00:00,MACH-B,43.55,2.43
2023-01-09 02:00:00,MACH-B,44.53,1.82
2023-01-09 03:00:00,MACH-B,47.21,1.44
2023-01-09 04:00:00,MACH-B,51.22,1.49
2023-01-09 05:00:00,MACH-B,49.23,2.33
2023-01-09 06:00:00,MACH-B,46.72,3.28
2023-01-09 07:00:00,MACH-B,56.96,1.76
2023-01-09 08:00:00,MACH-B,58.69,1.68
2023-01-09 09:00:00,MACH-B,63.39,2.33
2023-01-09 10:00:00,MACH-B,48.11,1.9
2023-01-09 11:00:00,MACH-B,44.79,1.77
2023-01-09 12:00:00,MACH-B,49.36,2.78
2023-01-09 13:00:00,MACH-B,44.51,2.76
2023-01-09 14:00:00,MACH-B,49.84,2.14
2023-01-09 15:00:00,MACH-B,54.07,1.67
2023-01-09 16:00:00,MACH-B,51.06,2.19
2023-01-09 17:00:00,MACH-B,48.39,2.51
2023-01-09 18:00:00,MACH-B,56.39,2.67
2023-01-09 19:00:00,MACH-B,66.76,2.56
2023-01-09 20:00:00,MACH-B,42.92,0.71
2023-01-09 21:00:00,MACH-B,53.34,2.25
2023-01-09 22:00:00,MACH-B,48.09,2.39
2023-01-09 23:00:00,MACH-B,41.56,2.46
2023-01-10 00:00:00,MACH-B,42.8,2.18
2023-01-10 01:00:00,MACH-B,45.94,2.02
2023-01-10 02:00:00,MACH-B,65.73,1.85
2023-01-10 03:00:00,MACH-B,59.53,1.6
2023-01-10 04:00:00,MACH-B,41.07,1.68
2023-01-10 05:00:00,MACH-B,55.45,2.69
2023-01-10 06:00:00,MACH-B,40.29,2.36
2023-01-10 07:00:00,MACH-B,43.74,2.41
2023-01-10 08:00:00,MACH-B,63.13,1.72
2023-01-10 09:00:00,MACH-B,69.83,2.27
2023-01-10 10:00:00,MACH-B,31.06,2.92
2023-01-10 11:00:00,MACH-B,50.31,2.07
2023-01-10 12:00:00,MACH-B,54.08,2.4
2023-01-10 13:00:00,MACH-B,47.25,1.75
2023-01-10 14:00:00,MACH-B,51.41,1.81
2023-01-10 15:00:00,MACH-B,45.94,2.14
2023-01-10 16:00:00,MACH-B,56.27,1.65
2023-01-10 17:00:00,MACH-B,46.58,1.63
2023-01-10 18:00:00,MACH-B,55.59,1.92
2023-01-10 19:00:00,MACH-B,59.85,2.1
2023-01-10 20:00:00,MACH-B,58.45,1.69
2023-01-10 21:00:00,MACH-B,48.16,2.09
2023-01-10 22:00:00,MACH-B,27.43,1.44
2023-01-10 23:00:00,MACH-B,54.9,2.08
2023-01-11 00:00:00,MACH-B,35.54,1.05
2023-01-11 01:00:00,MACH-B,54.62,2.54
2023-01-11 02:00:00,MACH-B,53.83,1.22
2023-01-11 03:00:00,MACH-B,47.93,2.78
2023-01-11 04:00:00,MACH-B,50.67,2.21
2023-01-11 05:00:00,MACH-B,64.55,2.3
2023-01-11 06:00:00,MACH-B,62.95,1.78
2023-01-11 07:00:00,MACH-B,46.49,2.27
2023-01-11 08:00:00,MACH-B,31.1,2.09
2023-01-11 09:00:00,MACH-B,65.71,1.42
2023-01-11 10:00:00,MACH-B,34.22,2.39
2023-01-11 11:00:00,MACH-B,50.91,1.58
2023-01-11 12:00:00,MACH-B,49.27,3.17
2023-01-11 13:00:00,MACH-B,54.35,1.61
2023-01-11 14:00:00,MACH-B,62.99,1.19
2023-01-11 15:00:00,MACH-B,50.61,2.85
2023-01-11 16:00:00,MACH-B,44.95,2.39
2023-01-11 17:00:00,MACH-B,52.85,2.23
2023-01-11 18:00:00,MACH-B,36.37,1.72
2023-01-11 19:00:00,MACH-B,43.16,2.03
2023-01-11 20:00:00,MACH-B,47.88,1.92
2023-01-11 21:00:00,MACH-B,55.43,2.45
2023-01-11 22:00:00,MACH-B,63.86,1.7
2023-01-11 23:00:00,MACH-B,60.81,1.75
2023-01-12 00:00:00,MACH-B,59.21,2.36
2023-01-12 01:00:00,MACH-B,60.92,2.66
2023-01-12 02:00:00,MACH-B,55.89,1.81
2023-01-12 03:00:00,MACH-B,50.78,2.32
2023-01-12 04:00:00,MACH-B,40.0,2.52
2023-01-12 05:00:00,MACH-B,50.32,1.54
2023-01-12 06:00:00,MACH-B,33.58,1.86
2023-01-12 07:00:00,MACH-B,44.78,1.14
2023-01-12 08:00:00,MACH-B,50.65,3.03
2023-01-12 09:00:00,MACH-B,50.6,2.12
2023-01-12 10:00:00,MACH-B,43.71,2.46
2023-01-12 11:00:00,MACH-B,32.76,1.8
2023-01-12 12:00:00,MACH-B,44.39,1.75
2023-01-12 13:00:00,MACH-B,47.45,1.95
2023-01-12 14:00:00,MACH-B,51.89,1.91
2023-01-12 15:00:00,MACH-B,56.92,3.18
2023-01-12 16:00:00,MACH-B,46.92,2.2
2023-01-12 17:00:00,MACH-B,46.15,2.34
2023-01-12 18:00:00,MACH-B,43.6,2.01
2023-01-12 19:00:00,MACH-B,49.3,2.04
2023-01-12 20:00:00,MACH-B,59.34,2.34
2023-01-12 21:00:00,MACH-B,39.53,1.98
2023-01-12 22:00:00,MACH-B,30.38,2.7
2023-01-12 23:00:00,MACH-B,52.09,1.59
2023-01-13 00:00:00,MACH-B,61.76,2.61
2023-01-13 01:00:00,MACH-B,53.06,2.58
2023-01-13 02:00:00,MACH-B,40.09,3.04
2023-01-13 03:00:00,MACH-B,48.95,1.13
2023-01-13 04:00:00,MACH-B,50.56,2.54
2023-01-13 05:00:00,MACH-B,57.16,1.67
2023-01-13 06:00:00,MACH-B,41.32,2.45
2023-01-13 07:00:00,MACH-B,65.74,2.44
2023-01-13 08:00:00,MACH-B,45.87,1.57
2023-01-13 09:00:00,MACH-B,43.41,2.36
2023-01-13 10:00:00,MACH-B,52.88,1.83
2023-01-13 11:00:00,MACH-B,36.06,1.65
2023-01-13 12:00:00,MACH-B,70.57,1.06
2023-01-13 13:00:00,MACH-B,54.66,2.71
2023-01-13 14:00:00,MACH-B,47.22,1.95
2023-01-13 15:00:00,MACH-B,40.15,1.47
2023-01-13 16:00:00,MACH-B,48.11,2.16
2023-01-13 17:00:00,MACH-B,59.72,2.05
2023-01-13 18:00:00,MACH-B,46.17,1.54
2023-01-13 19:00:00,MACH-B,42.45,1.55
2023-01-13 20:00:00,MACH-B,57.04,2.55
2023-01-13 21:00:00,MACH-B,39.51,2.11
2023-01-13 22:00:00,MACH-B,52.34,1.68
2023-01-13 23:00:00,MACH-B,54.12,1.81
2023-01-14 00:00:00,MACH-B,53.84,1.82
2023-01-14 01:00:00,MACH-B,54.31,1.16
2023-01-14 02:00:00,MACH-B,40.49,2.47
2023-01-14 03:00:00,MACH-B,48.12,1.82
2023-01-14 04:00:00,MACH-B,47.48,1.92
2023-01-14 05:00:00,MACH-B,51.38,2.28
2023-01-14 06:00:00,MACH-B,32.01,2.62
2023-01-14 07:00:00,MACH-B,36.01,2.1
2023-01-14 08:00:00,MACH-B,71.6,1.45
2023-01-14 09:00:00,MACH-B,57.25,1.88
2023-01-14 10:00:00,MACH-B,47.87,1.97
2023-01-14 11:00:00,MACH-B,50.76,1.08
2023-01-14 12:00:00,MACH-B,70.18,2.24
2023-01-14 13:00:00,MACH-B,31.26,2.33
2023-01-14 14:00:00,MACH-B,51.14,2.05
2023-01-14 15:00:00,MACH-B,46.58,1.58
2023-01-14 16:00:00,MACH-B,62.43,2.11
2023-01-14 17:00:00,MACH-B,55.74,2.51
2023-01-14 18:00:00,MACH-B,71.64,1.89
2023-01-14 19:00:00,MACH-B,58.14,2.4
2023-01-14 20:00:00,MACH-B,45.58,2.22
2023-01-14 21:00:00,MACH-B,47.65,1.05
2023-01-14 22:00:00,MACH-B,56.85,1.74
2023-01-14 23:00:00,MACH-B,64.53,2.26
2023-01-15 00:00:00,MACH-B,42.92,2.07
2023-01-15 01:00:00,MACH-B,52.56,2.47
2023-01-15 02:00:00,MACH-B,30.41,2.12
2023-01-15 03:00:00,MACH-B,47.07,2.33
2023-01-15 04:00:00,MACH-B,67.26,1.83
2023-01-15 05:00:00,MACH-B,65.19,2.17
2023-01-15 06:00:00,MACH-B,57.49,1.49
2023-01-15 07:00:00,MACH-B,67.79,2.43
2023-01-15 08:00:00,MACH-B,47.38,2.14
2023-01-15 09:00:00,MACH-B,49.35,1.39
2023-01-15 10:00:00,MACH-B,47.2,1.89
2023-01-15 11:00:00,MACH-B,56.55,3.25
2023-01-15 12:00:00,MACH-B,79.2,1.9
2023-01-15 13:00:00,MACH-B,53.67,1.85
2023-01-15 14:00:00,MACH-B,38.59,1.62
2023-01-15 15:00:00,MACH-B,38.97,1.46
2023-01-15 16:00:00,MACH-B,41.29,1.51
2023-01-15 17:00:00,MACH-B,41.88,3.01
2023-01-15 18:00:00,MACH-B,40.99,2.18
2023-01-15 19:00:00,MACH-B,52.19,1.29
2023-01-15 20:00:00,MACH-B,35.73,2.01
2023-01-15 21:00:00,MACH-B,54.9,2.51
2023-01-15 22:00:00,MACH-B,59.88,2.21
2023-01-15 23:00:00,MACH-B,43.79,1.31
2023-01-16 00:00:00,MACH-B,53.45,2.32
2023-01-16 01:00:00,MACH-B,56.66,2.02
2023-01-16 02:00:00,MACH-B,58.78,2.11
2023-01-16 03:00:00,MACH-B,51.1,2.93
2023-01-16 04:00:00,MACH-B,40.52,1.99
2023-01-16 05:00:00,MACH-B,51.08,1.65
2023-01-16 06:00:00,MACH-B,48.43,1.14
2023-01-16 07:00:00,MACH-B,51.4,1.65
2023-01-16 08:00:00,MACH-B,40.09,1.62
2023-01-16 09:00:00,MACH-B,34.82,1.05
2023-01-16 10:00:00,MACH-B,29.84,2.34
2023-01-16 11:00:00,MACH-B,32.46,2.25
2023-01-16 12:00:00,MACH-B,31.78,1.99
2023-01-16 13:00:00,MACH-B,60.25,1.5
2023-01-16 14:00:00,MACH-B,52.51,2.12
2023-01-16 15:00:00,MACH-B,50.4,2.31
2023-01-16 16:00:00,MACH-B,46.57,2.88
2023-01-16 17:00:00,MACH-B,30.87,2.17
2023-01-16 18:00:00,MACH-B,53.85,2.23
2023-01-16 19:00:00,MACH-B,52.26,2.08
2023-01-16 20:00:00,MACH-B,50.46,1.9
2023-01-16 21:00:00,MACH-B,42.32,2.39
2023-01-16 22:00:00,MACH-B,43.08,1.97
2023-01-16 23:00:00,MACH-B,55.23,1.93
2023-01-17 00:00:00,MACH-B,42.33,1.82
2023-01-17 01:00:00,MACH-B,60.63,1.85
2023-01-17 02:00:00,MACH-B,66.0,2.17
2023-01-17 03:00:00,MACH-B,61.19,2.31
2023-01-17 04:00:00,MACH-B,50.95,1.64
2023-01-17 05:00:00,MACH-B,49.07,2.11
2023-01-17 06:00:00,MACH-B,50.98,1.55
2023-01-17 07:00:00,MACH-B,56.79,2.32
2023-01-17 08:00:00,MACH-B,64.55,2.74
2023-01-17 09:00:00,MACH-B,55.53,2.28
2023-01-17 10:00:00,MACH-B,33.01,1.84
2023-01-17 11:00:00,MACH-B,40.72,2.51
2023-01-17 12:00:00,MACH-B,48.49,1.38
2023-01-17 13:00:00,MACH-B,59.86,2.15
2023-01-17 14:00:00,MACH-B,72.92,3.41
2023-01-17 15:00:00,MACH-B,50.72,1.56
2023-01-17 16:00:00,MACH-B,56.68,1.84
2023-01-17 17:00:00,MACH-B,34.52,1.89
2023-01-17 18:00:00,MACH-B,42.96,1.44
2023-01-17 19:00:00,MACH-B,53.55,1.62
2023-01-17 20:00:00,MACH-B,29.48,2.01
2023-01-17 21:00:00,MACH-B,52.46,2.8
2023-01-17 22:00:00,MACH-B,46.21,2.24
2023-01-17 23:00:00,MACH-B,50.45,2.56
2023-01-18 00:00:00,MACH-B,42.85,2.42
2023-01-18 01:00:00,MACH-B,55.23,2.17
2023-01-18 02:00:00,MACH-B,60.58,1.1
2023-01-18 03:00:00,MACH-B,57.46,2.81
2023-01-18 04:00:00,MACH-B,57.15,2.51
2023-01-18 05:00:00,MACH-B,55.69,2.14
2023-01-18 06:00:00,MACH-B,49.83,1.36
2023-01-18 07:00:00,MACH-B,45.62,1.27
2023-01-18 08:00:00,MACH-B,59.24,1.4
2023-01-18 09:00:00,MACH-B,41.15,1.66
2023-01-18 10:00:00,MACH-B,91.14,4.36
2023-01-18 11:00:00,MACH-B,54.74,1.88
2023-01-18 12:00:00,MACH-B,39.5,2.05
2023-01-18 13:00:00,MACH-B,40.56,2.28
2023-01-18 14:00:00,MACH-B,55.1,2.65
2023-01-18 15:00:00,MACH-B,52.11,1.69
2023-01-18 16:00:00,MACH-B,53.59,1.17
2023-01-18 17:00:00,MACH-B,47.85,1.6
2023-01-18 18:00:00,MACH-B,65.32,2.3
2023-01-18 19:00:00,MACH-B,55.89,2.42
2023-01-18 20:00:00,MACH-B,63.45,2.43
2023-01-18 21:00:00,MACH-B,47.37,1.65
2023-01-18 22:00:00,MACH-B,59.99,2.16
2023-01-18 23:00:00,MACH-B,46.85,2.76
2023-01-19 00:00:00,MACH-B,46.71,2.38
2023-01-19 01:00:00,MACH-B,37.77,1.12
2023-01-19 02:00:00,MACH-B,54.55,1.98
2023-01-19 03:00:00,MACH-B,39.76,1.83
2023-01-19 04:00:00,MACH-B,43.83,1.25
2023-01-19 05:00:00,MACH-B,36.46,2.73
2023-01-19 06:00:00,MACH-B,31.03,1.31
2023-01-19 07:00:00,MACH-B,49.17,1.95
2023-01-19 08:00:00,MACH-B,42.86,2.65
2023-01-19 09:00:00,MACH-B,53.3,1.56
2023-01-19 10:00:00,MACH-B,49.49,1.98
2023-01-19 11:00:00,MACH-B,60.45,2.24
2023-01-19 12:00:00,MACH-B,69.26,1.6
2023-01-19 13:00:00,MACH-B,61.48,1.71
2023-01-19 14:00:00,MACH-B,50.3,2.15
2023-01-19 15:00:00,MACH-B,56.73,2.32
2023-01-19 16:00:00,MACH-B,63.13,2.39
2023-01-19 17:00:00,MACH-B,44.97,1.52
2023-01-19 18:00:00,MACH-B,58.95,1.19
2023-01-19 19:00:00,MACH-B,63.06,2.43
2023-01-19 20:00:00,MACH-B,50.82,2.62
2023-01-19 21:00:00,MACH-B,54.69,3.3
2023-01-19 22:00:00,MACH-B,70.46,3.56
2023-01-19 23:00:00,MACH-B,43.75,2.88
2023-01-20 00:00:00,MACH-B,47.31,1.48
2023-01-20 01:00:00,MACH-B,55.56,1.9
2023-01-20 02:00:00,MACH-B,41.14,2.32
2023-01-20 03:00:00,MACH-B,49.26,2.23
2023-01-20 04:00:00,MACH-B,37.81,1.92
2023-01-20 05:00:00,MACH-B,31.07,2.66
2023-01-20 06:00:00,MACH-B,52.4,1.75
2023-01-20 07:00:00,MACH-B,36.67,2.11
2023-01-20 08:00:00,MACH-B,40.78,2.04
2023-01-20 09:00:00,MACH-B,60.24,2.24
2023-01-20 10:00:00,MACH-B,51.7,2.27
2023-01-20 11:00:00,MACH-B,49.63,1.57
2023-01-20 12:00:00,MACH-B,46.28,0.6
2023-01-20 13:00:00,MACH-B,65.39,1.77
2023-01-20 14:00:00,MACH-B,72.38,2.12
2023-01-20 15:00:00,MACH-B,56.07,2.25
2023-01-20 16:00:00,MACH-B,23.67,1.69
2023-01-20 17:00:00,MACH-B,49.65,2.15
2023-01-20 18:00:00,MACH-B,39.43,2.13
2023-01-20 19:00:00,MACH-B,45.51,1.67
2023-01-20 20:00:00,MACH-B,54.81,1.92
2023-01-20 21:00:00,MACH-B,51.06,1.4
2023-01-20 22:00:00,MACH-B,36.3,1.02
2023-01-20 23:00:00,MACH-B,43.08,2.61
2023-01-21 00:00:00,MACH-B,61.48,2.1
2023-01-21 01:00:00,MACH-B,65.89,1.83
2023-01-21 02:00:00,MACH-B,63.65,2.19
2023-01-21 03:00:00,MACH-B,36.49,2.23
2023-01-21 04:00:00,MACH-B,46.48,3.01
2023-01-21 05:00:00,MACH-B,42.72,2.67
2023-01-21 06:00:00,MACH-B,56.67,2.18
2023-01-21 07:00:00,MACH-B,47.06,3.07
2023-01-21 08:00:00,MACH-B,39.86,1.95
2023-01-21 09:00:00,MACH-B,64.79,2.61
2023-01-21 10:00:00,MACH-B,44.22,1.73
2023-01-21 11:00:00,MACH-B,60.11,2.03
2023-01-21 12:00:00,MACH-B,43.9,2.34
2023-01-21 13:00:00,MACH-B,57.87,2.11
2023-01-21 14:00:00,MACH-B,46.76,2.15
2023-01-21 15:00:00,MACH-B,39.6,2.13
2023-01-21 16:00:00,MACH-B,61.52,2.65
2023-01-21 17:00:00,MACH-B,42.93,2.05
2023-01-21 18:00:00,MACH-B,51.1,1.7
2023-01-21 19:00:00,MACH-B,37.01,1.97
2023-01-21 20:00:00,MACH-B,36.22,2.65
2023-01-21 21:00:00,MACH-B,65.38,2.43
2023-01-21 22:00:00,MACH-B,51.4,1.95
2023-01-21 23:00:00,MACH-B,48.94,1.61
2023-01-22 00:00:00,MACH-B,45.77,1.72
2023-01-22 01:00:00,MACH-B,42.22,1.99
2023-01-22 02:00:00,MACH-B,55.83,1.96
2023-01-22 03:00:00,MACH-B,64.2,1.64
2023-01-22 04:00:00,MACH-B,58.18,2.48
2023-01-22 05:00:00,MACH-B,56.11,1.72
2023-01-22 06:00:00,MACH-B,46.86,1.55
2023-01-22 07:00:00,MACH-B,56.35,1.9
2023-01-22 08:00:00,MACH-B,69.49,2.23
2023-01-22 09:00:00,MACH-B,47.34,1.54
2023-01-22 10:00:00,MACH-B,53.59,2.03
2023-01-22 11:00:00,MACH-B,63.6,1.78
2023-01-22 12:00:00,MACH-B,69.5,1.84
2023-01-22 13:00:00,MACH-B,51.4,2.0
2023-01-22 14:00:00,MACH-B,58.48,2.3
2023-01-22 15:00:00,MACH-B,47.46,2.0
2023-01-22 16:00:00,MACH-B,53.24,3.31
2023-01-22 17:00:00,MACH-B,47.57,2.34
2023-01-22 18:00:00,MACH-B,61.75,2.2
2023-01-22 19:00:00,MACH-B,66.76,1.85
2023-01-22 20:00:00,MACH-B,37.94,1.75
2023-01-22 21:00:00,MACH-B,48.95,2.51
2023-01-22 22:00:00,MACH-B,44.59,1.21
2023-01-22 23:00:00,MACH-B,46.81,2.56
2023-01-23 00:00:00,MACH-B,47.58,2.58
2023-01-23 01:00:00,MACH-B,41.32,1.94
2023-01-23 02:00:00,MACH-B,52.79,2.58
2023-01-23 03:00:00,MACH-B,38.35,1.86
2023-01-23 04:00:00,MACH-B,58.83,1.95
2023-01-23 05:00:00,MACH-B,52.94,2.25
2023-01-23 06:00:00,MACH-B,39.39,1.81
2023-01-23 07:00:00,MACH-B,38.86,2.36
2023-01-23 08:00:00,MACH-B,57.82,1.77
2023-01-23 09:00:00,MACH-B,42.96,2.14
2023-01-23 10:00:00,MACH-B,65.47,3.32
2023-01-23 11:00:00,MACH-B,28.77,2.24
2023-01-23 12:00:00,MACH-B,39.48,2.54
2023-01-23 13:00:00,MACH-B,46.16,2.46
2023-01-23 14:00:00,MACH-B,49.69,1.01
2023-01-23 15:00:00,MACH-B,56.63,1.95
2023-01-23 16:00:00,MACH-B,81.22,3.97
2023-01-23 17:00:00,MACH-B,46.79,1.41
2023-01-23 18:00:00,MACH-B,43.27,1.91
2023-01-23 19:00:00,MACH-B,42.09,3.07
2023-01-23 20:00:00,MACH-B,42.87,1.44
2023-01-23 21:00:00,MACH-B,49.22,2.58
2023-01-23 22:00:00,MACH-B,31.54,1.57
2023-01-23 23:00:00,MACH-B,55.37,2.28
2023-01-24 00:00:00,MACH-B,50.69,2.37
2023-01-24 01:00:00,MACH-B,48.83,2.4
2023-01-24 02:00:00,MACH-B,61.38,1.53
2023-01-24 03:00:00,MACH-B,55.95,2.59
2023-01-24 04:00:00,MACH-B,51.28,1.65
2023-01-24 05:00:00,MACH-B,56.54,1.22
2023-01-24 06:00:00,MACH-B,43.77,1.51
2023-01-24 07:00:00,MACH-B,55.93,1.58
2023-01-24 08:00:00,MACH-B,58.21,2.38
2023-01-24 09:00:00,MACH-B,25.53,2.51
2023-01-24 10:00:00,MACH-B,67.7,2.07
2023-01-24 11:00:00,MACH-B,53.34,1.52
2023-01-24 12:00:00,MACH-B,56.11,1.74
2023-01-24 13:00:00,MACH-B,60.83,1.96
2023-01-24 14:00:00,MACH-B,48.63,1.38
2023-01-24 15:00:00,MACH-B,45.84,1.45
2023-01-24 16:00:00,MACH-B,53.0,2.0
2023-01-24 17:00:00,MACH-B,77.59,1.9
2023-01-24 18:00:00,MACH-B,48.99,1.45
2023-01-24 19:00:00,MACH-B,43.59,2.65
2023-01-24 20:00:00,MACH-B,63.42,1.65
2023-01-24 21:00:00,MACH-B,29.13,1.41
2023-01-24 22:00:00,MACH-B,48.91,2.64
2023-01-24 23:00:00,MACH-B,43.64,2.15
2023-01-25 00:00:00,MACH-B,56.29,1.86
2023-01-25 01:00:00,MACH-B,51.36,1.65
2023-01-25 02:00:00,MACH-B,39.0,1.82
2023-01-25 03:00:00,MACH-B,56.47,1.63
2023-01-25 04:00:00,MACH-B,41.79,1.74
2023-01-25 05:00:00,MACH-B,49.53,2.09
2023-01-25 06:00:00,MACH-B,45.73,1.55
2023-01-25 07:00:00,MACH-B,58.15,0.71
2023-01-25 08:00:00,MACH-B,45.41,2.85
2023-01-25 09:00:00,MACH-B,19.09,1.39
2023-01-25 10:00:00,MACH-B,38.85,1.2
2023-01-25 11:00:00,MACH-B,50.63,2.61
2023-01-25 12:00:00,MACH-B,43.4,1.77
2023-01-25 13:00:00,MACH-B,61.92,2.17
2023-01-25 14:00:00,MACH-B,39.79,2.42
2023-01-25 15:00:00,MACH-B,55.77,2.46
2023-01-25 16:00:00,MACH-B,58.08,2.26
2023-01-25 17:00:00,MACH-B,51.76,1.66
2023-01-25 18:00:00,MACH-B,54.09,1.35
2023-01-25 19:00:00,MACH-B,48.65,2.9
2023-01-25 20:00:00,MACH-B,52.76,2.07
2023-01-25 21:00:00,MACH-B,45.14,2.23
2023-01-25 22:00:00,MACH-B,52.26,1.76
2023-01-25 23:00:00,MACH-B,47.12,2.16
2023-01-26 00:00:00,MACH-B,47.12,1.79
2023-01-26 01:00:00,MACH-B,43.35,1.86
2023-01-26 02:00:00,MACH-B,47.83,1.33
2023-01-26 03:00:00,MACH-B,65.09,2.22
2023-01-26 04:00:00,MACH-B,47.59,0.84
2023-01-26 05:00:00,MACH-B,59.4,2.56
2023-01-26 06:00:00,MACH-B,55.24,2.96
2023-01-26 07:00:00,MACH-B,52.47,1.78
2023-01-26 08:00:00,MACH-B,52.86,2.44
2023-01-26 09:00:00,MACH-B,50.21,1.81
2023-01-26 10:00:00,MACH-B,44.18,2.0
2023-01-26 11:00:00,MACH-B,67.18,1.72
2023-01-26 12:00:00,MACH-B,60.58,1.79
2023-01-26 13:00:00,MACH-B,50.43,1.79
2023-01-26 14:00:00,MACH-B,50.69,1.04
2023-01-26 15:00:00,MACH-B,55.66,2.16
2023-01-26 16:00:00,MACH-B,39.42,1.06
2023-01-26 17:00:00,MACH-B,42.17,1.8
2023-01-26 18:00:00,MACH-B,31.23,1.11
2023-01-26 19:00:00,MACH-B,47.88,1.81
2023-01-26 20:00:00,MACH-B,61.92,2.13
2023-01-26 21:00:00,MACH-B,47.18,2.68
2023-01-26 22:00:00,MACH-B,71.91,1.98
2023-01-26 23:00:00,MACH-B,45.64,1.85
2023-01-27 00:00:00,MACH-B,51.78,1.44
2023-01-27 01:00:00,MACH-B,47.22,1.56
2023-01-27 02:00:00,MACH-B,27.61,2.59
2023-01-27 03:00:00,MACH-B,47.25,2.23
2023-01-27 04:00:00,MACH-B,41.59,1.55
2023-01-27 05:00:00,MACH-B,52.35,0.98
2023-01-27 06:00:00,MACH-B,62.76,2.82
2023-01-27 07:00:00,MACH-B,46.47,1.38
2023-01-27 08:00:00,MACH-B,53.71,1.99
2023-01-27 09:00:00,MACH-B,47.87,1.56
2023-01-27 10:00:00,MACH-B,58.97,1.45
2023-01-27 11:00:00,MACH-B,72.81,2.09
2023-01-27 12:00:00,MACH-B,64.85,2.43
2023-01-27 13:00:00,MACH-B,43.84,2.33
2023-01-27 14:00:00,MACH-B,63.81,2.3
2023-01-27 15:00:00,MACH-B,53.0,1.49
2023-01-27 16:00:00,MACH-B,62.32,2.08
2023-01-27 17:00:00,MACH-B,39.74,2.17
2023-01-27 18:00:00,MACH-B,49.11,1.29
2023-01-27 19:00:00,MACH-B,51.79,0.96
2023-01-27 20:00:00,MACH-B,49.46,2.03
2023-01-27 21:00:00,MACH-B,52.9,1.59
2023-01-27 22:00:00,MACH-B,48.9,1.35
2023-01-27 23:00:00,MACH-B,46.44,0.99
2023-01-28 00:00:00,MACH-B,45.43,1.65
2023-01-28 01:00:00,MACH-B,41.81,2.79
2023-01-28 02:00:00,MACH-B,53.08,2.43
2023-01-28 03:00:00,MACH-B,48.57,2.73
2023-01-28 04:00:00,MACH-B,44.6,1.63
2023-01-28 05:00:00,MACH-B,35.01,2.54
2023-01-28 06:00:00,MACH-B,55.39,2.62
2023-01-28 07:00:00,MACH-B,56.76,2.74
2023-01-28 08:00:00,MACH-B,40.62,1.87
2023-01-28 09:00:00,MACH-B,51.03,1.76
2023-01-28 10:00:00,MACH-B,44.55,1.96
2023-01-28 11:00:00,MACH-B,57.18,2.05
2023-01-28 12:00:00,MACH-B,45.04,1.35
2023-01-28 13:00:00,MACH-B,45.08,1.71
2023-01-28 14:00:00,MACH-B,51.31,2.56
2023-01-28 15:00:00,MACH-B,45.8,1.72
2023-01-28 16:00:00,MACH-B,45.11,2.04
2023-01-28 17:00:00,MACH-B,43.85,2.24
2023-01-28 18:00:00,MACH-B,45.58,2.62
2023-01-28 19:00:00,MACH-B,46.25,2.3
2023-01-28 20:00:00,MACH-B,50.13,2.47
2023-01-28 21:00:00,MACH-B,48.38,2.22
2023-01-28 22:00:00,MACH-B,84.75,5.0
2023-01-28 23:00:00,MACH-B,38.47,2.44
2023-01-29 00:00:00,MACH-B,70.89,0.84
2023-01-29 01:00:00,MACH-B,50.22,2.35
2023-01-29 02:00:00,MACH-B,59.71,0.96
2023-01-29 03:00:00,MACH-B,54.83,1.74
2023-01-29 04:00:00,MACH-B,51.21,2.45
2023-01-29 05:00:00,MACH-B,54.51,1.92
2023-01-29 06:00:00,MACH-B,53.4,1.96
2023-01-29 07:00:00,MACH-B,48.24,2.12
2023-01-29 08:00:00,MACH-B,73.94,2.93
2023-01-29 09:00:00,MACH-B,61.15,0.92
2023-01-29 10:00:00,MACH-B,34.06,1.64
2023-01-29 11:00:00,MACH-B,60.51,2.7
2023-01-29 12:00:00,MACH-B,50.71,1.87
2023-01-29 13:00:00,MACH-B,66.37,1.9
2023-01-29 14:00:00,MACH-B,46.74,2.34
2023-01-29 15:00:00,MACH-B,26.64,1.38
2023-01-29 16:00:00,MACH-B,46.49,2.44
2023-01-29 17:00:00,MACH-B,33.98,1.82
2023-01-29 18:00:00,MACH-B,43.19,1.92
2023-01-29 19:00:00,MACH-B,44.29,1.59
2023-01-29 20:00:00,MACH-B,53.78,2.25
2023-01-29 21:00:00,MACH-B,52.55,1.84
2023-01-29 22:00:00,MACH-B,56.4,2.14
2023-01-29 23:00:00,MACH-B,55.55,1.81
2023-01-30 00:00:00,MACH-B,69.41,1.98
2023-01-30 01:00:00,MACH-B,50.02,1.72
2023-01-30 02:00:00,MACH-B,55.14,1.83
2023-01-30 03:00:00,MACH-B,58.85,1.57
2023-01-30 04:00:00,MACH-B,43.54,1.5
2023-01-30 05:00:00,MACH-B,37.36,2.88
2023-01-30 06:00:00,MACH-B,53.68,2.09
2023-01-30 07:00:00,MACH-B,46.0,0.96
2023-01-30 08:00:00,MACH-B,57.8,1.94
2023-01-30 09:00:00,MACH-B,57.34,2.49
2023-01-30 10:00:00,MACH-B,59.89,1.17
2023-01-30 11:00:00,MACH-B,42.14,2.28
2023-01-30 12:00:00,MACH-B,44.26,1.97
2023-01-30 13:00:00,MACH-B,51.07,1.11
2023-01-30 14:00:00,MACH-B,48.22,1.68
2023-01-30 15:00:00,MACH-B,54.57,1.89
2023-01-30 16:00:00,MACH-B,63.6,1.36
2023-01-30 17:00:00,MACH-B,49.0,1.62
2023-01-30 18:00:00,MACH-B,36.44,2.11
2023-01-30 19:00:00,MACH-B,30.46,2.12
2023-01-30 20:00:00,MACH-B,37.08,2.22
2023-01-30 21:00:00,MACH-B,36.75,1.66
2023-01-30 22:00:00,MACH-B,56.67,2.54
2023-01-30 23:00:00,MACH-B,49.52,1.93
2023-01-31 00:00:00,MACH-B,50.75,1.78
2023-01-31 01:00:00,MACH-B,57.22,1.88
2023-01-31 02:00:00,MACH-B,63.63,2.17
2023-01-31 03:00:00,MACH-B,48.05,2.14
2023-01-31 04:00:00,MACH-B,57.43,1.77
2023-01-31 05:00:00,MACH-B,53.52,2.47
2023-01-31 06:00:00,MACH-B,34.43,1.89
2023-01-31 07:00:00,MACH-B,35.16,2.34
2023-01-31 08:00:00,MACH-B,46.6,2.68
2023-01-31 09:00:00,MACH-B,51.97,1.74
2023-01-31 10:00:00,MACH-B,54.81,1.8
2023-01-31 11:00:00,MACH-B,48.02,1.44
2023-01-31 12:00:00,MACH-B,33.04,1.53
2023-01-31 13:00:00,MACH-B,46.32,2.33
2023-01-31 14:00:00,MACH-B,31.62,2.33
2023-01-31 15:00:00,MACH-B,47.95,1.08
2023-01-31 16:00:00,MACH-B,55.6,1.48
2023-01-31 17:00:00,MACH-B,54.29,2.69
2023-01-31 18:00:00,MACH-B,44.98,1.57
2023-01-31 19:00:00,MACH-B,54.05,1.87
2023-01-31 20:00:00,MACH-B,38.8,2.02
2023-01-31 21:00:00,MACH-B,43.58,2.08
2023-01-31 22:00:00,MACH-B,33.43,1.27
2023-01-31 23:00:00,MACH-B,44.69,2.08
2023-02-01 00:00:00,MACH-B,42.25,0.55
2023-02-01 01:00:00,MACH-B,45.91,1.67
2023-02-01 02:00:00,MACH-B,47.28,1.82
2023-02-01 03:00:00,MACH-B,52.49,1.18
2023-02-01 04:00:00,MACH-B,30.36,2.33
2023-02-01 05:00:00,MACH-B,41.4,1.54
2023-02-01 06:00:00,MACH-B,59.78,2.83
2023-02-01 07:00:00,MACH-B,59.96,2.2
2023-02-01 08:00:00,MACH-B,50.56,1.87
2023-02-01 09:00:00,MACH-B,50.77,2.36
2023-02-01 10:00:00,MACH-B,38.73,1.16
2023-02-01 11:00:00,MACH-B,46.27,2.09
2023-02-01 12:00:00,MACH-B,58.22,1.37
2023-02-01 13:00:00,MACH-B,37.55,2.4
2023-02-01 14:00:00,MACH-B,51.45,1.77
2023-02-01 15:00:00,MACH-B,55.57,0.94
2023-02-01 16:00:00,MACH-B,50.47,1.31
2023-02-01 17:00:00,MACH-B,48.51,2.0
2023-02-01 18:00:00,MACH-B,48.41,2.17
2023-02-01 19:00:00,MACH-B,55.01,1.21
2023-02-01 20:00:00,MACH-B,51.95,1.06
2023-02-01 21:00:00,MACH-B,54.94,1.78
2023-02-01 22:00:00,MACH-B,46.33,2.8
2023-02-01 23:00:00,MACH-B,46.79,1.73
2023-02-02 00:00:00,MACH-B,55.49,2.11
2023-02-02 01:00:00,MACH-B,41.08,0.68
2023-02-02 02:00:00,MACH-B,38.71,3.35
2023-02-02 03:00:00,MACH-B,72.73,1.44
2023-02-02 04:00:00,MACH-B,54.23,2.04
2023-02-02 05:00:00,MACH-B,47.54,1.07
2023-02-02 06:00:00,MACH-B,43.05,2.2
2023-02-02 07:00:00,MACH-B,40.81,1.7
2023-02-02 08:00:00,MACH-B,49.52,2.11
2023-02-02 09:00:00,MACH-B,49.05,1.85
2023-02-02 10:00:00,MACH-B,54.39,2.23
2023-02-02 11:00:00,MACH-B,37.01,2.52
2023-02-02 12:00:00,MACH-B,37.42,1.29
2023-02-02 13:00:00,MACH-B,52.6,2.83
2023-02-02 14:00:00,MACH-B,53.86,1.64
2023-02-02 15:00:00,MACH-B,59.04,2.22
2023-02-02 16:00:00,MACH-B,66.62,1.55
2023-02-02 17:00:00,MACH-B,47.31,2.06
2023-02-02 18:00:00,MACH-B,56.71,1.81
2023-02-02 19:00:00,MACH-B,39.59,2.99
2023-02-02 20:00:00,MACH-B,24.14,1.61
2023-02-02 21:00:00,MACH-B,40.21,2.8
2023-02-02 22:00:00,MACH-B,45.21,1.49
2023-02-02 23:00:00,MACH-B,71.51,2.8
2023-02-03 00:00:00,MACH-B,33.37,2.49
2023-02-03 01:00:00,MACH-B,57.41,1.81
2023-02-03 02:00:00,MACH-B,44.08,1.91
2023-02-03 03:00:00,MACH-B,54.98,2.08
2023-02-03 04:00:00,MACH-B,50.42,2.0
2023-02-03 05:00:00,MACH-B,40.85,2.2
2023-02-03 06:00:00,MACH-B,60.24,2.06
2023-02-03 07:00:00,MACH-B,54.49,1.5
2023-02-03 08:00:00,MACH-B,49.85,1.73
2023-02-03 09:00:00,MACH-B,52.94,2.14
2023-02-03 10:00:00,MACH-B,45.75,1.46
2023-02-03 11:00:00,MACH-B,30.67,1.73
2023-02-03 12:00:00,MACH-B,51.12,2.26
2023-02-03 13:00:00,MACH-B,72.27,2.12
2023-02-03 14:00:00,MACH-B,58.45,1.85
2023-02-03 15:00:00,MACH-B,52.93,2.51
2023-02-03 16:00:00,MACH-B,53.85,2.48
2023-02-03 17:00:00,MACH-B,49.99,1.7
2023-02-03 18:00:00,MACH-B,27.6,2.33
2023-02-03 19:00:00,MACH-B,39.48,1.55
2023-02-03 20:00:00,MACH-B,49.36,2.13
2023-02-03 21:00:00,MACH-B,59.23,2.12
2023-02-03 22:00:00,MACH-B,68.31,2.0
2023-02-03 23:00:00,MACH-B,39.24,1.87
2023-02-04 00:00:00,MACH-B,56.56,2.03
2023-02-04 01:00:00,MACH-B,27.7,1.99
2023-02-04 02:00:00,MACH-B,46.69,0.86
2023-02-04 03:00:00,MACH-B,49.72,2.69
2023-02-04 04:00:00,MACH-B,66.85,2.31
2023-02-04 05:00:00,MACH-B,41.84,1.77
2023-02-04 06:00:00,MACH-B,46.52,2.47
2023-02-04 07:00:00,MACH-B,59.92,1.74
2023-02-04 08:00:00,MACH-B,42.67,0.66
2023-02-04 09:00:00,MACH-B,44.71,2.17
2023-02-04 10:00:00,MACH-B,35.59,1.2
2023-02-04 11:00:00,MACH-B,56.23,1.33
2023-02-04 12:00:00,MACH-B,35.67,1.46
2023-02-04 13:00:00,MACH-B,60.52,2.05
2023-02-04 14:00:00,MACH-B,37.52,2.08
2023-02-04 15:00:00,MACH-B,42.43,2.53
2023-02-04 16:00:00,MACH-B,38.28,1.38
2023-02-04 17:00:00,MACH-B,47.17,1.63
2023-02-04 18:00:00,MACH-B,60.77,2.64
2023-02-04 19:00:00,MACH-B,43.01,2.26
2023-02-04 20:00:00,MACH-B,40.19,2.15
2023-02-04 21:00:00,MACH-B,49.82,1.98
2023-02-04 22:00:00,MACH-B,49.34,2.2
2023-02-04 23:00:00,MACH-B,56.78,2.01
2023-02-05 00:00:00,MACH-B,36.85,2.05
2023-02-05 01:00:00,MACH-B,52.38,2.23
2023-02-05 02:00:00,MACH-B,62.4,1.54
2023-02-05 03:00:00,MACH-B,39.85,2.09
2023-02-05 04:00:00,MACH-B,51.91,1.03
2023-02-05 05:00:00,MACH-B,39.83,2.0
2023-02-05 06:00:00,MACH-B,60.95,1.75
2023-02-05 07:00:00,MACH-B,66.92,2.41
2023-02-05 08:00:00,MACH-B,38.09,1.3
2023-02-05 09:00:00,MACH-B,52.92,2.1
2023-02-05 10:00:00,MACH-B,53.57,2.31
2023-02-05 11:00:00,MACH-B,51.34,2.37
2023-02-05 12:00:00,MACH-B,47.74,1.67
2023-02-05 13:00:00,MACH-B,44.29,1.82
2023-02-05 14:00:00,MACH-B,34.34,2.21
2023-02-05 15:00:00,MACH-B,48.38,1.42
2023-02-05 16:00:00,MACH-B,58.64,1.78
2023-02-05 17:00:00,MACH-B,61.04,1.56
2023-02-05 18:00:00,MACH-B,51.8,1.1
2023-02-05 19:00:00,MACH-B,40.11,2.73
2023-02-05 20:00:00,MACH-B,37.19,2.01
2023-02-05 21:00:00,MACH-B,43.82,1.48
2023-02-05 22:00:00,MACH-B,30.9,0.83
2023-02-05 23:00:00,MACH-B,24.77,2.16
2023-02-06 00:00:00,MACH-B,36.55,1.22
2023-02-06 01:00:00,MACH-B,53.12,1.67
2023-02-06 02:00:00,MACH-B,33.62,1.98
2023-02-06 03:00:00,MACH-B,53.29,1.38
2023-02-06 04:00:00,MACH-B,41.73,2.83
2023-02-06 05:00:00,MACH-B,62.03,1.49
2023-02-06 06:00:00,MACH-B,43.99,1.38
2023-02-06 07:00:00,MACH-B,45.38,2.11
2023-02-06 08:00:00,MACH-B,42.5,1.82
2023-02-06 09:00:00,MACH-B,42.71,2.97
2023-02-06 10:00:00,MACH-B,50.88,2.7
2023-02-06 11:00:00,MACH-B,52.87,2.75
2023-02-06 12:00:00,MACH-B,49.54,2.27
2023-02-06 13:00:00,MACH-B,37.27,2.34
2023-02-06 14:00:00,MACH-B,54.07,1.81
2023-02-06 15:00:00,MACH-B,37.9,2.34
2023-02-06 16:00:00,MACH-B,39.12,1.67
2023-02-06 17:00:00,MACH-B,44.33,1.93
2023-02-06 18:00:00,MACH-B,57.75,1.31
2023-02-06 19:00:00,MACH-B,38.61,1.78
2023-02-06 20:00:00,MACH-B,53.68,2.28
2023-02-06 21:00:00,MACH-B,24.31,2.55
2023-02-06 22:00:00,MACH-B,55.06,2.23
2023-02-06 23:00:00,MACH-B,60.45,2.69
2023-02-07 00:00:00,MACH-B,56.08,1.29
2023-02-07 01:00:00,MACH-B,49.5,2.26
2023-02-07 02:00:00,MACH-B,43.04,1.56
2023-02-07 03:00:00,MACH-B,40.59,2.21
2023-02-07 04:00:00,MACH-B,41.54,1.59
2023-02-07 05:00:00,MACH-B,43.99,1.72
2023-02-07 06:00:00,MACH-B,59.35,2.43
2023-02-07 07:00:00,MACH-B,48.79,2.12
2023-02-07 08:00:00,MACH-B,57.84,1.58
2023-02-07 09:00:00,MACH-B,80.43,1.25
2023-02-07 10:00:00,MACH-B,66.53,1.56
2023-02-07 11:00:00,MACH-B,49.84,1.96
2023-02-07 12:00:00,MACH-B,44.4,1.39
2023-02-07 13:00:00,MACH-B,58.33,2.12
2023-02-07 14:00:00,MACH-B,58.32,1.45
2023-02-07 15:00:00,MACH-B,55.38,1.9
2023-02-07 16:00:00,MACH-B,64.75,2.16
2023-02-07 17:00:00,MACH-B,40.56,1.76
2023-02-07 18:00:00,MACH-B,52.86,2.53
2023-02-07 19:00:00,MACH-B,49.63,2.18
2023-02-07 20:00:00,MACH-B,56.82,1.54
2023-02-07 21:00:00,MACH-B,45.39,1.43
2023-02-07 22:00:00,MACH-B,53.68,2.78
2023-02-07 23:00:00,MACH-B,32.12,2.55
2023-02-08 00:00:00,MACH-B,49.8,1.82
2023-02-08 01:00:00,MACH-B,67.12,2.14
2023-02-08 02:00:00,MACH-B,44.81,1.86
2023-02-08 03:00:00,MACH-B,48.98,2.33
2023-02-08 04:00:00,MACH-B,60.69,2.08
2023-02-08 05:00:00,MACH-B,54.71,0.99
2023-02-08 06:00:00,MACH-B,32.89,2.57
2023-02-08 07:00:00,MACH-B,48.6,2.68
2023-02-08 08:00:00,MACH-B,53.83,1.76
2023-02-08 09:00:00,MACH-B,63.67,2.16
2023-02-08 10:00:00,MACH-B,61.79,2.54
2023-02-08 11:00:00,MACH-B,49.36,3.7
2023-02-08 12:00:00,MACH-B,56.35,2.26
2023-02-08 13:00:00,MACH-B,49.22,2.17
2023-02-08 14:00:00,MACH-B,44.97,2.43
2023-02-08 15:00:00,MACH-B,60.96,2.48
2023-02-08 16:00:00,MACH-B,60.29,2.27
2023-02-08 17:00:00,MACH-B,52.69,1.36
2023-02-08 18:00:00,MACH-B,43.47,2.09
2023-02-08 19:00:00,MACH-B,49.73,2.15
2023-02-08 20:00:00,MACH-B,50.39,1.27
2023-02-08 21:00:00,MACH-B,59.22,2.32
2023-02-08 22:00:00,MACH-B,46.95,1.44
2023-02-08 23:00:00,MACH-B,50.28,2.66
2023-02-09 00:00:00,MACH-B,51.87,1.6
2023-02-09 01:00:00,MACH-B,47.3,2.47
2023-02-09 02:00:00,MACH-B,52.56,1.66
2023-02-09 03:00:00,MACH-B,51.11,2.63
2023-02-09 04:00:00,MACH-B,41.84,2.69
2023-02-09 05:00:00,MACH-B,44.44,2.28
2023-02-09 06:00:00,MACH-B,35.92,1.69
2023-02-09 07:00:00,MACH-B,42.61,2.21
2023-02-09 08:00:00,MACH-B,64.27,1.64
2023-02-09 09:00:00,MACH-B,56.62,1.43
2023-02-09 10:00:00,MACH-B,41.97,1.74
2023-02-09 11:00:00,MACH-B,48.08,1.97
2023-02-09 12:00:00,MACH-B,41.3,1.68
2023-02-09 13:00:00,MACH-B,57.26,1.87
2023-02-09 14:00:00,MACH-B,52.52,1.72
2023-02-09 15:00:00,MACH-B,56.82,2.01
2023-02-09 16:00:00,MACH-B,46.84,1.89
2023-02-09 17:00:00,MACH-B,60.01,1.24
2023-02-09 18:00:00,MACH-B,38.08,1.98
2023-02-09 19:00:00,MACH-B,44.07,1.6
2023-02-09 20:00:00,MACH-B,46.02,1.55
2023-02-09 21:00:00,MACH-B,58.02,1.54
2023-02-09 22:00:00,MACH-B,44.57,2.09
2023-02-09 23:00:00,MACH-B,40.34,2.2
2023-02-10 00:00:00,MACH-B,50.09,2.06
2023-02-10 01:00:00,MACH-B,74.37,2.36
2023-02-10 02:00:00,MACH-B,40.24,2.0
2023-02-10 03:00:00,MACH-B,62.39,2.07
2023-02-10 04:00:00,MACH-B,49.92,1.57
2023-02-10 05:00:00,MACH-B,50.06,2.25
2023-02-10 06:00:00,MACH-B,43.97,1.93
2023-02-10 07:00:00,MACH-B,56.25,2.31
2023-02-10 08:00:00,MACH-B,60.38,1.95
2023-02-10 09:00:00,MACH-B,65.05,2.0
2023-02-10 10:00:00,MACH-B,52.86,1.61
2023-02-10 11:00:00,MACH-B,43.08,1.92
2023-02-10 12:00:00,MACH-B,67.87,3.02
2023-02-10 13:00:00,MACH-B,45.47,1.07
2023-02-10 14:00:00,MACH-B,42.28,1.77
2023-02-10 15:00:00,MACH-B,52.89,2.39
2023-02-10 16:00:00,MACH-B,40.36,1.64
2023-02-10 17:00:00,MACH-B,45.01,2.06
2023-02-10 18:00:00,MACH-B,56.27,1.95
2023-02-10 19:00:00,MACH-B,78.73,2.43
2023-02-10 20:00:00,MACH-B,55.65,1.88
2023-02-10 21:00:00,MACH-B,61.85,1.18
2023-02-10 22:00:00,MACH-B,44.93,2.84
2023-02-10 23:00:00,MACH-B,52.67,1.94
2023-02-11 00:00:00,MACH-B,30.82,2.08
2023-02-11 01:00:00,MACH-B,36.68,1.77
2023-02-11 02:00:00,MACH-B,51.56,2.08
2023-02-11 03:00:00,MACH-B,53.54,2.49
2023-02-11 04:00:00,MACH-B,58.45,1.93
2023-02-11 05:00:00,MACH-B,48.1,1.61
2023-02-11 06:00:00,MACH-B,65.09,1.35
2023-02-11 07:00:00,MACH-B,55.5,2.59
2023-02-11 08:00:00,MACH-B,31.87,1.78
2023-02-11 09:00:00,MACH-B,31.89,2.28
2023-02-11 10:00:00,MACH-B,51.29,2.35
2023-02-11 11:00:00,MACH-B,47.63,1.89
2023-02-11 12:00:00,MACH-B,52.22,1.96
2023-02-11 13:00:00,MACH-B,46.64,2.01
2023-02-11 14:00:00,MACH-B,44.0,2.4
2023-02-11 15:00:00,MACH-B,42.65,1.59
2023-02-11 16:00:00,MACH-B,49.43,1.9
2023-02-11 17:00:00,MACH-B,58.4,2.15
2023-02-11 18:00:00,MACH-B,39.24,2.16
2023-02-11 19:00:00,MACH-B,48.61,2.31
2023-02-11 20:00:00,MACH-B,64.25,1.34
2023-02-11 21:00:00,MACH-B,32.59,1.84
2023-02-11 22:00:00,MACH-B,56.43,2.2
2023-02-11 23:00:00,MACH-B,47.92,1.35
2023-02-12 00:00:00,MACH-B,42.2,2.88
2023-02-12 01:00:00,MACH-B,44.46,1.23
2023-02-12 02:00:00,MACH-B,60.33,1.43
2023-02-12 03:00:00,MACH-B,48.7,1.64
2023-02-12 04:00:00,MACH-B,39.24,1.59
2023-02-12 05:00:00,MACH-B,41.33,2.25
2023-02-12 06:00:00,MACH-B,45.01,2.04
2023-02-12 07:00:00,MACH-B,58.68,1.56
2023-02-12 08:00:00,MACH-B,44.97,3.04
2023-02-12 09:00:00,MACH-B,49.75,2.38
2023-02-12 10:00:00,MACH-B,43.09,2.13
2023-02-12 11:00:00,MACH-B,46.02,2.36
2023-02-12 12:00:00,MACH-B,48.38,2.2
2023-02-12 13:00:00,MACH-B,40.7,2.1
2023-02-12 14:00:00,MACH-B,42.19,2.25
2023-02-12 15:00:00,MACH-B,44.79,1.98
2023-02-12 16:00:00,MACH-B,65.02,2.34
2023-02-12 17:00:00,MACH-B,50.61,2.04
2023-02-12 18:00:00,MACH-B,41.05,1.86
2023-02-12 19:00:00,MACH-B,58.44,2.82
2023-02-12 20:00:00,MACH-B,58.97,2.04
2023-02-12 21:00:00,MACH-B,40.84,1.88
2023-02-12 22:00:00,MACH-B,66.25,1.57
2023-02-12 23:00:00,MACH-B,53.83,1.5
2023-02-13 00:00:00,MACH-B,54.2,2.02
2023-02-13 01:00:00,MACH-B,53.61,1.82
2023-02-13 02:00:00,MACH-B,53.38,1.63
2023-02-13 03:00:00,MACH-B,48.85,2.65
2023-02-13 04:00:00,MACH-B,56.5,2.52
2023-02-13 05:00:00,MACH-B,46.7,1.5
2023-02-13 06:00:00,MACH-B,65.73,1.83
2023-02-13 07:00:00,MACH-B,30.07,1.19
2023-02-13 08:00:00,MACH-B,40.9,1.75
2023-02-13 09:00:00,MACH-B,53.55,1.66
2023-02-13 10:00:00,MACH-B,49.2,1.92
2023-02-13 11:00:00,MACH-B,44.97,1.56
2023-02-13 12:00:00,MACH-B,51.75,1.11
2023-02-13 13:00:00,MACH-B,37.85,1.72
2023-02-13 14:00:00,MACH-B,39.64,2.63
2023-02-13 15:00:00,MACH-B,48.73,1.68
2023-02-13 16:00:00,MACH-B,53.84,2.97
2023-02-13 17:00:00,MACH-B,42.83,1.58
2023-02-13 18:00:00,MACH-B,32.02,2.04
2023-02-13 19:00:00,MACH-B,52.3,2.16
2023-02-13 20:00:00,MACH-B,54.86,1.48
2023-02-13 21:00:00,MACH-B,39.09,1.17
2023-02-13 22:00:00,MACH-B,46.07,2.54
2023-02-13 23:00:00,MACH-B,59.1,2.55
2023-02-14 00:00:00,MACH-B,38.41,2.7
2023-02-14 01:00:00,MACH-B,49.67,1.59
2023-02-14 02:00:00,MACH-B,43.35,2.18
2023-02-14 03:00:00,MACH-B,71.84,2.02
2023-02-14 04:00:00,MACH-B,37.73,1.95
2023-02-14 05:00:00,MACH-B,31.76,1.81
2023-02-14 06:00:00,MACH-B,56.06,2.39
2023-02-14 07:00:00,MACH-B,46.74,3.31
2023-02-14 08:00:00,MACH-B,39.69,2.14
2023-02-14 09:00:00,MACH-B,45.08,2.09
2023-02-14 10:00:00,MACH-B,65.16,1.67
2023-02-14 11:00:00,MACH-B,50.03,2.34
2023-02-14 12:00:00,MACH-B,64.65,0.77
2023-02-14 13:00:00,MACH-B,37.61,1.83
2023-02-14 14:00:00,MACH-B,60.87,2.18
2023-02-14 15:00:00,MACH-B,40.32,2.12
2023-02-14 16:00:00,MACH-B,62.27,1.95
2023-02-14 17:00:00,MACH-B,61.45,1.08
2023-02-14 18:00:00,MACH-B,40.05,2.75
2023-02-14 19:00:00,MACH-B,54.22,2.11
2023-02-14 20:00:00,MACH-B,52.07,1.99
2023-02-14 21:00:00,MACH-B,59.36,2.63
2023-02-14 22:00:00,MACH-B,38.67,2.6
2023-02-14 23:00:00,MACH-B,45.93,1.89
2023-02-15 00:00:00,MACH-B,50.48,1.87
2023-02-15 01:00:00,MACH-B,65.05,2.24
2023-02-15 02:00:00,MACH-B,50.6,2.62
2023-02-15 03:00:00,MACH-B,40.29,2.49
2023-02-15 04:00:00,MACH-B,53.21,1.52
2023-02-15 05:00:00,MACH-B,39.85,1.46
2023-02-15 06:00:00,MACH-B,33.14,1.57
2023-02-15 07:00:00,MACH-B,48.38,2.27
2023-02-15 08:00:00,MACH-B,52.78,1.81
2023-02-15 09:00:00,MACH-B,51.93,2.25
2023-02-15 10:00:00,MACH-B,50.53,1.35
2023-02-15 11:00:00,MACH-B,67.86,1.59
2023-02-15 12:00:00,MACH-B,65.51,2.25
2023-02-15 13:00:00,MACH-B,41.76,1.23
2023-02-15 14:00:00,MACH-B,59.43,2.89
2023-02-15 15:00:00,MACH-B,72.62,2.56
2023-02-15 16:00:00,MACH-B,67.58,2.69
2023-02-15 17:00:00,MACH-B,60.08,2.38
2023-02-15 18:00:00,MACH-B,48.66,1.06
2023-02-15 19:00:00,MACH-B,36.95,2.56
2023-02-15 20:00:00,MACH-B,40.39,2.36
2023-02-15 21:00:00,MACH-B,55.28,1.83
2023-02-15 22:00:00,MACH-B,52.94,1.77
2023-02-15 23:00:00,MACH-B,50.69,2.39
2023-02-16 00:00:00,MACH-B,59.1,1.21
2023-02-16 01:00:00,MACH-B,61.7,2.46
2023-02-16 02:00:00,MACH-B,61.69,1.68
2023-02-16 03:00:00,MACH-B,57.36,2.08
2023-02-16 04:00:00,MACH-B,55.17,2.1
2023-02-16 05:00:00,MACH-B,44.73,1.32
2023-02-16 06:00:00,MACH-B,50.85,1.19
2023-02-16 07:00:00,MACH-B,53.6,2.12
2023-02-16 08:00:00,MACH-B,49.47,1.97
2023-02-16 09:00:00,MACH-B,34.09,2.14
2023-02-16 10:00:00,MACH-B,53.21,1.49
2023-02-16 11:00:00,MACH-B,49.42,2.44
2023-02-16 12:00:00,MACH-B,48.62,2.61
2023-02-16 13:00:00,MACH-B,55.74,1.86
2023-02-16 14:00:00,MACH-B,55.53,1.42
2023-02-16 15:00:00,MACH-B,61.94,1.72
2023-02-16 16:00:00,MACH-B,55.91,2.15
2023-02-16 17:00:00,MACH-B,46.16,2.22
2023-02-16 18:00:00,MACH-B,63.23,2.98
2023-02-16 19:00:00,MACH-B,65.04,2.41
2023-02-16 20:00:00,MACH-B,49.79,1.87
2023-02-16 21:00:00,MACH-B,62.49,2.27
2023-02-16 22:00:00,MACH-B,51.63,2.17
2023-02-16 23:00:00,MACH-B,61.5,2.02
2023-02-17 00:00:00,MACH-B,63.24,2.83
2023-02-17 01:00:00,MACH-B,43.67,1.69
2023-02-17 02:00:00,MACH-B,64.0,2.3
2023-02-17 03:00:00,MACH-B,50.45,2.29
2023-02-17 04:00:00,MACH-B,53.9,2.91
2023-02-17 05:00:00,MACH-B,61.12,0.97
2023-02-17 06:00:00,MACH-B,47.43,2.61
2023-02-17 07:00:00,MACH-B,59.92,1.45
2023-02-17 08:00:00,MACH-B,51.67,1.23
2023-02-17 09:00:00,MACH-B,45.46,1.53
2023-02-17 10:00:00,MACH-B,56.43,1.26
2023-02-17 11:00:00,MACH-B,62.53,2.59
2023-02-17 12:00:00,MACH-B,51.06,2.81
2023-02-17 13:00:00,MACH-B,39.86,1.65
2023-02-17 14:00:00,MACH-B,46.78,1.9
2023-02-17 15:00:00,MACH-B,42.93,2.57
2023-02-17 16:00:00,MACH-B,72.75,2.84
2023-02-17 17:00:00,MACH-B,41.26,2.08
2023-02-17 18:00:00,MACH-B,27.25,1.78
2023-02-17 19:00:00,MACH-B,46.15,1.29
2023-02-17 20:00:00,MACH-B,51.86,1.4
2023-02-17 21:00:00,MACH-B,50.33,2.81
2023-02-17 22:00:00,MACH-B,51.8,1.41
2023-02-17 23:00:00,MACH-B,37.2,2.2
2023-02-18 00:00:00,MACH-B,50.62,1.88
2023-02-18 01:00:00,MACH-B,40.09,1.83
2023-02-18 02:00:00,MACH-B,59.05,1.22
2023-02-18 03:00:00,MACH-B,38.57,1.89
2023-02-18 04:00:00,MACH-B,49.14,2.82
2023-02-18 05:00:00,MACH-B,42.05,1.99
2023-02-18 06:00:00,MACH-B,59.52,2.28
2023-02-18 07:00:00,MACH-B,45.3,1.26
2023-02-18 08:00:00,MACH-B,39.5,1.94
2023-02-18 09:00:00,MACH-B,60.54,1.91
2023-02-18 10:00:00,MACH-B,30.07,1.94
2023-02-18 11:00:00,MACH-B,56.92,2.22
2023-02-18 12:00:00,MACH-B,53.37,2.12
2023-02-18 13:00:00,MACH-B,75.22,1.51
2023-02-18 14:00:00,MACH-B,56.51,1.63
2023-02-18 15:00:00,MACH-B,55.01,2.0
2023-02-18 16:00:00,MACH-B,41.48,3.06
2023-02-18 17:00:00,MACH-B,47.81,1.62
2023-02-18 18:00:00,MACH-B,52.62,1.77
2023-02-18 19:00:00,MACH-B,64.22,1.83
2023-02-18 20:00:00,MACH-B,42.31,2.17
2023-02-18 21:00:00,MACH-B,31.62,2.48
2023-02-18 22:00:00,MACH-B,50.72,2.19
2023-02-18 23:00:00,MACH-B,34.07,1.48
2023-02-19 00:00:00,MACH-B,58.09,2.31
2023-02-19 01:00:00,MACH-B,65.16,2.76
2023-02-19 02:00:00,MACH-B,60.31,2.02
2023-02-19 03:00:00,MACH-B,44.96,1.87
2023-02-19 04:00:00,MACH-B,66.2,2.88
2023-02-19 05:00:00,MACH-B,42.32,1.34
2023-02-19 06:00:00,MACH-B,40.17,2.07
2023-02-19 07:00:00,MACH-B,64.3,2.18
2023-02-19 08:00:00,MACH-B,46.44,2.15
2023-02-19 09:00:00,MACH-B,51.59,2.32
2023-02-19 10:00:00,MACH-B,60.15,1.41
2023-02-19 11:00:00,MACH-B,39.01,1.87
2023-02-19 12:00:00,MACH-B,44.66,1.81
2023-02-19 13:00:00,MACH-B,44.12,1.44
2023-02-19 14:00:00,MACH-B,47.67,1.28
2023-02-19 15:00:00,MACH-B,42.9,2.63
2023-02-19 16:00:00,MACH-B,53.72,2.08
2023-02-19 17:00:00,MACH-B,53.59,1.53
2023-02-19 18:00:00,MACH-B,50.01,1.53
2023-02-19 19:00:00,MACH-B,52.29,1.98
2023-02-19 20:00:00,MACH-B,43.45,2.46
2023-02-19 21:00:00,MACH-B,50.21,1.56
2023-02-19 22:00:00,MACH-B,33.15,2.28
2023-02-19 23:00:00,MACH-B,59.9,2.72
2023-02-20 00:00:00,MACH-B,44.39,2.27
2023-02-20 01:00:00,MACH-B,44.82,1.6
2023-02-20 02:00:00,MACH-B,40.65,1.94
2023-02-20 03:00:00,MACH-B,51.4,1.85
2023-02-20 04:00:00,MACH-B,44.66,1.76
2023-02-20 05:00:00,MACH-B,56.3,1.99
2023-02-20 06:00:00,MACH-B,39.5,1.74
2023-02-20 07:00:00,MACH-B,51.38,1.53
2023-02-20 08:00:00,MACH-B,54.26,2.23
2023-02-20 09:00:00,MACH-B,57.97,2.47
2023-02-20 10:00:00,MACH-B,56.67,2.52
2023-02-20 11:00:00,MACH-B,40.93,1.49
2023-02-20 12:00:00,MACH-B,50.68,2.5
2023-02-20 13:00:00,MACH-B,48.96,2.8
2023-02-20 14:00:00,MACH-B,39.52,1.48
2023-02-20 15:00:00,MACH-B,49.73,1.55
2023-02-20 16:00:00,MACH-B,36.06,1.37
2023-02-20 17:00:00,MACH-B,52.35,1.45
2023-02-20 18:00:00,MACH-B,62.06,2.71
2023-02-20 19:00:00,MACH-B,59.99,1.55
2023-02-20 20:00:00,MACH-B,53.91,2.36
2023-02-20 21:00:00,MACH-B,52.59,1.23
2023-02-20 22:00:00,MACH-B,48.85,1.32
2023-02-20 23:00:00,MACH-B,71.6,1.6
2023-02-21 00:00:00,MACH-B,47.86,2.29
2023-02-21 01:00:00,MACH-B,36.83,1.9
2023-02-21 02:00:00,MACH-B,57.63,1.97
2023-02-21 03:00:00,MACH-B,54.61,1.61
2023-02-21 04:00:00,MACH-B,38.96,1.73
2023-02-21 05:00:00,MACH-B,46.03,1.43
2023-02-21 06:00:00,MACH-B,51.69,2.34
2023-02-21 07:00:00,MACH-B,44.35,2.17
2023-02-21 08:00:00,MACH-B,59.18,1.85
2023-02-21 09:00:00,MACH-B,42.22,1.83
2023-02-21 10:00:00,MACH-B,47.49,2.14
2023-02-21 11:00:00,MACH-B,45.79,2.47
2023-02-21 12:00:00,MACH-B,54.51,1.68
2023-02-21 13:00:00,MACH-B,56.33,2.34
2023-02-21 14:00:00,MACH-B,93.86,4.67
2023-02-21 15:00:00,MACH-B,31.53,1.88
2023-02-21 16:00:00,MACH-B,51.63,1.9
2023-02-21 17:00:00,MACH-B,54.77,2.56
2023-02-21 18:00:00,MACH-B,55.92,1.76
2023-02-21 19:00:00,MACH-B,48.23,0.97
2023-02-21 20:00:00,MACH-B,50.24,1.52
2023-02-21 21:00:00,MACH-B,44.31,2.97
2023-02-21 22:00:00,MACH-B,62.78,1.17
2023-02-21 23:00:00,MACH-B,36.59,1.06
2023-02-22 00:00:00,MACH-B,54.52,2.4
2023-02-22 01:00:00,MACH-B,40.05,2.34
2023-02-22 02:00:00,MACH-B,45.2,1.82
2023-02-22 03:00:00,MACH-B,49.61,2.26
2023-02-22 04:00:00,MACH-B,30.14,1.78
2023-02-22 05:00:00,MACH-B,36.07,1.51
2023-02-22 06:00:00,MACH-B,33.99,2.85
2023-02-22 07:00:00,MACH-B,54.26,1.67
2023-02-22 08:00:00,MACH-B,60.24,1.33
2023-02-22 09:00:00,MACH-B,34.04,1.16
2023-02-22 10:00:00,MACH-B,48.22,2.66
2023-02-22 11:00:00,MACH-B,52.75,2.09
2023-02-22 12:00:00,MACH-B,52.7,2.42
2023-02-22 13:00:00,MACH-B,70.09,2.93
2023-02-22 14:00:00,MACH-B,51.54,1.75
2023-02-22 15:00:00,MACH-B,40.72,3.06
2023-02-22 16:00:00,MACH-B,57.49,1.94
2023-02-22 17:00:00,MACH-B,65.91,2.04
2023-02-22 18:00:00,MACH-B,36.98,2.7
2023-02-22 19:00:00,MACH-B,55.34,2.02
2023-02-22 20:00:00,MACH-B,50.29,2.42
2023-02-22 21:00:00,MACH-B,40.47,1.76
2023-02-22 22:00:00,MACH-B,43.61,2.2
2023-02-22 23:00:00,MACH-B,65.92,2.7
2023-02-23 00:00:00,MACH-B,57.73,2.3
2023-02-23 01:00:00,MACH-B,54.25,1.79
2023-02-23 02:00:00,MACH-B,35.08,2.04
2023-02-23 03:00:00,MACH-B,56.74,1.8
2023-02-23 04:00:00,MACH-B,61.16,1.96
2023-02-23 05:00:00,MACH-B,36.34,2.75
2023-02-23 06:00:00,MACH-B,50.22,2.07
2023-02-23 07:00:00,MACH-B,60.08,2.43
2023-02-23 08:00:00,MACH-B,58.73,2.25
2023-02-23 09:00:00,MACH-B,56.4,2.65
2023-02-23 10:00:00,MACH-B,50.44,1.48
2023-02-23 11:00:00,MACH-B,60.86,2.1
2023-02-23 12:00:00,MACH-B,51.61,2.93
2023-02-23 13:00:00,MACH-B,55.53,1.67
2023-02-23 14:00:00,MACH-B,53.43,3.09
2023-02-23 15:00:00,MACH-B,39.37,1.58
2023-02-23 16:00:00,MACH-B,40.78,1.86
2023-02-23 17:00:00,MACH-B,35.48,2.4
2023-02-23 18:00:00,MACH-B,46.18,2.08
2023-02-23 19:00:00,MACH-B,58.12,0.99
2023-02-23 20:00:00,MACH-B,53.39,2.2
2023-02-23 21:00:00,MACH-B,49.68,2.07
2023-02-23 22:00:00,MACH-B,63.59,1.73
2023-02-23 23:00:00,MACH-B,46.97,1.87
2023-02-24 00:00:00,MACH-B,55.59,0.97
2023-02-24 01:00:00,MACH-B,46.59,1.73
2023-02-24 02:00:00,MACH-B,35.03,2.36
2023-02-24 03:00:00,MACH-B,42.47,2.09
2023-02-24 04:00:00,MACH-B,42.21,2.51
2023-02-24 05:00:00,MACH-B,35.78,2.93
2023-02-24 06:00:00,MACH-B,48.48,1.59
2023-02-24 07:00:00,MACH-B,42.58,1.56
2023-02-24 08:00:00,MACH-B,64.97,2.48
2023-02-24 09:00:00,MACH-B,47.66,1.92
2023-02-24 10:00:00,MACH-B,41.63,1.91
2023-02-24 11:00:00,MACH-B,39.12,3.35
2023-02-24 12:00:00,MACH-B,38.78,2.62
2023-02-24 13:00:00,MACH-B,58.78,2.08
2023-02-24 14:00:00,MACH-B,59.65,2.26
2023-02-24 15:00:00,MACH-B,30.03,2.11
2023-02-24 16:00:00,MACH-B,71.63,1.34
2023-02-24 17:00:00,MACH-B,50.77,2.18
2023-02-24 18:00:00,MACH-B,60.22,1.93
2023-02-24 19:00:00,MACH-B,41.98,1.67
2023-02-24 20:00:00,MACH-B,40.16,1.81
2023-02-24 21:00:00,MACH-B,47.52,1.38
2023-02-24 22:00:00,MACH-B,53.75,1.23
2023-02-24 23:00:00,MACH-B,52.19,1.65
2023-02-25 00:00:00,MACH-B,61.69,1.58
2023-02-25 01:00:00,MACH-B,32.32,2.96
2023-02-25 02:00:00,MACH-B,59.07,2.7
2023-02-25 03:00:00,MACH-B,55.14,1.77
2023-02-25 04:00:00,MACH-B,53.12,2.26
2023-02-25 05:00:00,MACH-B,36.53,2.0
2023-02-25 06:00:00,MACH-B,42.02,1.73
2023-02-25 07:00:00,MACH-B,56.38,1.53
2023-02-25 08:00:00,MACH-B,25.44,1.84
2023-02-25 09:00:00,MACH-B,31.03,1.76
2023-02-25 10:00:00,MACH-B,54.6,1.92
2023-02-25 11:00:00,MACH-B,55.62,3.03
2023-02-25 12:00:00,MACH-B,42.55,1.95
2023-02-25 13:00:00,MACH-B,42.52,1.38
2023-02-25 14:00:00,MACH-B,59.51,1.9
2023-02-25 15:00:00,MACH-B,58.87,2.58
2023-02-25 16:00:00,MACH-B,46.6,3.02
2023-02-25 17:00:00,MACH-B,37.72,1.32
2023-02-25 18:00:00,MACH-B,64.75,2.02
2023-02-25 19:00:00,MACH-B,37.13,2.18
2023-02-25 20:00:00,MACH-B,56.76,2.5
2023-02-25 21:00:00,MACH-B,62.0,1.91
2023-02-25 22:00:00,MACH-B,49.93,2.0
2023-02-25 23:00:00,MACH-B,44.11,1.79
2023-02-26 00:00:00,MACH-B,33.86,1.35
2023-02-26 01:00:00,MACH-B,50.62,2.47
2023-02-26 02:00:00,MACH-B,35.37,1.52
2023-02-26 03:00:00,MACH-B,53.07,1.22
2023-02-26 04:00:00,MACH-B,29.74,1.77
2023-02-26 05:00:00,MACH-B,33.23,1.16
2023-02-26 06:00:00,MACH-B,51.31,1.8
2023-02-26 07:00:00,MACH-B,58.4,1.77
2023-02-26 08:00:00,MACH-B,47.16,1.95
2023-02-26 09:00:00,MACH-B,60.51,1.76
2023-02-26 10:00:00,MACH-B,44.39,2.03
2023-02-26 11:00:00,MACH-B,71.78,2.94
2023-02-26 12:00:00,MACH-B,36.69,0.75
2023-02-26 13:00:00,MACH-B,42.87,2.76
2023-02-26 14:00:00,MACH-B,63.51,1.28
2023-02-26 15:00:00,MACH-B,47.42,2.23
2023-02-26 16:00:00,MACH-B,59.5,2.64
2023-02-26 17:00:00,MACH-B,36.78,1.9
2023-02-26 18:00:00,MACH-B,40.47,2.1
2023-02-26 19:00:00,MACH-B,55.98,2.37
2023-02-26 20:00:00,MACH-B,35.62,2.52
2023-02-26 21:00:00,MACH-B,37.87,1.41
2023-02-26 22:00:00,MACH-B,48.89,2.21
2023-02-26 23:00:00,MACH-B,63.18,1.97
2023-02-27 00:00:00,MACH-B,53.67,2.25
2023-02-27 01:00:00,MACH-B,47.92,2.24
2023-02-27 02:00:00,MACH-B,51.65,1.97
2023-02-27 03:00:00,MACH-B,32.6,2.01
2023-02-27 04:00:00,MACH-B,44.2,2.27
2023-02-27 05:00:00,MACH-B,54.41,1.78
2023-02-27 06:00:00,MACH-B,52.37,2.38
2023-02-27 07:00:00,MACH-B,56.12,1.63
2023-02-27 08:00:00,MACH-B,57.01,2.99
2023-02-27 09:00:00,MACH-B,52.27,2.24
2023-02-27 10:00:00,MACH-B,24.86,2.13
2023-02-27 11:00:00,MACH-B,53.36,1.72
2023-02-27 12:00:00,MACH-B,45.13,1.94
2023-02-27 13:00:00,MACH-B,46.13,2.21
2023-02-27 14:00:00,MACH-B,46.28,2.62
2023-02-27 15:00:00,MACH-B,52.92,1.43
2023-02-27 16:00:00,MACH-B,35.3,1.33
2023-02-27 17:00:00,MACH-B,32.84,1.77
2023-02-27 18:00:00,MACH-B,37.62,1.8
2023-02-27 19:00:00,MACH-B,59.2,1.78
2023-02-27 20:00:00,MACH-B,45.63,2.24
2023-02-27 21:00:00,MACH-B,55.05,2.12
2023-02-27 22:00:00,MACH-B,54.8,1.88
2023-02-27 23:00:00,MACH-B,53.97,2.68
2023-02-28 00:00:00,MACH-B,55.27,3.15
2023-02-28 01:00:00,MACH-B,44.78,2.27
2023-02-28 02:00:00,MACH-B,56.69,2.22
2023-02-28 03:00:00,MACH-B,53.82,2.04
2023-02-28 04:00:00,MACH-B,34.14,1.44
2023-02-28 05:00:00,MACH-B,50.59,2.5
2023-02-28 06:00:00,MACH-B,48.51,1.88
2023-02-28 07:00:00,MACH-B,54.63,1.97
2023-02-28 08:00:00,MACH-B,50.26,2.07
2023-02-28 09:00:00,MACH-B,47.6,1.4
2023-02-28 10:00:00,MACH-B,65.56,2.66
2023-02-28 11:00:00,MACH-B,56.08,2.42
2023-02-28 12:00:00,MACH-B,50.41,1.59
2023-02-28 13:00:00,MACH-B,38.81,1.48
2023-02-28 14:00:00,MACH-B,51.21,1.61
2023-02-28 15:00:00,MACH-B,41.47,1.6
2023-02-28 16:00:00,MACH-B,33.47,1.44
2023-02-28 17:00:00,MACH-B,45.93,2.16
2023-02-28 18:00:00,MACH-B,46.55,2.15
2023-02-28 19:00:00,MACH-B,60.3,1.38
2023-02-28 20:00:00,MACH-B,59.74,3.02
2023-02-28 21:00:00,MACH-B,56.69,1.5
2023-02-28 22:00:00,MACH-B,49.12,0.99
2023-02-28 23:00:00,MACH-B,49.26,2.32
2023-03-01 00:00:00,MACH-B,55.55,1.99
2023-03-01 01:00:00,MACH-B,56.43,1.81
2023-03-01 02:00:00,MACH-B,53.56,2.07
2023-03-01 03:00:00,MACH-B,55.09,1.98
2023-03-01 04:00:00,MACH-B,49.32,2.35
2023-03-01 05:00:00,MACH-B,47.18,1.9
2023-03-01 06:00:00,MACH-B,27.8,1.75
2023-03-01 07:00:00,MACH-B,46.6,2.11
2023-03-01 08:00:00,MACH-B,42.77,2.4
2023-03-01 09:00:00,MACH-B,50.97,1.95
2023-03-01 10:00:00,MACH-B,43.24,1.98
2023-03-01 11:00:00,MACH-B,51.37,2.65
2023-03-01 12:00:00,MACH-B,31.35,2.02
2023-03-01 13:00:00,MACH-B,40.36,1.27
2023-03-01 14:00:00,MACH-B,42.85,2.04
2023-03-01 15:00:00,MACH-B,39.5,2.0
2023-03-01 16:00:00,MACH-B,81.18,2.13
2023-03-01 17:00:00,MACH-B,29.71,2.12
2023-03-01 18:00:00,MACH-B,56.75,2.01
2023-03-01 19:00:00,MACH-B,59.96,2.16
2023-03-01 20:00:00,MACH-B,45.59,1.4
2023-03-01 21:00:00,MACH-B,53.32,3.13
2023-03-01 22:00:00,MACH-B,56.1,2.04
2023-03-01 23:00:00,MACH-B,51.36,1.47
2023-03-02 00:00:00,MACH-B,32.34,1.26
2023-03-02 01:00:00,MACH-B,54.07,2.23
2023-03-02 02:00:00,MACH-B,59.71,1.8
2023-03-02 03:00:00,MACH-B,70.64,2.15
2023-03-02 04:00:00,MACH-B,36.21,3.06
2023-03-02 05:00:00,MACH-B,48.28,2.01
2023-03-02 06:00:00,MACH-B,49.72,2.54
2023-03-02 07:00:00,MACH-B,49.0,1.51
2023-03-02 08:00:00,MACH-B,33.27,2.13
2023-03-02 09:00:00,MACH-B,61.02,1.57
2023-03-02 10:00:00,MACH-B,59.97,1.42
2023-03-02 11:00:00,MACH-B,53.77,2.09
2023-03-02 12:00:00,MACH-B,45.75,2.74
2023-03-02 13:00:00,MACH-B,47.84,2.48
2023-03-02 14:00:00,MACH-B,47.14,3.36
2023-03-02 15:00:00,MACH-B,36.09,1.97
2023-03-02 16:00:00,MACH-B,57.01,2.17
2023-03-02 17:00:00,MACH-B,50.24,2.33
2023-03-02 18:00:00,MACH-B,56.87,2.06
2023-03-02 19:00:00,MACH-B,52.59,2.44
2023-03-02 20:00:00,MACH-B,39.95,1.73
2023-03-02 21:00:00,MACH-B,40.75,1.65
2023-03-02 22:00:00,MACH-B,63.14,1.74
2023-03-02 23:00:00,MACH-B,55.6,1.5
2023-03-03 00:00:00,MACH-B,46.2,1.16
2023-03-03 01:00:00,MACH-B,55.6,1.92
2023-03-03 02:00:00,MACH-B,41.29,0.88
2023-03-03 03:00:00,MACH-B,60.86,1.8
2023-03-03 04:00:00,MACH-B,36.42,0.97
2023-03-03 05:00:00,MACH-B,51.97,2.8
2023-03-03 06:00:00,MACH-B,48.63,1.8
2023-03-03 07:00:00,MACH-B,50.13,0.59
2023-03-03 08:00:00,MACH-B,56.51,2.02
2023-03-03 09:00:00,MACH-B,60.01,2.13
2023-03-03 10:00:00,MACH-B,45.88,1.7
2023-03-03 11:00:00,MACH-B,30.09,2.81
2023-03-03 12:00:00,MACH-B,32.83,2.29
2023-03-03 13:00:00,MACH-B,46.18,1.88
2023-03-03 14:00:00,MACH-B,50.34,2.26
2023-03-03 15:00:00,MACH-B,53.75,2.77
2023-03-03 16:00:00,MACH-B,51.91,1.39
2023-03-03 17:00:00,MACH-B,58.91,1.59
2023-03-03 18:00:00,MACH-B,68.02,2.01
2023-03-03 19:00:00,MACH-B,50.96,1.16
2023-03-03 20:00:00,MACH-B,53.61,2.14
2023-03-03 21:00:00,MACH-B,42.35,2.82
2023-03-03 22:00:00,MACH-B,50.55,1.94
2023-03-03 23:00:00,MACH-B,52.07,1.21
2023-03-04 00:00:00,MACH-B,51.54,2.4
2023-03-04 01:00:00,MACH-B,42.49,2.82
2023-03-04 02:00:00,MACH-B,51.65,0.64
2023-03-04 03:00:00,MACH-B,50.92,2.27
2023-03-04 04:00:00,MACH-B,53.17,2.32
2023-03-04 05:00:00,MACH-B,45.99,2.24
2023-03-04 06:00:00,MACH-B,50.11,2.12
2023-03-04 07:00:00,MACH-B,71.77,2.06
2023-03-04 08:00:00,MACH-B,50.55,1.87
2023-03-04 09:00:00,MACH-B,60.71,2.74
2023-03-04 10:00:00,MACH-B,64.25,2.05
2023-03-04 11:00:00,MACH-B,35.47,3.2
2023-03-04 12:00:00,MACH-B,48.01,2.47
2023-03-04 13:00:00,MACH-B,48.46,2.06
2023-03-04 14:00:00,MACH-B,70.14,1.54
2023-03-04 15:00:00,MACH-B,68.83,2.28
2023-03-04 16:00:00,MACH-B,35.46,1.58
2023-03-04 17:00:00,MACH-B,39.94,1.67
2023-03-04 18:00:00,MACH-B,62.25,1.82
2023-03-04 19:00:00,MACH-B,44.78,1.36
2023-03-04 20:00:00,MACH-B,56.48,2.88
2023-03-04 21:00:00,MACH-B,47.81,1.4
2023-03-04 22:00:00,MACH-B,39.29,2.14
2023-03-04 23:00:00,MACH-B,63.04,1.6
2023-03-05 00:00:00,MACH-B,42.73,1.28
2023-03-05 01:00:00,MACH-B,48.7,1.89
2023-03-05 02:00:00,MACH-B,38.65,1.93
2023-03-05 03:00:00,MACH-B,38.89,2.76
2023-03-05 04:00:00,MACH-B,50.59,2.21
2023-03-05 05:00:00,MACH-B,40.49,2.11
2023-03-05 06:00:00,MACH-B,65.08,2.38
2023-03-05 07:00:00,MACH-B,56.89,1.86
2023-03-05 08:00:00,MACH-B,57.93,1.69
2023-03-05 09:00:00,MACH-B,47.07,1.67
2023-03-05 10:00:00,MACH-B,47.35,1.64
2023-03-05 11:00:00,MACH-B,54.44,2.15
2023-03-05 12:00:00,MACH-B,22.96,1.27
2023-03-05 13:00:00,MACH-B,45.45,1.88
2023-03-05 14:00:00,MACH-B,31.8,2.66
2023-03-05 15:00:00,MACH-B,52.27,2.15
2023-03-05 16:00:00,MACH-B,38.43,1.95
2023-03-05 17:00:00,MACH-B,48.79,1.74
2023-03-05 18:00:00,MACH-B,41.13,1.57
2023-03-05 19:00:00,MACH-B,64.27,2.63
2023-03-05 20:00:00,MACH-B,72.61,2.05
2023-03-05 21:00:00,MACH-B,59.17,1.75
2023-03-05 22:00:00,MACH-B,59.73,1.85
2023-03-05 23:00:00,MACH-B,49.57,1.56
2023-03-06 00:00:00,MACH-B,43.72,2.06
2023-03-06 01:00:00,MACH-B,30.73,2.05
2023-03-06 02:00:00,MACH-B,51.82,2.31
2023-03-06 03:00:00,MACH-B,46.99,1.24
2023-03-06 04:00:00,MACH-B,52.24,2.07
2023-03-06 05:00:00,MACH-B,42.89,2.28
2023-03-06 06:00:00,MACH-B,35.09,1.92
2023-03-06 07:00:00,MACH-B,38.41,2.67
2023-03-06 08:00:00,MACH-B,65.32,2.32
2023-03-06 09:00:00,MACH-B,69.35,2.54
2023-03-06 10:00:00,MACH-B,34.28,1.46
2023-03-06 11:00:00,MACH-B,43.3,1.09
2023-03-06 12:00:00,MACH-B,32.54,2.14
2023-03-06 13:00:00,MACH-B,50.61,0.99
2023-03-06 14:00:00,MACH-B,50.87,1.7
2023-03-06 15:00:00,MACH-B,48.84,1.99
2023-03-06 16:00:00,MACH-B,44.96,2.37
2023-03-06 17:00:00,MACH-B,52.45,2.05
2023-03-06 18:00:00,MACH-B,56.51,2.73
2023-03-06 19:00:00,MACH-B,56.94,1.65
2023-03-06 20:00:00,MACH-B,62.2,1.54
2023-03-06 21:00:00,MACH-B,46.51,3.13
2023-03-06 22:00:00,MACH-B,44.15,1.92
2023-03-06 23:00:00,MACH-B,59.53,2.07
2023-03-07 00:00:00,MACH-B,44.38,1.72
2023-03-07 01:00:00,MACH-B,47.86,1.56
2023-03-07 02:00:00,MACH-B,44.52,1.92
2023-03-07 03:00:00,MACH-B,66.98,2.52
2023-03-07 04:00:00,MACH-B,55.85,1.89
2023-03-07 05:00:00,MACH-B,38.65,0.75
2023-03-07 06:00:00,MACH-B,49.99,1.45
2023-03-07 07:00:00,MACH-B,54.05,2.94
2023-03-07 08:00:00,MACH-B,38.77,0.73
2023-03-07 09:00:00,MACH-B,53.54,1.64
2023-03-07 10:00:00,MACH-B,48.49,2.22
2023-03-07 11:00:00,MACH-B,37.75,2.23
2023-03-07 12:00:00,MACH-B,36.53,2.24
2023-03-07 13:00:00,MACH-B,63.69,2.45
2023-03-07 14:00:00,MACH-B,41.61,1.89
2023-03-07 15:00:00,MACH-B,60.08,1.49
2023-03-07 16:00:00,MACH-B,56.57,1.89
2023-03-07 17:00:00,MACH-B,43.77,2.6
2023-03-07 18:00:00,MACH-B,54.99,1.17
2023-03-07 19:00:00,MACH-B,53.28,1.77
2023-03-07 20:00:00,MACH-B,59.07,2.01
2023-03-07 21:00:00,MACH-B,51.75,1.67
2023-03-07 22:00:00,MACH-B,46.68,1.74
2023-03-07 23:00:00,MACH-B,63.24,2.2
2023-03-08 00:00:00,MACH-B,57.31,2.07
2023-03-08 01:00:00,MACH-B,43.57,2.47
2023-03-08 02:00:00,MACH-B,48.24,2.28
2023-03-08 03:00:00,MACH-B,63.0,2.52
2023-03-08 04:00:00,MACH-B,64.99,1.68
2023-03-08 05:00:00,MACH-B,48.22,3.3
2023-03-08 06:00:00,MACH-B,54.88,1.16
2023-03-08 07:00:00,MACH-B,53.61,2.4
2023-03-08 08:00:00,MACH-B,39.0,1.49
2023-03-08 09:00:00,MACH-B,55.1,1.18
2023-03-08 10:00:00,MACH-B,28.48,2.84
2023-03-08 11:00:00,MACH-B,59.1,1.81
2023-03-08 12:00:00,MACH-B,55.21,1.36
2023-03-08 13:00:00,MACH-B,19.74,1.8
2023-03-08 14:00:00,MACH-B,40.35,1.66
2023-03-08 15:00:00,MACH-B,32.39,1.92
2023-03-08 16:00:00,MACH-B,39.75,1.84
2023-03-08 17:00:00,MACH-B,51.34,1.32
2023-03-08 18:00:00,MACH-B,67.42,2.03
2023-03-08 19:00:00,MACH-B,55.17,1.99
2023-03-08 20:00:00,MACH-B,46.2,2.81
2023-03-08 21:00:00,MACH-B,57.17,2.72
2023-03-08 22:00:00,MACH-B,56.2,2.0
2023-03-08 23:00:00,MACH-B,64.47,2.23
2023-03-09 00:00:00,MACH-B,58.38,1.48
2023-03-09 01:00:00,MACH-B,50.06,2.33
2023-03-09 02:00:00,MACH-B,34.94,3.37
2023-03-09 03:00:00,MACH-B,63.5,1.43
2023-03-09 04:00:00,MACH-B,48.76,1.69
2023-03-09 05:00:00,MACH-B,41.11,2.12
2023-03-09 06:00:00,MACH-B,30.16,2.09
2023-03-09 07:00:00,MACH-B,38.5,2.06
2023-03-09 08:00:00,MACH-B,54.02,1.66
2023-03-09 09:00:00,MACH-B,46.11,1.3
2023-03-09 10:00:00,MACH-B,59.92,1.57
2023-03-09 11:00:00,MACH-B,66.2,2.42
2023-03-09 12:00:00,MACH-B,28.65,3.02
2023-03-09 13:00:00,MACH-B,39.82,2.27
2023-03-09 14:00:00,MACH-B,51.39,1.83
2023-03-09 15:00:00,MACH-B,64.8,2.41
2023-03-09 16:00:00,MACH-B,41.62,1.32
2023-03-09 17:00:00,MACH-B,52.25,1.98
2023-03-09 18:00:00,MACH-B,39.1,1.7
2023-03-09 19:00:00,MACH-B,49.16,1.86
2023-03-09 20:00:00,MACH-B,51.38,1.72
2023-03-09 21:00:00,MACH-B,46.75,1.44
2023-03-09 22:00:00,MACH-B,66.38,2.85
2023-03-09 23:00:00,MACH-B,61.9,1.69
2023-03-10 00:00:00,MACH-B,46.81,1.69
2023-03-10 01:00:00,MACH-B,47.39,1.97
2023-03-10 02:00:00,MACH-B,57.97,2.1
2023-03-10 03:00:00,MACH-B,50.48,2.81
2023-03-10 04:00:00,MACH-B,50.13,2.09
2023-03-10 05:00:00,MACH-B,43.13,2.28
2023-03-10 06:00:00,MACH-B,55.99,1.08
2023-03-10 07:00:00,MACH-B,43.6,2.15
2023-03-10 08:00:00,MACH-B,43.6,1.62
2023-03-10 09:00:00,MACH-B,52.89,1.63
2023-03-10 10:00:00,MACH-B,51.4,1.41
2023-03-10 11:00:00,MACH-B,50.34,1.83
2023-03-10 12:00:00,MACH-B,31.85,2.19
2023-03-10 13:00:00,MACH-B,52.38,2.22
2023-03-10 14:00:00,MACH-B,29.93,2.1
2023-03-10 15:00:00,MACH-B,60.22,1.69
2023-03-10 16:00:00,MACH-B,44.46,1.64
2023-03-10 17:00:00,MACH-B,51.59,1.79
2023-03-10 18:00:00,MACH-B,44.19,2.05
2023-03-10 19:00:00,MACH-B,53.08,1.22
2023-03-10 20:00:00,MACH-B,37.95,1.87
2023-03-10 21:00:00,MACH-B,68.51,1.81
2023-03-10 22:00:00,MACH-B,43.13,2.18
2023-03-10 23:00:00,MACH-B,58.76,3.42
2023-03-11 00:00:00,MACH-B,38.85,1.99
2023-03-11 01:00:00,MACH-B,46.07,2.01
2023-03-11 02:00:00,MACH-B,42.5,2.33
2023-03-11 03:00:00,MACH-B,44.03,1.9
2023-03-11 04:00:00,MACH-B,54.23,2.22
2023-03-11 05:00:00,MACH-B,54.67,2.65
2023-03-11 06:00:00,MACH-B,54.08,1.85
2023-03-11 07:00:00,MACH-B,41.28,2.76
2023-03-11 08:00:00,MACH-B,51.3,2.1
2023-03-11 09:00:00,MACH-B,41.54,2.4
2023-03-11 10:00:00,MACH-B,64.66,2.51
2023-03-11 11:00:00,MACH-B,40.74,2.66
2023-03-11 12:00:00,MACH-B,45.28,2.57
2023-03-11 13:00:00,MACH-B,50.58,2.7
2023-03-11 14:00:00,MACH-B,39.79,2.09
2023-03-11 15:00:00,MACH-B,56.34,1.65
2023-03-11 16:00:00,MACH-B,61.14,2.05
2023-03-11 17:00:00,MACH-B,41.17,1.46
2023-03-11 18:00:00,MACH-B,43.21,1.84
2023-03-11 19:00:00,MACH-B,61.94,1.7
2023-03-11 20:00:00,MACH-B,51.45,1.25
2023-03-11 21:00:00,MACH-B,47.8,2.46
2023-03-11 22:00:00,MACH-B,42.38,2.67
2023-03-11 23:00:00,MACH-B,46.31,1.64
2023-03-12 00:00:00,MACH-B,48.54,2.32
2023-03-12 01:00:00,MACH-B,56.4,3.33
2023-03-12 02:00:00,MACH-B,49.97,2.6
2023-03-12 03:00:00,MACH-B,40.9,1.49
2023-03-12 04:00:00,MACH-B,44.77,2.45
2023-03-12 05:00:00,MACH-B,38.82,1.91
2023-03-12 06:00:00,MACH-B,48.68,2.44
2023-03-12 07:00:00,MACH-B,72.54,3.16
2023-03-12 08:00:00,MACH-B,74.77,1.97
2023-03-12 09:00:00,MACH-B,53.27,2.71
2023-03-12 10:00:00,MACH-B,33.47,1.62
2023-03-12 11:00:00,MACH-B,59.26,1.76
2023-03-12 12:00:00,MACH-B,56.67,1.01
2023-03-12 13:00:00,MACH-B,76.87,2.81
2023-03-12 14:00:00,MACH-B,50.75,1.17
2023-03-12 15:00:00,MACH-B,45.75,1.43
2023-03-12 16:00:00,MACH-B,40.02,2.11
2023-03-12 17:00:00,MACH-B,58.22,3.02
2023-03-12 18:00:00,MACH-B,48.12,1.05
2023-03-12 19:00:00,MACH-B,47.44,2.18
2023-03-12 20:00:00,MACH-B,44.97,1.29
2023-03-12 21:00:00,MACH-B,72.0,2.84
2023-03-12 22:00:00,MACH-B,45.88,2.09
2023-03-12 23:00:00,MACH-B,57.0,2.78
2023-03-13 00:00:00,MACH-B,54.62,1.62
2023-03-13 01:00:00,MACH-B,27.77,1.77
2023-03-13 02:00:00,MACH-B,72.13,1.53
2023-03-13 03:00:00,MACH-B,31.47,2.72
2023-03-13 04:00:00,MACH-B,40.99,2.71
2023-03-13 05:00:00,MACH-B,44.92,1.67
2023-03-13 06:00:00,MACH-B,42.75,2.49
2023-03-13 07:00:00,MACH-B,47.71,1.95
2023-03-13 08:00:00,MACH-B,42.28,1.03
2023-03-13 09:00:00,MACH-B,63.57,2.25
2023-03-13 10:00:00,MACH-B,55.91,2.43
2023-03-13 11:00:00,MACH-B,43.79,2.55
2023-03-13 12:00:00,MACH-B,41.63,2.04
2023-03-13 13:00:00,MACH-B,44.35,1.83
2023-03-13 14:00:00,MACH-B,40.95,1.75
2023-03-13 15:00:00,MACH-B,38.01,2.45
2023-03-13 16:00:00,MACH-B,59.35,2.21
2023-03-13 17:00:00,MACH-B,46.1,1.68
2023-03-13 18:00:00,MACH-B,53.95,2.14
2023-03-13 19:00:00,MACH-B,50.65,2.36
2023-03-13 20:00:00,MACH-B,64.5,2.37
2023-03-13 21:00:00,MACH-B,58.95,2.0
2023-03-13 22:00:00,MACH-B,53.62,2.62
2023-03-13 23:00:00,MACH-B,72.95,1.61
2023-03-14 00:00:00,MACH-B,42.95,2.02
2023-03-14 01:00:00,MACH-B,48.12,2.47
2023-03-14 02:00:00,MACH-B,56.53,2.16
2023-03-14 03:00:00,MACH-B,58.44,2.04
2023-03-14 04:00:00,MACH-B,41.21,1.63
2023-03-14 05:00:00,MACH-B,49.66,1.36
2023-03-14 06:00:00,MACH-B,50.22,1.66
2023-03-14 07:00:00,MACH-B,73.31,2.59
2023-03-14 08:00:00,MACH-B,56.62,1.67
2023-03-14 09:00:00,MACH-B,60.81,2.0
2023-03-14 10:00:00,MACH-B,46.11,2.99
2023-03-14 11:00:00,MACH-B,42.5,2.51
2023-03-14 12:00:00,MACH-B,45.76,1.92
2023-03-14 13:00:00,MACH-B,55.48,1.88
2023-03-14 14:00:00,MACH-B,64.75,2.72
2023-03-14 15:00:00,MACH-B,35.78,1.83
2023-03-14 16:00:00,MACH-B,69.81,2.0
2023-03-14 17:00:00,MACH-B,58.86,1.91
2023-03-14 18:00:00,MACH-B,60.01,2.82
2023-03-14 19:00:00,MACH-B,59.34,2.0
2023-03-14 20:00:00,MACH-B,45.94,1.84
2023-03-14 21:00:00,MACH-B,48.72,2.35
2023-03-14 22:00:00,MACH-B,56.8,2.97
2023-03-14 23:00:00,MACH-B,47.5,1.39
2023-03-15 00:00:00,MACH-B,52.34,2.17
2023-03-15 01:00:00,MACH-B,43.36,1.59
2023-03-15 02:00:00,MACH-B,57.73,2.72
2023-03-15 03:00:00,MACH-B,48.59,1.44
2023-03-15 04:00:00,MACH-B,45.95,2.41
2023-03-15 05:00:00,MACH-B,41.74,1.63
2023-03-15 06:00:00,MACH-B,43.35,2.82
2023-03-15 07:00:00,MACH-B,36.8,3.21
2023-03-15 08:00:00,MACH-B,54.23,2.62
2023-03-15 09:00:00,MACH-B,44.02,1.98
2023-03-15 10:00:00,MACH-B,49.58,1.4
2023-03-15 11:00:00,MACH-B,62.15,2.1
2023-03-15 12:00:00,MACH-B,48.8,2.13
2023-03-15 13:00:00,MACH-B,48.42,3.16
2023-03-15 14:00:00,MACH-B,49.49,2.07
2023-03-15 15:00:00,MACH-B,52.93,1.64
2023-03-15 16:00:00,MACH-B,45.32,2.1
2023-03-15 17:00:00,MACH-B,58.52,1.81
2023-03-15 18:00:00,MACH-B,51.3,1.95
2023-03-15 19:00:00,MACH-B,44.57,3.08
2023-03-15 20:00:00,MACH-B,46.57,1.58
2023-03-15 21:00:00,MACH-B,61.43,2.48
2023-03-15 22:00:00,MACH-B,43.43,1.84
2023-03-15 23:00:00,MACH-B,54.2,1.98
2023-03-16 00:00:00,MACH-B,54.78,1.99
2023-03-16 01:00:00,MACH-B,39.25,1.52
2023-03-16 02:00:00,MACH-B,35.53,2.29
2023-03-16 03:00:00,MACH-B,46.77,0.87
2023-03-16 04:00:00,MACH-B,58.06,1.85
2023-03-16 05:00:00,MACH-B,35.29,2.15
2023-03-16 06:00:00,MACH-B,41.28,2.29
2023-03-16 07:00:00,MACH-B,56.73,2.27
2023-03-16 08:00:00,MACH-B,39.31,1.44
2023-03-16 09:00:00,MACH-B,60.23,1.79
2023-03-16 10:00:00,MACH-B,76.51,2.07
2023-03-16 11:00:00,MACH-B,41.85,1.62
2023-03-16 12:00:00,MACH-B,64.73,2.09
2023-03-16 13:00:00,MACH-B,53.28,2.27
2023-03-16 14:00:00,MACH-B,42.08,1.73
2023-03-16 15:00:00,MACH-B,65.93,2.32
2023-03-16 16:00:00,MACH-B,54.07,1.87
2023-03-16 17:00:00,MACH-B,61.9,1.59
2023-03-16 18:00:00,MACH-B,73.46,2.66
2023-03-16 19:00:00,MACH-B,48.92,1.76
2023-03-16 20:00:00,MACH-B,55.53,1.28
2023-03-16 21:00:00,MACH-B,38.85,1.74
2023-03-16 22:00:00,MACH-B,45.35,2.12
2023-03-16 23:00:00,MACH-B,49.19,2.17
2023-03-17 00:00:00,MACH-B,52.12,1.46
2023-03-17 01:00:00,MACH-B,28.71,2.31
2023-03-17 02:00:00,MACH-B,65.49,1.98
2023-03-17 03:00:00,MACH-B,56.34,1.27
2023-03-17 04:00:00,MACH-B,55.17,1.16
2023-03-17 05:00:00,MACH-B,70.49,2.11
2023-03-17 06:00:00,MACH-B,66.21,1.84
2023-03-17 07:00:00,MACH-B,48.49,1.56
2023-03-17 08:00:00,MACH-B,44.3,1.69
2023-03-17 09:00:00,MACH-B,56.23,1.95
2023-03-17 10:00:00,MACH-B,65.52,1.94
2023-03-17 11:00:00,MACH-B,48.51,1.94
2023-03-17 12:00:00,MACH-B,58.89,1.93
2023-03-17 13:00:00,MACH-B,67.06,2.99
2023-03-17 14:00:00,MACH-B,59.88,1.74
2023-03-17 15:00:00,MACH-B,34.05,2.36
2023-03-17 16:00:00,MACH-B,38.05,2.3
2023-03-17 17:00:00,MACH-B,69.83,1.71
2023-03-17 18:00:00,MACH-B,82.48,4.37
2023-03-17 19:00:00,MACH-B,53.3,1.79
2023-03-17 20:00:00,MACH-B,55.68,1.17
2023-03-17 21:00:00,MACH-B,64.32,1.09
2023-03-17 22:00:00,MACH-B,42.17,1.75
2023-03-17 23:00:00,MACH-B,45.87,2.04
2023-03-18 00:00:00,MACH-B,39.95,1.89
2023-03-18 01:00:00,MACH-B,29.36,1.18
2023-03-18 02:00:00,MACH-B,54.1,1.39
2023-03-18 03:00:00,MACH-B,41.34,2.08
2023-03-18 04:00:00,MACH-B,59.63,2.31
2023-03-18 05:00:00,MACH-B,43.93,1.58
2023-03-18 06:00:00,MACH-B,36.53,1.99
2023-03-18 07:00:00,MACH-B,60.54,2.1
2023-03-18 08:00:00,MACH-B,55.23,2.86
2023-03-18 09:00:00,MACH-B,48.34,2.79
2023-03-18 10:00:00,MACH-B,48.91,2.3
2023-03-18 11:00:00,MACH-B,56.01,0.98
2023-03-18 12:00:00,MACH-B,67.02,2.74
2023-03-18 13:00:00,MACH-B,54.02,2.24
2023-03-18 14:00:00,MACH-B,54.7,1.68
2023-03-18 15:00:00,MACH-B,45.43,2.99
2023-03-18 16:00:00,MACH-B,47.64,1.84
2023-03-18 17:00:00,MACH-B,16.85,3.08
2023-03-18 18:00:00,MACH-B,40.57,1.44
2023-03-18 19:00:00,MACH-B,39.35,1.79
2023-03-18 20:00:00,MACH-B,39.08,0.97
2023-03-18 21:00:00,MACH-B,46.18,1.77
2023-03-18 22:00:00,MACH-B,47.24,2.6
2023-03-18 23:00:00,MACH-B,39.35,1.72
2023-03-19 00:00:00,MACH-B,62.59,1.58
2023-03-19 01:00:00,MACH-B,55.99,2.63
2023-03-19 02:00:00,MACH-B,52.06,2.08
2023-03-19 03:00:00,MACH-B,56.46,2.07
2023-03-19 04:00:00,MACH-B,32.81,1.45
2023-03-19 05:00:00,MACH-B,32.52,1.49
2023-03-19 06:00:00,MACH-B,62.18,1.88
2023-03-19 07:00:00,MACH-B,73.82,1.03
2023-03-19 08:00:00,MACH-B,50.55,2.4
2023-03-19 09:00:00,MACH-B,72.5,2.31
2023-03-19 10:00:00,MACH-B,50.01,2.21
2023-03-19 11:00:00,MACH-B,42.91,1.34
2023-03-19 12:00:00,MACH-B,59.8,2.35
2023-03-19 13:00:00,MACH-B,28.49,1.57
2023-03-19 14:00:00,MACH-B,44.13,2.62
2023-03-19 15:00:00,MACH-B,41.72,1.85
2023-03-19 16:00:00,MACH-B,38.0,2.04
2023-03-19 17:00:00,MACH-B,45.02,2.32
2023-03-19 18:00:00,MACH-B,52.9,2.15
2023-03-19 19:00:00,MACH-B,63.11,0.4
2023-03-19 20:00:00,MACH-B,60.42,1.14
2023-03-19 21:00:00,MACH-B,34.06,1.61
2023-03-19 22:00:00,MACH-B,72.9,2.2
2023-03-19 23:00:00,MACH-B,62.46,2.86
2023-03-20 00:00:00,MACH-B,50.4,1.85
2023-03-20 01:00:00,MACH-B,63.45,2.41
2023-03-20 02:00:00,MACH-B,40.79,2.34
2023-03-20 03:00:00,MACH-B,58.45,1.33
2023-03-20 04:00:00,MACH-B,30.65,2.0
2023-03-20 05:00:00,MACH-B,46.93,1.7
2023-03-20 06:00:00,MACH-B,63.64,1.54
2023-03-20 07:00:00,MACH-B,45.42,2.85
2023-03-20 08:00:00,MACH-B,45.86,2.19
2023-03-20 09:00:00,MACH-B,43.96,1.58
2023-03-20 10:00:00,MACH-B,48.03,1.7
2023-03-20 11:00:00,MACH-B,39.88,2.06
2023-03-20 12:00:00,MACH-B,65.82,2.19
2023-03-20 13:00:00,MACH-B,38.01,1.02
2023-03-20 14:00:00,MACH-B,53.24,2.67
2023-03-20 15:00:00,MACH-B,58.46,2.1
2023-03-20 16:00:00,MACH-B,42.64,1.54
2023-03-20 17:00:00,MACH-B,35.44,3.21
2023-03-20 18:00:00,MACH-B,44.22,2.22
2023-03-20 19:00:00,MACH-B,46.04,2.77
2023-03-20 20:00:00,MACH-B,59.19,2.62
2023-03-20 21:00:00,MACH-B,48.52,3.01
2023-03-20 22:00:00,MACH-B,50.03,2.53
2023-03-20 23:00:00,MACH-B,35.95,2.47
2023-03-21 00:00:00,MACH-B,48.06,2.38
2023-03-21 01:00:00,MACH-B,64.36,2.72
2023-03-21 02:00:00,MACH-B,60.96,1.72
2023-03-21 03:00:00,MACH-B,44.97,2.21
2023-03-21 04:00:00,MACH-B,58.3,1.73
2023-03-21 05:00:00,MACH-B,48.6,2.47
2023-03-21 06:00:00,MACH-B,55.04,1.85
2023-03-21 07:00:00,MACH-B,47.05,1.89
2023-03-21 08:00:00,MACH-B,40.33,1.05
2023-03-21 09:00:00,MACH-B,39.82,3.0
2023-03-21 10:00:00,MACH-B,55.27,1.38
2023-03-21 11:00:00,MACH-B,23.53,2.21
2023-03-21 12:00:00,MACH-B,60.64,2.31
2023-03-21 13:00:00,MACH-B,47.6,2.71
2023-03-21 14:00:00,MACH-B,43.58,1.75
2023-03-21 15:00:00,MACH-B,59.99,1.32
2023-03-21 16:00:00,MACH-B,22.33,2.48
2023-03-21 17:00:00,MACH-B,54.62,2.58
2023-03-21 18:00:00,MACH-B,66.41,2.18
2023-03-21 19:00:00,MACH-B,36.28,2.02
2023-03-21 20:00:00,MACH-B,45.45,1.98
2023-03-21 21:00:00,MACH-B,54.53,1.45
2023-03-21 22:00:00,MACH-B,34.29,0.88
2023-03-21 23:00:00,MACH-B,52.46,2.83
2023-03-22 00:00:00,MACH-B,76.87,2.01
2023-03-22 01:00:00,MACH-B,53.27,2.41
2023-03-22 02:00:00,MACH-B,52.94,1.82
2023-03-22 03:00:00,MACH-B,37.96,1.82
2023-03-22 04:00:00,MACH-B,63.3,1.77
2023-03-22 05:00:00,MACH-B,22.74,1.9
2023-03-22 06:00:00,MACH-B,49.63,2.56
2023-03-22 07:00:00,MACH-B,59.16,2.07
2023-03-22 08:00:00,MACH-B,25.0,2.84
2023-03-22 09:00:00,MACH-B,29.86,1.43
2023-03-22 10:00:00,MACH-B,35.23,1.91
2023-03-22 11:00:00,MACH-B,63.73,1.97
2023-03-22 12:00:00,MACH-B,43.64,2.36
2023-03-22 13:00:00,MACH-B,58.97,1.65
2023-03-22 14:00:00,MACH-B,57.35,2.58
2023-03-22 15:00:00,MACH-B,33.39,2.32
2023-03-22 16:00:00,MACH-B,46.11,2.8
2023-03-22 17:00:00,MACH-B,47.72,1.75
2023-03-22 18:00:00,MACH-B,55.11,1.17
2023-03-22 19:00:00,MACH-B,52.28,2.48
2023-03-22 20:00:00,MACH-B,49.34,2.55
2023-03-22 21:00:00,MACH-B,61.65,0.84
2023-03-22 22:00:00,MACH-B,61.5,2.28
2023-03-22 23:00:00,MACH-B,35.52,2.16
2023-03-23 00:00:00,MACH-B,45.51,1.73
2023-03-23 01:00:00,MACH-B,50.32,2.78
2023-03-23 02:00:00,MACH-B,50.85,1.79
2023-03-23 03:00:00,MACH-B,55.51,2.85
2023-03-23 04:00:00,MACH-B,53.73,2.47
2023-03-23 05:00:00,MACH-B,55.96,2.36
2023-03-23 06:00:00,MACH-B,57.13,2.24
2023-03-23 07:00:00,MACH-B,47.17,2.37
2023-03-23 08:00:00,MACH-B,46.63,1.7
2023-03-23 09:00:00,MACH-B,63.95,1.4
2023-03-23 10:00:00,MACH-B,45.04,2.85
2023-03-23 11:00:00,MACH-B,57.4,1.72
2023-03-23 12:00:00,MACH-B,42.44,1.89
2023-03-23 13:00:00,MACH-B,53.35,1.33
2023-03-23 14:00:00,MACH-B,54.07,2.31
2023-03-23 15:00:00,MACH-B,56.49,1.47
2023-03-23 16:00:00,MACH-B,65.9,2.21
2023-03-23 17:00:00,MACH-B,40.01,1.84
2023-03-23 18:00:00,MACH-B,51.49,2.12
2023-03-23 19:00:00,MACH-B,56.62,2.84
2023-03-23 20:00:00,MACH-B,56.65,1.43
2023-03-23 21:00:00,MACH-B,46.91,1.74
2023-03-23 22:00:00,MACH-B,53.85,1.62
2023-03-23 23:00:00,MACH-B,49.81,2.25
2023-03-24 00:00:00,MACH-B,57.4,2.21
2023-03-24 01:00:00,MACH-B,49.21,1.89
2023-03-24 02:00:00,MACH-B,49.36,2.59
2023-03-24 03:00:00,MACH-B,52.71,2.01
2023-03-24 04:00:00,MACH-B,45.01,1.69
2023-03-24 05:00:00,MACH-B,42.41,2.66
2023-03-24 06:00:00,MACH-B,36.74,1.88
2023-03-24 07:00:00,MACH-B,48.65,1.92
2023-03-24 08:00:00,MACH-B,42.65,1.96
2023-03-24 09:00:00,MACH-B,47.04,2.11
2023-03-24 10:00:00,MACH-B,62.38,2.59
2023-03-24 11:00:00,MACH-B,47.35,2.45
2023-03-24 12:00:00,MACH-B,62.58,2.31
2023-03-24 13:00:00,MACH-B,53.85,1.52
2023-03-24 14:00:00,MACH-B,47.18,1.99
2023-03-24 15:00:00,MACH-B,39.8,1.93
2023-03-24 16:00:00,MACH-B,48.87,2.28
2023-03-24 17:00:00,MACH-B,45.98,1.9
2023-03-24 18:00:00,MACH-B,61.84,2.72
2023-03-24 19:00:00,MACH-B,69.69,2.32
2023-03-24 20:00:00,MACH-B,60.31,2.3
2023-03-24 21:00:00,MACH-B,42.59,1.51
2023-03-24 22:00:00,MACH-B,50.55,1.64
2023-03-24 23:00:00,MACH-B,47.73,1.74
2023-03-25 00:00:00,MACH-B,44.11,2.0
2023-03-25 01:00:00,MACH-B,49.09,2.6
2023-03-25 02:00:00,MACH-B,48.68,1.62
2023-03-25 03:00:00,MACH-B,68.37,1.19
2023-03-25 04:00:00,MACH-B,53.29,2.72
2023-03-25 05:00:00,MACH-B,58.26,1.77
2023-03-25 06:00:00,MACH-B,60.48,1.97
2023-03-25 07:00:00,MACH-B,57.55,2.5
2023-03-25 08:00:00,MACH-B,63.65,2.59
2023-03-25 09:00:00,MACH-B,46.28,1.54
2023-03-25 10:00:00,MACH-B,59.6,2.13
2023-03-25 11:00:00,MACH-B,69.62,2.7
2023-03-25 12:00:00,MACH-B,42.79,2.02
2023-03-25 13:00:00,MACH-B,46.6,2.55
2023-03-25 14:00:00,MACH-B,45.85,2.08
2023-03-25 15:00:00,MACH-B,71.56,2.55
2023-03-25 16:00:00,MACH-B,39.37,2.67
2023-03-25 17:00:00,MACH-B,51.1,2.87
2023-03-25 18:00:00,MACH-B,54.92,2.24
2023-03-25 19:00:00,MACH-B,44.51,1.8
2023-03-25 20:00:00,MACH-B,40.09,2.14
2023-03-25 21:00:00,MACH-B,41.8,2.17
2023-03-25 22:00:00,MACH-B,47.5,2.01
2023-03-25 23:00:00,MACH-B,44.65,2.37
2023-03-26 00:00:00,MACH-B,64.43,2.28
2023-03-26 01:00:00,MACH-B,44.74,2.14
2023-03-26 02:00:00,MACH-B,44.64,3.1
2023-03-26 03:00:00,MACH-B,53.94,1.59
2023-03-26 04:00:00,MACH-B,52.9,2.18
2023-03-26 05:00:00,MACH-B,18.13,2.0
2023-03-26 06:00:00,MACH-B,41.31,1.08
2023-03-26 07:00:00,MACH-B,44.95,1.69
2023-03-26 08:00:00,MACH-B,39.89,1.29
2023-03-26 09:00:00,MACH-B,59.62,2.42
2023-03-26 10:00:00,MACH-B,35.04,1.37
2023-03-26 11:00:00,MACH-B,60.51,1.31
2023-03-26 12:00:00,MACH-B,28.85,1.9
2023-03-26 13:00:00,MACH-B,50.81,1.83
2023-03-26 14:00:00,MACH-B,65.64,1.8
2023-03-26 15:00:00,MACH-B,44.05,1.46
2023-03-26 16:00:00,MACH-B,50.23,2.45
2023-03-26 17:00:00,MACH-B,60.28,1.91
2023-03-26 18:00:00,MACH-B,59.99,2.49
2023-03-26 19:00:00,MACH-B,53.02,1.51
2023-03-26 20:00:00,MACH-B,48.18,1.68
2023-03-26 21:00:00,MACH-B,48.08,1.56
2023-03-26 22:00:00,MACH-B,36.1,1.99
2023-03-26 23:00:00,MACH-B,39.75,1.66
2023-03-27 00:00:00,MACH-B,50.36,2.54
2023-03-27 01:00:00,MACH-B,52.73,0.87
2023-03-27 02:00:00,MACH-B,75.71,2.84
2023-03-27 03:00:00,MACH-B,57.81,1.85
2023-03-27 04:00:00,MACH-B,46.51,1.61
2023-03-27 05:00:00,MACH-B,55.1,2.92
2023-03-27 06:00:00,MACH-B,32.36,1.95
2023-03-27 07:00:00,MACH-B,50.84,1.85
2023-03-27 08:00:00,MACH-B,56.85,1.69
2023-03-27 09:00:00,MACH-B,56.93,1.87
2023-03-27 10:00:00,MACH-B,49.34,2.24
2023-03-27 11:00:00,MACH-B,55.7,2.26
2023-03-27 12:00:00,MACH-B,47.31,1.4
2023-03-27 13:00:00,MACH-B,53.96,1.42
2023-03-27 14:00:00,MACH-B,40.59,2.51
2023-03-27 15:00:00,MACH-B,38.71,1.74
2023-03-27 16:00:00,MACH-B,62.64,1.97
2023-03-27 17:00:00,MACH-B,48.15,2.06
2023-03-27 18:00:00,MACH-B,54.42,2.73
2023-03-27 19:00:00,MACH-B,42.15,2.66
2023-03-27 20:00:00,MACH-B,38.74,2.17
2023-03-27 21:00:00,MACH-B,44.55,1.66
2023-03-27 22:00:00,MACH-B,54.25,3.16
2023-03-27 23:00:00,MACH-B,29.37,2.35
2023-03-28 00:00:00,MACH-B,52.07,2.68
2023-03-28 01:00:00,MACH-B,56.81,1.88
2023-03-28 02:00:00,MACH-B,41.18,1.42
2023-03-28 03:00:00,MACH-B,52.41,2.25
2023-03-28 04:00:00,MACH-B,51.64,2.01
2023-03-28 05:00:00,MACH-B,41.33,2.83
2023-03-28 06:00:00,MACH-B,48.53,1.95
2023-03-28 07:00:00,MACH-B,49.86,1.78
2023-03-28 08:00:00,MACH-B,41.29,2.64
2023-03-28 09:00:00,MACH-B,46.52,1.79
2023-03-28 10:00:00,MACH-B,49.77,1.86
2023-03-28 11:00:00,MACH-B,52.87,1.23
2023-03-28 12:00:00,MACH-B,68.9,2.56
2023-03-28 13:00:00,MACH-B,40.32,1.91
2023-03-28 14:00:00,MACH-B,63.53,1.41
2023-03-28 15:00:00,MACH-B,41.03,2.58
2023-03-28 16:00:00,MACH-B,49.97,1.87
2023-03-28 17:00:00,MACH-B,59.19,2.91
2023-03-28 18:00:00,MACH-B,54.4,2.64
2023-03-28 19:00:00,MACH-B,26.45,1.4
2023-03-28 20:00:00,MACH-B,60.86,2.36
2023-03-28 21:00:00,MACH-B,53.23,2.53
2023-03-28 22:00:00,MACH-B,44.44,1.16
2023-03-28 23:00:00,MACH-B,48.69,1.87
2023-03-29 00:00:00,MACH-B,54.27,1.73
2023-03-29 01:00:00,MACH-B,55.86,2.54
2023-03-29 02:00:00,MACH-B,55.5,1.55
2023-03-29 03:00:00,MACH-B,42.85,2.13
2023-03-29 04:00:00,MACH-B,49.88,2.97
2023-03-29 05:00:00,MACH-B,41.57,0.99
2023-03-29 06:00:00,MACH-B,57.66,2.05
2023-03-29 07:00:00,MACH-B,47.56,2.06
2023-03-29 08:00:00,MACH-B,54.36,0.76
2023-03-29 09:00:00,MACH-B,44.86,1.16
2023-03-29 10:00:00,MACH-B,50.86,2.43
2023-03-29 11:00:00,MACH-B,48.08,1.97
2023-03-29 12:00:00,MACH-B,37.86,2.1
2023-03-29 13:00:00,MACH-B,60.91,1.93
2023-03-29 14:00:00,MACH-B,56.69,2.62
2023-03-29 15:00:00,MACH-B,37.31,3.2
2023-03-29 16:00:00,MACH-B,41.81,2.56
2023-03-29 17:00:00,MACH-B,44.05,0.83
2023-03-29 18:00:00,MACH-B,63.17,1.98
2023-03-29 19:00:00,MACH-B,58.67,2.71
2023-03-29 20:00:00,MACH-B,52.17,1.79
2023-03-29 21:00:00,MACH-B,34.18,2.71
2023-03-29 22:00:00,MACH-B,54.57,1.83
2023-03-29 23:00:00,MACH-B,51.69,1.37
2023-03-30 00:00:00,MACH-B,46.55,2.36
2023-03-30 01:00:00,MACH-B,63.22,2.23
2023-03-30 02:00:00,MACH-B,48.0,1.7
2023-03-30 03:00:00,MACH-B,61.81,2.65
2023-03-30 04:00:00,MACH-B,46.32,1.07
2023-03-30 05:00:00,MACH-B,41.44,2.53
2023-03-30 06:00:00,MACH-B,37.54,1.73
2023-03-30 07:00:00,MACH-B,49.2,2.88
2023-03-30 08:00:00,MACH-B,50.44,2.41
2023-03-30 09:00:00,MACH-B,40.45,1.83
2023-03-30 10:00:00,MACH-B,40.91,1.52
2023-03-30 11:00:00,MACH-B,61.76,1.19
2023-03-30 12:00:00,MACH-B,57.42,1.96
2023-03-30 13:00:00,MACH-B,68.31,2.03
2023-03-30 14:00:00,MACH-B,33.83,2.53
2023-03-30 15:00:00,MACH-B,67.08,1.64
2023-03-30 16:00:00,MACH-B,42.13,2.18
2023-03-30 17:00:00,MACH-B,36.85,1.82
2023-03-30 18:00:00,MACH-B,52.5,2.75
2023-03-30 19:00:00,MACH-B,31.4,1.94
2023-03-30 20:00:00,MACH-B,60.83,1.63
2023-03-30 21:00:00,MACH-B,51.72,1.4
2023-03-30 22:00:00,MACH-B,42.96,1.77
2023-03-30 23:00:00,MACH-B,60.02,1.88
2023-03-31 00:00:00,MACH-B,48.64,1.9
2023-03-31 01:00:00,MACH-B,50.35,2.21
2023-03-31 02:00:00,MACH-B,56.27,1.83
2023-03-31 03:00:00,MACH-B,43.69,1.58
2023-03-31 04:00:00,MACH-B,39.45,1.79
2023-03-31 05:00:00,MACH-B,48.7,1.89
2023-03-31 06:00:00,MACH-B,36.48,1.72
2023-03-31 07:00:00,MACH-B,45.7,1.19
2023-03-31 08:00:00,MACH-B,39.99,1.24
2023-03-31 09:00:00,MACH-B,46.88,1.02
2023-03-31 10:00:00,MACH-B,41.03,2.08
2023-03-31 11:00:00,MACH-B,46.59,2.23
2023-03-31 12:00:00,MACH-B,60.28,1.58
2023-03-31 13:00:00,MACH-B,42.58,2.24
2023-03-31 14:00:00,MACH-B,53.84,1.81
2023-03-31 15:00:00,MACH-B,31.91,1.93
2023-03-31 16:00:00,MACH-B,46.7,1.35
2023-03-31 17:00:00,MACH-B,41.75,2.62
2023-03-31 18:00:00,MACH-B,50.58,2.8
2023-03-31 19:00:00,MACH-B,44.47,2.16
2023-03-31 20:00:00,MACH-B,58.64,1.62
2023-03-31 21:00:00,MACH-B,46.46,2.05
2023-03-31 22:00:00,MACH-B,61.25,1.61
2023-03-31 23:00:00,MACH-B,29.08,1.33
2023-04-01 00:00:00,MACH-B,50.4,2.35
2023-04-01 01:00:00,MACH-B,51.34,1.5
2023-04-01 02:00:00,MACH-B,40.65,1.57
2023-04-01 03:00:00,MACH-B,50.01,0.89
2023-04-01 04:00:00,MACH-B,54.82,2.53
2023-04-01 05:00:00,MACH-B,60.87,2.75
2023-04-01 06:00:00,MACH-B,47.15,2.37
2023-04-01 07:00:00,MACH-B,45.61,2.41
2023-04-01 08:00:00,MACH-B,43.99,1.33
2023-04-01 09:00:00,MACH-B,50.5,1.87
2023-04-01 10:00:00,MACH-B,40.64,2.36
2023-04-01 11:00:00,MACH-B,57.5,1.51
2023-04-01 12:00:00,MACH-B,33.77,1.8
2023-04-01 13:00:00,MACH-B,49.35,1.18
2023-04-01 14:00:00,MACH-B,36.2,1.85
2023-04-01 15:00:00,MACH-B,49.52,1.91
2023-04-01 16:00:00,MACH-B,58.08,2.25
2023-04-01 17:00:00,MACH-B,51.85,1.17
2023-04-01 18:00:00,MACH-B,43.97,1.16
2023-04-01 19:00:00,MACH-B,57.17,2.62
2023-04-01 20:00:00,MACH-B,22.64,2.54
2023-04-01 21:00:00,MACH-B,49.33,1.68
2023-04-01 22:00:00,MACH-B,41.68,2.76
2023-04-01 23:00:00,MACH-B,54.94,2.08
2023-04-02 00:00:00,MACH-B,24.69,2.57
2023-04-02 01:00:00,MACH-B,45.35,1.85
2023-04-02 02:00:00,MACH-B,43.57,2.16
2023-04-02 03:00:00,MACH-B,59.04,1.83
2023-04-02 04:00:00,MACH-B,42.08,2.84
2023-04-02 05:00:00,MACH-B,47.78,1.92
2023-04-02 06:00:00,MACH-B,50.71,1.96
2023-04-02 07:00:00,MACH-B,49.76,1.19
2023-04-02 08:00:00,MACH-B,49.56,1.94
2023-04-02 09:00:00,MACH-B,50.62,2.87
2023-04-02 10:00:00,MACH-B,49.99,2.68
2023-04-02 11:00:00,MACH-B,73.77,1.91
2023-04-02 12:00:00,MACH-B,32.07,1.95
2023-04-02 13:00:00,MACH-B,42.09,1.38
2023-04-02 14:00:00,MACH-B,49.53,2.17
2023-04-02 15:00:00,MACH-B,61.13,2.16
2023-04-02 16:00:00,MACH-B,59.54,2.26
2023-04-02 17:00:00,MACH-B,60.38,1.21
2023-04-02 18:00:00,MACH-B,49.65,2.58
2023-04-02 19:00:00,MACH-B,62.41,1.89
2023-04-02 20:00:00,MACH-B,44.01,2.61
2023-04-02 21:00:00,MACH-B,59.16,2.1
2023-04-02 22:00:00,MACH-B,51.89,2.71
2023-04-02 23:00:00,MACH-B,52.07,2.32
2023-04-03 00:00:00,MACH-B,36.79,1.58
2023-04-03 01:00:00,MACH-B,32.3,2.41
2023-04-03 02:00:00,MACH-B,47.09,2.51
2023-04-03 03:00:00,MACH-B,49.07,2.11
2023-04-03 04:00:00,MACH-B,38.79,1.86
2023-04-03 05:00:00,MACH-B,59.26,2.46
2023-04-03 06:00:00,MACH-B,41.77,2.58
2023-04-03 07:00:00,MACH-B,55.76,1.34
2023-04-03 08:00:00,MACH-B,47.06,2.07
2023-04-03 09:00:00,MACH-B,57.82,1.9
2023-04-03 10:00:00,MACH-B,38.02,2.95
2023-04-03 11:00:00,MACH-B,33.95,1.64
2023-04-03 12:00:00,MACH-B,55.39,2.28
2023-04-03 13:00:00,MACH-B,58.53,2.35
2023-04-03 14:00:00,MACH-B,53.15,2.03
2023-04-03 15:00:00,MACH-B,41.17,2.69
2023-04-03 16:00:00,MACH-B,56.76,1.95
2023-04-03 17:00:00,MACH-B,55.68,1.39
2023-04-03 18:00:00,MACH-B,38.58,2.73
2023-04-03 19:00:00,MACH-B,54.49,1.78
2023-04-03 20:00:00,MACH-B,51.43,2.05
2023-04-03 21:00:00,MACH-B,51.05,1.92
2023-04-03 22:00:00,MACH-B,36.17,1.53
2023-04-03 23:00:00,MACH-B,58.23,1.54
2023-04-04 00:00:00,MACH-B,44.57,1.23
2023-04-04 01:00:00,MACH-B,43.52,2.26
2023-04-04 02:00:00,MACH-B,54.55,2.36
2023-04-04 03:00:00,MACH-B,47.82,2.12
2023-04-04 04:00:00,MACH-B,35.64,2.3
2023-04-04 05:00:00,MACH-B,65.29,1.93
2023-04-04 06:00:00,MACH-B,52.28,2.1
2023-04-04 07:00:00,MACH-B,49.8,1.99
2023-04-04 08:00:00,MACH-B,49.69,1.96
2023-04-04 09:00:00,MACH-B,50.15,1.46
2023-04-04 10:00:00,MACH-B,50.97,2.66
2023-04-04 11:00:00,MACH-B,61.41,1.86
2023-04-04 12:00:00,MACH-B,65.81,1.77
2023-04-04 13:00:00,MACH-B,47.1,1.72
2023-04-04 14:00:00,MACH-B,56.76,1.81
2023-04-04 15:00:00,MACH-B,56.27,1.81
2023-04-04 16:00:00,MACH-B,56.89,2.1
2023-04-04 17:00:00,MACH-B,62.71,1.16
2023-04-04 18:00:00,MACH-B,58.52,1.57
2023-04-04 19:00:00,MACH-B,54.17,2.74
2023-04-04 20:00:00,MACH-B,43.65,2.71
2023-04-04 21:00:00,MACH-B,53.03,1.87
2023-04-04 22:00:00,MACH-B,82.39,3.92
2023-04-04 23:00:00,MACH-B,54.61,2.35
2023-04-05 00:00:00,MACH-B,53.19,2.74
2023-04-05 01:00:00,MACH-B,35.68,2.05
2023-04-05 02:00:00,MACH-B,45.31,1.87
2023-04-05 03:00:00,MACH-B,42.59,2.48
2023-04-05 04:00:00,MACH-B,57.03,2.56
2023-04-05 05:00:00,MACH-B,47.06,1.86
2023-04-05 06:00:00,MACH-B,35.77,2.22
2023-04-05 07:00:00,MACH-B,54.46,0.53
2023-04-05 08:00:00,MACH-B,52.07,1.67
2023-04-05 09:00:00,MACH-B,51.25,2.71
2023-04-05 10:00:00,MACH-B,38.98,1.73
2023-04-05 11:00:00,MACH-B,55.88,1.97
2023-04-05 12:00:00,MACH-B,48.87,1.94
2023-04-05 13:00:00,MACH-B,48.27,1.45
2023-04-05 14:00:00,MACH-B,37.42,1.96
2023-04-05 15:00:00,MACH-B,37.78,1.9
2023-04-05 16:00:00,MACH-B,90.99,1.54
2023-04-05 17:00:00,MACH-B,38.47,1.93
2023-04-05 18:00:00,MACH-B,28.93,1.41
2023-04-05 19:00:00,MACH-B,46.15,1.98
2023-04-05 20:00:00,MACH-B,48.1,1.96
2023-04-05 21:00:00,MACH-B,40.83,2.99
2023-04-05 22:00:00,MACH-B,41.78,1.6
2023-04-05 23:00:00,MACH-B,48.81,2.41
2023-04-06 00:00:00,MACH-B,53.64,1.28
2023-04-06 01:00:00,MACH-B,36.0,3.23
2023-04-06 02:00:00,MACH-B,46.04,2.2
2023-04-06 03:00:00,MACH-B,49.98,2.12
2023-04-06 04:00:00,MACH-B,47.61,2.31
2023-04-06 05:00:00,MACH-B,43.13,2.03
2023-04-06 06:00:00,MACH-B,39.75,1.79
2023-04-06 07:00:00,MACH-B,67.3,1.53
2023-04-06 08:00:00,MACH-B,26.63,2.1
2023-04-06 09:00:00,MACH-B,60.25,2.63
2023-04-06 10:00:00,MACH-B,38.57,1.07
2023-04-06 11:00:00,MACH-B,52.4,3.11
2023-04-06 12:00:00,MACH-B,50.78,1.57
2023-04-06 13:00:00,MACH-B,39.61,2.15
2023-04-06 14:00:00,MACH-B,48.08,1.64
2023-04-06 15:00:00,MACH-B,46.03,1.97
2023-04-06 16:00:00,MACH-B,50.28,2.16
2023-04-06 17:00:00,MACH-B,62.82,1.91
2023-04-06 18:00:00,MACH-B,64.23,2.09
2023-04-06 19:00:00,MACH-B,42.33,2.06
2023-04-06 20:00:00,MACH-B,53.46,2.28
2023-04-06 21:00:00,MACH-B,60.19,2.25
2023-04-06 22:00:00,MACH-B,45.67,0.92
2023-04-06 23:00:00,MACH-B,56.0,1.83
2023-04-07 00:00:00,MACH-B,73.8,2.67
2023-04-07 01:00:00,MACH-B,38.6,2.42
2023-04-07 02:00:00,MACH-B,54.79,1.44
2023-04-07 03:00:00,MACH-B,39.92,1.81
2023-04-07 04:00:00,MACH-B,43.75,1.89
2023-04-07 05:00:00,MACH-B,45.24,1.88
2023-04-07 06:00:00,MACH-B,54.43,1.92
2023-04-07 07:00:00,MACH-B,70.26,1.74
2023-04-07 08:00:00,MACH-B,44.03,1.52
2023-04-07 09:00:00,MACH-B,60.09,3.06
2023-04-07 10:00:00,MACH-B,40.98,2.09
2023-04-07 11:00:00,MACH-B,45.61,1.89
2023-04-07 12:00:00,MACH-B,63.13,2.38
2023-04-07 13:00:00,MACH-B,59.57,1.22
2023-04-07 14:00:00,MACH-B,45.88,2.27
2023-04-07 15:00:00,MACH-B,43.94,1.27
2023-04-07 16:00:00,MACH-B,54.69,2.18
2023-04-07 17:00:00,MACH-B,43.46,1.57
2023-04-07 18:00:00,MACH-B,45.2,2.35
2023-04-07 19:00:00,MACH-B,45.99,3.33
2023-04-07 20:00:00,MACH-B,48.22,2.08
2023-04-07 21:00:00,MACH-B,44.17,1.25
2023-04-07 22:00:00,MACH-B,33.65,1.67
2023-04-07 23:00:00,MACH-B,65.52,2.17
2023-04-08 00:00:00,MACH-B,58.21,2.63
2023-04-08 01:00:00,MACH-B,49.13,1.44
2023-04-08 02:00:00,MACH-B,42.61,2.94
2023-04-08 03:00:00,MACH-B,62.03,2.32
2023-04-08 04:00:00,MACH-B,54.68,1.99
2023-04-08 05:00:00,MACH-B,43.51,2.43
2023-04-08 06:00:00,MACH-B,55.07,1.37
2023-04-08 07:00:00,MACH-B,50.81,1.54
2023-04-08 08:00:00,MACH-B,51.34,1.31
2023-04-08 09:00:00,MACH-B,58.62,3.12
2023-04-08 10:00:00,MACH-B,55.01,2.01
2023-04-08 11:00:00,MACH-B,58.54,2.09
2023-04-08 12:00:00,MACH-B,68.33,2.57
2023-04-08 13:00:00,MACH-B,55.84,1.29
2023-04-08 14:00:00,MACH-B,73.51,1.59
2023-04-08 15:00:00,MACH-B,61.94,2.18
2023-04-08 16:00:00,MACH-B,47.54,2.84
2023-04-08 17:00:00,MACH-B,34.86,2.44
2023-04-08 18:00:00,MACH-B,62.04,2.18
2023-04-08 19:00:00,MACH-B,37.08,2.13
2023-04-08 20:00:00,MACH-B,51.55,2.56
2023-04-08 21:00:00,MACH-B,57.22,1.52
2023-04-08 22:00:00,MACH-B,39.27,2.15
2023-04-08 23:00:00,MACH-B,43.7,2.23
2023-04-09 00:00:00,MACH-B,39.36,1.87
2023-04-09 01:00:00,MACH-B,70.65,1.93
2023-04-09 02:00:00,MACH-B,57.34,1.19
2023-04-09 03:00:00,MACH-B,42.76,1.72
2023-04-09 04:00:00,MACH-B,34.6,0.82
2023-04-09 05:00:00,MACH-B,41.28,2.34
2023-04-09 06:00:00,MACH-B,43.72,2.06
2023-04-09 07:00:00,MACH-B,44.45,1.93
2023-04-09 08:00:00,MACH-B,57.92,2.13
2023-04-09 09:00:00,MACH-B,35.89,2.15
2023-04-09 10:00:00,MACH-B,60.87,1.83
2023-04-09 11:00:00,MACH-B,31.93,1.3
2023-04-09 12:00:00,MACH-B,49.25,2.25
2023-04-09 13:00:00,MACH-B,43.04,1.5
2023-04-09 14:00:00,MACH-B,59.95,2.18
2023-04-09 15:00:00,MACH-B,64.4,2.66
2023-04-09 16:00:00,MACH-B,58.09,2.89
2023-04-09 17:00:00,MACH-B,54.43,2.19
2023-04-09 18:00:00,MACH-B,47.31,1.85
2023-04-09 19:00:00,MACH-B,63.41,1.76
2023-04-09 20:00:00,MACH-B,39.99,2.17
2023-04-09 21:00:00,MACH-B,54.47,1.03
2023-04-09 22:00:00,MACH-B,60.85,1.6
2023-04-09 23:00:00,MACH-B,59.16,1.62
2023-04-10 00:00:00,MACH-B,55.29,2.21
2023-04-10 01:00:00,MACH-B,55.02,1.97
2023-04-10 02:00:00,MACH-B,58.92,2.08
2023-04-10 03:00:00,MACH-B,48.67,1.94
2023-04-10 04:00:00,MACH-B,64.27,1.89
2023-04-10 05:00:00,MACH-B,70.57,2.15
2023-04-10 06:00:00,MACH-B,31.51,2.35
2023-04-10 07:00:00,MACH-B,46.06,2.53
2023-04-10 08:00:00,MACH-B,38.84,1.99
2023-04-10 09:00:00,MACH-B,43.47,2.53
2023-04-10 10:00:00,MACH-B,51.24,2.8
2023-04-10 11:00:00,MACH-B,54.71,1.7
2023-04-10 12:00:00,MACH-B,48.35,2.4
2023-04-10 13:00:00,MACH-B,56.36,1.72
2023-04-10 14:00:00,MACH-B,42.63,2.61
2023-04-10 15:00:00,MACH-B,45.95,2.09
2023-04-10 16:00:00,MACH-B,56.46,1.8
2023-04-10 17:00:00,MACH-B,46.69,1.55
2023-04-10 18:00:00,MACH-B,37.11,1.71
2023-04-10 19:00:00,MACH-B,72.32,1.92
2023-04-10 20:00:00,MACH-B,59.38,2.56
2023-04-10 21:00:00,MACH-B,51.63,1.85
2023-04-10 22:00:00,MACH-B,58.92,1.77
2023-04-10 23:00:00,MACH-B,54.17,2.89
2023-04-11 00:00:00,MACH-B,34.12,1.8
2023-04-11 01:00:00,MACH-B,51.53,1.42
2023-04-11 02:00:00,MACH-B,42.77,1.32
2023-04-11 03:00:00,MACH-B,51.13,1.63
2023-04-11 04:00:00,MACH-B,54.04,2.0
2023-04-11 05:00:00,MACH-B,59.52,2.01
2023-04-11 06:00:00,MACH-B,40.14,1.69
2023-04-11 07:00:00,MACH-B,40.51,1.23
2023-04-11 08:00:00,MACH-B,45.26,1.56
2023-04-11 09:00:00,MACH-B,88.27,4.67
2023-04-11 10:00:00,MACH-B,46.37,0.5
2023-04-11 11:00:00,MACH-B,55.35,0.84
2023-04-11 12:00:00,MACH-B,49.44,2.15
2023-04-11 13:00:00,MACH-B,46.05,1.85
2023-04-11 14:00:00,MACH-B,51.34,2.29
2023-04-11 15:00:00,MACH-B,57.92,1.66
2023-04-11 16:00:00,MACH-B,56.74,1.7
2023-04-11 17:00:00,MACH-B,37.91,1.57
2023-04-11 18:00:00,MACH-B,53.35,1.55
2023-04-11 19:00:00,MACH-B,66.31,1.62
2023-04-11 20:00:00,MACH-B,53.05,2.87
2023-04-11 21:00:00,MACH-B,61.31,1.94
2023-04-11 22:00:00,MACH-B,67.4,1.6
2023-04-11 23:00:00,MACH-B,51.64,2.48
2023-04-12 00:00:00,MACH-B,49.38,1.99
2023-04-12 01:00:00,MACH-B,54.3,2.54
2023-04-12 02:00:00,MACH-B,62.87,2.25
2023-04-12 03:00:00,MACH-B,48.41,2.07
2023-04-12 04:00:00,MACH-B,38.53,2.15
2023-04-12 05:00:00,MACH-B,53.6,2.19
2023-04-12 06:00:00,MACH-B,59.28,1.36
2023-04-12 07:00:00,MACH-B,54.0,2.06
2023-04-12 08:00:00,MACH-B,54.39,2.14
2023-04-12 09:00:00,MACH-B,49.61,2.2
2023-04-12 10:00:00,MACH-B,47.65,1.76
2023-04-12 11:00:00,MACH-B,62.71,2.6
2023-04-12 12:00:00,MACH-B,32.16,2.11
2023-04-12 13:00:00,MACH-B,50.92,1.79
2023-04-12 14:00:00,MACH-B,40.18,2.2
2023-04-12 15:00:00,MACH-B,49.67,2.52
2023-04-12 16:00:00,MACH-B,52.64,1.64
2023-04-12 17:00:00,MACH-B,55.06,1.57
2023-04-12 18:00:00,MACH-B,51.42,2.41
2023-04-12 19:00:00,MACH-B,63.91,2.48
2023-04-12 20:00:00,MACH-B,51.06,1.95
2023-04-12 21:00:00,MACH-B,39.39,1.91
2023-04-12 22:00:00,MACH-B,60.35,2.44
2023-04-12 23:00:00,MACH-B,53.37,1.6
2023-04-13 00:00:00,MACH-B,40.4,0.81
2023-04-13 01:00:00,MACH-B,57.31,2.06
2023-04-13 02:00:00,MACH-B,44.42,2.06
2023-04-13 03:00:00,MACH-B,59.35,2.47
2023-04-13 04:00:00,MACH-B,37.38,2.4
2023-04-13 05:00:00,MACH-B,48.75,2.83
2023-04-13 06:00:00,MACH-B,54.3,2.13
2023-04-13 07:00:00,MACH-B,39.33,3.11
2023-04-13 08:00:00,MACH-B,55.23,2.59
2023-04-13 09:00:00,MACH-B,60.33,2.06
2023-04-13 10:00:00,MACH-B,47.96,2.53
2023-04-13 11:00:00,MACH-B,53.93,1.55
2023-04-13 12:00:00,MACH-B,42.05,1.86
2023-04-13 13:00:00,MACH-B,78.61,1.93
2023-04-13 14:00:00,MACH-B,50.06,1.91
2023-04-13 15:00:00,MACH-B,53.31,2.43
2023-04-13 16:00:00,MACH-B,47.32,2.55
2023-04-13 17:00:00,MACH-B,43.39,2.39
2023-04-13 18:00:00,MACH-B,59.64,1.69
2023-04-13 19:00:00,MACH-B,25.93,2.34
2023-04-13 20:00:00,MACH-B,31.76,2.61
2023-04-13 21:00:00,MACH-B,53.2,2.36
2023-04-13 22:00:00,MACH-B,46.32,1.29
2023-04-13 23:00:00,MACH-B,58.45,1.52
2023-04-14 00:00:00,MACH-B,44.82,2.28
2023-04-14 01:00:00,MACH-B,33.28,2.58
2023-04-14 02:00:00,MACH-B,49.34,1.51
2023-04-14 03:00:00,MACH-B,47.32,2.0
2023-04-14 04:00:00,MACH-B,39.18,2.02
2023-04-14 05:00:00,MACH-B,57.86,1.5
2023-04-14 06:00:00,MACH-B,53.57,2.14
2023-04-14 07:00:00,MACH-B,40.14,2.2
2023-04-14 08:00:00,MACH-B,34.67,2.09
2023-04-14 09:00:00,MACH-B,53.55,2.5
2023-04-14 10:00:00,MACH-B,40.44,1.98
2023-04-14 11:00:00,MACH-B,40.41,2.35
2023-04-14 12:00:00,MACH-B,48.91,2.21
2023-04-14 13:00:00,MACH-B,50.47,2.33
2023-04-14 14:00:00,MACH-B,55.03,1.77
2023-04-14 15:00:00,MACH-B,60.57,2.27
2023-04-14 16:00:00,MACH-B,45.36,2.58
2023-04-14 17:00:00,MACH-B,55.88,2.47
2023-04-14 18:00:00,MACH-B,48.26,2.62
2023-04-14 19:00:00,MACH-B,61.77,2.1
2023-04-14 20:00:00,MACH-B,41.52,2.8
2023-04-14 21:00:00,MACH-B,55.24,1.86
2023-04-14 22:00:00,MACH-B,41.73,1.87
2023-04-14 23:00:00,MACH-B,40.93,2.88
2023-04-15 00:00:00,MACH-B,45.44,2.23
2023-04-15 01:00:00,MACH-B,28.98,2.46
2023-04-15 02:00:00,MACH-B,59.87,1.14
2023-04-15 03:00:00,MACH-B,41.27,2.18
2023-04-15 04:00:00,MACH-B,45.39,2.14
2023-04-15 05:00:00,MACH-B,40.33,2.29
2023-04-15 06:00:00,MACH-B,59.5,2.28
2023-04-15 07:00:00,MACH-B,52.67,1.83
2023-04-15 08:00:00,MACH-B,55.51,3.23
2023-04-15 09:00:00,MACH-B,51.7,1.61
2023-04-15 10:00:00,MACH-B,51.68,1.88
2023-04-15 11:00:00,MACH-B,53.32,2.47
2023-04-15 12:00:00,MACH-B,59.49,1.5
2023-04-15 13:00:00,MACH-B,38.53,1.98
2023-04-15 14:00:00,MACH-B,44.29,2.39
2023-04-15 15:00:00,MACH-B,39.49,1.77
2023-04-15 16:00:00,MACH-B,56.0,1.67
2023-04-15 17:00:00,MACH-B,54.41,2.22
2023-04-15 18:00:00,MACH-B,57.18,2.09
2023-04-15 19:00:00,MACH-B,24.5,1.7
2023-04-15 20:00:00,MACH-B,45.67,2.08
2023-04-15 21:00:00,MACH-B,26.2,2.0
2023-04-15 22:00:00,MACH-B,69.51,2.5
2023-04-15 23:00:00,MACH-B,51.27,1.53
2023-04-16 00:00:00,MACH-B,41.83,1.59
2023-04-16 01:00:00,MACH-B,48.78,1.88
2023-04-16 02:00:00,MACH-B,49.82,1.87
2023-04-16 03:00:00,MACH-B,69.77,2.48
2023-04-16 04:00:00,MACH-B,48.08,2.08
2023-04-16 05:00:00,MACH-B,51.86,2.33
2023-04-16 06:00:00,MACH-B,44.07,2.72
2023-04-16 07:00:00,MACH-B,71.09,1.6
2023-04-16 08:00:00,MACH-B,65.72,2.73
2023-04-16 09:00:00,MACH-B,30.44,2.02
2023-04-16 10:00:00,MACH-B,58.54,0.85
2023-04-16 11:00:00,MACH-B,54.48,2.12
2023-04-16 12:00:00,MACH-B,42.24,1.31
2023-04-16 13:00:00,MACH-B,40.07,1.34
2023-04-16 14:00:00,MACH-B,29.7,1.5
2023-04-16 15:00:00,MACH-B,56.43,1.97
2023-04-16 16:00:00,MACH-B,36.41,1.38
2023-04-16 17:00:00,MACH-B,53.1,2.64
2023-04-16 18:00:00,MACH-B,39.12,2.56
2023-04-16 19:00:00,MACH-B,38.05,3.3
2023-04-16 20:00:00,MACH-B,50.5,1.96
2023-04-16 21:00:00,MACH-B,62.51,1.76
2023-04-16 22:00:00,MACH-B,91.8,3.37
2023-04-16 23:00:00,MACH-B,49.41,2.43
2023-04-17 00:00:00,MACH-B,51.03,2.65
2023-04-17 01:00:00,MACH-B,49.21,1.7
2023-04-17 02:00:00,MACH-B,53.1,2.5
2023-04-17 03:00:00,MACH-B,50.16,2.5
2023-04-17 04:00:00,MACH-B,32.59,3.48
2023-04-17 05:00:00,MACH-B,63.05,2.71
2023-04-17 06:00:00,MACH-B,53.95,2.94
2023-04-17 07:00:00,MACH-B,47.87,3.0
2023-04-17 08:00:00,MACH-B,40.01,1.67
2023-04-17 09:00:00,MACH-B,46.35,1.62
2023-04-17 10:00:00,MACH-B,58.74,2.5
2023-04-17 11:00:00,MACH-B,36.69,1.82
2023-04-17 12:00:00,MACH-B,41.61,2.39
2023-04-17 13:00:00,MACH-B,49.15,1.97
2023-04-17 14:00:00,MACH-B,33.93,2.21
2023-04-17 15:00:00,MACH-B,40.29,2.17
2023-04-17 16:00:00,MACH-B,47.24,2.36
2023-04-17 17:00:00,MACH-B,25.49,1.41
2023-04-17 18:00:00,MACH-B,47.59,1.36
2023-04-17 19:00:00,MACH-B,36.85,1.95
2023-04-17 20:00:00,MACH-B,61.83,2.06
2023-04-17 21:00:00,MACH-B,44.46,2.84
2023-04-17 22:00:00,MACH-B,57.38,2.22
2023-04-17 23:00:00,MACH-B,53.86,2.12
2023-04-18 00:00:00,MACH-B,42.11,1.88
2023-04-18 01:00:00,MACH-B,53.52,2.26
2023-04-18 02:00:00,MACH-B,67.0,1.89
2023-04-18 03:00:00,MACH-B,50.5,1.41
2023-04-18 04:00:00,MACH-B,46.45,2.54
2023-04-18 05:00:00,MACH-B,53.81,1.75
2023-04-18 06:00:00,MACH-B,54.84,1.79
2023-04-18 07:00:00,MACH-B,46.3,1.29
2023-04-18 08:00:00,MACH-B,20.96,2.19
2023-04-18 09:00:00,MACH-B,41.09,2.86
2023-04-18 10:00:00,MACH-B,36.96,1.15
2023-04-18 11:00:00,MACH-B,49.77,1.2
2023-04-18 12:00:00,MACH-B,61.76,2.2
2023-04-18 13:00:00,MACH-B,54.88,2.13
2023-04-18 14:00:00,MACH-B,45.02,1.76
2023-04-18 15:00:00,MACH-B,52.62,1.72
2023-04-18 16:00:00,MACH-B,49.8,2.15
2023-04-18 17:00:00,MACH-B,55.21,1.05
2023-04-18 18:00:00,MACH-B,55.76,1.35
2023-04-18 19:00:00,MACH-B,63.02,1.5
2023-04-18 20:00:00,MACH-B,48.61,1.8
2023-04-18 21:00:00,MACH-B,32.02,1.82
2023-04-18 22:00:00,MACH-B,36.75,0.7
2023-04-18 23:00:00,MACH-B,50.17,1.35
2023-04-19 00:00:00,MACH-B,47.31,2.29
2023-04-19 01:00:00,MACH-B,57.22,2.25
2023-04-19 02:00:00,MACH-B,60.37,2.43
2023-04-19 03:00:00,MACH-B,50.36,2.26
2023-04-19 04:00:00,MACH-B,37.5,1.95
2023-04-19 05:00:00,MACH-B,55.62,1.51
2023-04-19 06:00:00,MACH-B,52.79,1.51
2023-04-19 07:00:00,MACH-B,56.35,1.58
2023-04-19 08:00:00,MACH-B,42.75,2.41
2023-04-19 09:00:00,MACH-B,79.81,2.26
2023-04-19 10:00:00,MACH-B,32.55,1.52
2023-04-19 11:00:00,MACH-B,50.93,2.19
2023-04-19 12:00:00,MACH-B,57.15,2.31
2023-04-19 13:00:00,MACH-B,58.27,2.26
2023-04-19 14:00:00,MACH-B,50.1,2.45
2023-04-19 15:00:00,MACH-B,56.21,2.03
2023-04-19 16:00:00,MACH-B,59.05,1.87
2023-04-19 17:00:00,MACH-B,51.08,2.04
2023-04-19 18:00:00,MACH-B,52.29,2.51
2023-04-19 19:00:00,MACH-B,56.41,2.38
2023-04-19 20:00:00,MACH-B,50.21,2.05
2023-04-19 21:00:00,MACH-B,63.34,2.57
2023-04-19 22:00:00,MACH-B,59.97,2.93
2023-04-19 23:00:00,MACH-B,46.94,3.28
2023-04-20 00:00:00,MACH-B,42.82,3.27
2023-04-20 01:00:00,MACH-B,57.73,3.61
2023-04-20 02:00:00,MACH-B,50.86,2.67
2023-04-20 03:00:00,MACH-B,44.07,0.66
2023-04-20 04:00:00,MACH-B,45.2,2.11
2023-04-20 05:00:00,MACH-B,56.48,1.27
2023-04-20 06:00:00,MACH-B,45.35,2.84
2023-04-20 07:00:00,MACH-B,64.46,1.84
2023-04-20 08:00:00,MACH-B,40.02,2.22
2023-04-20 09:00:00,MACH-B,44.99,1.93
2023-04-20 10:00:00,MACH-B,40.7,2.9
2023-04-20 11:00:00,MACH-B,37.81,1.41
2023-04-20 12:00:00,MACH-B,42.04,2.35
2023-04-20 13:00:00,MACH-B,44.91,1.48
2023-04-20 14:00:00,MACH-B,45.8,0.93
2023-04-20 15:00:00,MACH-B,28.35,2.09
2023-04-20 16:00:00,MACH-B,38.07,1.39
2023-04-20 17:00:00,MACH-B,51.8,1.25
2023-04-20 18:00:00,MACH-B,42.98,1.22
2023-04-20 19:00:00,MACH-B,60.41,1.81
2023-04-20 20:00:00,MACH-B,47.58,2.47
2023-04-20 21:00:00,MACH-B,55.92,1.27
2023-04-20 22:00:00,MACH-B,46.28,2.54
2023-04-20 23:00:00,MACH-B,59.15,1.73
2023-04-21 00:00:00,MACH-B,26.66,1.47
2023-04-21 01:00:00,MACH-B,51.07,2.61
2023-04-21 02:00:00,MACH-B,65.3,2.48
2023-04-21 03:00:00,MACH-B,35.43,2.41
2023-04-21 04:00:00,MACH-B,57.52,2.12
2023-04-21 05:00:00,MACH-B,53.92,1.46
2023-04-21 06:00:00,MACH-B,35.73,2.62
2023-04-21 07:00:00,MACH-B,53.48,2.01
2023-04-21 08:00:00,MACH-B,53.41,2.07
2023-04-21 09:00:00,MACH-B,49.09,2.2
2023-04-21 10:00:00,MACH-B,61.41,2.5
2023-04-21 11:00:00,MACH-B,60.03,1.19
2023-04-21 12:00:00,MACH-B,58.15,1.98
2023-04-21 13:00:00,MACH-B,64.02,1.77
2023-04-21 14:00:00,MACH-B,41.88,2.74
2023-04-21 15:00:00,MACH-B,44.77,2.87
2023-04-21 16:00:00,MACH-B,43.41,2.15
2023-04-21 17:00:00,MACH-B,44.89,1.34
2023-04-21 18:00:00,MACH-B,45.08,1.7
2023-04-21 19:00:00,MACH-B,48.64,0.74
2023-04-21 20:00:00,MACH-B,46.15,2.51
2023-04-21 21:00:00,MACH-B,39.12,1.71
2023-04-21 22:00:00,MACH-B,57.94,2.61
2023-04-21 23:00:00,MACH-B,41.24,1.72
2023-04-22 00:00:00,MACH-B,65.74,1.9
2023-04-22 01:00:00,MACH-B,58.07,1.81
2023-04-22 02:00:00,MACH-B,38.22,1.2
2023-04-22 03:00:00,MACH-B,49.8,1.19
2023-04-22 04:00:00,MACH-B,35.84,2.99
2023-04-22 05:00:00,MACH-B,62.74,1.62
2023-04-22 06:00:00,MACH-B,50.05,2.37
2023-04-22 07:00:00,MACH-B,49.67,3.32
2023-04-22 08:00:00,MACH-B,52.21,1.79
2023-04-22 09:00:00,MACH-B,48.28,2.23
2023-04-22 10:00:00,MACH-B,43.41,2.14
2023-04-22 11:00:00,MACH-B,49.04,2.17
2023-04-22 12:00:00,MACH-B,62.54,2.24
2023-04-22 13:00:00,MACH-B,44.43,1.4
2023-04-22 14:00:00,MACH-B,63.94,1.28
2023-04-22 15:00:00,MACH-B,45.28,1.98
2023-04-22 16:00:00,MACH-B,51.8,2.7
2023-04-22 17:00:00,MACH-B,69.61,2.46
2023-04-22 18:00:00,MACH-B,55.65,1.29
2023-04-22 19:00:00,MACH-B,53.54,2.29
2023-04-22 20:00:00,MACH-B,56.54,2.13
2023-04-22 21:00:00,MACH-B,59.99,2.07
2023-04-22 22:00:00,MACH-B,41.63,2.06
2023-04-22 23:00:00,MACH-B,54.98,2.15
2023-04-23 00:00:00,MACH-B,52.58,1.98
2023-04-23 01:00:00,MACH-B,28.34,1.7
2023-04-23 02:00:00,MACH-B,52.48,1.89
2023-04-23 03:00:00,MACH-B,40.1,1.08
2023-04-23 04:00:00,MACH-B,51.13,2.26
2023-04-23 05:00:00,MACH-B,59.84,2.25
2023-04-23 06:00:00,MACH-B,40.66,2.83
2023-04-23 07:00:00,MACH-B,48.81,2.31
2023-04-23 08:00:00,MACH-B,45.74,1.9
2023-04-23 09:00:00,MACH-B,61.41,2.24
2023-04-23 10:00:00,MACH-B,44.5,1.84
2023-04-23 11:00:00,MACH-B,52.17,1.66
2023-04-23 12:00:00,MACH-B,56.31,0.8
2023-04-23 13:00:00,MACH-B,57.6,2.19
2023-04-23 14:00:00,MACH-B,40.31,2.25
2023-04-23 15:00:00,MACH-B,47.46,2.65
2023-04-23 16:00:00,MACH-B,66.01,2.72
2023-04-23 17:00:00,MACH-B,49.84,2.17
2023-04-23 18:00:00,MACH-B,60.3,1.38
2023-04-23 19:00:00,MACH-B,70.58,1.4
2023-04-23 20:00:00,MACH-B,49.32,2.11
2023-04-23 21:00:00,MACH-B,58.31,2.45
2023-04-23 22:00:00,MACH-B,59.54,2.48
2023-04-23 23:00:00,MACH-B,36.41,1.78
2023-04-24 00:00:00,MACH-B,54.02,0.95
2023-04-24 01:00:00,MACH-B,65.03,1.4
2023-04-24 02:00:00,MACH-B,34.22,1.03
2023-04-24 03:00:00,MACH-B,48.86,2.17
2023-04-24 04:00:00,MACH-B,51.15,1.87
2023-04-24 05:00:00,MACH-B,49.01,1.85
2023-04-24 06:00:00,MACH-B,47.99,2.24
2023-04-24 07:00:00,MACH-B,38.89,1.82
2023-04-24 08:00:00,MACH-B,53.85,2.96
2023-04-24 09:00:00,MACH-B,42.54,1.9
2023-04-24 10:00:00,MACH-B,42.8,1.14
2023-04-24 11:00:00,MACH-B,31.13,0.73
2023-04-24 12:00:00,MACH-B,35.76,2.27
2023-04-24 13:00:00,MACH-B,64.78,2.32
2023-04-24 14:00:00,MACH-B,50.78,2.31
2023-04-24 15:00:00,MACH-B,57.4,1.34
2023-04-24 16:00:00,MACH-B,41.13,1.56
2023-04-24 17:00:00,MACH-B,30.56,2.84
2023-04-24 18:00:00,MACH-B,43.43,1.91
2023-04-24 19:00:00,MACH-B,30.86,1.69
2023-04-24 20:00:00,MACH-B,43.0,2.69
2023-04-24 21:00:00,MACH-B,61.51,1.49
2023-04-24 22:00:00,MACH-B,49.01,1.79
2023-04-24 23:00:00,MACH-B,64.49,2.62
2023-04-25 00:00:00,MACH-B,55.7,2.66
2023-04-25 01:00:00,MACH-B,60.66,2.68
2023-04-25 02:00:00,MACH-B,47.57,2.37
2023-04-25 03:00:00,MACH-B,36.08,3.01
2023-04-25 04:00:00,MACH-B,39.84,2.47
2023-04-25 05:00:00,MACH-B,62.25,2.17
2023-04-25 06:00:00,MACH-B,51.79,2.01
2023-04-25 07:00:00,MACH-B,36.25,1.85
2023-04-25 08:00:00,MACH-B,56.49,1.38
2023-04-25 09:00:00,MACH-B,34.42,0.89
2023-04-25 10:00:00,MACH-B,54.61,2.48
2023-04-25 11:00:00,MACH-B,47.41,1.95
2023-04-25 12:00:00,MACH-B,56.89,1.57
2023-04-25 13:00:00,MACH-B,47.36,3.02
2023-04-25 14:00:00,MACH-B,57.25,2.6
2023-04-25 15:00:00,MACH-B,34.69,1.92
2023-04-25 16:00:00,MACH-B,53.34,2.28
2023-04-25 17:00:00,MACH-B,45.56,1.99
2023-04-25 18:00:00,MACH-B,53.74,1.82
2023-04-25 19:00:00,MACH-B,46.92,2.62
2023-04-25 20:00:00,MACH-B,41.06,2.13
2023-04-25 21:00:00,MACH-B,48.95,1.38
2023-04-25 22:00:00,MACH-B,62.38,2.18
2023-04-25 23:00:00,MACH-B,43.96,2.32
2023-04-26 00:00:00,MACH-B,52.0,2.85
2023-04-26 01:00:00,MACH-B,43.27,2.15
2023-04-26 02:00:00,MACH-B,30.36,2.03
2023-04-26 03:00:00,MACH-B,50.75,2.26
2023-04-26 04:00:00,MACH-B,88.91,1.47
2023-04-26 05:00:00,MACH-B,36.63,3.36
2023-04-26 06:00:00,MACH-B,59.59,2.98
2023-04-26 07:00:00,MACH-B,26.29,2.48
2023-04-26 08:00:00,MACH-B,49.45,2.16
2023-04-26 09:00:00,MACH-B,83.41,3.22
2023-04-26 10:00:00,MACH-B,54.33,2.01
2023-04-26 11:00:00,MACH-B,44.48,2.25
2023-04-26 12:00:00,MACH-B,44.12,1.49
2023-04-26 13:00:00,MACH-B,38.67,1.73
2023-04-26 14:00:00,MACH-B,28.51,1.76
2023-04-26 15:00:00,MACH-B,47.06,1.69
2023-04-26 16:00:00,MACH-B,42.89,2.84
2023-04-26 17:00:00,MACH-B,45.83,1.92
2023-04-26 18:00:00,MACH-B,46.58,2.68
2023-04-26 19:00:00,MACH-B,41.6,1.76
2023-04-26 20:00:00,MACH-B,51.19,1.83
2023-04-26 21:00:00,MACH-B,47.82,2.02
2023-04-26 22:00:00,MACH-B,58.26,2.1
2023-04-26 23:00:00,MACH-B,73.79,1.47
2023-04-27 00:00:00,MACH-B,52.28,2.18
2023-04-27 01:00:00,MACH-B,61.07,1.44
2023-04-27 02:00:00,MACH-B,51.25,2.93
2023-04-27 03:00:00,MACH-B,54.65,1.73
2023-04-27 04:00:00,MACH-B,46.74,2.43
2023-04-27 05:00:00,MACH-B,48.97,1.72
2023-04-27 06:00:00,MACH-B,42.05,2.63
2023-04-27 07:00:00,MACH-B,64.18,1.76
2023-04-27 08:00:00,MACH-B,59.68,1.97
2023-04-27 09:00:00,MACH-B,52.55,1.88
2023-04-27 10:00:00,MACH-B,39.75,1.85
2023-04-27 11:00:00,MACH-B,48.24,1.27
2023-04-27 12:00:00,MACH-B,59.67,1.64
2023-04-27 13:00:00,MACH-B,74.46,2.18
2023-04-27 14:00:00,MACH-B,93.38,4.27
2023-04-27 15:00:00,MACH-B,62.25,1.43
2023-04-27 16:00:00,MACH-B,51.73,1.67
2023-04-27 17:00:00,MACH-B,62.76,1.96
2023-04-27 18:00:00,MACH-B,29.09,2.04
2023-04-27 19:00:00,MACH-B,41.39,2.19
2023-04-27 20:00:00,MACH-B,53.13,2.52
2023-04-27 21:00:00,MACH-B,37.83,2.17
2023-04-27 22:00:00,MACH-B,54.24,1.5
2023-04-27 23:00:00,MACH-B,50.39,2.35
2023-04-28 00:00:00,MACH-B,33.94,2.49
2023-04-28 01:00:00,MACH-B,32.08,1.21
2023-04-28 02:00:00,MACH-B,53.33,2.23
2023-04-28 03:00:00,MACH-B,38.53,2.66
2023-04-28 04:00:00,MACH-B,45.43,1.68
2023-04-28 05:00:00,MACH-B,56.31,2.35
2023-04-28 06:00:00,MACH-B,49.18,1.65
2023-04-28 07:00:00,MACH-B,45.77,1.85
2023-04-28 08:00:00,MACH-B,34.83,1.56
2023-04-28 09:00:00,MACH-B,65.0,2.31
2023-04-28 10:00:00,MACH-B,58.05,2.38
2023-04-28 11:00:00,MACH-B,43.56,2.21
2023-04-28 12:00:00,MACH-B,40.97,2.3
2023-04-28 13:00:00,MACH-B,44.38,2.36
2023-04-28 14:00:00,MACH-B,40.21,2.68
2023-04-28 15:00:00,MACH-B,47.03,1.71
2023-04-28 16:00:00,MACH-B,61.16,0.73
2023-04-28 17:00:00,MACH-B,60.12,1.8
2023-04-28 18:00:00,MACH-B,60.08,1.8
2023-04-28 19:00:00,MACH-B,37.02,2.41
2023-04-28 20:00:00,MACH-B,39.64,0.87
2023-04-28 21:00:00,MACH-B,59.62,2.13
2023-04-28 22:00:00,MACH-B,54.51,2.67
2023-04-28 23:00:00,MACH-B,45.65,2.01
2023-04-29 00:00:00,MACH-B,57.12,2.28
2023-04-29 01:00:00,MACH-B,55.05,1.65
2023-04-29 02:00:00,MACH-B,34.67,2.36
2023-04-29 03:00:00,MACH-B,89.76,3.75
2023-04-29 04:00:00,MACH-B,49.87,1.72
2023-04-29 05:00:00,MACH-B,28.41,2.03
2023-04-29 06:00:00,MACH-B,60.96,2.42
2023-04-29 07:00:00,MACH-B,55.11,1.95
2023-04-29 08:00:00,MACH-B,46.32,1.92
2023-04-29 09:00:00,MACH-B,37.68,1.98
2023-04-29 10:00:00,MACH-B,40.63,2.14
2023-04-29 11:00:00,MACH-B,19.73,2.1
2023-04-29 12:00:00,MACH-B,63.94,2.1
2023-04-29 13:00:00,MACH-B,51.94,1.39
2023-04-29 14:00:00,MACH-B,48.2,1.93
2023-04-29 15:00:00,MACH-B,68.35,2.63
2023-04-29 16:00:00,MACH-B,40.52,2.29
2023-04-29 17:00:00,MACH-B,47.98,2.6
2023-04-29 18:00:00,MACH-B,43.05,2.21
2023-04-29 19:00:00,MACH-B,70.81,2.11
2023-04-29 20:00:00,MACH-B,47.11,2.72
2023-04-29 21:00:00,MACH-B,51.85,1.78
2023-04-29 22:00:00,MACH-B,66.21,1.75
2023-04-29 23:00:00,MACH-B,60.84,2.87
2023-04-30 00:00:00,MACH-B,33.75,2.45
2023-04-30 01:00:00,MACH-B,46.85,1.86
2023-04-30 02:00:00,MACH-B,49.3,1.68
2023-04-30 03:00:00,MACH-B,51.6,1.48
2023-04-30 04:00:00,MACH-B,53.15,1.84
2023-04-30 05:00:00,MACH-B,40.94,2.46
2023-04-30 06:00:00,MACH-B,65.28,0.91
2023-04-30 07:00:00,MACH-B,54.46,2.55
2023-04-30 08:00:00,MACH-B,56.5,2.35
2023-04-30 09:00:00,MACH-B,63.73,1.48
2023-04-30 10:00:00,MACH-B,52.77,2.03
2023-04-30 11:00:00,MACH-B,47.91,1.75
2023-04-30 12:00:00,MACH-B,46.37,1.55
2023-04-30 13:00:00,MACH-B,47.75,2.15
2023-04-30 14:00:00,MACH-B,48.39,2.27
2023-04-30 15:00:00,MACH-B,30.88,2.38
2023-04-30 16:00:00,MACH-B,43.79,1.11
2023-04-30 17:00:00,MACH-B,39.07,1.78
2023-04-30 18:00:00,MACH-B,29.71,2.31
2023-04-30 19:00:00,MACH-B,51.57,2.49
2023-04-30 20:00:00,MACH-B,54.43,2.13
2023-04-30 21:00:00,MACH-B,41.39,2.54
2023-04-30 22:00:00,MACH-B,47.2,2.1
2023-04-30 23:00:00,MACH-B,55.66,2.26
2023-05-01 00:00:00,MACH-B,46.98,1.58
2023-05-01 01:00:00,MACH-B,48.64,2.36
2023-05-01 02:00:00,MACH-B,47.55,1.35
2023-05-01 03:00:00,MACH-B,56.02,1.49
2023-05-01 04:00:00,MACH-B,49.83,1.62
2023-05-01 05:00:00,MACH-B,46.75,2.84
2023-05-01 06:00:00,MACH-B,45.25,1.82
2023-05-01 07:00:00,MACH-B,41.62,2.22
2023-05-01 08:00:00,MACH-B,55.97,2.28
2023-05-01 09:00:00,MACH-B,55.66,2.27
2023-05-01 10:00:00,MACH-B,49.94,1.49
2023-05-01 11:00:00,MACH-B,59.38,2.18
2023-05-01 12:00:00,MACH-B,88.2,4.59
2023-05-01 13:00:00,MACH-B,53.25,1.18
2023-05-01 14:00:00,MACH-B,44.3,2.85
2023-05-01 15:00:00,MACH-B,61.99,1.88
2023-05-01 16:00:00,MACH-B,51.62,1.9
2023-05-01 17:00:00,MACH-B,53.87,2.53
2023-05-01 18:00:00,MACH-B,50.67,2.42
2023-05-01 19:00:00,MACH-B,50.84,1.71
2023-05-01 20:00:00,MACH-B,52.61,2.18
2023-05-01 21:00:00,MACH-B,29.46,2.29
2023-05-01 22:00:00,MACH-B,54.24,1.38
2023-05-01 23:00:00,MACH-B,42.88,1.67
2023-05-02 00:00:00,MACH-B,47.69,1.88
2023-05-02 01:00:00,MACH-B,43.44,2.06
2023-05-02 02:00:00,MACH-B,58.31,2.7
2023-05-02 03:00:00,MACH-B,42.08,1.71
2023-05-02 04:00:00,MACH-B,47.05,2.78
2023-05-02 05:00:00,MACH-B,43.51,2.29
2023-05-02 06:00:00,MACH-B,42.58,1.24
2023-05-02 07:00:00,MACH-B,42.7,2.21
2023-05-02 08:00:00,MACH-B,37.57,2.78
2023-05-02 09:00:00,MACH-B,44.37,1.95
2023-05-02 10:00:00,MACH-B,51.93,1.68
2023-05-02 11:00:00,MACH-B,40.89,1.77
2023-05-02 12:00:00,MACH-B,51.26,2.3
2023-05-02 13:00:00,MACH-B,55.3,1.36
2023-05-02 14:00:00,MACH-B,48.62,2.93
2023-05-02 15:00:00,MACH-B,38.09,2.61
2023-05-02 16:00:00,MACH-B,32.41,2.4
2023-05-02 17:00:00,MACH-B,58.09,1.48
2023-05-02 18:00:00,MACH-B,65.43,2.79
2023-05-02 19:00:00,MACH-B,64.1,2.69
2023-05-02 20:00:00,MACH-B,53.01,2.79
2023-05-02 21:00:00,MACH-B,53.1,2.23
2023-05-02 22:00:00,MACH-B,47.82,2.08
2023-05-02 23:00:00,MACH-B,47.64,2.21
2023-05-03 00:00:00,MACH-B,42.72,2.32
2023-05-03 01:00:00,MACH-B,41.54,2.72
2023-05-03 02:00:00,MACH-B,31.28,1.4
2023-05-03 03:00:00,MACH-B,57.0,2.2
2023-05-03 04:00:00,MACH-B,55.51,2.34
2023-05-03 05:00:00,MACH-B,46.21,2.6
2023-05-03 06:00:00,MACH-B,62.56,1.93
2023-05-03 07:00:00,MACH-B,72.34,2.13
2023-05-03 08:00:00,MACH-B,35.11,2.03
2023-05-03 09:00:00,MACH-B,55.67,2.23
2023-05-03 10:00:00,MACH-B,49.79,1.8
2023-05-03 11:00:00,MACH-B,66.1,2.41
2023-05-03 12:00:00,MACH-B,44.8,2.28
2023-05-03 13:00:00,MACH-B,60.62,1.36
2023-05-03 14:00:00,MACH-B,56.89,1.5
2023-05-03 15:00:00,MACH-B,61.53,1.99
2023-05-03 16:00:00,MACH-B,42.76,3.63
2023-05-03 17:00:00,MACH-B,46.14,1.94
2023-05-03 18:00:00,MACH-B,55.27,1.57
2023-05-03 19:00:00,MACH-B,61.31,1.73
2023-05-03 20:00:00,MACH-B,52.22,2.34
2023-05-03 21:00:00,MACH-B,31.01,2.88
2023-05-03 22:00:00,MACH-B,61.86,1.76
2023-05-03 23:00:00,MACH-B,62.96,2.18
2023-05-04 00:00:00,MACH-B,44.51,1.81
2023-05-04 01:00:00,MACH-B,58.51,2.4
2023-05-04 02:00:00,MACH-B,54.92,1.81
2023-05-04 03:00:00,MACH-B,41.09,2.47
2023-05-04 04:00:00,MACH-B,58.88,0.76
2023-05-04 05:00:00,MACH-B,49.57,2.39
2023-05-04 06:00:00,MACH-B,36.42,1.94
2023-05-04 07:00:00,MACH-B,58.98,2.32
2023-05-04 08:00:00,MACH-B,71.15,2.01
2023-05-04 09:00:00,MACH-B,26.97,1.42
2023-05-04 10:00:00,MACH-B,53.06,2.11
2023-05-04 11:00:00,MACH-B,52.66,2.41
2023-05-04 12:00:00,MACH-B,38.46,2.13
2023-05-04 13:00:00,MACH-B,60.26,1.28
2023-05-04 14:00:00,MACH-B,39.08,2.11
2023-05-04 15:00:00,MACH-B,50.84,2.26
2023-05-04 16:00:00,MACH-B,42.51,1.8
2023-05-04 17:00:00,MACH-B,39.74,0.5
2023-05-04 18:00:00,MACH-B,53.71,1.76
2023-05-04 19:00:00,MACH-B,42.88,1.37
2023-05-04 20:00:00,MACH-B,62.8,1.95
2023-05-04 21:00:00,MACH-B,50.22,1.37
2023-05-04 22:00:00,MACH-B,58.6,1.35
2023-05-04 23:00:00,MACH-B,57.98,2.39
2023-05-05 00:00:00,MACH-B,61.89,2.08
2023-05-05 01:00:00,MACH-B,47.09,2.25
2023-05-05 02:00:00,MACH-B,48.78,1.71
2023-05-05 03:00:00,MACH-B,41.12,1.76
2023-05-05 04:00:00,MACH-B,51.4,1.68
2023-05-05 05:00:00,MACH-B,42.01,1.75
2023-05-05 06:00:00,MACH-B,61.36,1.77
2023-05-05 07:00:00,MACH-B,40.84,1.5
2023-05-05 08:00:00,MACH-B,45.64,1.64
2023-05-05 09:00:00,MACH-B,55.45,2.1
2023-05-05 10:00:00,MACH-B,55.05,1.5
2023-05-05 11:00:00,MACH-B,38.55,2.16
2023-05-05 12:00:00,MACH-B,44.0,1.22
2023-05-05 13:00:00,MACH-B,46.92,2.15
2023-05-05 14:00:00,MACH-B,48.32,1.96
2023-05-05 15:00:00,MACH-B,51.97,2.16
2023-05-05 16:00:00,MACH-B,57.55,2.16
2023-05-05 17:00:00,MACH-B,48.59,1.49
2023-05-05 18:00:00,MACH-B,50.94,2.03
2023-05-05 19:00:00,MACH-B,42.15,1.44
2023-05-05 20:00:00,MACH-B,65.01,1.79
2023-05-05 21:00:00,MACH-B,54.12,2.47
2023-05-05 22:00:00,MACH-B,47.15,1.51
2023-05-05 23:00:00,MACH-B,62.29,1.97
2023-05-06 00:00:00,MACH-B,53.7,1.6
2023-05-06 01:00:00,MACH-B,52.2,2.15
2023-05-06 02:00:00,MACH-B,50.05,2.46
2023-05-06 03:00:00,MACH-B,60.16,1.77
2023-05-06 04:00:00,MACH-B,66.13,2.11
2023-05-06 05:00:00,MACH-B,59.99,1.89
2023-05-06 06:00:00,MACH-B,50.32,1.51
2023-05-06 07:00:00,MACH-B,63.39,2.18
2023-05-06 08:00:00,MACH-B,47.39,2.24
2023-05-06 09:00:00,MACH-B,41.18,1.51
2023-05-06 10:00:00,MACH-B,58.1,2.43
2023-05-06 11:00:00,MACH-B,64.41,2.64
2023-05-06 12:00:00,MACH-B,50.0,1.55
2023-05-06 13:00:00,MACH-B,66.48,2.69
2023-05-06 14:00:00,MACH-B,35.5,2.0
2023-05-06 15:00:00,MACH-B,49.08,1.97
2023-05-06 16:00:00,MACH-B,41.47,2.83
2023-05-06 17:00:00,MACH-B,41.27,2.42
2023-05-06 18:00:00,MACH-B,49.68,1.69
2023-05-06 19:00:00,MACH-B,67.23,1.75
2023-05-06 20:00:00,MACH-B,63.18,2.16
2023-05-06 21:00:00,MACH-B,63.95,2.16
2023-05-06 22:00:00,MACH-B,54.45,1.98
2023-05-06 23:00:00,MACH-B,47.13,1.65
2023-05-07 00:00:00,MACH-B,53.35,1.73
2023-05-07 01:00:00,MACH-B,35.84,1.99
2023-05-07 02:00:00,MACH-B,65.45,1.21
2023-05-07 03:00:00,MACH-B,32.16,2.25
2023-05-07 04:00:00,MACH-B,48.72,2.13
2023-05-07 05:00:00,MACH-B,49.99,1.53
2023-05-07 06:00:00,MACH-B,58.47,2.24
2023-05-07 07:00:00,MACH-B,54.39,1.14
2023-05-07 08:00:00,MACH-B,55.06,2.18
2023-05-07 09:00:00,MACH-B,26.5,2.45
2023-05-07 10:00:00,MACH-B,48.32,2.2
2023-05-07 11:00:00,MACH-B,43.66,2.3
2023-05-07 12:00:00,MACH-B,51.49,2.33
2023-05-07 13:00:00,MACH-B,48.68,2.2
2023-05-07 14:00:00,MACH-B,52.21,1.97
2023-05-07 15:00:00,MACH-B,38.07,1.84
2023-05-07 16:00:00,MACH-B,51.02,2.57
2023-05-07 17:00:00,MACH-B,67.5,2.3
2023-05-07 18:00:00,MACH-B,71.29,2.59
2023-05-07 19:00:00,MACH-B,63.5,2.5
2023-05-07 20:00:00,MACH-B,31.7,1.41
2023-05-07 21:00:00,MACH-B,47.1,1.67
2023-05-07 22:00:00,MACH-B,45.01,1.08
2023-05-07 23:00:00,MACH-B,51.53,1.22
2023-05-08 00:00:00,MACH-B,63.27,1.1
2023-05-08 01:00:00,MACH-B,49.54,0.87
2023-05-08 02:00:00,MACH-B,40.81,1.88
2023-05-08 03:00:00,MACH-B,61.61,2.59
2023-05-08 04:00:00,MACH-B,53.72,2.18
2023-05-08 05:00:00,MACH-B,57.72,2.35
2023-05-08 06:00:00,MACH-B,60.1,2.03
2023-05-08 07:00:00,MACH-B,46.61,2.07
2023-05-08 08:00:00,MACH-B,38.19,2.39
2023-05-08 09:00:00,MACH-B,52.17,1.92
2023-05-08 10:00:00,MACH-B,46.56,2.06
2023-05-08 11:00:00,MACH-B,50.73,1.8
2023-05-08 12:00:00,MACH-B,64.17,1.39
2023-05-08 13:00:00,MACH-B,52.0,1.94
2023-05-08 14:00:00,MACH-B,68.4,1.41
2023-05-08 15:00:00,MACH-B,52.95,2.44
2023-05-08 16:00:00,MACH-B,47.14,2.24
2023-05-08 17:00:00,MACH-B,37.4,2.74
2023-05-08 18:00:00,MACH-B,52.24,1.61
2023-05-08 19:00:00,MACH-B,40.84,1.31
2023-05-08 20:00:00,MACH-B,55.34,1.24
2023-05-08 21:00:00,MACH-B,48.87,2.79
2023-05-08 22:00:00,MACH-B,48.54,1.8
2023-05-08 23:00:00,MACH-B,50.85,1.25
2023-05-09 00:00:00,MACH-B,52.33,2.24
2023-05-09 01:00:00,MACH-B,49.66,1.83
2023-05-09 02:00:00,MACH-B,71.37,1.53
2023-05-09 03:00:00,MACH-B,42.28,2.74
2023-05-09 04:00:00,MACH-B,60.24,1.93
2023-05-09 05:00:00,MACH-B,62.56,2.28
2023-05-09 06:00:00,MACH-B,38.93,2.22
2023-05-09 07:00:00,MACH-B,50.56,3.36
2023-05-09 08:00:00,MACH-B,53.56,1.9
2023-05-09 09:00:00,MACH-B,51.71,1.5
2023-05-09 10:00:00,MACH-B,51.32,1.66
2023-05-09 11:00:00,MACH-B,56.25,2.49
2023-05-09 12:00:00,MACH-B,29.03,2.13
2023-05-09 13:00:00,MACH-B,49.01,1.76
2023-05-09 14:00:00,MACH-B,45.8,2.17
2023-05-09 15:00:00,MACH-B,42.81,2.66
2023-05-09 16:00:00,MACH-B,58.79,2.83
2023-05-09 17:00:00,MACH-B,60.32,2.18
2023-05-09 18:00:00,MACH-B,61.37,2.57
2023-05-09 19:00:00,MACH-B,58.51,1.29
2023-05-09 20:00:00,MACH-B,38.03,2.31
2023-05-09 21:00:00,MACH-B,51.46,1.91
2023-05-09 22:00:00,MACH-B,61.1,1.43
2023-05-09 23:00:00,MACH-B,24.81,1.53
2023-05-10 00:00:00,MACH-B,66.26,1.59
2023-05-10 01:00:00,MACH-B,37.46,2.15
2023-05-10 02:00:00,MACH-B,41.1,1.45
2023-05-10 03:00:00,MACH-B,57.66,2.35
2023-05-10 04:00:00,MACH-B,69.49,2.48
2023-05-10 05:00:00,MACH-B,40.66,1.94
2023-05-10 06:00:00,MACH-B,42.14,1.9
2023-05-10 07:00:00,MACH-B,62.55,2.08
2023-05-10 08:00:00,MACH-B,51.64,1.75
2023-05-10 09:00:00,MACH-B,47.52,2.73
2023-05-10 10:00:00,MACH-B,52.1,0.95
2023-05-10 11:00:00,MACH-B,71.84,1.81
2023-05-10 12:00:00,MACH-B,57.7,1.22
2023-05-10 13:00:00,MACH-B,53.55,2.29
2023-05-10 14:00:00,MACH-B,55.8,2.11
2023-05-10 15:00:00,MACH-B,54.16,2.38
2023-05-10 16:00:00,MACH-B,59.13,2.08
2023-05-10 17:00:00,MACH-B,43.62,2.2
2023-05-10 18:00:00,MACH-B,49.32,1.56
2023-05-10 19:00:00,MACH-B,49.8,2.07
2023-05-10 20:00:00,MACH-B,40.74,1.61
2023-05-10 21:00:00,MACH-B,39.02,2.31
2023-05-10 22:00:00,MACH-B,63.96,1.53
2023-05-10 23:00:00,MACH-B,57.09,1.74
2023-05-11 00:00:00,MACH-B,67.69,1.96
2023-05-11 01:00:00,MACH-B,55.05,2.77
2023-05-11 02:00:00,MACH-B,53.2,2.02
2023-05-11 03:00:00,MACH-B,47.96,3.01
2023-05-11 04:00:00,MACH-B,60.08,2.69
2023-05-11 05:00:00,MACH-B,37.27,1.85
2023-05-11 06:00:00,MACH-B,53.05,2.2
2023-05-11 07:00:00,MACH-B,59.25,2.28
2023-05-11 08:00:00,MACH-B,49.16,0.53
2023-05-11 09:00:00,MACH-B,87.39,3.86
2023-05-11 10:00:00,MACH-B,65.84,2.22
2023-05-11 11:00:00,MACH-B,47.7,2.26
2023-05-11 12:00:00,MACH-B,54.2,2.08
2023-05-11 13:00:00,MACH-B,60.23,1.44
2023-05-11 14:00:00,MACH-B,46.81,3.21
2023-05-11 15:00:00,MACH-B,39.21,2.28
2023-05-11 16:00:00,MACH-B,57.3,2.51
2023-05-11 17:00:00,MACH-B,51.16,2.47
2023-05-11 18:00:00,MACH-B,49.73,2.07
2023-05-11 19:00:00,MACH-B,51.7,2.04
2023-05-11 20:00:00,MACH-B,38.18,2.45
2023-05-11 21:00:00,MACH-B,47.5,1.74
2023-05-11 22:00:00,MACH-B,57.15,2.49
2023-05-11 23:00:00,MACH-B,49.97,2.09
2023-05-12 00:00:00,MACH-B,44.84,2.3
2023-05-12 01:00:00,MACH-B,42.61,2.09
2023-05-12 02:00:00,MACH-B,52.72,1.56
2023-05-12 03:00:00,MACH-B,58.41,1.92
2023-05-12 04:00:00,MACH-B,60.26,2.61
2023-05-12 05:00:00,MACH-B,44.44,2.32
2023-05-12 06:00:00,MACH-B,66.25,2.55
2023-05-12 07:00:00,MACH-B,51.14,2.47
2023-05-12 08:00:00,MACH-B,33.6,1.72
2023-05-12 09:00:00,MACH-B,51.19,1.22
2023-05-12 10:00:00,MACH-B,39.97,2.42
2023-05-12 11:00:00,MACH-B,54.09,1.92
2023-05-12 12:00:00,MACH-B,52.78,2.35
2023-05-12 13:00:00,MACH-B,34.77,2.7
2023-05-12 14:00:00,MACH-B,64.38,1.82
2023-05-12 15:00:00,MACH-B,43.55,1.62
2023-05-12 16:00:00,MACH-B,31.81,1.49
2023-05-12 17:00:00,MACH-B,62.81,1.99
2023-05-12 18:00:00,MACH-B,56.11,1.29
2023-05-12 19:00:00,MACH-B,47.44,2.18
2023-05-12 20:00:00,MACH-B,50.48,2.2
2023-05-12 21:00:00,MACH-B,48.83,2.2
2023-05-12 22:00:00,MACH-B,34.14,1.16
2023-05-12 23:00:00,MACH-B,36.02,2.6
2023-05-13 00:00:00,MACH-B,59.52,2.06
2023-05-13 01:00:00,MACH-B,54.13,1.77
2023-05-13 02:00:00,MACH-B,59.15,2.32
2023-05-13 03:00:00,MACH-B,62.08,2.32
2023-05-13 04:00:00,MACH-B,16.91,1.43
2023-05-13 05:00:00,MACH-B,45.92,1.98
2023-05-13 06:00:00,MACH-B,38.45,1.7
2023-05-13 07:00:00,MACH-B,48.72,1.79
2023-05-13 08:00:00,MACH-B,31.47,2.26
2023-05-13 09:00:00,MACH-B,55.97,1.56
2023-05-13 10:00:00,MACH-B,56.6,2.28
2023-05-13 11:00:00,MACH-B,72.74,1.54
2023-05-13 12:00:00,MACH-B,49.0,2.6
2023-05-13 13:00:00,MACH-B,56.77,1.67
2023-05-13 14:00:00,MACH-B,59.7,3.15
2023-05-13 15:00:00,MACH-B,67.19,2.41
2023-05-13 16:00:00,MACH-B,38.69,1.9
2023-05-13 17:00:00,MACH-B,58.95,1.52
2023-05-13 18:00:00,MACH-B,53.98,2.26
2023-05-13 19:00:00,MACH-B,33.83,2.51
2023-05-13 20:00:00,MACH-B,54.67,2.31
2023-05-13 21:00:00,MACH-B,57.42,1.71
2023-05-13 22:00:00,MACH-B,33.13,2.71
2023-05-13 23:00:00,MACH-B,49.24,2.15
2023-05-14 00:00:00,MACH-B,50.78,1.67
2023-05-14 01:00:00,MACH-B,50.48,3.11
2023-05-14 02:00:00,MACH-B,56.25,2.33
2023-05-14 03:00:00,MACH-B,44.0,2.2
2023-05-14 04:00:00,MACH-B,39.05,1.76
2023-05-14 05:00:00,MACH-B,54.87,1.98
2023-05-14 06:00:00,MACH-B,65.72,1.59
2023-05-14 07:00:00,MACH-B,64.98,2.09
2023-05-14 08:00:00,MACH-B,73.9,2.27
2023-05-14 09:00:00,MACH-B,46.3,1.03
2023-05-14 10:00:00,MACH-B,48.32,1.36
2023-05-14 11:00:00,MACH-B,28.48,1.54
2023-05-14 12:00:00,MACH-B,43.84,1.25
2023-05-14 13:00:00,MACH-B,34.2,1.59
2023-05-14 14:00:00,MACH-B,46.55,2.74
2023-05-14 15:00:00,MACH-B,63.62,2.57
2023-05-14 16:00:00,MACH-B,60.65,1.69
2023-05-14 17:00:00,MACH-B,46.7,2.28
2023-05-14 18:00:00,MACH-B,44.25,1.42
2023-05-14 19:00:00,MACH-B,41.88,2.98
2023-05-14 20:00:00,MACH-B,58.63,1.9
2023-05-14 21:00:00,MACH-B,46.86,0.99
2023-05-14 22:00:00,MACH-B,52.64,3.12
2023-05-14 23:00:00,MACH-B,56.69,1.85
2023-05-15 00:00:00,MACH-B,57.42,3.02
2023-05-15 01:00:00,MACH-B,22.15,2.46
2023-05-15 02:00:00,MACH-B,55.61,2.15
2023-05-15 03:00:00,MACH-B,50.99,1.08
2023-05-15 04:00:00,MACH-B,31.97,2.05
2023-05-15 05:00:00,MACH-B,63.82,1.22
2023-05-15 06:00:00,MACH-B,51.98,1.83
2023-05-15 07:00:00,MACH-B,34.52,2.08
2023-05-15 08:00:00,MACH-B,44.18,2.66
2023-05-15 09:00:00,MACH-B,47.9,1.7
2023-05-15 10:00:00,MACH-B,76.13,3.08
2023-05-15 11:00:00,MACH-B,41.26,1.23
2023-05-15 12:00:00,MACH-B,43.11,1.59
2023-05-15 13:00:00,MACH-B,51.8,2.09
2023-05-15 14:00:00,MACH-B,71.41,0.84
2023-05-15 15:00:00,MACH-B,47.68,1.41
2023-05-15 16:00:00,MACH-B,45.53,2.23
2023-05-15 17:00:00,MACH-B,51.8,2.47
2023-05-15 18:00:00,MACH-B,46.7,1.51
2023-05-15 19:00:00,MACH-B,46.55,1.74
2023-05-15 20:00:00,MACH-B,59.62,2.25
2023-05-15 21:00:00,MACH-B,45.03,1.13
2023-05-15 22:00:00,MACH-B,46.49,1.91
2023-05-15 23:00:00,MACH-B,60.0,1.88
2023-05-16 00:00:00,MACH-B,35.71,2.88
2023-05-16 01:00:00,MACH-B,46.53,2.27
2023-05-16 02:00:00,MACH-B,33.36,2.01
2023-05-16 03:00:00,MACH-B,45.01,2.38
2023-05-16 04:00:00,MACH-B,46.49,2.11
2023-05-16 05:00:00,MACH-B,46.66,1.53
2023-05-16 06:00:00,MACH-B,46.1,2.36
2023-05-16 07:00:00,MACH-B,52.81,2.43
2023-05-16 08:00:00,MACH-B,38.82,1.84
2023-05-16 09:00:00,MACH-B,53.9,2.1
2023-05-16 10:00:00,MACH-B,44.94,2.98
2023-05-16 11:00:00,MACH-B,57.58,2.1
2023-05-16 12:00:00,MACH-B,49.38,1.9
2023-05-16 13:00:00,MACH-B,44.08,1.5
2023-05-16 14:00:00,MACH-B,36.9,1.55
2023-05-16 15:00:00,MACH-B,52.96,2.05
2023-05-16 16:00:00,MACH-B,48.08,1.69
2023-05-16 17:00:00,MACH-B,64.63,2.3
2023-05-16 18:00:00,MACH-B,65.39,1.79
2023-05-16 19:00:00,MACH-B,45.14,3.43
2023-05-16 20:00:00,MACH-B,26.43,2.12
2023-05-16 21:00:00,MACH-B,58.87,1.21
2023-05-16 22:00:00,MACH-B,44.68,2.09
2023-05-16 23:00:00,MACH-B,46.5,1.81
2023-05-17 00:00:00,MACH-B,61.95,2.36
2023-05-17 01:00:00,MACH-B,53.47,2.0
2023-05-17 02:00:00,MACH-B,58.48,2.21
2023-05-17 03:00:00,MACH-B,60.63,3.36
2023-05-17 04:00:00,MACH-B,48.32,1.89
2023-05-17 05:00:00,MACH-B,56.84,2.37
2023-05-17 06:00:00,MACH-B,51.05,2.55
2023-05-17 07:00:00,MACH-B,55.39,2.16
2023-05-17 08:00:00,MACH-B,51.56,1.19
2023-05-17 09:00:00,MACH-B,63.61,2.39
2023-05-17 10:00:00,MACH-B,37.19,1.0
2023-05-17 11:00:00,MACH-B,45.66,2.85
2023-05-17 12:00:00,MACH-B,49.11,1.35
2023-05-17 13:00:00,MACH-B,51.21,2.98
2023-05-17 14:00:00,MACH-B,37.17,2.04
2023-05-17 15:00:00,MACH-B,42.56,2.44
2023-05-17 16:00:00,MACH-B,50.37,2.26
2023-05-17 17:00:00,MACH-B,44.56,2.49
2023-05-17 18:00:00,MACH-B,32.85,1.01
2023-05-17 19:00:00,MACH-B,46.35,1.68
2023-05-17 20:00:00,MACH-B,37.87,2.2
2023-05-17 21:00:00,MACH-B,56.01,2.03
2023-05-17 22:00:00,MACH-B,52.95,1.8
2023-05-17 23:00:00,MACH-B,59.01,2.1
2023-05-18 00:00:00,MACH-B,52.08,1.89
2023-05-18 01:00:00,MACH-B,39.26,3.1
2023-05-18 02:00:00,MACH-B,18.54,2.67
2023-05-18 03:00:00,MACH-B,61.43,2.74
2023-05-18 04:00:00,MACH-B,45.74,2.9
2023-05-18 05:00:00,MACH-B,27.68,2.25
2023-05-18 06:00:00,MACH-B,65.67,1.53
2023-05-18 07:00:00,MACH-B,55.77,1.86
2023-05-18 08:00:00,MACH-B,65.53,2.18
2023-05-18 09:00:00,MACH-B,54.27,2.08
2023-05-18 10:00:00,MACH-B,56.65,1.34
2023-05-18 11:00:00,MACH-B,44.92,2.18
2023-05-18 12:00:00,MACH-B,57.12,1.44
2023-05-18 13:00:00,MACH-B,69.36,2.97
2023-05-18 14:00:00,MACH-B,58.3,2.39
2023-05-18 15:00:00,MACH-B,46.44,1.9
2023-05-18 16:00:00,MACH-B,36.9,2.03
2023-05-18 17:00:00,MACH-B,61.45,2.86
2023-05-18 18:00:00,MACH-B,50.59,1.25
2023-05-18 19:00:00,MACH-B,51.02,1.76
2023-05-18 20:00:00,MACH-B,30.21,2.27
2023-05-18 21:00:00,MACH-B,29.48,0.97
2023-05-18 22:00:00,MACH-B,50.85,1.93
2023-05-18 23:00:00,MACH-B,41.01,1.78
2023-05-19 00:00:00,MACH-B,52.09,3.23
2023-05-19 01:00:00,MACH-B,59.53,1.93
2023-05-19 02:00:00,MACH-B,44.33,1.48
2023-05-19 03:00:00,MACH-B,52.34,1.56
2023-05-19 04:00:00,MACH-B,48.83,0.65
2023-05-19 05:00:00,MACH-B,79.52,2.84
2023-05-19 06:00:00,MACH-B,44.72,2.05
2023-05-19 07:00:00,MACH-B,43.02,1.91
2023-05-19 08:00:00,MACH-B,45.45,2.47
2023-05-19 09:00:00,MACH-B,61.64,2.27
2023-05-19 10:00:00,MACH-B,45.05,2.01
2023-05-19 11:00:00,MACH-B,57.4,1.5
2023-05-19 12:00:00,MACH-B,50.35,1.73
2023-05-19 13:00:00,MACH-B,50.62,2.06
2023-05-19 14:00:00,MACH-B,66.0,2.33
2023-05-19 15:00:00,MACH-B,31.94,1.33
2023-05-19 16:00:00,MACH-B,51.33,1.96
2023-05-19 17:00:00,MACH-B,56.97,2.65
2023-05-19 18:00:00,MACH-B,53.94,1.38
2023-05-19 19:00:00,MACH-B,35.34,2.37
2023-05-19 20:00:00,MACH-B,38.6,1.35
2023-05-19 21:00:00,MACH-B,52.78,1.73
2023-05-19 22:00:00,MACH-B,26.65,1.01
2023-05-19 23:00:00,MACH-B,44.7,2.15
2023-05-20 00:00:00,MACH-B,37.7,1.62
2023-05-20 01:00:00,MACH-B,51.93,1.0
2023-05-20 02:00:00,MACH-B,48.43,2.07
2023-05-20 03:00:00,MACH-B,53.79,2.53
2023-05-20 04:00:00,MACH-B,41.33,2.2
2023-05-20 05:00:00,MACH-B,52.65,2.18
2023-05-20 06:00:00,MACH-B,50.04,2.39
2023-05-20 07:00:00,MACH-B,41.41,1.64
2023-05-20 08:00:00,MACH-B,60.95,2.05
2023-05-20 09:00:00,MACH-B,56.99,3.1
2023-05-20 10:00:00,MACH-B,43.62,2.07
2023-05-20 11:00:00,MACH-B,42.12,1.58
2023-05-20 12:00:00,MACH-B,59.29,2.17
2023-05-20 13:00:00,MACH-B,33.88,1.81
2023-05-20 14:00:00,MACH-B,37.07,1.98
2023-05-20 15:00:00,MACH-B,54.8,2.37
2023-05-20 16:00:00,MACH-B,68.15,1.73
2023-05-20 17:00:00,MACH-B,43.96,0.57
2023-05-20 18:00:00,MACH-B,45.1,1.91
2023-05-20 19:00:00,MACH-B,47.8,2.25
2023-05-20 20:00:00,MACH-B,45.26,2.87
2023-05-20 21:00:00,MACH-B,45.73,2.54
2023-05-20 22:00:00,MACH-B,43.87,1.83
2023-05-20 23:00:00,MACH-B,51.87,2.24
2023-05-21 00:00:00,MACH-B,56.94,1.88
2023-05-21 01:00:00,MACH-B,51.58,2.44
2023-05-21 02:00:00,MACH-B,48.38,1.92
2023-05-21 03:00:00,MACH-B,43.92,2.38
2023-05-21 04:00:00,MACH-B,38.24,2.83
2023-05-21 05:00:00,MACH-B,37.01,3.27
2023-05-21 06:00:00,MACH-B,35.02,1.25
2023-05-21 07:00:00,MACH-B,56.32,1.1
2023-05-21 08:00:00,MACH-B,44.18,1.53
2023-05-21 09:00:00,MACH-B,53.97,1.97
2023-05-21 10:00:00,MACH-B,42.86,1.74
2023-05-21 11:00:00,MACH-B,49.27,2.62
2023-05-21 12:00:00,MACH-B,46.61,1.6
2023-05-21 13:00:00,MACH-B,65.73,1.44
2023-05-21 14:00:00,MACH-B,45.24,2.67
2023-05-21 15:00:00,MACH-B,58.42,2.27
2023-05-21 16:00:00,MACH-B,36.03,2.15
2023-05-21 17:00:00,MACH-B,63.54,1.44
2023-05-21 18:00:00,MACH-B,58.29,2.54
2023-05-21 19:00:00,MACH-B,44.12,1.89
2023-05-21 20:00:00,MACH-B,43.97,2.07
2023-05-21 21:00:00,MACH-B,61.92,2.17
2023-05-21 22:00:00,MACH-B,59.31,2.69
2023-05-21 23:00:00,MACH-B,47.64,2.22
2023-05-22 00:00:00,MACH-B,41.4,1.66
2023-05-22 01:00:00,MACH-B,60.76,2.0
2023-05-22 02:00:00,MACH-B,45.28,2.34
2023-05-22 03:00:00,MACH-B,53.36,2.85
2023-05-22 04:00:00,MACH-B,44.3,1.8
2023-05-22 05:00:00,MACH-B,47.8,1.75
2023-05-22 06:00:00,MACH-B,69.04,2.38
2023-05-22 07:00:00,MACH-B,49.23,1.56
2023-05-22 08:00:00,MACH-B,64.39,1.68
2023-05-22 09:00:00,MACH-B,34.78,2.01
2023-05-22 10:00:00,MACH-B,32.67,2.22
2023-05-22 11:00:00,MACH-B,55.83,2.51
2023-05-22 12:00:00,MACH-B,42.31,2.08
2023-05-22 13:00:00,MACH-B,49.76,2.04
2023-05-22 14:00:00,MACH-B,28.8,2.29
2023-05-22 15:00:00,MACH-B,29.68,1.23
2023-05-22 16:00:00,MACH-B,50.14,2.04
2023-05-22 17:00:00,MACH-B,45.16,2.81
2023-05-22 18:00:00,MACH-B,46.65,2.39
2023-05-22 19:00:00,MACH-B,66.68,1.99
2023-05-22 20:00:00,MACH-B,54.76,2.37
2023-05-22 21:00:00,MACH-B,71.45,1.38
2023-05-22 22:00:00,MACH-B,50.76,2.22
2023-05-22 23:00:00,MACH-B,64.95,1.98
2023-05-23 00:00:00,MACH-B,59.83,2.05
2023-05-23 01:00:00,MACH-B,44.94,1.82
2023-05-23 02:00:00,MACH-B,48.27,2.7
2023-05-23 03:00:00,MACH-B,46.45,1.75
2023-05-23 04:00:00,MACH-B,60.74,1.47
2023-05-23 05:00:00,MACH-B,52.76,1.26
2023-05-23 06:00:00,MACH-B,40.8,0.92
2023-05-23 07:00:00,MACH-B,37.13,2.11
2023-05-23 08:00:00,MACH-B,37.47,1.61
2023-05-23 09:00:00,MACH-B,41.04,1.35
2023-05-23 10:00:00,MACH-B,40.52,1.87
2023-05-23 11:00:00,MACH-B,37.93,2.34
2023-05-23 12:00:00,MACH-B,61.22,1.95
2023-05-23 13:00:00,MACH-B,34.7,2.07
2023-05-23 14:00:00,MACH-B,54.05,2.59
2023-05-23 15:00:00,MACH-B,72.8,2.41
2023-05-23 16:00:00,MACH-B,50.87,2.06
2023-05-23 17:00:00,MACH-B,50.9,1.51
2023-05-23 18:00:00,MACH-B,52.28,1.73
2023-05-23 19:00:00,MACH-B,35.23,2.01
2023-05-23 20:00:00,MACH-B,54.33,2.36
2023-05-23 21:00:00,MACH-B,53.35,2.17
2023-05-23 22:00:00,MACH-B,49.59,1.69
2023-05-23 23:00:00,MACH-B,33.11,2.2
2023-05-24 00:00:00,MACH-B,68.93,2.85
2023-05-24 01:00:00,MACH-B,52.37,2.15
2023-05-24 02:00:00,MACH-B,37.77,2.31
2023-05-24 03:00:00,MACH-B,39.95,1.83
2023-05-24 04:00:00,MACH-B,42.23,1.9
2023-05-24 05:00:00,MACH-B,65.88,1.16
2023-05-24 06:00:00,MACH-B,48.76,2.07
2023-05-24 07:00:00,MACH-B,48.77,0.62
2023-05-24 08:00:00,MACH-B,44.7,1.24
2023-05-24 09:00:00,MACH-B,60.25,2.17
2023-05-24 10:00:00,MACH-B,60.78,1.51
2023-05-24 11:00:00,MACH-B,34.87,1.01
2023-05-24 12:00:00,MACH-B,48.99,2.03
2023-05-24 13:00:00,MACH-B,47.85,1.23
2023-05-24 14:00:00,MACH-B,40.46,2.53
2023-05-24 15:00:00,MACH-B,44.18,2.24
2023-05-24 16:00:00,MACH-B,47.08,2.91
2023-05-24 17:00:00,MACH-B,39.92,2.2
2023-05-24 18:00:00,MACH-B,52.92,2.94
2023-05-24 19:00:00,MACH-B,52.71,1.52
2023-05-24 20:00:00,MACH-B,55.18,1.7
2023-05-24 21:00:00,MACH-B,45.32,2.15
2023-05-24 22:00:00,MACH-B,28.51,1.94
2023-05-24 23:00:00,MACH-B,42.86,2.07
2023-05-25 00:00:00,MACH-B,39.48,1.99
2023-05-25 01:00:00,MACH-B,48.3,1.9
2023-05-25 02:00:00,MACH-B,55.73,1.53
2023-05-25 03:00:00,MACH-B,68.9,1.63
2023-05-25 04:00:00,MACH-B,40.94,1.55
2023-05-25 05:00:00,MACH-B,51.28,1.51
2023-05-25 06:00:00,MACH-B,51.75,2.03
2023-05-25 07:00:00,MACH-B,64.4,1.64
2023-05-25 08:00:00,MACH-B,52.2,1.74
2023-05-25 09:00:00,MACH-B,46.36,2.7
2023-05-25 10:00:00,MACH-B,49.57,2.24
2023-05-25 11:00:00,MACH-B,53.48,2.4
2023-05-25 12:00:00,MACH-B,57.39,2.56
2023-05-25 13:00:00,MACH-B,67.02,2.82
2023-05-25 14:00:00,MACH-B,66.0,1.99
2023-05-25 15:00:00,MACH-B,42.37,2.14
2023-05-25 16:00:00,MACH-B,34.96,1.74
2023-05-25 17:00:00,MACH-B,37.51,1.58
2023-05-25 18:00:00,MACH-B,52.4,1.25
2023-05-25 19:00:00,MACH-B,61.27,1.49
2023-05-25 20:00:00,MACH-B,47.56,1.74
2023-05-25 21:00:00,MACH-B,40.41,2.1
2023-05-25 22:00:00,MACH-B,35.34,1.43
2023-05-25 23:00:00,MACH-B,65.86,1.51
2023-05-26 00:00:00,MACH-B,45.15,0.95
2023-05-26 01:00:00,MACH-B,34.57,1.66
2023-05-26 02:00:00,MACH-B,49.74,2.03
2023-05-26 03:00:00,MACH-B,50.03,2.03
2023-05-26 04:00:00,MACH-B,58.85,1.84
2023-05-26 05:00:00,MACH-B,38.07,1.88
2023-05-26 06:00:00,MACH-B,61.63,2.0
2023-05-26 07:00:00,MACH-B,63.17,2.62
2023-05-26 08:00:00,MACH-B,50.92,1.82
2023-05-26 09:00:00,MACH-B,56.06,1.93
2023-05-26 10:00:00,MACH-B,58.12,1.35
2023-05-26 11:00:00,MACH-B,44.0,2.24
2023-05-26 12:00:00,MACH-B,36.12,1.97
2023-05-26 13:00:00,MACH-B,44.11,1.73
2023-05-26 14:00:00,MACH-B,32.43,1.41
2023-05-26 15:00:00,MACH-B,54.73,2.17
2023-05-26 16:00:00,MACH-B,65.99,1.45
2023-05-26 17:00:00,MACH-B,41.4,2.27
2023-05-26 18:00:00,MACH-B,45.38,2.9
2023-05-26 19:00:00,MACH-B,47.48,2.58
2023-05-26 20:00:00,MACH-B,70.63,2.02
2023-05-26 21:00:00,MACH-B,45.45,2.31
2023-05-26 22:00:00,MACH-B,61.19,1.65
2023-05-26 23:00:00,MACH-B,50.36,1.34
2023-05-27 00:00:00,MACH-B,18.3,2.07
2023-05-27 01:00:00,MACH-B,44.99,1.7
2023-05-27 02:00:00,MACH-B,58.79,1.31
2023-05-27 03:00:00,MACH-B,45.04,1.14
2023-05-27 04:00:00,MACH-B,89.31,3.16
2023-05-27 05:00:00,MACH-B,67.33,2.5
2023-05-27 06:00:00,MACH-B,55.18,1.92
2023-05-27 07:00:00,MACH-B,43.65,1.9
2023-05-27 08:00:00,MACH-B,57.11,1.97
2023-05-27 09:00:00,MACH-B,54.88,1.52
2023-05-27 10:00:00,MACH-B,59.71,1.78
2023-05-27 11:00:00,MACH-B,49.07,2.63
2023-05-27 12:00:00,MACH-B,41.91,2.76
2023-05-27 13:00:00,MACH-B,55.38,2.52
2023-05-27 14:00:00,MACH-B,55.69,2.39
2023-05-27 15:00:00,MACH-B,44.69,2.77
2023-05-27 16:00:00,MACH-B,34.57,1.46
2023-05-27 17:00:00,MACH-B,45.43,3.36
2023-05-27 18:00:00,MACH-B,38.23,0.97
2023-05-27 19:00:00,MACH-B,47.31,1.84
2023-05-27 20:00:00,MACH-B,57.78,0.27
2023-05-27 21:00:00,MACH-B,29.95,2.38
2023-05-27 22:00:00,MACH-B,53.1,1.42
2023-05-27 23:00:00,MACH-B,54.12,1.47
2023-05-28 00:00:00,MACH-B,40.76,2.69
2023-05-28 01:00:00,MACH-B,53.48,1.88
2023-05-28 02:00:00,MACH-B,61.7,2.32
2023-05-28 03:00:00,MACH-B,54.32,1.77
2023-05-28 04:00:00,MACH-B,70.57,1.53
2023-05-28 05:00:00,MACH-B,50.83,2.45
2023-05-28 06:00:00,MACH-B,60.03,2.09
2023-05-28 07:00:00,MACH-B,70.33,2.11
2023-05-28 08:00:00,MACH-B,55.08,1.7
2023-05-28 09:00:00,MACH-B,67.53,1.92
2023-05-28 10:00:00,MACH-B,54.57,1.7
2023-05-28 11:00:00,MACH-B,64.57,2.38
2023-05-28 12:00:00,MACH-B,38.82,2.02
2023-05-28 13:00:00,MACH-B,50.61,2.31
2023-05-28 14:00:00,MACH-B,74.71,1.84
2023-05-28 15:00:00,MACH-B,31.8,2.9
2023-05-28 16:00:00,MACH-B,42.3,1.97
2023-05-28 17:00:00,MACH-B,71.75,2.18
2023-05-28 18:00:00,MACH-B,48.93,2.29
2023-05-28 19:00:00,MACH-B,48.92,1.58
2023-05-28 20:00:00,MACH-B,59.16,1.83
2023-05-28 21:00:00,MACH-B,62.54,2.28
2023-05-28 22:00:00,MACH-B,46.31,1.23
2023-05-28 23:00:00,MACH-B,33.59,2.21
2023-05-29 00:00:00,MACH-B,40.73,1.3
2023-05-29 01:00:00,MACH-B,44.39,1.25
2023-05-29 02:00:00,MACH-B,38.25,1.45
2023-05-29 03:00:00,MACH-B,41.39,2.23
2023-05-29 04:00:00,MACH-B,50.09,3.32
2023-05-29 05:00:00,MACH-B,41.51,1.36
2023-05-29 06:00:00,MACH-B,67.66,2.03
2023-05-29 07:00:00,MACH-B,45.96,2.49
2023-05-29 08:00:00,MACH-B,34.71,2.26
2023-05-29 09:00:00,MACH-B,61.74,1.66
2023-05-29 10:00:00,MACH-B,82.23,2.34
2023-05-29 11:00:00,MACH-B,46.7,1.74
2023-05-29 12:00:00,MACH-B,52.57,1.93
2023-05-29 13:00:00,MACH-B,63.04,1.56
2023-05-29 14:00:00,MACH-B,46.23,2.54
2023-05-29 15:00:00,MACH-B,68.75,2.15
2023-05-29 16:00:00,MACH-B,33.95,1.85
2023-05-29 17:00:00,MACH-B,48.82,2.16
2023-05-29 18:00:00,MACH-B,41.85,2.05
2023-05-29 19:00:00,MACH-B,38.69,2.15
2023-05-29 20:00:00,MACH-B,42.11,2.39
2023-05-29 21:00:00,MACH-B,55.13,2.16
2023-05-29 22:00:00,MACH-B,59.21,1.59
2023-05-29 23:00:00,MACH-B,57.09,1.13
2023-05-30 00:00:00,MACH-B,35.28,2.38
2023-05-30 01:00:00,MACH-B,55.51,1.72
2023-05-30 02:00:00,MACH-B,48.81,2.56
2023-05-30 03:00:00,MACH-B,44.18,1.26
2023-05-30 04:00:00,MACH-B,47.82,1.54
2023-05-30 05:00:00,MACH-B,66.66,1.94
2023-05-30 06:00:00,MACH-B,47.24,2.05
2023-05-30 07:00:00,MACH-B,57.64,2.47
2023-05-30 08:00:00,MACH-B,60.32,2.52
2023-05-30 09:00:00,MACH-B,58.8,1.97
2023-05-30 10:00:00,MACH-B,45.43,2.38
2023-05-30 11:00:00,MACH-B,45.97,1.08
2023-05-30 12:00:00,MACH-B,52.74,1.83
2023-05-30 13:00:00,MACH-B,44.46,2.4
2023-05-30 14:00:00,MACH-B,41.48,2.04
2023-05-30 15:00:00,MACH-B,50.99,2.73
2023-05-30 16:00:00,MACH-B,41.94,1.53
2023-05-30 17:00:00,MACH-B,94.12,3.61
2023-05-30 18:00:00,MACH-B,47.26,1.76
2023-05-30 19:00:00,MACH-B,44.45,2.25
2023-05-30 20:00:00,MACH-B,47.44,1.57
2023-05-30 21:00:00,MACH-B,45.69,2.07
2023-05-30 22:00:00,MACH-B,70.43,2.44
2023-05-30 23:00:00,MACH-B,67.69,2.39
2023-05-31 00:00:00,MACH-B,45.74,2.06
2023-05-31 01:00:00,MACH-B,45.43,2.41
2023-05-31 02:00:00,MACH-B,47.76,2.32
2023-05-31 03:00:00,MACH-B,52.39,1.85
2023-05-31 04:00:00,MACH-B,48.98,2.09
2023-05-31 05:00:00,MACH-B,50.16,2.44
2023-05-31 06:00:00,MACH-B,57.91,2.93
2023-05-31 07:00:00,MACH-B,41.32,2.28
2023-05-31 08:00:00,MACH-B,44.06,1.42
2023-05-31 09:00:00,MACH-B,35.59,2.2
2023-05-31 10:00:00,MACH-B,45.99,2.92
2023-05-31 11:00:00,MACH-B,50.37,1.68
2023-05-31 12:00:00,MACH-B,50.45,1.35
2023-05-31 13:00:00,MACH-B,62.53,2.25
2023-05-31 14:00:00,MACH-B,41.26,2.03
2023-05-31 15:00:00,MACH-B,33.68,2.04
2023-05-31 16:00:00,MACH-B,50.9,1.9
2023-05-31 17:00:00,MACH-B,48.16,1.72
2023-05-31 18:00:00,MACH-B,58.55,1.64
2023-05-31 19:00:00,MACH-B,50.82,2.15
2023-05-31 20:00:00,MACH-B,62.8,2.36
2023-05-31 21:00:00,MACH-B,48.6,1.82
2023-05-31 22:00:00,MACH-B,44.84,2.66
2023-05-31 23:00:00,MACH-B,57.09,2.02
2023-06-01 00:00:00,MACH-B,54.82,2.38
2023-06-01 01:00:00,MACH-B,42.86,1.79
2023-06-01 02:00:00,MACH-B,55.44,2.07
2023-06-01 03:00:00,MACH-B,54.41,2.18
2023-06-01 04:00:00,MACH-B,49.48,1.95
2023-06-01 05:00:00,MACH-B,61.2,1.42
2023-06-01 06:00:00,MACH-B,64.59,2.64
2023-06-01 07:00:00,MACH-B,44.2,1.93
2023-06-01 08:00:00,MACH-B,54.88,0.99
2023-06-01 09:00:00,MACH-B,50.73,1.76
2023-06-01 10:00:00,MACH-B,45.51,2.8
2023-06-01 11:00:00,MACH-B,48.78,2.6
2023-06-01 12:00:00,MACH-B,32.34,2.14
2023-06-01 13:00:00,MACH-B,60.76,2.42
2023-06-01 14:00:00,MACH-B,57.88,2.71
2023-06-01 15:00:00,MACH-B,30.78,2.06
2023-06-01 16:00:00,MACH-B,48.14,2.53
2023-06-01 17:00:00,MACH-B,53.36,1.6
2023-06-01 18:00:00,MACH-B,58.55,1.47
2023-06-01 19:00:00,MACH-B,47.37,2.01
2023-06-01 20:00:00,MACH-B,47.53,2.37
2023-06-01 21:00:00,MACH-B,53.68,2.63
2023-06-01 22:00:00,MACH-B,43.19,1.95
2023-06-01 23:00:00,MACH-B,66.64,1.59
2023-06-02 00:00:00,MACH-B,51.03,3.08
2023-06-02 01:00:00,MACH-B,51.94,1.9
2023-06-02 02:00:00,MACH-B,63.48,1.5
2023-06-02 03:00:00,MACH-B,49.76,2.29
2023-06-02 04:00:00,MACH-B,63.58,3.69
2023-06-02 05:00:00,MACH-B,33.96,2.05
2023-06-02 06:00:00,MACH-B,61.54,2.04
2023-06-02 07:00:00,MACH-B,60.33,2.38
2023-06-02 08:00:00,MACH-B,29.47,2.47
2023-06-02 09:00:00,MACH-B,46.77,1.41
2023-06-02 10:00:00,MACH-B,54.06,2.75
2023-06-02 11:00:00,MACH-B,58.11,1.94
2023-06-02 12:00:00,MACH-B,63.11,2.03
2023-06-02 13:00:00,MACH-B,35.03,1.43
2023-06-02 14:00:00,MACH-B,50.8,1.84
2023-06-02 15:00:00,MACH-B,40.6,2.71
2023-06-02 16:00:00,MACH-B,42.91,2.57
2023-06-02 17:00:00,MACH-B,58.01,2.23
2023-06-02 18:00:00,MACH-B,42.04,0.76
2023-06-02 19:00:00,MACH-B,50.03,1.64
2023-06-02 20:00:00,MACH-B,45.56,2.22
2023-06-02 21:00:00,MACH-B,60.03,1.79
2023-06-02 22:00:00,MACH-B,31.66,2.33
2023-06-02 23:00:00,MACH-B,62.41,2.4
2023-06-03 00:00:00,MACH-B,64.89,2.7
2023-06-03 01:00:00,MACH-B,55.95,1.1
2023-06-03 02:00:00,MACH-B,52.27,1.82
2023-06-03 03:00:00,MACH-B,29.59,1.62
2023-06-03 04:00:00,MACH-B,56.43,1.72
2023-06-03 05:00:00,MACH-B,60.09,1.96
2023-06-03 06:00:00,MACH-B,51.01,2.12
2023-06-03 07:00:00,MACH-B,43.47,2.33
2023-06-03 08:00:00,MACH-B,64.63,1.61
2023-06-03 09:00:00,MACH-B,41.33,1.84
2023-06-03 10:00:00,MACH-B,61.3,2.06
2023-06-03 11:00:00,MACH-B,55.28,2.04
2023-06-03 12:00:00,MACH-B,48.27,1.72
2023-06-03 13:00:00,MACH-B,74.39,1.69
2023-06-03 14:00:00,MACH-B,54.83,1.9
2023-06-03 15:00:00,MACH-B,55.83,1.26
2023-06-03 16:00:00,MACH-B,55.11,1.35
2023-06-03 17:00:00,MACH-B,53.03,1.91
2023-06-03 18:00:00,MACH-B,49.03,2.04
2023-06-03 19:00:00,MACH-B,57.57,2.59
2023-06-03 20:00:00,MACH-B,50.99,1.2
2023-06-03 21:00:00,MACH-B,31.78,2.22
2023-06-03 22:00:00,MACH-B,41.75,2.7
2023-06-03 23:00:00,MACH-B,61.51,2.14
2023-06-04 00:00:00,MACH-B,58.84,1.66
2023-06-04 01:00:00,MACH-B,39.62,1.83
2023-06-04 02:00:00,MACH-B,44.57,2.91
2023-06-04 03:00:00,MACH-B,43.86,2.56
2023-06-04 04:00:00,MACH-B,64.56,1.68
2023-06-04 05:00:00,MACH-B,34.59,1.62
2023-06-04 06:00:00,MACH-B,43.86,2.2
2023-06-04 07:00:00,MACH-B,50.79,2.23
2023-06-04 08:00:00,MACH-B,35.56,2.71
2023-06-04 09:00:00,MACH-B,50.82,1.9
2023-06-04 10:00:00,MACH-B,39.56,1.25
2023-06-04 11:00:00,MACH-B,41.62,1.86
2023-06-04 12:00:00,MACH-B,44.8,1.76
2023-06-04 13:00:00,MACH-B,48.19,0.64
2023-06-04 14:00:00,MACH-B,44.36,1.86
2023-06-04 15:00:00,MACH-B,50.95,2.48
2023-06-04 16:00:00,MACH-B,62.46,2.37
2023-06-04 17:00:00,MACH-B,58.67,1.84
2023-06-04 18:00:00,MACH-B,65.14,1.79
2023-06-04 19:00:00,MACH-B,49.25,1.74
2023-06-04 20:00:00,MACH-B,49.29,1.73
2023-06-04 21:00:00,MACH-B,52.08,2.4
2023-06-04 22:00:00,MACH-B,34.67,2.68
2023-06-04 23:00:00,MACH-B,60.34,2.38
2023-06-05 00:00:00,MACH-B,46.25,1.64
2023-06-05 01:00:00,MACH-B,49.56,1.59
2023-06-05 02:00:00,MACH-B,54.27,2.73
2023-06-05 03:00:00,MACH-B,42.28,2.04
2023-06-05 04:00:00,MACH-B,42.59,1.63
2023-06-05 05:00:00,MACH-B,53.9,2.05
2023-06-05 06:00:00,MACH-B,54.36,1.33
2023-06-05 07:00:00,MACH-B,72.88,1.41
2023-06-05 08:00:00,MACH-B,52.44,1.69
2023-06-05 09:00:00,MACH-B,55.35,2.45
2023-06-05 10:00:00,MACH-B,73.25,1.86
2023-06-05 11:00:00,MACH-B,53.46,2.35
2023-06-05 12:00:00,MACH-B,54.33,2.09
2023-06-05 13:00:00,MACH-B,20.87,1.31
2023-06-05 14:00:00,MACH-B,46.13,2.79
2023-06-05 15:00:00,MACH-B,52.04,1.39
2023-06-05 16:00:00,MACH-B,42.38,1.71
2023-06-05 17:00:00,MACH-B,52.13,1.76
2023-06-05 18:00:00,MACH-B,57.19,2.4
2023-06-05 19:00:00,MACH-B,59.24,1.69
2023-06-05 20:00:00,MACH-B,48.91,1.56
2023-06-05 21:00:00,MACH-B,34.42,2.43
2023-06-05 22:00:00,MACH-B,50.86,1.86
2023-06-05 23:00:00,MACH-B,45.8,2.32
2023-06-06 00:00:00,MACH-B,42.33,3.21
2023-06-06 01:00:00,MACH-B,47.18,1.78
2023-06-06 02:00:00,MACH-B,46.53,2.22
2023-06-06 03:00:00,MACH-B,47.82,1.39
2023-06-06 04:00:00,MACH-B,45.43,1.71
2023-06-06 05:00:00,MACH-B,64.38,2.15
2023-06-06 06:00:00,MACH-B,52.66,2.72
2023-06-06 07:00:00,MACH-B,52.7,1.23
2023-06-06 08:00:00,MACH-B,54.16,2.19
2023-06-06 09:00:00,MACH-B,36.26,1.43
2023-06-06 10:00:00,MACH-B,60.14,1.85
2023-06-06 11:00:00,MACH-B,82.52,1.72
2023-06-06 12:00:00,MACH-B,40.38,1.62
2023-06-06 13:00:00,MACH-B,43.25,2.09
2023-06-06 14:00:00,MACH-B,44.51,1.5
2023-06-06 15:00:00,MACH-B,52.99,0.38
2023-06-06 16:00:00,MACH-B,48.64,1.78
2023-06-06 17:00:00,MACH-B,44.85,1.59
2023-06-06 18:00:00,MACH-B,55.86,1.77
2023-06-06 19:00:00,MACH-B,53.88,1.6
2023-06-06 20:00:00,MACH-B,62.23,2.25
2023-06-06 21:00:00,MACH-B,51.44,2.28
2023-06-06 22:00:00,MACH-B,49.59,1.35
2023-06-06 23:00:00,MACH-B,45.66,2.59
2023-06-07 00:00:00,MACH-B,52.35,2.33
2023-06-07 01:00:00,MACH-B,39.58,1.76
2023-06-07 02:00:00,MACH-B,60.88,1.93
2023-06-07 03:00:00,MACH-B,56.26,2.47
2023-06-07 04:00:00,MACH-B,52.24,1.77
2023-06-07 05:00:00,MACH-B,45.97,2.37
2023-06-07 06:00:00,MACH-B,66.38,2.14
2023-06-07 07:00:00,MACH-B,44.52,2.41
2023-06-07 08:00:00,MACH-B,41.5,2.29
2023-06-07 09:00:00,MACH-B,46.91,1.69
2023-06-07 10:00:00,MACH-B,58.27,2.07
2023-06-07 11:00:00,MACH-B,64.33,2.41
2023-06-07 12:00:00,MACH-B,60.6,2.37
2023-06-07 13:00:00,MACH-B,36.91,2.32
2023-06-07 14:00:00,MACH-B,49.41,1.88
2023-06-07 15:00:00,MACH-B,45.19,2.73
2023-06-07 16:00:00,MACH-B,53.97,2.17
2023-06-07 17:00:00,MACH-B,47.08,2.83
2023-06-07 18:00:00,MACH-B,57.75,1.41
2023-06-07 19:00:00,MACH-B,45.45,1.85
2023-06-07 20:00:00,MACH-B,41.56,1.91
2023-06-07 21:00:00,MACH-B,63.08,2.41
2023-06-07 22:00:00,MACH-B,49.68,1.61
2023-06-07 23:00:00,MACH-B,58.85,1.6
2023-06-08 00:00:00,MACH-B,38.48,2.48
2023-06-08 01:00:00,MACH-B,40.47,1.92
2023-06-08 02:00:00,MACH-B,37.32,2.28
2023-06-08 03:00:00,MACH-B,42.26,1.58
2023-06-08 04:00:00,MACH-B,43.23,2.35
2023-06-08 05:00:00,MACH-B,42.36,2.42
2023-06-08 06:00:00,MACH-B,49.61,2.64
2023-06-08 07:00:00,MACH-B,40.0,1.5
2023-06-08 08:00:00,MACH-B,42.43,1.4
2023-06-08 09:00:00,MACH-B,52.17,1.95
2023-06-08 10:00:00,MACH-B,69.61,2.61
2023-06-08 11:00:00,MACH-B,54.77,1.55
2023-06-08 12:00:00,MACH-B,53.84,1.46
2023-06-08 13:00:00,MACH-B,47.32,1.75
2023-06-08 14:00:00,MACH-B,30.19,2.09
2023-06-08 15:00:00,MACH-B,48.0,2.06
2023-06-08 16:00:00,MACH-B,39.78,1.56
2023-06-08 17:00:00,MACH-B,60.23,1.63
2023-06-08 18:00:00,MACH-B,65.72,1.95
2023-06-08 19:00:00,MACH-B,40.9,1.63
2023-06-08 20:00:00,MACH-B,49.79,1.47
2023-06-08 21:00:00,MACH-B,36.4,2.26
2023-06-08 22:00:00,MACH-B,58.28,1.71
2023-06-08 23:00:00,MACH-B,62.48,1.75
2023-06-09 00:00:00,MACH-B,55.7,1.83
2023-06-09 01:00:00,MACH-B,53.2,2.15
2023-06-09 02:00:00,MACH-B,49.56,2.03
2023-06-09 03:00:00,MACH-B,54.94,1.72
2023-06-09 04:00:00,MACH-B,47.26,1.93
2023-06-09 05:00:00,MACH-B,46.27,1.89
2023-06-09 06:00:00,MACH-B,62.54,2.73
2023-06-09 07:00:00,MACH-B,57.82,1.99
2023-06-09 08:00:00,MACH-B,44.3,1.59
2023-06-09 09:00:00,MACH-B,68.05,1.2
2023-06-09 10:00:00,MACH-B,43.04,2.47
2023-06-09 11:00:00,MACH-B,69.34,1.96
2023-06-09 12:00:00,MACH-B,37.0,2.16
2023-06-09 13:00:00,MACH-B,48.55,2.39
2023-06-09 14:00:00,MACH-B,54.55,1.62
2023-06-09 15:00:00,MACH-B,53.48,1.61
2023-06-09 16:00:00,MACH-B,51.83,2.03
2023-06-09 17:00:00,MACH-B,62.73,3.15
2023-06-09 18:00:00,MACH-B,54.42,1.64
2023-06-09 19:00:00,MACH-B,55.15,1.74
2023-06-09 20:00:00,MACH-B,43.94,2.42
2023-06-09 21:00:00,MACH-B,58.2,2.3
2023-06-09 22:00:00,MACH-B,45.58,1.75
2023-06-09 23:00:00,MACH-B,61.4,1.21
2023-06-10 00:00:00,MACH-B,64.42,1.87
2023-06-10 01:00:00,MACH-B,50.79,2.91
2023-06-10 02:00:00,MACH-B,55.24,1.78
2023-06-10 03:00:00,MACH-B,52.84,2.41
2023-06-10 04:00:00,MACH-B,49.3,1.45
2023-06-10 05:00:00,MACH-B,47.8,2.42
2023-06-10 06:00:00,MACH-B,38.67,2.44
2023-06-10 07:00:00,MACH-B,43.39,2.01
2023-06-10 08:00:00,MACH-B,50.97,2.61
2023-06-10 09:00:00,MACH-B,64.33,1.95
2023-06-10 10:00:00,MACH-B,53.43,2.99
2023-06-10 11:00:00,MACH-B,61.38,1.94
2023-06-10 12:00:00,MACH-B,32.57,1.83
2023-06-10 13:00:00,MACH-B,63.63,2.17
2023-06-10 14:00:00,MACH-B,56.57,1.4
2023-06-10 15:00:00,MACH-B,60.39,2.12
2023-06-10 16:00:00,MACH-B,30.57,1.59
2023-06-10 17:00:00,MACH-B,46.06,2.49
2023-06-10 18:00:00,MACH-B,39.51,2.44
2023-06-10 19:00:00,MACH-B,57.1,1.62
2023-06-10 20:00:00,MACH-B,55.1,1.78
2023-06-10 21:00:00,MACH-B,59.35,2.48
2023-06-10 22:00:00,MACH-B,46.21,2.97
2023-06-10 23:00:00,MACH-B,58.2,2.01
2023-06-11 00:00:00,MACH-B,50.03,2.42
2023-06-11 01:00:00,MACH-B,61.73,2.38
2023-06-11 02:00:00,MACH-B,56.89,2.38
2023-06-11 03:00:00,MACH-B,42.74,0.85
2023-06-11 04:00:00,MACH-B,52.89,1.55
2023-06-11 05:00:00,MACH-B,36.16,2.74
2023-06-11 06:00:00,MACH-B,61.94,1.61
2023-06-11 07:00:00,MACH-B,56.65,1.89
2023-06-11 08:00:00,MACH-B,57.04,2.99
2023-06-11 09:00:00,MACH-B,59.19,1.75
2023-06-11 10:00:00,MACH-B,52.21,2.07
2023-06-11 11:00:00,MACH-B,35.41,2.21
2023-06-11 12:00:00,MACH-B,59.65,2.58
2023-06-11 13:00:00,MACH-B,42.64,2.31
2023-06-11 14:00:00,MACH-B,41.8,1.74
2023-06-11 15:00:00,MACH-B,57.52,2.01
2023-06-11 16:00:00,MACH-B,44.77,1.89
2023-06-11 17:00:00,MACH-B,51.68,2.45
2023-06-11 18:00:00,MACH-B,57.27,1.98
2023-06-11 19:00:00,MACH-B,56.97,2.11
2023-06-11 20:00:00,MACH-B,61.01,1.76
2023-06-11 21:00:00,MACH-B,44.5,3.0
2023-06-11 22:00:00,MACH-B,46.96,1.59
2023-06-11 23:00:00,MACH-B,53.51,3.06
2023-06-12 00:00:00,MACH-B,37.15,1.91
2023-06-12 01:00:00,MACH-B,41.98,2.46
2023-06-12 02:00:00,MACH-B,41.13,2.06
2023-06-12 03:00:00,MACH-B,29.0,1.41
2023-06-12 04:00:00,MACH-B,44.61,1.76
2023-06-12 05:00:00,MACH-B,50.12,2.56
2023-06-12 06:00:00,MACH-B,51.61,1.48
2023-06-12 07:00:00,MACH-B,45.4,0.71
2023-06-12 08:00:00,MACH-B,41.41,1.1
2023-06-12 09:00:00,MACH-B,48.8,2.0
2023-06-12 10:00:00,MACH-B,44.92,1.51
2023-06-12 11:00:00,MACH-B,26.39,2.03
2023-06-12 12:00:00,MACH-B,41.35,2.3
2023-06-12 13:00:00,MACH-B,53.07,2.32
2023-06-12 14:00:00,MACH-B,49.9,2.19
2023-06-12 15:00:00,MACH-B,51.91,3.01
2023-06-12 16:00:00,MACH-B,56.15,2.79
2023-06-12 17:00:00,MACH-B,52.73,1.52
2023-06-12 18:00:00,MACH-B,50.88,2.31
2023-06-12 19:00:00,MACH-B,45.95,2.29
2023-06-12 20:00:00,MACH-B,43.16,1.45
2023-06-12 21:00:00,MACH-B,50.62,1.73
2023-06-12 22:00:00,MACH-B,39.76,1.19
2023-06-12 23:00:00,MACH-B,57.08,1.72
2023-06-13 00:00:00,MACH-B,40.47,2.32
2023-06-13 01:00:00,MACH-B,64.0,2.53
2023-06-13 02:00:00,MACH-B,49.45,3.11
2023-06-13 03:00:00,MACH-B,61.4,2.4
2023-06-13 04:00:00,MACH-B,39.26,2.2
2023-06-13 05:00:00,MACH-B,66.46,2.92
2023-06-13 06:00:00,MACH-B,39.16,2.78
2023-06-13 07:00:00,MACH-B,49.46,1.72
2023-06-13 08:00:00,MACH-B,36.96,1.94
2023-06-13 09:00:00,MACH-B,50.21,2.35
2023-06-13 10:00:00,MACH-B,48.6,1.32
2023-06-13 11:00:00,MACH-B,27.13,2.2
2023-06-13 12:00:00,MACH-B,51.45,2.22
2023-06-13 13:00:00,MACH-B,55.2,2.37
2023-06-13 14:00:00,MACH-B,41.42,2.44
2023-06-13 15:00:00,MACH-B,47.16,1.83
2023-06-13 16:00:00,MACH-B,47.78,2.22
2023-06-13 17:00:00,MACH-B,66.53,1.79
2023-06-13 18:00:00,MACH-B,51.99,2.48
2023-06-13 19:00:00,MACH-B,44.53,2.1
2023-06-13 20:00:00,MACH-B,39.03,2.48
2023-06-13 21:00:00,MACH-B,32.89,1.09
2023-06-13 22:00:00,MACH-B,48.75,1.35
2023-06-13 23:00:00,MACH-B,51.17,2.16
2023-06-14 00:00:00,MACH-B,37.9,1.37
2023-06-14 01:00:00,MACH-B,35.83,2.51
2023-06-14 02:00:00,MACH-B,54.72,2.51
2023-06-14 03:00:00,MACH-B,59.78,2.23
2023-06-14 04:00:00,MACH-B,47.11,1.84
2023-06-14 05:00:00,MACH-B,55.08,1.83
2023-06-14 06:00:00,MACH-B,48.97,2.45
2023-06-14 07:00:00,MACH-B,75.99,2.31
2023-06-14 08:00:00,MACH-B,49.17,1.57
2023-06-14 09:00:00,MACH-B,63.76,2.21
2023-06-14 10:00:00,MACH-B,55.66,2.74
2023-06-14 11:00:00,MACH-B,44.58,2.28
2023-06-14 12:00:00,MACH-B,55.9,1.81
2023-06-14 13:00:00,MACH-B,49.42,1.89
2023-06-14 14:00:00,MACH-B,39.81,1.81
2023-06-14 15:00:00,MACH-B,50.92,1.78
2023-06-14 16:00:00,MACH-B,45.7,1.39
2023-06-14 17:00:00,MACH-B,49.51,2.05
2023-06-14 18:00:00,MACH-B,49.3,1.22
2023-06-14 19:00:00,MACH-B,47.78,2.39
2023-06-14 20:00:00,MACH-B,40.46,1.84
2023-06-14 21:00:00,MACH-B,62.21,2.66
2023-06-14 22:00:00,MACH-B,49.27,1.5
2023-06-14 23:00:00,MACH-B,52.21,1.93
2023-06-15 00:00:00,MACH-B,48.02,2.06
2023-06-15 01:00:00,MACH-B,45.94,1.42
2023-06-15 02:00:00,MACH-B,51.99,2.24
2023-06-15 03:00:00,MACH-B,64.06,1.43
2023-06-15 04:00:00,MACH-B,34.41,2.21
2023-06-15 05:00:00,MACH-B,39.09,2.74
2023-06-15 06:00:00,MACH-B,46.71,2.3
2023-06-15 07:00:00,MACH-B,42.12,1.78
2023-06-15 08:00:00,MACH-B,70.15,2.58
2023-06-15 09:00:00,MACH-B,46.52,3.16
2023-06-15 10:00:00,MACH-B,54.75,2.12
2023-06-15 11:00:00,MACH-B,47.16,1.67
2023-06-15 12:00:00,MACH-B,24.64,2.04
2023-06-15 13:00:00,MACH-B,45.93,1.39
2023-06-15 14:00:00,MACH-B,38.29,2.57
2023-06-15 15:00:00,MACH-B,53.31,2.15
2023-06-15 16:00:00,MACH-B,47.01,1.74
2023-06-15 17:00:00,MACH-B,42.34,2.26
2023-06-15 18:00:00,MACH-B,48.86,1.75
2023-06-15 19:00:00,MACH-B,45.72,1.9
2023-06-15 20:00:00,MACH-B,60.21,2.0
2023-06-15 21:00:00,MACH-B,55.61,2.9
2023-06-15 22:00:00,MACH-B,67.32,1.44
2023-06-15 23:00:00,MACH-B,57.22,2.39
2023-06-16 00:00:00,MACH-B,54.89,1.65
2023-06-16 01:00:00,MACH-B,55.97,2.88
2023-06-16 02:00:00,MACH-B,57.34,1.54
2023-06-16 03:00:00,MACH-B,32.0,1.55
2023-06-16 04:00:00,MACH-B,55.18,2.38
2023-06-16 05:00:00,MACH-B,34.04,2.0
2023-06-16 06:00:00,MACH-B,30.88,2.41
2023-06-16 07:00:00,MACH-B,38.88,2.61
2023-06-16 08:00:00,MACH-B,52.54,2.1
2023-06-16 09:00:00,MACH-B,37.0,2.51
2023-06-16 10:00:00,MACH-B,55.08,1.03
2023-06-16 11:00:00,MACH-B,66.36,2.18
2023-06-16 12:00:00,MACH-B,46.92,1.9
2023-06-16 13:00:00,MACH-B,52.03,2.75
2023-06-16 14:00:00,MACH-B,42.98,0.91
2023-06-16 15:00:00,MACH-B,37.75,1.63
2023-06-16 16:00:00,MACH-B,48.05,1.34
2023-06-16 17:00:00,MACH-B,42.21,2.11
2023-06-16 18:00:00,MACH-B,45.38,2.13
2023-06-16 19:00:00,MACH-B,42.69,2.02
2023-06-16 20:00:00,MACH-B,36.6,2.4
2023-06-16 21:00:00,MACH-B,48.82,2.55
2023-06-16 22:00:00,MACH-B,30.73,2.18
2023-06-16 23:00:00,MACH-B,55.05,1.33
2023-06-17 00:00:00,MACH-B,33.1,1.72
2023-06-17 01:00:00,MACH-B,44.07,2.34
2023-06-17 02:00:00,MACH-B,61.68,2.13
2023-06-17 03:00:00,MACH-B,57.15,1.68
2023-06-17 04:00:00,MACH-B,49.98,2.52
2023-06-17 05:00:00,MACH-B,71.92,2.3
2023-06-17 06:00:00,MACH-B,50.94,2.51
2023-06-17 07:00:00,MACH-B,60.58,2.19
2023-06-17 08:00:00,MACH-B,43.74,1.64
2023-06-17 09:00:00,MACH-B,21.14,2.73
2023-06-17 10:00:00,MACH-B,52.27,2.34
2023-06-17 11:00:00,MACH-B,54.44,2.27
2023-06-17 12:00:00,MACH-B,54.12,2.45
2023-06-17 13:00:00,MACH-B,35.58,1.87
2023-06-17 14:00:00,MACH-B,79.78,2.29
2023-06-17 15:00:00,MACH-B,38.95,1.95
2023-06-17 16:00:00,MACH-B,51.02,1.63
2023-06-17 17:00:00,MACH-B,52.51,1.33
2023-06-17 18:00:00,MACH-B,58.19,0.99
2023-06-17 19:00:00,MACH-B,43.1,2.19
2023-06-17 20:00:00,MACH-B,55.23,1.63
2023-06-17 21:00:00,MACH-B,66.18,1.75
2023-06-17 22:00:00,MACH-B,45.42,1.62
2023-06-17 23:00:00,MACH-B,44.94,1.24
2023-06-18 00:00:00,MACH-B,39.9,2.53
2023-06-18 01:00:00,MACH-B,52.43,3.01
2023-06-18 02:00:00,MACH-B,41.12,1.1
2023-06-18 03:00:00,MACH-B,56.92,2.19
2023-06-18 04:00:00,MACH-B,45.17,1.41
2023-06-18 05:00:00,MACH-B,47.61,2.4
2023-06-18 06:00:00,MACH-B,40.04,2.71
2023-06-18 07:00:00,MACH-B,71.51,2.39
2023-06-18 08:00:00,MACH-B,51.02,1.54
2023-06-18 09:00:00,MACH-B,38.47,1.65
2023-06-18 10:00:00,MACH-B,52.77,1.78
2023-06-18 11:00:00,MACH-B,33.05,2.35
2023-06-18 12:00:00,MACH-B,43.42,1.89
2023-06-18 13:00:00,MACH-B,54.26,2.35
2023-06-18 14:00:00,MACH-B,55.2,2.01
2023-06-18 15:00:00,MACH-B,58.95,1.97
2023-06-18 16:00:00,MACH-B,63.03,2.06
2023-06-18 17:00:00,MACH-B,48.24,1.98
2023-06-18 18:00:00,MACH-B,58.93,1.22
2023-06-18 19:00:00,MACH-B,58.03,1.52
2023-06-18 20:00:00,MACH-B,58.44,2.82
2023-06-18 21:00:00,MACH-B,35.17,2.24
2023-06-18 22:00:00,MACH-B,52.59,2.9
2023-06-18 23:00:00,MACH-B,47.1,1.56
2023-06-19 00:00:00,MACH-B,63.04,2.0
2023-06-19 01:00:00,MACH-B,51.07,1.9
2023-06-19 02:00:00,MACH-B,46.02,1.48
2023-06-19 03:00:00,MACH-B,46.89,1.16
2023-06-19 04:00:00,MACH-B,46.32,1.51
2023-06-19 05:00:00,MACH-B,51.58,2.52
2023-06-19 06:00:00,MACH-B,53.22,1.76
2023-06-19 07:00:00,MACH-B,47.98,1.84
2023-06-19 08:00:00,MACH-B,46.76,2.0
2023-06-19 09:00:00,MACH-B,40.45,2.08
2023-06-19 10:00:00,MACH-B,64.42,1.85
2023-06-19 11:00:00,MACH-B,47.25,1.81
2023-06-19 12:00:00,MACH-B,52.4,2.2
2023-06-19 13:00:00,MACH-B,54.16,2.81
2023-06-19 14:00:00,MACH-B,52.73,1.69
2023-06-19 15:00:00,MACH-B,45.4,1.23
2023-06-19 16:00:00,MACH-B,55.95,1.69
2023-06-19 17:00:00,MACH-B,64.31,1.95
2023-06-19 18:00:00,MACH-B,56.75,1.08
2023-06-19 19:00:00,MACH-B,54.34,2.05
2023-06-19 20:00:00,MACH-B,56.48,2.29
2023-06-19 21:00:00,MACH-B,50.66,1.48
2023-06-19 22:00:00,MACH-B,47.24,1.85
2023-06-19 23:00:00,MACH-B,69.14,2.34
2023-06-20 00:00:00,MACH-B,65.33,1.98
2023-06-20 01:00:00,MACH-B,45.19,2.08
2023-06-20 02:00:00,MACH-B,61.35,1.95
2023-06-20 03:00:00,MACH-B,54.66,2.05
2023-06-20 04:00:00,MACH-B,51.3,2.79
2023-06-20 05:00:00,MACH-B,65.08,2.29
2023-06-20 06:00:00,MACH-B,51.17,0.98
2023-06-20 07:00:00,MACH-B,52.55,2.08
2023-06-20 08:00:00,MACH-B,54.89,2.88
2023-06-20 09:00:00,MACH-B,37.65,2.02
2023-06-20 10:00:00,MACH-B,52.73,1.1
2023-06-20 11:00:00,MACH-B,36.16,1.49
2023-06-20 12:00:00,MACH-B,55.86,1.95
2023-06-20 13:00:00,MACH-B,55.43,1.6
2023-06-20 14:00:00,MACH-B,61.75,2.81
2023-06-20 15:00:00,MACH-B,56.26,1.47
2023-06-20 16:00:00,MACH-B,75.77,1.98
2023-06-20 17:00:00,MACH-B,35.88,2.0
2023-06-20 18:00:00,MACH-B,49.81,2.77
2023-06-20 19:00:00,MACH-B,60.49,1.96
2023-06-20 20:00:00,MACH-B,61.43,2.57
2023-06-20 21:00:00,MACH-B,44.27,1.87
2023-06-20 22:00:00,MACH-B,61.86,1.94
2023-06-20 23:00:00,MACH-B,35.36,1.81
2023-06-21 00:00:00,MACH-B,41.95,1.13
2023-06-21 01:00:00,MACH-B,54.11,2.5
2023-06-21 02:00:00,MACH-B,52.8,2.36
2023-06-21 03:00:00,MACH-B,62.54,1.99
2023-06-21 04:00:00,MACH-B,58.92,1.77
2023-06-21 05:00:00,MACH-B,45.62,1.38
2023-06-21 06:00:00,MACH-B,62.58,1.73
2023-06-21 07:00:00,MACH-B,55.51,1.98
2023-06-21 08:00:00,MACH-B,58.28,2.16
2023-06-21 09:00:00,MACH-B,58.02,2.23
2023-06-21 10:00:00,MACH-B,47.57,1.54
2023-06-21 11:00:00,MACH-B,59.89,1.57
2023-06-21 12:00:00,MACH-B,53.43,1.96
2023-06-21 13:00:00,MACH-B,59.07,1.83
2023-06-21 14:00:00,MACH-B,64.9,2.34
2023-06-21 15:00:00,MACH-B,49.04,1.3
2023-06-21 16:00:00,MACH-B,60.41,2.29
2023-06-21 17:00:00,MACH-B,46.58,2.03
2023-06-21 18:00:00,MACH-B,45.36,1.69
2023-06-21 19:00:00,MACH-B,49.92,2.16
2023-06-21 20:00:00,MACH-B,49.9,2.3
2023-06-21 21:00:00,MACH-B,54.64,1.05
2023-06-21 22:00:00,MACH-B,38.72,2.97
2023-06-21 23:00:00,MACH-B,55.63,1.98
2023-06-22 00:00:00,MACH-B,48.53,2.23
2023-06-22 01:00:00,MACH-B,31.08,2.22
2023-06-22 02:00:00,MACH-B,54.0,2.08
2023-06-22 03:00:00,MACH-B,64.14,1.74
2023-06-22 04:00:00,MACH-B,60.65,2.05
2023-06-22 05:00:00,MACH-B,49.99,2.0
2023-06-22 06:00:00,MACH-B,45.72,2.14
2023-06-22 07:00:00,MACH-B,58.71,2.77
2023-06-22 08:00:00,MACH-B,45.73,1.85
2023-06-22 09:00:00,MACH-B,49.56,1.54
2023-06-22 10:00:00,MACH-B,75.71,2.02
2023-06-22 11:00:00,MACH-B,64.87,1.63
2023-06-22 12:00:00,MACH-B,48.2,1.44
2023-06-22 13:00:00,MACH-B,56.85,1.63
2023-06-22 14:00:00,MACH-B,65.94,1.3
2023-06-22 15:00:00,MACH-B,54.68,1.36
2023-06-22 16:00:00,MACH-B,39.09,2.73
2023-06-22 17:00:00,MACH-B,53.44,2.53
2023-06-22 18:00:00,MACH-B,47.73,1.98
2023-06-22 19:00:00,MACH-B,47.94,1.46
2023-06-22 20:00:00,MACH-B,43.31,1.06
2023-06-22 21:00:00,MACH-B,39.0,1.86
2023-06-22 22:00:00,MACH-B,44.34,2.32
2023-06-22 23:00:00,MACH-B,57.64,1.94
2023-06-23 00:00:00,MACH-B,59.93,2.47
2023-06-23 01:00:00,MACH-B,71.34,1.79
2023-06-23 02:00:00,MACH-B,45.22,1.86
2023-06-23 03:00:00,MACH-B,42.23,2.27
2023-06-23 04:00:00,MACH-B,58.92,1.33
2023-06-23 05:00:00,MACH-B,35.3,2.1
2023-06-23 06:00:00,MACH-B,30.16,2.08
2023-06-23 07:00:00,MACH-B,58.52,1.88
2023-06-23 08:00:00,MACH-B,40.87,2.67
2023-06-23 09:00:00,MACH-B,43.24,2.34
2023-06-23 10:00:00,MACH-B,56.46,1.21
2023-06-23 11:00:00,MACH-B,50.83,1.81
2023-06-23 12:00:00,MACH-B,47.41,1.65
2023-06-23 13:00:00,MACH-B,37.09,1.94
2023-06-23 14:00:00,MACH-B,44.68,1.51
2023-06-23 15:00:00,MACH-B,45.15,1.47
2023-06-23 16:00:00,MACH-B,46.01,1.92
2023-06-23 17:00:00,MACH-B,56.14,2.04
2023-06-23 18:00:00,MACH-B,53.35,1.59
2023-06-23 19:00:00,MACH-B,47.94,1.53
2023-06-23 20:00:00,MACH-B,51.38,1.21
2023-06-23 21:00:00,MACH-B,67.98,2.16
2023-06-23 22:00:00,MACH-B,53.75,1.8
2023-06-23 23:00:00,MACH-B,64.62,1.7
2023-06-24 00:00:00,MACH-B,44.41,2.42
2023-06-24 01:00:00,MACH-B,48.08,0.72
2023-06-24 02:00:00,MACH-B,46.82,2.26
2023-06-24 03:00:00,MACH-B,53.97,2.71
2023-06-24 04:00:00,MACH-B,54.89,0.95
2023-06-24 05:00:00,MACH-B,55.54,1.02
2023-06-24 06:00:00,MACH-B,26.64,1.27
2023-06-24 07:00:00,MACH-B,41.15,1.4
2023-06-24 08:00:00,MACH-B,52.63,2.5
2023-06-24 09:00:00,MACH-B,68.69,1.87
2023-06-24 10:00:00,MACH-B,44.97,3.02
2023-06-24 11:00:00,MACH-B,72.31,1.81
2023-06-24 12:00:00,MACH-B,36.68,1.85
2023-06-24 13:00:00,MACH-B,52.45,2.66
2023-06-24 14:00:00,MACH-B,48.4,0.72
2023-06-24 15:00:00,MACH-B,45.06,2.05
2023-06-24 16:00:00,MACH-B,59.02,2.27
2023-06-24 17:00:00,MACH-B,49.24,2.56
2023-06-24 18:00:00,MACH-B,34.94,2.45
2023-06-24 19:00:00,MACH-B,30.39,2.13
2023-06-24 20:00:00,MACH-B,39.39,2.65
2023-06-24 21:00:00,MACH-B,56.33,2.68
2023-06-24 22:00:00,MACH-B,47.98,2.32
2023-06-24 23:00:00,MACH-B,60.35,1.49
2023-06-25 00:00:00,MACH-B,48.52,2.08
2023-06-25 01:00:00,MACH-B,52.78,2.41
2023-06-25 02:00:00,MACH-B,65.1,1.86
2023-06-25 03:00:00,MACH-B,48.13,2.35
2023-06-25 04:00:00,MACH-B,69.59,1.97
2023-06-25 05:00:00,MACH-B,56.79,1.72
2023-06-25 06:00:00,MACH-B,40.57,2.07
2023-06-25 07:00:00,MACH-B,37.95,1.32
2023-06-25 08:00:00,MACH-B,35.6,2.13
2023-06-25 09:00:00,MACH-B,50.37,1.64
2023-06-25 10:00:00,MACH-B,33.7,2.29
2023-06-25 11:00:00,MACH-B,67.69,1.43
2023-06-25 12:00:00,MACH-B,72.39,2.96
2023-06-25 13:00:00,MACH-B,33.98,1.49
2023-06-25 14:00:00,MACH-B,52.51,2.43
2023-06-25 15:00:00,MACH-B,30.38,1.93
2023-06-25 16:00:00,MACH-B,57.11,2.26
2023-06-25 17:00:00,MACH-B,59.43,2.37
2023-06-25 18:00:00,MACH-B,49.97,1.9
2023-06-25 19:00:00,MACH-B,52.99,1.92
2023-06-25 20:00:00,MACH-B,43.4,1.91
2023-06-25 21:00:00,MACH-B,50.44,1.02
2023-06-25 22:00:00,MACH-B,57.14,2.42
2023-06-25 23:00:00,MACH-B,48.13,2.02
2023-06-26 00:00:00,MACH-B,62.25,1.83
2023-06-26 01:00:00,MACH-B,43.12,1.93
2023-06-26 02:00:00,MACH-B,46.81,1.78
2023-06-26 03:00:00,MACH-B,29.36,0.98
2023-06-26 04:00:00,MACH-B,73.22,1.78
2023-06-26 05:00:00,MACH-B,30.09,2.0
2023-06-26 06:00:00,MACH-B,61.13,1.59
2023-06-26 07:00:00,MACH-B,54.27,2.03
2023-06-26 08:00:00,MACH-B,49.94,2.42
2023-06-26 09:00:00,MACH-B,41.1,1.7
2023-06-26 10:00:00,MACH-B,45.38,1.28
2023-06-26 11:00:00,MACH-B,46.09,2.02
2023-06-26 12:00:00,MACH-B,44.76,2.21
2023-06-26 13:00:00,MACH-B,28.75,2.86
2023-06-26 14:00:00,MACH-B,55.83,1.76
2023-06-26 15:00:00,MACH-B,56.54,2.02
2023-06-26 16:00:00,MACH-B,46.52,2.61
2023-06-26 17:00:00,MACH-B,49.56,1.57
2023-06-26 18:00:00,MACH-B,55.77,2.28
2023-06-26 19:00:00,MACH-B,36.18,2.26
2023-06-26 20:00:00,MACH-B,33.82,2.31
2023-06-26 21:00:00,MACH-B,50.09,1.71
2023-06-26 22:00:00,MACH-B,46.72,1.54
2023-06-26 23:00:00,MACH-B,45.74,1.87
2023-06-27 00:00:00,MACH-B,56.04,1.99
2023-06-27 01:00:00,MACH-B,46.05,1.33
2023-06-27 02:00:00,MACH-B,54.42,2.26
2023-06-27 03:00:00,MACH-B,67.75,2.42
2023-06-27 04:00:00,MACH-B,71.0,1.38
2023-06-27 05:00:00,MACH-B,58.65,2.45
2023-06-27 06:00:00,MACH-B,26.18,1.42
2023-06-27 07:00:00,MACH-B,56.31,1.64
2023-06-27 08:00:00,MACH-B,65.55,2.01
2023-06-27 09:00:00,MACH-B,52.67,2.05
2023-06-27 10:00:00,MACH-B,43.34,2.68
2023-06-27 11:00:00,MACH-B,45.9,2.32
2023-06-27 12:00:00,MACH-B,62.3,2.14
2023-06-27 13:00:00,MACH-B,44.68,1.66
2023-06-27 14:00:00,MACH-B,40.48,1.75
2023-06-27 15:00:00,MACH-B,43.47,1.52
2023-06-27 16:00:00,MACH-B,50.58,1.76
2023-06-27 17:00:00,MACH-B,47.78,2.86
2023-06-27 18:00:00,MACH-B,33.89,1.94
2023-06-27 19:00:00,MACH-B,45.71,2.09
2023-06-27 20:00:00,MACH-B,68.97,1.78
2023-06-27 21:00:00,MACH-B,51.87,1.53
2023-06-27 22:00:00,MACH-B,56.12,2.07
2023-06-27 23:00:00,MACH-B,35.8,2.07
2023-06-28 00:00:00,MACH-B,56.65,2.58
2023-06-28 01:00:00,MACH-B,65.05,1.76
2023-06-28 02:00:00,MACH-B,53.18,1.78
2023-06-28 03:00:00,MACH-B,37.94,1.61
2023-06-28 04:00:00,MACH-B,56.4,2.11
2023-06-28 05:00:00,MACH-B,58.12,2.54
2023-06-28 06:00:00,MACH-B,43.0,2.52
2023-06-28 07:00:00,MACH-B,60.69,2.86
2023-06-28 08:00:00,MACH-B,54.51,1.37
2023-06-28 09:00:00,MACH-B,30.07,2.17
2023-06-28 10:00:00,MACH-B,44.12,2.22
2023-06-28 11:00:00,MACH-B,46.64,1.26
2023-06-28 12:00:00,MACH-B,49.43,2.48
2023-06-28 13:00:00,MACH-B,49.96,0.85
2023-06-28 14:00:00,MACH-B,57.89,1.88
2023-06-28 15:00:00,MACH-B,58.24,1.17
2023-06-28 16:00:00,MACH-B,66.16,3.51
2023-06-28 17:00:00,MACH-B,53.39,1.94
2023-06-28 18:00:00,MACH-B,64.76,2.47
2023-06-28 19:00:00,MACH-B,59.31,2.01
2023-06-28 20:00:00,MACH-B,62.27,1.65
2023-06-28 21:00:00,MACH-B,65.96,2.55
2023-06-28 22:00:00,MACH-B,46.62,1.98
2023-06-28 23:00:00,MACH-B,49.19,1.41
2023-06-29 00:00:00,MACH-B,29.0,1.68
2023-06-29 01:00:00,MACH-B,61.05,1.5
2023-06-29 02:00:00,MACH-B,60.25,1.96
2023-06-29 03:00:00,MACH-B,51.45,1.86
2023-06-29 04:00:00,MACH-B,57.96,1.9
2023-06-29 05:00:00,MACH-B,60.69,2.24
2023-06-29 06:00:00,MACH-B,50.19,3.34
2023-06-29 07:00:00,MACH-B,54.3,2.04
2023-06-29 08:00:00,MACH-B,49.86,1.59
2023-06-29 09:00:00,MACH-B,49.01,3.13
2023-06-29 10:00:00,MACH-B,43.21,2.74
2023-06-29 11:00:00,MACH-B,35.97,2.28
2023-06-29 12:00:00,MACH-B,37.16,2.07
2023-06-29 13:00:00,MACH-B,49.28,2.2
2023-06-29 14:00:00,MACH-B,38.79,0.83
2023-06-29 15:00:00,MACH-B,40.56,1.2
2023-06-29 16:00:00,MACH-B,41.81,2.44
2023-06-29 17:00:00,MACH-B,47.18,2.72
2023-06-29 18:00:00,MACH-B,61.31,1.1
2023-06-29 19:00:00,MACH-B,28.64,1.56
2023-06-29 20:00:00,MACH-B,50.48,1.67
2023-06-29 21:00:00,MACH-B,40.76,1.53
2023-06-29 22:00:00,MACH-B,49.54,2.15
2023-06-29 23:00:00,MACH-B,43.78,2.37
2023-06-30 00:00:00,MACH-B,48.15,1.49
2023-06-30 01:00:00,MACH-B,34.56,1.29
2023-06-30 02:00:00,MACH-B,54.11,1.41
2023-06-30 03:00:00,MACH-B,50.62,1.77
2023-06-30 04:00:00,MACH-B,51.55,2.79
2023-06-30 05:00:00,MACH-B,59.67,2.03
2023-06-30 06:00:00,MACH-B,35.9,2.96
2023-06-30 07:00:00,MACH-B,39.09,2.4
2023-06-30 08:00:00,MACH-B,66.61,1.69
2023-06-30 09:00:00,MACH-B,55.45,2.07
2023-06-30 10:00:00,MACH-B,30.75,1.74
2023-06-30 11:00:00,MACH-B,48.2,1.45
2023-06-30 12:00:00,MACH-B,60.67,1.85
2023-06-30 13:00:00,MACH-B,70.83,2.4
2023-06-30 14:00:00,MACH-B,65.58,1.71
2023-06-30 15:00:00,MACH-B,45.44,1.88
2023-06-30 16:00:00,MACH-B,48.74,1.7
2023-06-30 17:00:00,MACH-B,31.84,2.68
2023-06-30 18:00:00,MACH-B,51.03,1.91
2023-06-30 19:00:00,MACH-B,52.04,1.84
2023-06-30 20:00:00,MACH-B,59.07,1.85
2023-06-30 21:00:00,MACH-B,27.99,2.16
2023-06-30 22:00:00,MACH-B,40.76,2.04
2023-06-30 23:00:00,MACH-B,47.75,2.48
2023-07-01 00:00:00,MACH-B,58.76,1.81
2023-07-01 01:00:00,MACH-B,45.99,2.89
2023-07-01 02:00:00,MACH-B,73.57,1.64
2023-07-01 03:00:00,MACH-B,39.19,2.06
2023-07-01 04:00:00,MACH-B,45.08,2.23
2023-07-01 05:00:00,MACH-B,39.09,1.99
2023-07-01 06:00:00,MACH-B,47.95,2.01
2023-07-01 07:00:00,MACH-B,54.74,1.56
2023-07-01 08:00:00,MACH-B,51.82,2.34
2023-07-01 09:00:00,MACH-B,41.37,2.08
2023-07-01 10:00:00,MACH-B,62.22,2.01
2023-07-01 11:00:00,MACH-B,63.81,1.05
2023-07-01 12:00:00,MACH-B,43.0,2.28
2023-07-01 13:00:00,MACH-B,80.87,2.31
2023-07-01 14:00:00,MACH-B,38.95,0.62
2023-07-01 15:00:00,MACH-B,50.39,2.32
2023-07-01 16:00:00,MACH-B,50.4,1.88
2023-07-01 17:00:00,MACH-B,38.76,1.17
2023-07-01 18:00:00,MACH-B,51.99,1.52
2023-07-01 19:00:00,MACH-B,48.79,1.38
2023-07-01 20:00:00,MACH-B,54.2,1.58
2023-07-01 21:00:00,MACH-B,49.99,2.27
2023-07-01 22:00:00,MACH-B,58.0,2.29
2023-07-01 23:00:00,MACH-B,56.03,2.29
2023-07-02 00:00:00,MACH-B,40.09,1.87
2023-07-02 01:00:00,MACH-B,46.99,3.31
2023-07-02 02:00:00,MACH-B,41.83,0.77
2023-07-02 03:00:00,MACH-B,66.67,1.5
2023-07-02 04:00:00,MACH-B,59.55,2.13
2023-07-02 05:00:00,MACH-B,53.3,1.66
2023-07-02 06:00:00,MACH-B,55.35,1.86
2023-07-02 07:00:00,MACH-B,48.85,2.02
2023-07-02 08:00:00,MACH-B,51.54,1.85
2023-07-02 09:00:00,MACH-B,42.52,1.31
2023-07-02 10:00:00,MACH-B,43.37,2.41
2023-07-02 11:00:00,MACH-B,56.17,2.42
2023-07-02 12:00:00,MACH-B,39.23,2.79
2023-07-02 13:00:00,MACH-B,42.97,1.06
2023-07-02 14:00:00,MACH-B,47.73,2.38
2023-07-02 15:00:00,MACH-B,34.9,1.57
2023-07-02 16:00:00,MACH-B,60.01,1.94
2023-07-02 17:00:00,MACH-B,56.58,1.67
2023-07-02 18:00:00,MACH-B,54.29,1.52
2023-07-02 19:00:00,MACH-B,46.11,2.31
2023-07-02 20:00:00,MACH-B,61.74,2.84
2023-07-02 21:00:00,MACH-B,54.09,2.99
2023-07-02 22:00:00,MACH-B,59.88,2.52
2023-07-02 23:00:00,MACH-B,89.88,4.6
2023-07-03 00:00:00,MACH-B,45.23,1.94
2023-07-03 01:00:00,MACH-B,41.14,1.97
2023-07-03 02:00:00,MACH-B,39.95,2.27
2023-07-03 03:00:00,MACH-B,50.6,2.37
2023-07-03 04:00:00,MACH-B,22.77,1.77
2023-07-03 05:00:00,MACH-B,39.29,2.63
2023-07-03 06:00:00,MACH-B,43.05,3.18
2023-07-03 07:00:00,MACH-B,43.8,2.18
2023-07-03 08:00:00,MACH-B,55.97,1.72
2023-07-03 09:00:00,MACH-B,35.66,2.54
2023-07-03 10:00:00,MACH-B,33.06,2.56
2023-07-03 11:00:00,MACH-B,33.25,2.35
2023-07-03 12:00:00,MACH-B,55.25,2.0
2023-07-03 13:00:00,MACH-B,44.18,2.7
2023-07-03 14:00:00,MACH-B,43.83,1.52
2023-07-03 15:00:00,MACH-B,67.44,1.97
2023-07-03 16:00:00,MACH-B,54.38,2.95
2023-07-03 17:00:00,MACH-B,42.71,1.99
2023-07-03 18:00:00,MACH-B,36.13,2.01
2023-07-03 19:00:00,MACH-B,68.82,2.11
2023-07-03 20:00:00,MACH-B,52.38,1.55
2023-07-03 21:00:00,MACH-B,45.65,1.43
2023-07-03 22:00:00,MACH-B,51.97,1.73
2023-07-03 23:00:00,MACH-B,45.83,1.91
2023-07-04 00:00:00,MACH-B,55.09,2.59
2023-07-04 01:00:00,MACH-B,33.05,2.13
2023-07-04 02:00:00,MACH-B,45.98,2.76
2023-07-04 03:00:00,MACH-B,39.43,2.27
2023-07-04 04:00:00,MACH-B,49.21,2.43
2023-07-04 05:00:00,MACH-B,40.44,2.32
2023-07-04 06:00:00,MACH-B,44.01,2.79
2023-07-04 07:00:00,MACH-B,44.5,2.03
2023-07-04 08:00:00,MACH-B,52.58,2.05
2023-07-04 09:00:00,MACH-B,46.18,1.47
2023-07-04 10:00:00,MACH-B,39.85,2.45
2023-07-04 11:00:00,MACH-B,54.13,1.76
2023-07-04 12:00:00,MACH-B,70.86,2.36
2023-07-04 13:00:00,MACH-B,46.43,2.1
2023-07-04 14:00:00,MACH-B,63.03,1.43
2023-07-04 15:00:00,MACH-B,34.54,2.05
2023-07-04 16:00:00,MACH-B,42.37,1.79
2023-07-04 17:00:00,MACH-B,62.95,1.29
2023-07-04 18:00:00,MACH-B,52.19,2.17
2023-07-04 19:00:00,MACH-B,42.82,2.86
2023-07-04 20:00:00,MACH-B,58.36,1.51
2023-07-04 21:00:00,MACH-B,39.64,0.66
2023-07-04 22:00:00,MACH-B,50.65,3.02
2023-07-04 23:00:00,MACH-B,59.36,1.2
2023-07-05 00:00:00,MACH-B,53.65,2.88
2023-07-05 01:00:00,MACH-B,75.09,2.66
2023-07-05 02:00:00,MACH-B,44.35,2.04
2023-07-05 03:00:00,MACH-B,56.94,1.68
2023-07-05 04:00:00,MACH-B,58.8,2.57
2023-07-05 05:00:00,MACH-B,47.81,2.08
2023-07-05 06:00:00,MACH-B,40.66,2.92
2023-07-05 07:00:00,MACH-B,61.61,2.27
2023-07-05 08:00:00,MACH-B,44.95,2.89
2023-07-05 09:00:00,MACH-B,56.44,2.4
2023-07-05 10:00:00,MACH-B,54.28,2.66
2023-07-05 11:00:00,MACH-B,51.26,2.18
2023-07-05 12:00:00,MACH-B,63.48,1.97
2023-07-05 13:00:00,MACH-B,53.36,1.79
2023-07-05 14:00:00,MACH-B,56.28,1.54
2023-07-05 15:00:00,MACH-B,54.04,1.94
2023-07-05 16:00:00,MACH-B,50.76,1.5
2023-07-05 17:00:00,MACH-B,46.19,1.8
2023-07-05 18:00:00,MACH-B,49.81,2.12
2023-07-05 19:00:00,MACH-B,56.18,2.26
2023-07-05 20:00:00,MACH-B,54.71,2.69
2023-07-05 21:00:00,MACH-B,55.97,2.13
2023-07-05 22:00:00,MACH-B,87.76,2.24
2023-07-05 23:00:00,MACH-B,44.99,1.89
2023-07-06 00:00:00,MACH-B,34.15,2.0
2023-07-06 01:00:00,MACH-B,45.91,2.04
2023-07-06 02:00:00,MACH-B,46.44,3.05
2023-07-06 03:00:00,MACH-B,54.4,2.21
2023-07-06 04:00:00,MACH-B,47.48,1.4
2023-07-06 05:00:00,MACH-B,57.32,2.12
2023-07-06 06:00:00,MACH-B,42.33,1.58
2023-07-06 07:00:00,MACH-B,55.78,1.67
2023-07-06 08:00:00,MACH-B,35.46,2.03
2023-07-06 09:00:00,MACH-B,49.95,2.22
2023-07-06 10:00:00,MACH-B,41.89,2.19
2023-07-06 11:00:00,MACH-B,46.39,1.66
2023-07-06 12:00:00,MACH-B,29.49,1.23
2023-07-06 13:00:00,MACH-B,58.56,1.94
2023-07-06 14:00:00,MACH-B,46.18,1.97
2023-07-06 15:00:00,MACH-B,48.89,1.96
2023-07-06 16:00:00,MACH-B,54.17,2.11
2023-07-06 17:00:00,MACH-B,42.69,1.79
2023-07-06 18:00:00,MACH-B,45.07,2.46
2023-07-06 19:00:00,MACH-B,32.33,2.34
2023-07-06 20:00:00,MACH-B,46.76,2.41
2023-07-06 21:00:00,MACH-B,65.42,2.73
2023-07-06 22:00:00,MACH-B,52.73,2.24
2023-07-06 23:00:00,MACH-B,34.96,2.03
2023-07-07 00:00:00,MACH-B,54.24,1.95
2023-07-07 01:00:00,MACH-B,62.81,2.35
2023-07-07 02:00:00,MACH-B,39.89,2.04
2023-07-07 03:00:00,MACH-B,47.84,1.08
2023-07-07 04:00:00,MACH-B,48.16,1.7
2023-07-07 05:00:00,MACH-B,51.22,2.74
2023-07-07 06:00:00,MACH-B,51.14,1.07
2023-07-07 07:00:00,MACH-B,56.32,2.17
2023-07-07 08:00:00,MACH-B,48.73,2.27
2023-07-07 09:00:00,MACH-B,62.33,1.96
2023-07-07 10:00:00,MACH-B,30.77,1.66
2023-07-07 11:00:00,MACH-B,38.51,1.47
2023-07-07 12:00:00,MACH-B,64.87,2.09
2023-07-07 13:00:00,MACH-B,45.23,1.84
2023-07-07 14:00:00,MACH-B,55.56,2.77
2023-07-07 15:00:00,MACH-B,48.69,2.24
2023-07-07 16:00:00,MACH-B,59.45,1.8
2023-07-07 17:00:00,MACH-B,54.13,2.15
2023-07-07 18:00:00,MACH-B,76.38,1.66
2023-07-07 19:00:00,MACH-B,49.76,1.91
2023-07-07 20:00:00,MACH-B,45.82,1.11
2023-07-07 21:00:00,MACH-B,62.78,1.82
2023-07-07 22:00:00,MACH-B,56.8,2.27
2023-07-07 23:00:00,MACH-B,41.91,1.92
2023-07-08 00:00:00,MACH-B,58.74,2.45
2023-07-08 01:00:00,MACH-B,52.03,2.63
2023-07-08 02:00:00,MACH-B,50.87,2.36
2023-07-08 03:00:00,MACH-B,54.36,3.0
2023-07-08 04:00:00,MACH-B,58.11,2.52
2023-07-08 05:00:00,MACH-B,51.9,2.02
2023-07-08 06:00:00,MACH-B,47.36,1.9
2023-07-08 07:00:00,MACH-B,70.89,1.8
2023-07-08 08:00:00,MACH-B,49.6,1.65
2023-07-08 09:00:00,MACH-B,63.37,2.17
2023-07-08 10:00:00,MACH-B,44.38,1.82
2023-07-08 11:00:00,MACH-B,41.54,1.33
2023-07-08 12:00:00,MACH-B,59.7,2.4
2023-07-08 13:00:00,MACH-B,47.46,1.71
2023-07-08 14:00:00,MACH-B,30.6,1.25
2023-07-08 15:00:00,MACH-B,47.95,2.56
2023-07-08 16:00:00,MACH-B,55.07,2.58
2023-07-08 17:00:00,MACH-B,43.04,1.43
2023-07-08 18:00:00,MACH-B,41.81,1.73
2023-07-08 19:00:00,MACH-B,51.93,1.6
2023-07-08 20:00:00,MACH-B,38.59,1.68
2023-07-08 21:00:00,MACH-B,53.07,0.96
2023-07-08 22:00:00,MACH-B,60.35,1.79
2023-07-08 23:00:00,MACH-B,63.01,1.81
2023-07-09 00:00:00,MACH-B,43.49,2.79
2023-07-09 01:00:00,MACH-B,67.8,2.07
2023-07-09 02:00:00,MACH-B,55.87,1.73
2023-07-09 03:00:00,MACH-B,43.28,2.11
2023-07-09 04:00:00,MACH-B,45.78,1.33
2023-07-09 05:00:00,MACH-B,43.02,2.04
2023-07-09 06:00:00,MACH-B,29.47,1.67
2023-07-09 07:00:00,MACH-B,64.21,2.06
2023-07-09 08:00:00,MACH-B,52.17,2.23
2023-07-09 09:00:00,MACH-B,56.5,1.72
2023-07-09 10:00:00,MACH-B,50.99,2.14
2023-07-09 11:00:00,MACH-B,34.88,1.65
2023-07-09 12:00:00,MACH-B,53.46,1.47
2023-07-09 13:00:00,MACH-B,59.56,2.46
2023-07-09 14:00:00,MACH-B,59.49,2.51
2023-07-09 15:00:00,MACH-B,60.92,2.1
2023-07-09 16:00:00,MACH-B,50.5,2.39
2023-07-09 17:00:00,MACH-B,26.32,1.23
2023-07-09 18:00:00,MACH-B,56.79,2.41
2023-07-09 19:00:00,MACH-B,50.71,2.71
2023-07-09 20:00:00,MACH-B,69.95,2.3
2023-07-09 21:00:00,MACH-B,68.95,1.94
2023-07-09 22:00:00,MACH-B,61.0,1.33
2023-07-09 23:00:00,MACH-B,36.23,2.27
2023-07-10 00:00:00,MACH-B,38.91,2.28
2023-07-10 01:00:00,MACH-B,55.22,2.55
2023-07-10 02:00:00,MACH-B,38.35,1.84
2023-07-10 03:00:00,MACH-B,58.84,1.72
2023-07-10 04:00:00,MACH-B,59.26,1.62
2023-07-10 05:00:00,MACH-B,65.61,1.54
2023-07-10 06:00:00,MACH-B,60.93,2.25
2023-07-10 07:00:00,MACH-B,46.13,1.98
2023-07-10 08:00:00,MACH-B,49.36,2.23
2023-07-10 09:00:00,MACH-B,41.53,2.08
2023-07-10 10:00:00,MACH-B,52.67,1.79
2023-07-10 11:00:00,MACH-B,28.25,1.56
2023-07-10 12:00:00,MACH-B,47.07,2.66
2023-07-10 13:00:00,MACH-B,56.99,2.11
2023-07-10 14:00:00,MACH-B,56.17,2.59
2023-07-10 15:00:00,MACH-B,58.68,2.24
2023-07-10 16:00:00,MACH-B,39.41,1.82
2023-07-10 17:00:00,MACH-B,37.16,1.79
2023-07-10 18:00:00,MACH-B,55.96,1.6
2023-07-10 19:00:00,MACH-B,40.45,2.64
2023-07-10 20:00:00,MACH-B,38.29,2.7
2023-07-10 21:00:00,MACH-B,52.14,1.85
2023-07-10 22:00:00,MACH-B,49.73,2.33
2023-07-10 23:00:00,MACH-B,73.89,1.82
2023-07-11 00:00:00,MACH-B,53.72,1.26
2023-07-11 01:00:00,MACH-B,51.73,1.71
2023-07-11 02:00:00,MACH-B,44.42,2.36
2023-07-11 03:00:00,MACH-B,58.27,2.51
2023-07-11 04:00:00,MACH-B,49.7,2.0
2023-07-11 05:00:00,MACH-B,44.81,1.66
2023-07-11 06:00:00,MACH-B,47.92,1.44
2023-07-11 07:00:00,MACH-B,46.66,1.84
2023-07-11 08:00:00,MACH-B,49.2,1.88
2023-07-11 09:00:00,MACH-B,72.54,1.88
2023-07-11 10:00:00,MACH-B,56.42,1.41
2023-07-11 11:00:00,MACH-B,48.16,2.18
2023-07-11 12:00:00,MACH-B,49.43,2.05
2023-07-11 13:00:00,MACH-B,36.06,1.86
2023-07-11 14:00:00,MACH-B,31.94,2.0
2023-07-11 15:00:00,MACH-B,57.45,2.27
2023-07-11 16:00:00,MACH-B,57.25,2.28
2023-07-11 17:00:00,MACH-B,54.05,2.63
2023-07-11 18:00:00,MACH-B,64.86,2.64
2023-07-11 19:00:00,MACH-B,52.19,2.26
2023-07-11 20:00:00,MACH-B,58.16,1.92
2023-07-11 21:00:00,MACH-B,49.26,1.68
2023-07-11 22:00:00,MACH-B,25.01,2.43
2023-07-11 23:00:00,MACH-B,61.66,1.41
2023-07-12 00:00:00,MACH-B,40.3,2.04
2023-07-12 01:00:00,MACH-B,52.59,1.53
2023-07-12 02:00:00,MACH-B,42.97,2.49
2023-07-12 03:00:00,MACH-B,52.66,2.4
2023-07-12 04:00:00,MACH-B,66.7,2.01
2023-07-12 05:00:00,MACH-B,55.98,3.45
2023-07-12 06:00:00,MACH-B,58.15,1.63
2023-07-12 07:00:00,MACH-B,48.25,2.22
2023-07-12 08:00:00,MACH-B,47.15,2.28
2023-07-12 09:00:00,MACH-B,46.98,2.12
2023-07-12 10:00:00,MACH-B,57.64,1.86
2023-07-12 11:00:00,MACH-B,50.3,2.06
2023-07-12 12:00:00,MACH-B,56.92,2.89
2023-07-12 13:00:00,MACH-B,48.23,2.02
2023-07-12 14:00:00,MACH-B,60.15,2.33
2023-07-12 15:00:00,MACH-B,56.95,1.2
2023-07-12 16:00:00,MACH-B,51.13,1.93
2023-07-12 17:00:00,MACH-B,56.81,3.14
2023-07-12 18:00:00,MACH-B,60.34,1.75
2023-07-12 19:00:00,MACH-B,68.53,1.72
2023-07-12 20:00:00,MACH-B,42.98,2.87
2023-07-12 21:00:00,MACH-B,58.82,1.7
2023-07-12 22:00:00,MACH-B,56.87,1.64
2023-07-12 23:00:00,MACH-B,59.26,2.35
2023-07-13 00:00:00,MACH-B,45.34,3.19
2023-07-13 01:00:00,MACH-B,51.03,2.46
2023-07-13 02:00:00,MACH-B,45.3,2.04
2023-07-13 03:00:00,MACH-B,53.51,2.67
2023-07-13 04:00:00,MACH-B,41.36,1.9
2023-07-13 05:00:00,MACH-B,63.63,1.75
2023-07-13 06:00:00,MACH-B,51.39,2.75
2023-07-13 07:00:00,MACH-B,67.25,2.66
2023-07-13 08:00:00,MACH-B,43.4,1.82
2023-07-13 09:00:00,MACH-B,52.01,2.52
2023-07-13 10:00:00,MACH-B,51.03,2.65
2023-07-13 11:00:00,MACH-B,56.66,1.92
2023-07-13 12:00:00,MACH-B,57.58,2.08
2023-07-13 13:00:00,MACH-B,36.7,1.41
2023-07-13 14:00:00,MACH-B,61.88,1.99
2023-07-13 15:00:00,MACH-B,58.92,1.71
2023-07-13 16:00:00,MACH-B,35.04,1.9
2023-07-13 17:00:00,MACH-B,64.41,1.34
2023-07-13 18:00:00,MACH-B,37.37,2.66
2023-07-13 19:00:00,MACH-B,52.77,2.54
2023-07-13 20:00:00,MACH-B,47.04,2.66
2023-07-13 21:00:00,MACH-B,48.2,2.02
2023-07-13 22:00:00,MACH-B,46.57,1.84
2023-07-13 23:00:00,MACH-B,55.24,2.15
2023-07-14 00:00:00,MACH-B,41.14,2.19
2023-07-14 01:00:00,MACH-B,59.41,2.75
2023-07-14 02:00:00,MACH-B,55.35,2.09
2023-07-14 03:00:00,MACH-B,48.38,2.06
2023-07-14 04:00:00,MACH-B,58.78,2.4
2023-07-14 05:00:00,MACH-B,44.92,1.07
2023-07-14 06:00:00,MACH-B,49.59,2.75
2023-07-14 07:00:00,MACH-B,35.0,2.38
2023-07-14 08:00:00,MACH-B,44.42,2.23
2023-07-14 09:00:00,MACH-B,41.25,2.32
2023-07-14 10:00:00,MACH-B,32.43,2.47
2023-07-14 11:00:00,MACH-B,48.44,3.33
2023-07-14 12:00:00,MACH-B,48.86,1.82
2023-07-14 13:00:00,MACH-B,52.97,2.58
2023-07-14 14:00:00,MACH-B,55.77,2.22
2023-07-14 15:00:00,MACH-B,47.74,1.62
2023-07-14 16:00:00,MACH-B,54.98,2.58
2023-07-14 17:00:00,MACH-B,58.95,2.19
2023-07-14 18:00:00,MACH-B,60.98,2.2
2023-07-14 19:00:00,MACH-B,55.78,2.13
2023-07-14 20:00:00,MACH-B,54.89,2.24
2023-07-14 21:00:00,MACH-B,40.15,2.44
2023-07-14 22:00:00,MACH-B,58.09,1.8
2023-07-14 23:00:00,MACH-B,40.08,1.99
2023-07-15 00:00:00,MACH-B,53.22,2.55
2023-07-15 01:00:00,MACH-B,56.63,1.54
2023-07-15 02:00:00,MACH-B,54.31,2.55
2023-07-15 03:00:00,MACH-B,23.68,2.02
2023-07-15 04:00:00,MACH-B,58.05,2.55
2023-07-15 05:00:00,MACH-B,65.09,2.29
2023-07-15 06:00:00,MACH-B,34.16,1.81
2023-07-15 07:00:00,MACH-B,51.77,1.81
2023-07-15 08:00:00,MACH-B,48.12,1.68
2023-07-15 09:00:00,MACH-B,50.46,1.45
2023-07-15 10:00:00,MACH-B,62.84,2.08
2023-07-15 11:00:00,MACH-B,52.4,2.13
2023-07-15 12:00:00,MACH-B,40.21,2.34
2023-07-15 13:00:00,MACH-B,43.35,1.89
2023-07-15 14:00:00,MACH-B,42.25,2.33
2023-07-15 15:00:00,MACH-B,31.31,2.58
2023-07-15 16:00:00,MACH-B,44.51,2.97
2023-07-15 17:00:00,MACH-B,56.76,1.59
2023-07-15 18:00:00,MACH-B,53.33,2.69
2023-07-15 19:00:00,MACH-B,51.71,2.23
2023-07-15 20:00:00,MACH-B,47.11,2.19
2023-07-15 21:00:00,MACH-B,49.27,1.86
2023-07-15 22:00:00,MACH-B,55.4,2.64
2023-07-15 23:00:00,MACH-B,58.49,2.19
2023-07-16 00:00:00,MACH-B,53.0,1.43
2023-07-16 01:00:00,MACH-B,39.14,1.19
2023-07-16 02:00:00,MACH-B,45.71,2.08
2023-07-16 03:00:00,MACH-B,54.37,2.3
2023-07-16 04:00:00,MACH-B,43.36,1.72
2023-07-16 05:00:00,MACH-B,43.83,1.88
2023-07-16 06:00:00,MACH-B,57.0,2.57
2023-07-16 07:00:00,MACH-B,57.91,1.89
2023-07-16 08:00:00,MACH-B,40.4,2.3
2023-07-16 09:00:00,MACH-B,36.47,1.79
2023-07-16 10:00:00,MACH-B,37.91,2.63
2023-07-16 11:00:00,MACH-B,56.69,2.22
2023-07-16 12:00:00,MACH-B,41.56,2.12
2023-07-16 13:00:00,MACH-B,44.64,2.74
2023-07-16 14:00:00,MACH-B,37.67,1.34
2023-07-16 15:00:00,MACH-B,50.14,2.38
2023-07-16 16:00:00,MACH-B,47.65,1.29
2023-07-16 17:00:00,MACH-B,54.43,2.12
2023-07-16 18:00:00,MACH-B,53.43,2.11
2023-07-16 19:00:00,MACH-B,30.54,2.25
2023-07-16 20:00:00,MACH-B,53.53,1.22
2023-07-16 21:00:00,MACH-B,49.14,2.2
2023-07-16 22:00:00,MACH-B,62.32,2.69
2023-07-16 23:00:00,MACH-B,41.77,1.78
2023-07-17 00:00:00,MACH-B,55.5,1.74
2023-07-17 01:00:00,MACH-B,50.91,1.82
2023-07-17 02:00:00,MACH-B,41.45,2.5
2023-07-17 03:00:00,MACH-B,60.65,1.68
2023-07-17 04:00:00,MACH-B,54.01,1.89
2023-07-17 05:00:00,MACH-B,46.57,2.48
2023-07-17 06:00:00,MACH-B,41.33,1.67
2023-07-17 07:00:00,MACH-B,61.55,2.56
2023-07-17 08:00:00,MACH-B,58.59,1.8
2023-07-17 09:00:00,MACH-B,50.11,2.0
2023-07-17 10:00:00,MACH-B,49.84,2.51
2023-07-17 11:00:00,MACH-B,38.79,2.49
2023-07-17 12:00:00,MACH-B,63.71,1.86
2023-07-17 13:00:00,MACH-B,38.84,1.62
2023-07-17 14:00:00,MACH-B,59.05,2.77
2023-07-17 15:00:00,MACH-B,70.2,1.95
2023-07-17 16:00:00,MACH-B,42.32,2.28
2023-07-17 17:00:00,MACH-B,45.03,2.41
2023-07-17 18:00:00,MACH-B,42.11,1.7
2023-07-17 19:00:00,MACH-B,62.41,1.4
2023-07-17 20:00:00,MACH-B,51.3,2.35
2023-07-17 21:00:00,MACH-B,35.21,1.35
2023-07-17 22:00:00,MACH-B,39.2,1.56
2023-07-17 23:00:00,MACH-B,56.63,2.38
2023-07-18 00:00:00,MACH-B,42.65,2.24
2023-07-18 01:00:00,MACH-B,32.35,2.22
2023-07-18 02:00:00,MACH-B,55.62,1.8
2023-07-18 03:00:00,MACH-B,53.69,2.66
2023-07-18 04:00:00,MACH-B,42.41,1.59
2023-07-18 05:00:00,MACH-B,46.5,1.03
2023-07-18 06:00:00,MACH-B,46.69,1.18
2023-07-18 07:00:00,MACH-B,48.06,2.09
2023-07-18 08:00:00,MACH-B,63.65,2.0
2023-07-18 09:00:00,MACH-B,57.39,2.38
2023-07-18 10:00:00,MACH-B,55.83,2.33
2023-07-18 11:00:00,MACH-B,49.09,1.99
2023-07-18 12:00:00,MACH-B,42.38,1.33
2023-07-18 13:00:00,MACH-B,64.41,1.73
2023-07-18 14:00:00,MACH-B,49.85,1.77
2023-07-18 15:00:00,MACH-B,40.44,2.81
2023-07-18 16:00:00,MACH-B,80.17,1.95
2023-07-18 17:00:00,MACH-B,52.29,2.51
2023-07-18 18:00:00,MACH-B,38.62,2.1
2023-07-18 19:00:00,MACH-B,58.81,1.96
2023-07-18 20:00:00,MACH-B,59.65,1.77
2023-07-18 21:00:00,MACH-B,45.99,2.26
2023-07-18 22:00:00,MACH-B,41.06,1.49
2023-07-18 23:00:00,MACH-B,47.4,1.99
2023-07-19 00:00:00,MACH-B,56.82,2.06
2023-07-19 01:00:00,MACH-B,57.96,2.1
2023-07-19 02:00:00,MACH-B,43.91,1.58
2023-07-19 03:00:00,MACH-B,64.11,1.81
2023-07-19 04:00:00,MACH-B,34.77,2.16
2023-07-19 05:00:00,MACH-B,44.0,2.11
2023-07-19 06:00:00,MACH-B,48.8,2.63
2023-07-19 07:00:00,MACH-B,46.9,1.9
2023-07-19 08:00:00,MACH-B,44.85,1.41
2023-07-19 09:00:00,MACH-B,62.69,1.77
2023-07-19 10:00:00,MACH-B,48.6,1.48
2023-07-19 11:00:00,MACH-B,53.76,2.79
2023-07-19 12:00:00,MACH-B,53.29,2.4
2023-07-19 13:00:00,MACH-B,53.65,2.18
2023-07-19 14:00:00,MACH-B,48.32,2.2
2023-07-19 15:00:00,MACH-B,31.97,1.96
2023-07-19 16:00:00,MACH-B,59.02,1.32
2023-07-19 17:00:00,MACH-B,49.17,1.78
2023-07-19 18:00:00,MACH-B,45.33,0.8
2023-07-19 19:00:00,MACH-B,45.35,2.35
2023-07-19 20:00:00,MACH-B,53.05,2.07
2023-07-19 21:00:00,MACH-B,45.0,2.04
2023-07-19 22:00:00,MACH-B,47.82,1.64
2023-07-19 23:00:00,MACH-B,56.94,1.95
2023-07-20 00:00:00,MACH-B,52.04,2.3
2023-07-20 01:00:00,MACH-B,41.23,2.2
2023-07-20 02:00:00,MACH-B,55.5,1.45
2023-07-20 03:00:00,MACH-B,46.99,1.65
2023-07-20 04:00:00,MACH-B,58.42,2.33
2023-07-20 05:00:00,MACH-B,46.16,1.87
2023-07-20 06:00:00,MACH-B,51.5,2.91
2023-07-20 07:00:00,MACH-B,55.98,1.52
2023-07-20 08:00:00,MACH-B,90.55,4.02
2023-07-20 09:00:00,MACH-B,57.15,1.81
2023-07-20 10:00:00,MACH-B,67.0,1.89
2023-07-20 11:00:00,MACH-B,54.74,1.51
2023-07-20 12:00:00,MACH-B,52.03,1.08
2023-07-20 13:00:00,MACH-B,58.93,2.28
2023-07-20 14:00:00,MACH-B,58.31,2.75
2023-07-20 15:00:00,MACH-B,51.4,1.77
2023-07-20 16:00:00,MACH-B,40.59,2.14
2023-07-20 17:00:00,MACH-B,43.49,1.92
2023-07-20 18:00:00,MACH-B,46.36,1.91
2023-07-20 19:00:00,MACH-B,37.28,1.69
2023-07-20 20:00:00,MACH-B,63.87,2.35
2023-07-20 21:00:00,MACH-B,40.66,2.13
2023-07-20 22:00:00,MACH-B,49.5,1.67
2023-07-20 23:00:00,MACH-B,41.04,2.39
2023-07-21 00:00:00,MACH-B,55.88,2.71
2023-07-21 01:00:00,MACH-B,59.9,2.59
2023-07-21 02:00:00,MACH-B,36.91,1.92
2023-07-21 03:00:00,MACH-B,56.61,1.58
2023-07-21 04:00:00,MACH-B,38.06,1.57
2023-07-21 05:00:00,MACH-B,46.02,1.76
2023-07-21 06:00:00,MACH-B,76.51,1.79
2023-07-21 07:00:00,MACH-B,52.81,2.44
2023-07-21 08:00:00,MACH-B,59.01,1.07
2023-07-21 09:00:00,MACH-B,53.14,1.97
2023-07-21 10:00:00,MACH-B,48.43,1.74
2023-07-21 11:00:00,MACH-B,43.86,1.64
2023-07-21 12:00:00,MACH-B,64.81,2.26
2023-07-21 13:00:00,MACH-B,69.21,1.67
2023-07-21 14:00:00,MACH-B,50.54,1.93
2023-07-21 15:00:00,MACH-B,62.12,2.43
2023-07-21 16:00:00,MACH-B,58.74,1.86
2023-07-21 17:00:00,MACH-B,48.11,2.63
2023-07-21 18:00:00,MACH-B,50.58,1.6
2023-07-21 19:00:00,MACH-B,45.64,0.57
2023-07-21 20:00:00,MACH-B,70.43,2.25
2023-07-21 21:00:00,MACH-B,58.09,2.16
2023-07-21 22:00:00,MACH-B,50.31,2.51
2023-07-21 23:00:00,MACH-B,45.15,2.21
2023-07-22 00:00:00,MACH-B,55.17,2.75
2023-07-22 01:00:00,MACH-B,36.99,2.16
2023-07-22 02:00:00,MACH-B,42.43,2.51
2023-07-22 03:00:00,MACH-B,47.99,2.42
2023-07-22 04:00:00,MACH-B,45.79,1.71
2023-07-22 05:00:00,MACH-B,47.9,1.78
2023-07-22 06:00:00,MACH-B,56.79,1.88
2023-07-22 07:00:00,MACH-B,69.4,3.08
2023-07-22 08:00:00,MACH-B,89.9,3.23
2023-07-22 09:00:00,MACH-B,48.46,2.21
2023-07-22 10:00:00,MACH-B,60.06,2.05
2023-07-22 11:00:00,MACH-B,50.49,2.12
2023-07-22 12:00:00,MACH-B,31.35,2.03
2023-07-22 13:00:00,MACH-B,61.97,1.82
2023-07-22 14:00:00,MACH-B,38.14,1.44
2023-07-22 15:00:00,MACH-B,51.33,1.53
2023-07-22 16:00:00,MACH-B,42.02,2.37
2023-07-22 17:00:00,MACH-B,38.61,2.24
2023-07-22 18:00:00,MACH-B,45.54,2.1
2023-07-22 19:00:00,MACH-B,24.64,2.9
2023-07-22 20:00:00,MACH-B,43.06,3.22
2023-07-22 21:00:00,MACH-B,54.19,1.53
2023-07-22 22:00:00,MACH-B,53.67,2.71
2023-07-22 23:00:00,MACH-B,31.28,1.4
2023-07-23 00:00:00,MACH-B,59.7,1.78
2023-07-23 01:00:00,MACH-B,73.72,2.08
2023-07-23 02:00:00,MACH-B,67.28,2.42
2023-07-23 03:00:00,MACH-B,44.73,1.37
2023-07-23 04:00:00,MACH-B,43.41,2.04
2023-07-23 05:00:00,MACH-B,41.03,2.06
2023-07-23 06:00:00,MACH-B,68.25,1.27
2023-07-23 07:00:00,MACH-B,44.82,2.22
2023-07-23 08:00:00,MACH-B,42.91,1.94
2023-07-23 09:00:00,MACH-B,58.38,2.29
2023-07-23 10:00:00,MACH-B,61.36,1.76
2023-07-23 11:00:00,MACH-B,59.74,1.81
2023-07-23 12:00:00,MACH-B,39.45,3.14
2023-07-23 13:00:00,MACH-B,54.94,1.61
2023-07-23 14:00:00,MACH-B,64.62,1.91
2023-07-23 15:00:00,MACH-B,50.02,1.74
2023-07-23 16:00:00,MACH-B,52.95,2.07
2023-07-23 17:00:00,MACH-B,52.03,2.15
2023-07-23 18:00:00,MACH-B,47.3,2.61
2023-07-23 19:00:00,MACH-B,82.89,4.56
2023-07-23 20:00:00,MACH-B,58.89,1.87
2023-07-23 21:00:00,MACH-B,63.03,2.12
2023-07-23 22:00:00,MACH-B,49.45,1.1
2023-07-23 23:00:00,MACH-B,50.67,2.58
2023-07-24 00:00:00,MACH-B,44.95,0.38
2023-07-24 01:00:00,MACH-B,65.78,2.36
2023-07-24 02:00:00,MACH-B,45.68,3.74
2023-07-24 03:00:00,MACH-B,49.02,2.3
2023-07-24 04:00:00,MACH-B,50.8,2.35
2023-07-24 05:00:00,MACH-B,52.09,2.05
2023-07-24 06:00:00,MACH-B,35.02,1.58
2023-07-24 07:00:00,MACH-B,55.46,2.39
2023-07-24 08:00:00,MACH-B,54.45,1.3
2023-07-24 09:00:00,MACH-B,51.58,1.41
2023-07-24 10:00:00,MACH-B,53.6,1.77
2023-07-24 11:00:00,MACH-B,49.45,2.26
2023-07-24 12:00:00,MACH-B,35.62,1.38
2023-07-24 13:00:00,MACH-B,60.94,2.34
2023-07-24 14:00:00,MACH-B,35.48,2.22
2023-07-24 15:00:00,MACH-B,41.29,2.04
2023-07-24 16:00:00,MACH-B,62.0,1.17
2023-07-24 17:00:00,MACH-B,36.47,2.46
2023-07-24 18:00:00,MACH-B,48.42,1.88
2023-07-24 19:00:00,MACH-B,68.13,1.96
2023-07-24 20:00:00,MACH-B,50.72,1.76
2023-07-24 21:00:00,MACH-B,36.22,1.22
2023-07-24 22:00:00,MACH-B,57.52,1.51
2023-07-24 23:00:00,MACH-B,54.5,2.48
2023-07-25 00:00:00,MACH-B,51.22,2.8
2023-07-25 01:00:00,MACH-B,29.61,2.28
2023-07-25 02:00:00,MACH-B,63.07,2.38
2023-07-25 03:00:00,MACH-B,67.7,2.83
2023-07-25 04:00:00,MACH-B,49.75,2.82
2023-07-25 05:00:00,MACH-B,43.37,2.3
2023-07-25 06:00:00,MACH-B,55.33,1.7
2023-07-25 07:00:00,MACH-B,55.45,1.01
2023-07-25 08:00:00,MACH-B,56.32,2.03
2023-07-25 09:00:00,MACH-B,50.1,2.09
2023-07-25 10:00:00,MACH-B,55.45,3.31
2023-07-25 11:00:00,MACH-B,57.49,2.33
2023-07-25 12:00:00,MACH-B,75.64,2.1
2023-07-25 13:00:00,MACH-B,54.41,1.56
2023-07-25 14:00:00,MACH-B,51.78,2.04
2023-07-25 15:00:00,MACH-B,34.81,2.63
2023-07-25 16:00:00,MACH-B,35.68,1.9
2023-07-25 17:00:00,MACH-B,51.25,1.36
2023-07-25 18:00:00,MACH-B,49.2,1.57
2023-07-25 19:00:00,MACH-B,40.44,1.32
2023-07-25 20:00:00,MACH-B,40.1,1.66
2023-07-25 21:00:00,MACH-B,56.04,1.43
2023-07-25 22:00:00,MACH-B,44.22,2.27
2023-07-25 23:00:00,MACH-B,42.32,2.34
2023-07-26 00:00:00,MACH-B,39.5,2.75
2023-07-26 01:00:00,MACH-B,41.84,1.97
2023-07-26 02:00:00,MACH-B,46.25,1.97
2023-07-26 03:00:00,MACH-B,49.77,2.17
2023-07-26 04:00:00,MACH-B,52.33,1.72
2023-07-26 05:00:00,MACH-B,45.8,1.44
2023-07-26 06:00:00,MACH-B,32.16,1.55
2023-07-26 07:00:00,MACH-B,38.8,2.3
2023-07-26 08:00:00,MACH-B,44.87,2.46
2023-07-26 09:00:00,MACH-B,60.32,3.19
2023-07-26 10:00:00,MACH-B,48.99,1.49
2023-07-26 11:00:00,MACH-B,54.26,1.46
2023-07-26 12:00:00,MACH-B,64.01,1.05
2023-07-26 13:00:00,MACH-B,48.34,2.08
2023-07-26 14:00:00,MACH-B,49.9,2.27
2023-07-26 15:00:00,MACH-B,50.39,1.68
2023-07-26 16:00:00,MACH-B,50.63,1.24
2023-07-26 17:00:00,MACH-B,39.58,3.0
2023-07-26 18:00:00,MACH-B,55.0,2.18
2023-07-26 19:00:00,MACH-B,51.0,1.39
2023-07-26 20:00:00,MACH-B,41.72,1.82
2023-07-26 21:00:00,MACH-B,48.26,3.15
2023-07-26 22:00:00,MACH-B,31.42,2.47
2023-07-26 23:00:00,MACH-B,34.66,1.84
2023-07-27 00:00:00,MACH-B,58.85,1.52
2023-07-27 01:00:00,MACH-B,47.84,2.68
2023-07-27 02:00:00,MACH-B,63.3,1.29
2023-07-27 03:00:00,MACH-B,50.63,2.25
2023-07-27 04:00:00,MACH-B,52.2,2.24
2023-07-27 05:00:00,MACH-B,49.78,2.55
2023-07-27 06:00:00,MACH-B,39.9,2.28
2023-07-27 07:00:00,MACH-B,54.11,2.31
2023-07-27 08:00:00,MACH-B,43.3,2.17
2023-07-27 09:00:00,MACH-B,53.18,2.15
2023-07-27 10:00:00,MACH-B,41.65,2.94
2023-07-27 11:00:00,MACH-B,57.45,2.01
2023-07-27 12:00:00,MACH-B,54.35,2.43
2023-07-27 13:00:00,MACH-B,62.23,1.8
2023-07-27 14:00:00,MACH-B,57.24,1.49
2023-07-27 15:00:00,MACH-B,49.44,1.76
2023-07-27 16:00:00,MACH-B,65.37,1.88
2023-07-27 17:00:00,MACH-B,53.83,1.48
2023-07-27 18:00:00,MACH-B,26.89,1.26
2023-07-27 19:00:00,MACH-B,43.91,2.6
2023-07-27 20:00:00,MACH-B,48.51,1.7
2023-07-27 21:00:00,MACH-B,63.08,1.86
2023-07-27 22:00:00,MACH-B,45.66,1.71
2023-07-27 23:00:00,MACH-B,43.1,0.84
2023-07-28 00:00:00,MACH-B,29.5,2.82
2023-07-28 01:00:00,MACH-B,62.92,1.54
2023-07-28 02:00:00,MACH-B,64.4,2.51
2023-07-28 03:00:00,MACH-B,38.6,1.5
2023-07-28 04:00:00,MACH-B,35.81,2.11
2023-07-28 05:00:00,MACH-B,60.4,2.48
2023-07-28 06:00:00,MACH-B,62.95,1.41
2023-07-28 07:00:00,MACH-B,42.78,1.8
2023-07-28 08:00:00,MACH-B,47.68,1.69
2023-07-28 09:00:00,MACH-B,55.57,1.77
2023-07-28 10:00:00,MACH-B,39.78,2.39
2023-07-28 11:00:00,MACH-B,40.94,2.69
2023-07-28 12:00:00,MACH-B,46.59,1.82
2023-07-28 13:00:00,MACH-B,40.04,2.13
2023-07-28 14:00:00,MACH-B,79.12,1.34
2023-07-28 15:00:00,MACH-B,62.45,3.23
2023-07-28 16:00:00,MACH-B,46.96,2.25
2023-07-28 17:00:00,MACH-B,51.3,2.42
2023-07-28 18:00:00,MACH-B,33.97,1.76
2023-07-28 19:00:00,MACH-B,54.02,2.54
2023-07-28 20:00:00,MACH-B,57.41,2.07
2023-07-28 21:00:00,MACH-B,43.32,2.48
2023-07-28 22:00:00,MACH-B,45.51,1.54
2023-07-28 23:00:00,MACH-B,40.89,2.09
2023-07-29 00:00:00,MACH-B,63.85,0.98
2023-07-29 01:00:00,MACH-B,63.34,2.31
2023-07-29 02:00:00,MACH-B,53.91,2.28
2023-07-29 03:00:00,MACH-B,51.34,1.08
2023-07-29 04:00:00,MACH-B,37.52,1.43
2023-07-29 05:00:00,MACH-B,42.83,1.59
2023-07-29 06:00:00,MACH-B,47.09,2.25
2023-07-29 07:00:00,MACH-B,43.3,0.59
2023-07-29 08:00:00,MACH-B,55.64,2.97
2023-07-29 09:00:00,MACH-B,33.61,1.63
2023-07-29 10:00:00,MACH-B,37.11,3.49
2023-07-29 11:00:00,MACH-B,43.7,2.01
2023-07-29 12:00:00,MACH-B,34.27,0.82
2023-07-29 13:00:00,MACH-B,60.01,1.21
2023-07-29 14:00:00,MACH-B,61.39,2.01
2023-07-29 15:00:00,MACH-B,33.06,1.32
2023-07-29 16:00:00,MACH-B,52.9,1.5
2023-07-29 17:00:00,MACH-B,45.96,0.77
2023-07-29 18:00:00,MACH-B,49.89,1.77
2023-07-29 19:00:00,MACH-B,55.34,2.74
2023-07-29 20:00:00,MACH-B,29.39,1.64
2023-07-29 21:00:00,MACH-B,60.69,2.27
2023-07-29 22:00:00,MACH-B,55.21,1.46
2023-07-29 23:00:00,MACH-B,60.87,2.51
2023-07-30 00:00:00,MACH-B,31.46,1.75
2023-07-30 01:00:00,MACH-B,49.66,2.13
2023-07-30 02:00:00,MACH-B,55.37,1.61
2023-07-30 03:00:00,MACH-B,54.36,1.83
2023-07-30 04:00:00,MACH-B,58.54,1.33
2023-07-30 05:00:00,MACH-B,54.56,2.8
2023-07-30 06:00:00,MACH-B,30.51,2.02
2023-07-30 07:00:00,MACH-B,61.52,1.6
2023-07-30 08:00:00,MACH-B,45.19,1.86
2023-07-30 09:00:00,MACH-B,52.01,2.21
2023-07-30 10:00:00,MACH-B,65.54,2.34
2023-07-30 11:00:00,MACH-B,49.91,1.71
2023-07-30 12:00:00,MACH-B,46.5,2.35
2023-07-30 13:00:00,MACH-B,38.37,1.99
2023-07-30 14:00:00,MACH-B,36.68,1.59
2023-07-30 15:00:00,MACH-B,37.92,1.8
2023-07-30 16:00:00,MACH-B,49.64,1.69
2023-07-30 17:00:00,MACH-B,71.9,2.94
2023-07-30 18:00:00,MACH-B,46.92,2.06
2023-07-30 19:00:00,MACH-B,49.71,2.37
2023-07-30 20:00:00,MACH-B,56.92,2.6
2023-07-30 21:00:00,MACH-B,42.98,2.05
2023-07-30 22:00:00,MACH-B,92.74,3.47
2023-07-30 23:00:00,MACH-B,45.11,2.01
2023-07-31 00:00:00,MACH-B,62.26,1.95
2023-07-31 01:00:00,MACH-B,56.01,1.84
2023-07-31 02:00:00,MACH-B,50.86,1.77
2023-07-31 03:00:00,MACH-B,43.91,2.26
2023-07-31 04:00:00,MACH-B,59.45,1.47
2023-07-31 05:00:00,MACH-B,48.89,1.42
2023-07-31 06:00:00,MACH-B,44.93,2.44
2023-07-31 07:00:00,MACH-B,65.91,2.58
2023-07-31 08:00:00,MACH-B,28.88,2.84
2023-07-31 09:00:00,MACH-B,65.13,1.8
2023-07-31 10:00:00,MACH-B,70.29,1.14
2023-07-31 11:00:00,MACH-B,41.09,1.05
2023-07-31 12:00:00,MACH-B,43.44,2.66
2023-07-31 13:00:00,MACH-B,38.84,2.43
2023-07-31 14:00:00,MACH-B,58.72,2.23
2023-07-31 15:00:00,MACH-B,43.6,2.32
2023-07-31 16:00:00,MACH-B,48.77,2.34
2023-07-31 17:00:00,MACH-B,56.36,2.95
2023-07-31 18:00:00,MACH-B,33.93,1.45
2023-07-31 19:00:00,MACH-B,34.63,1.56
2023-07-31 20:00:00,MACH-B,53.34,2.24
2023-07-31 21:00:00,MACH-B,46.15,2.38
2023-07-31 22:00:00,MACH-B,40.08,1.4
2023-07-31 23:00:00,MACH-B,50.0,2.41
2023-08-01 00:00:00,MACH-B,48.77,1.78
2023-08-01 01:00:00,MACH-B,40.9,2.26
2023-08-01 02:00:00,MACH-B,51.59,1.35
2023-08-01 03:00:00,MACH-B,40.06,1.03
2023-08-01 04:00:00,MACH-B,57.19,2.29
2023-08-01 05:00:00,MACH-B,48.03,3.0
2023-08-01 06:00:00,MACH-B,68.4,2.02
2023-08-01 07:00:00,MACH-B,36.96,2.91
2023-08-01 08:00:00,MACH-B,44.09,1.31
2023-08-01 09:00:00,MACH-B,59.33,1.56
2023-08-01 10:00:00,MACH-B,39.49,2.25
2023-08-01 11:00:00,MACH-B,50.33,2.27
2023-08-01 12:00:00,MACH-B,30.22,1.75
2023-08-01 13:00:00,MACH-B,39.29,2.29
2023-08-01 14:00:00,MACH-B,40.66,1.73
2023-08-01 15:00:00,MACH-B,48.29,2.06
2023-08-01 16:00:00,MACH-B,59.91,2.17
2023-08-01 17:00:00,MACH-B,47.28,2.93
2023-08-01 18:00:00,MACH-B,46.76,1.56
2023-08-01 19:00:00,MACH-B,41.96,2.3
2023-08-01 20:00:00,MACH-B,38.57,2.42
2023-08-01 21:00:00,MACH-B,60.18,3.14
2023-08-01 22:00:00,MACH-B,51.76,2.76
2023-08-01 23:00:00,MACH-B,46.76,2.34
2023-08-02 00:00:00,MACH-B,66.03,1.03
2023-08-02 01:00:00,MACH-B,22.25,2.24
2023-08-02 02:00:00,MACH-B,60.22,2.56
2023-08-02 03:00:00,MACH-B,34.27,1.46
2023-08-02 04:00:00,MACH-B,51.33,1.57
2023-08-02 05:00:00,MACH-B,59.65,2.91
2023-08-02 06:00:00,MACH-B,32.14,2.62
2023-08-02 07:00:00,MACH-B,62.36,1.24
2023-08-02 08:00:00,MACH-B,48.62,2.01
2023-08-02 09:00:00,MACH-B,41.96,1.99
2023-08-02 10:00:00,MACH-B,52.22,2.79
2023-08-02 11:00:00,MACH-B,55.23,2.83
2023-08-02 12:00:00,MACH-B,73.73,2.15
2023-08-02 13:00:00,MACH-B,48.08,1.5
2023-08-02 14:00:00,MACH-B,58.46,1.79
2023-08-02 15:00:00,MACH-B,51.2,1.09
2023-08-02 16:00:00,MACH-B,53.55,1.22
2023-08-02 17:00:00,MACH-B,47.48,3.35
2023-08-02 18:00:00,MACH-B,42.41,1.85
2023-08-02 19:00:00,MACH-B,53.84,1.85
2023-08-02 20:00:00,MACH-B,40.04,1.93
2023-08-02 21:00:00,MACH-B,29.97,2.06
2023-08-02 22:00:00,MACH-B,51.07,2.21
2023-08-02 23:00:00,MACH-B,41.75,1.53
2023-08-03 00:00:00,MACH-B,47.1,2.76
2023-08-03 01:00:00,MACH-B,33.32,1.67
2023-08-03 02:00:00,MACH-B,59.53,1.15
2023-08-03 03:00:00,MACH-B,23.07,1.31
2023-08-03 04:00:00,MACH-B,54.27,1.99
2023-08-03 05:00:00,MACH-B,55.26,2.46
2023-08-03 06:00:00,MACH-B,52.0,2.4
2023-08-03 07:00:00,MACH-B,60.29,2.64
2023-08-03 08:00:00,MACH-B,38.22,1.37
2023-08-03 09:00:00,MACH-B,69.62,2.66
2023-08-03 10:00:00,MACH-B,41.02,2.25
2023-08-03 11:00:00,MACH-B,56.61,1.84
2023-08-03 12:00:00,MACH-B,68.22,1.63
2023-08-03 13:00:00,MACH-B,47.89,1.54
2023-08-03 14:00:00,MACH-B,42.8,2.27
2023-08-03 15:00:00,MACH-B,57.94,2.03
2023-08-03 16:00:00,MACH-B,44.27,1.09
2023-08-03 17:00:00,MACH-B,41.37,1.85
2023-08-03 18:00:00,MACH-B,56.92,1.79
2023-08-03 19:00:00,MACH-B,57.53,2.59
2023-08-03 20:00:00,MACH-B,49.7,2.17
2023-08-03 21:00:00,MACH-B,50.66,1.79
2023-08-03 22:00:00,MACH-B,51.67,1.6
2023-08-03 23:00:00,MACH-B,48.08,2.13
2023-08-04 00:00:00,MACH-B,47.23,1.68
2023-08-04 01:00:00,MACH-B,36.44,1.27
2023-08-04 02:00:00,MACH-B,42.69,2.18
2023-08-04 03:00:00,MACH-B,49.92,1.96
2023-08-04 04:00:00,MACH-B,71.08,1.91
2023-08-04 05:00:00,MACH-B,38.56,2.04
2023-08-04 06:00:00,MACH-B,45.05,2.27
2023-08-04 07:00:00,MACH-B,37.06,1.34
2023-08-04 08:00:00,MACH-B,29.22,1.59
2023-08-04 09:00:00,MACH-B,63.85,2.74
2023-08-04 10:00:00,MACH-B,55.3,2.56
2023-08-04 11:00:00,MACH-B,63.55,3.02
2023-08-04 12:00:00,MACH-B,31.18,2.4
2023-08-04 13:00:00,MACH-B,56.32,2.35
2023-08-04 14:00:00,MACH-B,71.38,1.96
2023-08-04 15:00:00,MACH-B,59.59,1.25
2023-08-04 16:00:00,MACH-B,55.65,2.34
2023-08-04 17:00:00,MACH-B,42.31,1.96
2023-08-04 18:00:00,MACH-B,64.58,1.15
2023-08-04 19:00:00,MACH-B,43.56,2.29
2023-08-04 20:00:00,MACH-B,55.04,2.56
2023-08-04 21:00:00,MACH-B,39.61,1.6
2023-08-04 22:00:00,MACH-B,49.04,1.81
2023-08-04 23:00:00,MACH-B,59.77,2.18
2023-08-05 00:00:00,MACH-B,59.04,1.56
2023-08-05 01:00:00,MACH-B,50.17,1.93
2023-08-05 02:00:00,MACH-B,71.52,2.11
2023-08-05 03:00:00,MACH-B,47.9,2.4
2023-08-05 04:00:00,MACH-B,61.46,1.99
2023-08-05 05:00:00,MACH-B,44.37,2.26
2023-08-05 06:00:00,MACH-B,37.55,1.9
2023-08-05 07:00:00,MACH-B,48.01,2.07
2023-08-05 08:00:00,MACH-B,33.19,2.18
2023-08-05 09:00:00,MACH-B,53.21,0.77
2023-08-05 10:00:00,MACH-B,51.07,1.66
2023-08-05 11:00:00,MACH-B,56.17,2.57
2023-08-05 12:00:00,MACH-B,49.86,0.99
2023-08-05 13:00:00,MACH-B,47.02,2.2
2023-08-05 14:00:00,MACH-B,50.76,2.69
2023-08-05 15:00:00,MACH-B,61.3,2.57
2023-08-05 16:00:00,MACH-B,60.25,2.42
2023-08-05 17:00:00,MACH-B,62.78,2.87
2023-08-05 18:00:00,MACH-B,27.42,2.61
2023-08-05 19:00:00,MACH-B,60.7,1.81
2023-08-05 20:00:00,MACH-B,56.97,2.36
2023-08-05 21:00:00,MACH-B,70.47,1.31
2023-08-05 22:00:00,MACH-B,44.74,2.49
2023-08-05 23:00:00,MACH-B,81.16,3.47
2023-08-06 00:00:00,MACH-B,52.65,2.54
2023-08-06 01:00:00,MACH-B,25.83,2.14
2023-08-06 02:00:00,MACH-B,22.62,2.5
2023-08-06 03:00:00,MACH-B,53.13,2.07
2023-08-06 04:00:00,MACH-B,38.41,1.87
2023-08-06 05:00:00,MACH-B,36.62,2.15
2023-08-06 06:00:00,MACH-B,55.42,1.23
2023-08-06 07:00:00,MACH-B,34.12,1.95
2023-08-06 08:00:00,MACH-B,56.98,1.78
2023-08-06 09:00:00,MACH-B,41.34,1.31
2023-08-06 10:00:00,MACH-B,40.92,1.65
2023-08-06 11:00:00,MACH-B,53.6,1.35
2023-08-06 12:00:00,MACH-B,37.63,1.23
2023-08-06 13:00:00,MACH-B,67.33,1.71
2023-08-06 14:00:00,MACH-B,48.95,2.25
2023-08-06 15:00:00,MACH-B,49.82,1.25
2023-08-06 16:00:00,MACH-B,56.33,1.98
2023-08-06 17:00:00,MACH-B,60.71,2.1
2023-08-06 18:00:00,MACH-B,44.76,1.94
2023-08-06 19:00:00,MACH-B,56.92,2.42
2023-08-06 20:00:00,MACH-B,57.52,3.55
2023-08-06 21:00:00,MACH-B,64.67,2.83
2023-08-06 22:00:00,MACH-B,45.31,1.68
2023-08-06 23:00:00,MACH-B,57.52,1.52
2023-08-07 00:00:00,MACH-B,55.71,1.77
2023-08-07 01:00:00,MACH-B,54.27,2.26
2023-08-07 02:00:00,MACH-B,27.88,2.02
2023-08-07 03:00:00,MACH-B,62.57,2.02
2023-08-07 04:00:00,MACH-B,60.39,2.05
2023-08-07 05:00:00,MACH-B,56.6,2.04
2023-08-07 06:00:00,MACH-B,43.91,2.13
2023-08-07 07:00:00,MACH-B,66.48,2.47
2023-08-07 08:00:00,MACH-B,49.42,2.17
2023-08-07 09:00:00,MACH-B,54.86,1.45
2023-08-07 10:00:00,MACH-B,38.55,2.46
2023-08-07 11:00:00,MACH-B,46.86,2.55
2023-08-07 12:00:00,MACH-B,50.68,1.93
2023-08-07 13:00:00,MACH-B,41.19,2.15
2023-08-07 14:00:00,MACH-B,43.4,1.77
2023-08-07 15:00:00,MACH-B,55.36,1.61
2023-08-07 16:00:00,MACH-B,60.46,1.67
2023-08-07 17:00:00,MACH-B,35.43,1.71
2023-08-07 18:00:00,MACH-B,72.96,2.72
2023-08-07 19:00:00,MACH-B,41.35,1.96
2023-08-07 20:00:00,MACH-B,39.65,1.59
2023-08-07 21:00:00,MACH-B,65.31,1.88
2023-08-07 22:00:00,MACH-B,56.89,2.33
2023-08-07 23:00:00,MACH-B,59.72,2.73
2023-08-08 00:00:00,MACH-B,41.56,2.27
2023-08-08 01:00:00,MACH-B,54.52,1.99
2023-08-08 02:00:00,MACH-B,75.56,2.86
2023-08-08 03:00:00,MACH-B,41.47,1.89
2023-08-08 04:00:00,MACH-B,57.32,1.86
2023-08-08 05:00:00,MACH-B,42.26,1.42
2023-08-08 06:00:00,MACH-B,39.55,1.69
2023-08-08 07:00:00,MACH-B,47.52,1.42
2023-08-08 08:00:00,MACH-B,49.69,1.35
2023-08-08 09:00:00,MACH-B,48.31,1.96
2023-08-08 10:00:00,MACH-B,49.28,1.75
2023-08-08 11:00:00,MACH-B,72.02,2.6
2023-08-08 12:00:00,MACH-B,67.08,2.15
2023-08-08 13:00:00,MACH-B,51.75,2.35
2023-08-08 14:00:00,MACH-B,50.96,2.24
2023-08-08 15:00:00,MACH-B,64.52,1.46
2023-08-08 16:00:00,MACH-B,57.36,1.9
2023-08-08 17:00:00,MACH-B,52.66,2.21
2023-08-08 18:00:00,MACH-B,72.47,1.13
2023-08-08 19:00:00,MACH-B,41.37,1.12
2023-08-08 20:00:00,MACH-B,49.87,2.09
2023-08-08 21:00:00,MACH-B,48.63,1.88
2023-08-08 22:00:00,MACH-B,54.69,0.26
2023-08-08 23:00:00,MACH-B,39.43,1.1
2023-08-09 00:00:00,MACH-B,54.72,1.51
2023-08-09 01:00:00,MACH-B,47.27,2.25
2023-08-09 02:00:00,MACH-B,60.36,1.75
2023-08-09 03:00:00,MACH-B,46.88,2.57
2023-08-09 04:00:00,MACH-B,44.29,1.64
2023-08-09 05:00:00,MACH-B,56.91,1.72
2023-08-09 06:00:00,MACH-B,51.13,3.16
2023-08-09 07:00:00,MACH-B,47.41,2.42
2023-08-09 08:00:00,MACH-B,48.04,2.53
2023-08-09 09:00:00,MACH-B,45.17,1.63
2023-08-09 10:00:00,MACH-B,70.61,1.88
2023-08-09 11:00:00,MACH-B,55.49,2.01
2023-08-09 12:00:00,MACH-B,57.68,1.89
2023-08-09 13:00:00,MACH-B,55.22,2.08
2023-08-09 14:00:00,MACH-B,52.82,2.08
2023-08-09 15:00:00,MACH-B,45.81,1.91
2023-08-09 16:00:00,MACH-B,43.09,1.87
2023-08-09 17:00:00,MACH-B,45.77,2.69
2023-08-09 18:00:00,MACH-B,56.6,1.57
2023-08-09 19:00:00,MACH-B,45.68,1.77
2023-08-09 20:00:00,MACH-B,62.95,1.28
2023-08-09 21:00:00,MACH-B,66.94,1.54
2023-08-09 22:00:00,MACH-B,32.7,1.76
2023-08-09 23:00:00,MACH-B,66.02,2.05
2023-08-10 00:00:00,MACH-B,38.91,2.42
2023-08-10 01:00:00,MACH-B,47.38,2.43
2023-08-10 02:00:00,MACH-B,51.5,2.68
2023-08-10 03:00:00,MACH-B,29.16,1.5
2023-08-10 04:00:00,MACH-B,43.14,1.57
2023-08-10 05:00:00,MACH-B,51.7,1.45
2023-08-10 06:00:00,MACH-B,37.79,2.89
2023-08-10 07:00:00,MACH-B,37.36,2.28
2023-08-10 08:00:00,MACH-B,68.55,2.44
2023-08-10 09:00:00,MACH-B,51.33,1.42
2023-08-10 10:00:00,MACH-B,60.11,2.0
2023-08-10 11:00:00,MACH-B,69.29,2.28
2023-08-10 12:00:00,MACH-B,58.13,1.29
2023-08-10 13:00:00,MACH-B,45.0,1.75
2023-08-10 14:00:00,MACH-B,44.06,2.22
2023-08-10 15:00:00,MACH-B,55.36,0.91
2023-08-10 16:00:00,MACH-B,56.96,2.74
2023-08-10 17:00:00,MACH-B,52.65,2.33
2023-08-10 18:00:00,MACH-B,57.7,1.43
2023-08-10 19:00:00,MACH-B,48.83,1.98
2023-08-10 20:00:00,MACH-B,50.14,2.24
2023-08-10 21:00:00,MACH-B,45.79,2.07
2023-08-10 22:00:00,MACH-B,41.34,1.97
2023-08-10 23:00:00,MACH-B,41.13,1.94
2023-08-11 00:00:00,MACH-B,46.32,2.39
2023-08-11 01:00:00,MACH-B,57.37,2.41
2023-08-11 02:00:00,MACH-B,50.35,2.35
2023-08-11 03:00:00,MACH-B,45.8,2.35
2023-08-11 04:00:00,MACH-B,47.41,2.24
2023-08-11 05:00:00,MACH-B,31.85,2.3
2023-08-11 06:00:00,MACH-B,44.69,2.84
2023-08-11 07:00:00,MACH-B,57.6,1.94
2023-08-11 08:00:00,MACH-B,38.45,1.15
2023-08-11 09:00:00,MACH-B,34.36,2.62
2023-08-11 10:00:00,MACH-B,37.73,2.23
2023-08-11 11:00:00,MACH-B,45.07,2.26
2023-08-11 12:00:00,MACH-B,49.37,1.57
2023-08-11 13:00:00,MACH-B,52.32,1.17
2023-08-11 14:00:00,MACH-B,57.05,2.14
2023-08-11 15:00:00,MACH-B,47.56,1.87
2023-08-11 16:00:00,MACH-B,57.29,1.99
2023-08-11 17:00:00,MACH-B,38.06,1.74
2023-08-11 18:00:00,MACH-B,62.02,2.03
2023-08-11 19:00:00,MACH-B,53.59,1.66
2023-08-11 20:00:00,MACH-B,29.93,2.75
2023-08-11 21:00:00,MACH-B,51.08,1.9
2023-08-11 22:00:00,MACH-B,73.17,2.43
2023-08-11 23:00:00,MACH-B,70.5,2.24
2023-08-12 00:00:00,MACH-B,49.82,2.65
2023-08-12 01:00:00,MACH-B,55.98,2.09
2023-08-12 02:00:00,MACH-B,38.89,2.46
2023-08-12 03:00:00,MACH-B,37.22,2.36
2023-08-12 04:00:00,MACH-B,48.11,2.78
2023-08-12 05:00:00,MACH-B,45.12,2.36
2023-08-12 06:00:00,MACH-B,51.48,1.61
2023-08-12 07:00:00,MACH-B,56.29,1.91
2023-08-12 08:00:00,MACH-B,55.92,1.39
2023-08-12 09:00:00,MACH-B,60.2,1.84
2023-08-12 10:00:00,MACH-B,55.07,1.31
2023-08-12 11:00:00,MACH-B,61.28,2.38
2023-08-12 12:00:00,MACH-B,60.29,1.1
2023-08-12 13:00:00,MACH-B,48.08,1.47
2023-08-12 14:00:00,MACH-B,29.53,2.16
2023-08-12 15:00:00,MACH-B,37.79,2.4
2023-08-12 16:00:00,MACH-B,55.89,0.99
2023-08-12 17:00:00,MACH-B,51.67,2.19
2023-08-12 18:00:00,MACH-B,70.43,2.32
2023-08-12 19:00:00,MACH-B,34.24,1.16
2023-08-12 20:00:00,MACH-B,58.92,1.1
2023-08-12 21:00:00,MACH-B,49.83,2.01
2023-08-12 22:00:00,MACH-B,41.95,2.23
2023-08-12 23:00:00,MACH-B,67.7,1.77
2023-08-13 00:00:00,MACH-B,39.06,2.1
2023-08-13 01:00:00,MACH-B,53.4,2.0
2023-08-13 02:00:00,MACH-B,62.49,3.0
2023-08-13 03:00:00,MACH-B,41.64,0.88
2023-08-13 04:00:00,MACH-B,31.65,1.77
2023-08-13 05:00:00,MACH-B,56.16,1.8
2023-08-13 06:00:00,MACH-B,61.39,1.14
2023-08-13 07:00:00,MACH-B,44.94,2.18
2023-08-13 08:00:00,MACH-B,34.23,1.72
2023-08-13 09:00:00,MACH-B,52.47,1.55
2023-08-13 10:00:00,MACH-B,47.06,1.37
2023-08-13 11:00:00,MACH-B,31.38,2.05
2023-08-13 12:00:00,MACH-B,55.8,2.24
2023-08-13 13:00:00,MACH-B,42.86,1.91
2023-08-13 14:00:00,MACH-B,56.12,2.46
2023-08-13 15:00:00,MACH-B,73.0,2.19
2023-08-13 16:00:00,MACH-B,49.68,2.91
2023-08-13 17:00:00,MACH-B,87.6,3.86
2023-08-13 18:00:00,MACH-B,51.2,1.29
2023-08-13 19:00:00,MACH-B,48.98,2.3
2023-08-13 20:00:00,MACH-B,38.35,1.86
2023-08-13 21:00:00,MACH-B,53.09,1.33
2023-08-13 22:00:00,MACH-B,44.35,1.51
2023-08-13 23:00:00,MACH-B,45.52,2.37
2023-08-14 00:00:00,MACH-B,42.65,2.47
2023-08-14 01:00:00,MACH-B,54.55,2.39
2023-08-14 02:00:00,MACH-B,42.18,2.05
2023-08-14 03:00:00,MACH-B,53.82,1.89
2023-08-14 04:00:00,MACH-B,54.94,1.91
2023-08-14 05:00:00,MACH-B,50.63,2.13
2023-08-14 06:00:00,MACH-B,35.92,2.09
2023-08-14 07:00:00,MACH-B,43.96,1.51
2023-08-14 08:00:00,MACH-B,49.14,2.51
2023-08-14 09:00:00,MACH-B,36.83,2.02
2023-08-14 10:00:00,MACH-B,53.13,0.89
2023-08-14 11:00:00,MACH-B,64.36,1.37
2023-08-14 12:00:00,MACH-B,55.05,1.79
2023-08-14 13:00:00,MACH-B,37.65,2.11
2023-08-14 14:00:00,MACH-B,74.28,2.0
2023-08-14 15:00:00,MACH-B,44.77,1.65
2023-08-14 16:00:00,MACH-B,52.52,2.62
2023-08-14 17:00:00,MACH-B,43.2,2.38
2023-08-14 18:00:00,MACH-B,52.1,1.98
2023-08-14 19:00:00,MACH-B,63.8,1.22
2023-08-14 20:00:00,MACH-B,39.29,1.85
2023-08-14 21:00:00,MACH-B,45.31,1.81
2023-08-14 22:00:00,MACH-B,51.66,1.16
2023-08-14 23:00:00,MACH-B,32.74,2.26
2023-08-15 00:00:00,MACH-B,58.23,2.09
2023-08-15 01:00:00,MACH-B,42.76,1.52
2023-08-15 02:00:00,MACH-B,50.49,2.12
2023-08-15 03:00:00,MACH-B,38.97,2.49
2023-08-15 04:00:00,MACH-B,38.59,2.26
2023-08-15 05:00:00,MACH-B,49.87,1.71
2023-08-15 06:00:00,MACH-B,65.58,3.2
2023-08-15 07:00:00,MACH-B,40.44,2.22
2023-08-15 08:00:00,MACH-B,59.14,1.69
2023-08-15 09:00:00,MACH-B,63.1,2.81
2023-08-15 10:00:00,MACH-B,59.77,1.1
2023-08-15 11:00:00,MACH-B,48.29,1.42
2023-08-15 12:00:00,MACH-B,52.37,1.75
2023-08-15 13:00:00,MACH-B,65.29,2.49
2023-08-15 14:00:00,MACH-B,59.5,1.67
2023-08-15 15:00:00,MACH-B,50.21,1.94
2023-08-15 16:00:00,MACH-B,38.27,1.54
2023-08-15 17:00:00,MACH-B,68.36,2.35
2023-08-15 18:00:00,MACH-B,51.18,2.24
2023-08-15 19:00:00,MACH-B,44.54,1.27
2023-08-15 20:00:00,MACH-B,55.27,1.98
2023-08-15 21:00:00,MACH-B,28.94,2.13
2023-08-15 22:00:00,MACH-B,56.94,1.91
2023-08-15 23:00:00,MACH-B,56.09,1.96
2023-08-16 00:00:00,MACH-B,53.51,1.66
2023-08-16 01:00:00,MACH-B,59.39,2.42
2023-08-16 02:00:00,MACH-B,52.81,1.62
2023-08-16 03:00:00,MACH-B,55.99,2.47
2023-08-16 04:00:00,MACH-B,56.82,2.0
2023-08-16 05:00:00,MACH-B,60.43,1.75
2023-08-16 06:00:00,MACH-B,46.72,1.97
2023-08-16 07:00:00,MACH-B,54.4,2.04
2023-08-16 08:00:00,MACH-B,45.39,1.83
2023-08-16 09:00:00,MACH-B,53.13,1.81
2023-08-16 10:00:00,MACH-B,49.81,1.5
2023-08-16 11:00:00,MACH-B,40.99,2.72
2023-08-16 12:00:00,MACH-B,55.64,1.6
2023-08-16 13:00:00,MACH-B,32.22,1.39
2023-08-16 14:00:00,MACH-B,39.04,2.22
2023-08-16 15:00:00,MACH-B,57.13,1.06
2023-08-16 16:00:00,MACH-B,84.7,4.65
2023-08-16 17:00:00,MACH-B,55.31,1.44
2023-08-16 18:00:00,MACH-B,72.96,2.22
2023-08-16 19:00:00,MACH-B,29.12,1.9
2023-08-16 20:00:00,MACH-B,52.91,1.56
2023-08-16 21:00:00,MACH-B,68.48,1.91
2023-08-16 22:00:00,MACH-B,52.5,2.22
2023-08-16 23:00:00,MACH-B,50.07,1.78
2023-08-17 00:00:00,MACH-B,45.99,1.81
2023-08-17 01:00:00,MACH-B,42.06,2.46
2023-08-17 02:00:00,MACH-B,29.32,2.21
2023-08-17 03:00:00,MACH-B,45.24,1.76
2023-08-17 04:00:00,MACH-B,50.59,2.04
2023-08-17 05:00:00,MACH-B,51.52,1.84
2023-08-17 06:00:00,MACH-B,59.29,2.52
2023-08-17 07:00:00,MACH-B,58.75,1.15
2023-08-17 08:00:00,MACH-B,52.2,2.27
2023-08-17 09:00:00,MACH-B,53.28,2.24
2023-08-17 10:00:00,MACH-B,49.42,1.63
2023-08-17 11:00:00,MACH-B,42.45,1.55
2023-08-17 12:00:00,MACH-B,59.37,2.58
2023-08-17 13:00:00,MACH-B,48.39,1.89
2023-08-17 14:00:00,MACH-B,52.65,2.72
2023-08-17 15:00:00,MACH-B,75.85,1.49
2023-08-17 16:00:00,MACH-B,59.12,1.96
2023-08-17 17:00:00,MACH-B,47.95,1.72
2023-08-17 18:00:00,MACH-B,34.77,1.79
2023-08-17 19:00:00,MACH-B,61.1,2.17
2023-08-17 20:00:00,MACH-B,20.77,1.62
2023-08-17 21:00:00,MACH-B,45.78,1.91
2023-08-17 22:00:00,MACH-B,31.19,1.62
2023-08-17 23:00:00,MACH-B,45.12,2.3
2023-08-18 00:00:00,MACH-B,45.0,2.96
2023-08-18 01:00:00,MACH-B,51.49,2.65
2023-08-18 02:00:00,MACH-B,47.93,1.52
2023-08-18 03:00:00,MACH-B,59.47,1.76
2023-08-18 04:00:00,MACH-B,56.4,1.97
2023-08-18 05:00:00,MACH-B,58.39,0.98
2023-08-18 06:00:00,MACH-B,35.89,1.97
2023-08-18 07:00:00,MACH-B,48.68,2.24
2023-08-18 08:00:00,MACH-B,56.27,1.99
2023-08-18 09:00:00,MACH-B,50.87,1.95
2023-08-18 10:00:00,MACH-B,44.14,1.67
2023-08-18 11:00:00,MACH-B,42.45,1.83
2023-08-18 12:00:00,MACH-B,68.51,1.76
2023-08-18 13:00:00,MACH-B,54.71,1.48
2023-08-18 14:00:00,MACH-B,28.94,2.46
2023-08-18 15:00:00,MACH-B,37.49,2.79
2023-08-18 16:00:00,MACH-B,29.04,1.69
2023-08-18 17:00:00,MACH-B,36.09,1.49
2023-08-18 18:00:00,MACH-B,38.23,1.62
2023-08-18 19:00:00,MACH-B,62.18,1.51
2023-08-18 20:00:00,MACH-B,55.33,1.76
2023-08-18 21:00:00,MACH-B,41.5,2.13
2023-08-18 22:00:00,MACH-B,42.07,2.6
2023-08-18 23:00:00,MACH-B,43.94,1.21
2023-08-19 00:00:00,MACH-B,41.05,2.47
2023-08-19 01:00:00,MACH-B,47.17,2.0
2023-08-19 02:00:00,MACH-B,41.66,0.94
2023-08-19 03:00:00,MACH-B,47.58,1.37
2023-08-19 04:00:00,MACH-B,36.86,2.25
2023-08-19 05:00:00,MACH-B,49.33,1.57
2023-08-19 06:00:00,MACH-B,52.21,1.81
2023-08-19 07:00:00,MACH-B,39.67,1.94
2023-08-19 08:00:00,MACH-B,42.89,2.59
2023-08-19 09:00:00,MACH-B,48.11,1.36
2023-08-19 10:00:00,MACH-B,58.66,2.32
2023-08-19 11:00:00,MACH-B,61.38,2.64
2023-08-19 12:00:00,MACH-B,48.98,1.51
2023-08-19 13:00:00,MACH-B,52.84,2.39
2023-08-19 14:00:00,MACH-B,48.54,1.74
2023-08-19 15:00:00,MACH-B,62.18,1.65
2023-08-19 16:00:00,MACH-B,66.67,1.83
2023-08-19 17:00:00,MACH-B,58.12,2.11
2023-08-19 18:00:00,MACH-B,54.36,1.63
2023-08-19 19:00:00,MACH-B,54.42,2.46
2023-08-19 20:00:00,MACH-B,51.33,1.78
2023-08-19 21:00:00,MACH-B,42.38,0.98
2023-08-19 22:00:00,MACH-B,44.68,1.96
2023-08-19 23:00:00,MACH-B,52.52,1.36
2023-08-20 00:00:00,MACH-B,44.92,1.87
2023-08-20 01:00:00,MACH-B,36.46,2.18
2023-08-20 02:00:00,MACH-B,47.99,1.67
2023-08-20 03:00:00,MACH-B,33.92,1.14
2023-08-20 04:00:00,MACH-B,69.03,1.5
2023-08-20 05:00:00,MACH-B,44.34,2.65
2023-08-20 06:00:00,MACH-B,49.72,2.09
2023-08-20 07:00:00,MACH-B,61.93,2.43
2023-08-20 08:00:00,MACH-B,74.64,2.83
2023-08-20 09:00:00,MACH-B,48.07,3.03
2023-08-20 10:00:00,MACH-B,42.05,2.11
2023-08-20 11:00:00,MACH-B,56.45,1.86
2023-08-20 12:00:00,MACH-B,49.59,1.69
2023-08-20 13:00:00,MACH-B,48.61,2.05
2023-08-20 14:00:00,MACH-B,51.92,2.23
2023-08-20 15:00:00,MACH-B,54.4,2.35
2023-08-20 16:00:00,MACH-B,70.22,1.49
2023-08-20 17:00:00,MACH-B,36.61,1.5
2023-08-20 18:00:00,MACH-B,69.33,1.88
2023-08-20 19:00:00,MACH-B,47.82,2.0
2023-08-20 20:00:00,MACH-B,58.97,2.81
2023-08-20 21:00:00,MACH-B,51.52,0.82
2023-08-20 22:00:00,MACH-B,50.22,1.7
2023-08-20 23:00:00,MACH-B,51.95,2.42
2023-08-21 00:00:00,MACH-B,42.07,1.5
2023-08-21 01:00:00,MACH-B,66.05,1.99
2023-08-21 02:00:00,MACH-B,55.63,2.48
2023-08-21 03:00:00,MACH-B,53.84,2.33
2023-08-21 04:00:00,MACH-B,46.91,2.34
2023-08-21 05:00:00,MACH-B,36.15,1.9
2023-08-21 06:00:00,MACH-B,56.8,2.06
2023-08-21 07:00:00,MACH-B,57.38,2.08
2023-08-21 08:00:00,MACH-B,55.95,1.73
2023-08-21 09:00:00,MACH-B,50.91,2.42
2023-08-21 10:00:00,MACH-B,47.77,1.35
2023-08-21 11:00:00,MACH-B,62.36,1.67
2023-08-21 12:00:00,MACH-B,54.72,2.42
2023-08-21 13:00:00,MACH-B,52.82,1.01
2023-08-21 14:00:00,MACH-B,35.36,2.07
2023-08-21 15:00:00,MACH-B,31.67,2.55
2023-08-21 16:00:00,MACH-B,73.25,1.62
2023-08-21 17:00:00,MACH-B,58.28,2.21
2023-08-21 18:00:00,MACH-B,62.97,2.06
2023-08-21 19:00:00,MACH-B,33.81,2.33
2023-08-21 20:00:00,MACH-B,59.93,2.01
2023-08-21 21:00:00,MACH-B,47.16,2.57
2023-08-21 22:00:00,MACH-B,51.11,2.19
2023-08-21 23:00:00,MACH-B,55.4,2.43
2023-08-22 00:00:00,MACH-B,51.8,2.4
2023-08-22 01:00:00,MACH-B,51.74,2.68
2023-08-22 02:00:00,MACH-B,41.18,1.52
2023-08-22 03:00:00,MACH-B,56.12,1.38
2023-08-22 04:00:00,MACH-B,41.09,2.52
2023-08-22 05:00:00,MACH-B,41.75,2.08
2023-08-22 06:00:00,MACH-B,51.04,2.94
2023-08-22 07:00:00,MACH-B,37.39,0.9
2023-08-22 08:00:00,MACH-B,61.76,1.96
2023-08-22 09:00:00,MACH-B,61.81,1.99
2023-08-22 10:00:00,MACH-B,45.75,2.45
2023-08-22 11:00:00,MACH-B,47.49,2.98
2023-08-22 12:00:00,MACH-B,50.36,2.0
2023-08-22 13:00:00,MACH-B,30.32,2.21
2023-08-22 14:00:00,MACH-B,35.28,1.11
2023-08-22 15:00:00,MACH-B,57.21,2.14
2023-08-22 16:00:00,MACH-B,53.9,2.15
2023-08-22 17:00:00,MACH-B,46.39,1.71
2023-08-22 18:00:00,MACH-B,45.63,2.15
2023-08-22 19:00:00,MACH-B,57.11,2.12
2023-08-22 20:00:00,MACH-B,31.17,2.81
2023-08-22 21:00:00,MACH-B,68.81,1.62
2023-08-22 22:00:00,MACH-B,59.22,1.56
2023-08-22 23:00:00,MACH-B,46.01,1.57
2023-08-23 00:00:00,MACH-B,53.82,1.78
2023-08-23 01:00:00,MACH-B,63.8,1.2
2023-08-23 02:00:00,MACH-B,39.53,1.87
2023-08-23 03:00:00,MACH-B,62.84,2.02
2023-08-23 04:00:00,MACH-B,49.86,2.75
2023-08-23 05:00:00,MACH-B,56.82,1.94
2023-08-23 06:00:00,MACH-B,58.77,2.63
2023-08-23 07:00:00,MACH-B,51.67,2.41
2023-08-23 08:00:00,MACH-B,60.93,2.07
2023-08-23 09:00:00,MACH-B,45.76,1.93
2023-08-23 10:00:00,MACH-B,49.77,2.27
2023-08-23 11:00:00,MACH-B,42.29,2.32
2023-08-23 12:00:00,MACH-B,43.09,1.74
2023-08-23 13:00:00,MACH-B,51.91,2.29
2023-08-23 14:00:00,MACH-B,58.5,1.95
2023-08-23 15:00:00,MACH-B,37.13,2.27
2023-08-23 16:00:00,MACH-B,53.93,2.82
2023-08-23 17:00:00,MACH-B,61.73,1.82
2023-08-23 18:00:00,MACH-B,63.19,1.01
2023-08-23 19:00:00,MACH-B,48.85,1.97
2023-08-23 20:00:00,MACH-B,39.47,1.46
2023-08-23 21:00:00,MACH-B,56.69,2.13
2023-08-23 22:00:00,MACH-B,54.44,1.5
2023-08-23 23:00:00,MACH-B,49.99,1.94
2023-08-24 00:00:00,MACH-B,47.14,2.82
2023-08-24 01:00:00,MACH-B,53.37,2.92
2023-08-24 02:00:00,MACH-B,54.21,2.18
2023-08-24 03:00:00,MACH-B,45.9,1.55
2023-08-24 04:00:00,MACH-B,47.82,2.44
2023-08-24 05:00:00,MACH-B,36.1,1.77
2023-08-24 06:00:00,MACH-B,53.08,1.26
2023-08-24 07:00:00,MACH-B,54.15,2.98
2023-08-24 08:00:00,MACH-B,37.71,1.99
2023-08-24 09:00:00,MACH-B,48.94,2.28
2023-08-24 10:00:00,MACH-B,44.76,1.84
2023-08-24 11:00:00,MACH-B,61.41,2.27
2023-08-24 12:00:00,MACH-B,37.33,1.59
2023-08-24 13:00:00,MACH-B,61.2,1.94
2023-08-24 14:00:00,MACH-B,62.72,2.46
2023-08-24 15:00:00,MACH-B,25.72,1.91
2023-08-24 16:00:00,MACH-B,56.42,1.58
2023-08-24 17:00:00,MACH-B,55.07,2.46
2023-08-24 18:00:00,MACH-B,34.77,1.82
2023-08-24 19:00:00,MACH-B,84.1,4.96
2023-08-24 20:00:00,MACH-B,45.65,1.44
2023-08-24 21:00:00,MACH-B,40.54,2.77
2023-08-24 22:00:00,MACH-B,43.63,2.53
2023-08-24 23:00:00,MACH-B,58.5,1.87
2023-08-25 00:00:00,MACH-B,50.84,1.56
2023-08-25 01:00:00,MACH-B,44.06,2.34
2023-08-25 02:00:00,MACH-B,38.52,2.2
2023-08-25 03:00:00,MACH-B,58.41,1.79
2023-08-25 04:00:00,MACH-B,66.94,1.95
2023-08-25 05:00:00,MACH-B,47.81,2.3
2023-08-25 06:00:00,MACH-B,49.08,2.11
2023-08-25 07:00:00,MACH-B,75.53,2.18
2023-08-25 08:00:00,MACH-B,58.39,2.13
2023-08-25 09:00:00,MACH-B,61.03,2.36
2023-08-25 10:00:00,MACH-B,44.26,1.72
2023-08-25 11:00:00,MACH-B,41.54,2.08
2023-08-25 12:00:00,MACH-B,62.87,1.64
2023-08-25 13:00:00,MACH-B,54.57,1.68
2023-08-25 14:00:00,MACH-B,51.92,2.95
2023-08-25 15:00:00,MACH-B,54.18,1.29
2023-08-25 16:00:00,MACH-B,67.25,2.33
2023-08-25 17:00:00,MACH-B,42.66,3.36
2023-08-25 18:00:00,MACH-B,51.58,2.88
2023-08-25 19:00:00,MACH-B,43.18,2.28
2023-08-25 20:00:00,MACH-B,52.78,2.96
2023-08-25 21:00:00,MACH-B,58.01,2.2
2023-08-25 22:00:00,MACH-B,53.16,1.85
2023-08-25 23:00:00,MACH-B,67.33,2.01
2023-08-26 00:00:00,MACH-B,44.85,2.45
2023-08-26 01:00:00,MACH-B,55.47,3.04
2023-08-26 02:00:00,MACH-B,62.78,2.53
2023-08-26 03:00:00,MACH-B,46.22,1.96
2023-08-26 04:00:00,MACH-B,45.33,1.68
2023-08-26 05:00:00,MACH-B,48.47,1.03
2023-08-26 06:00:00,MACH-B,35.54,1.93
2023-08-26 07:00:00,MACH-B,61.36,1.48
2023-08-26 08:00:00,MACH-B,51.61,2.46
2023-08-26 09:00:00,MACH-B,33.11,1.87
2023-08-26 10:00:00,MACH-B,45.74,2.49
2023-08-26 11:00:00,MACH-B,63.12,3.25
2023-08-26 12:00:00,MACH-B,46.72,1.93
2023-08-26 13:00:00,MACH-B,65.69,2.08
2023-08-26 14:00:00,MACH-B,47.27,2.18
2023-08-26 15:00:00,MACH-B,35.52,1.86
2023-08-26 16:00:00,MACH-B,28.81,2.06
2023-08-26 17:00:00,MACH-B,70.99,1.82
2023-08-26 18:00:00,MACH-B,41.79,2.68
2023-08-26 19:00:00,MACH-B,44.12,1.89
2023-08-26 20:00:00,MACH-B,48.87,1.38
2023-08-26 21:00:00,MACH-B,52.5,1.42
2023-08-26 22:00:00,MACH-B,40.08,1.58
2023-08-26 23:00:00,MACH-B,62.78,1.78
2023-08-27 00:00:00,MACH-B,53.08,2.44
2023-08-27 01:00:00,MACH-B,62.27,2.41
2023-08-27 02:00:00,MACH-B,30.16,2.45
2023-08-27 03:00:00,MACH-B,54.88,2.01
2023-08-27 04:00:00,MACH-B,54.03,2.5
2023-08-27 05:00:00,MACH-B,49.71,1.88
2023-08-27 06:00:00,MACH-B,44.76,1.08
2023-08-27 07:00:00,MACH-B,35.12,2.47
2023-08-27 08:00:00,MACH-B,36.32,1.66
2023-08-27 09:00:00,MACH-B,62.99,1.89
2023-08-27 10:00:00,MACH-B,53.75,1.82
2023-08-27 11:00:00,MACH-B,48.0,2.26
2023-08-27 12:00:00,MACH-B,47.41,2.08
2023-08-27 13:00:00,MACH-B,60.21,1.89
2023-08-27 14:00:00,MACH-B,59.79,2.8
2023-08-27 15:00:00,MACH-B,41.84,1.95
2023-08-27 16:00:00,MACH-B,35.58,1.88
2023-08-27 17:00:00,MACH-B,53.7,2.4
2023-08-27 18:00:00,MACH-B,62.33,2.58
2023-08-27 19:00:00,MACH-B,56.9,2.45
2023-08-27 20:00:00,MACH-B,66.6,1.7
2023-08-27 21:00:00,MACH-B,48.29,2.18
2023-08-27 22:00:00,MACH-B,52.85,2.04
2023-08-27 23:00:00,MACH-B,49.44,1.9
2023-08-28 00:00:00,MACH-B,57.62,1.53
2023-08-28 01:00:00,MACH-B,42.86,2.11
2023-08-28 02:00:00,MACH-B,51.94,2.54
2023-08-28 03:00:00,MACH-B,66.47,2.81
2023-08-28 04:00:00,MACH-B,42.71,2.58
2023-08-28 05:00:00,MACH-B,29.88,1.78
2023-08-28 06:00:00,MACH-B,55.25,1.53
2023-08-28 07:00:00,MACH-B,72.41,1.25
2023-08-28 08:00:00,MACH-B,43.2,2.53
2023-08-28 09:00:00,MACH-B,62.77,2.41
2023-08-28 10:00:00,MACH-B,50.14,1.72
2023-08-28 11:00:00,MACH-B,40.18,1.62
2023-08-28 12:00:00,MACH-B,56.89,2.63
2023-08-28 13:00:00,MACH-B,35.77,2.49
2023-08-28 14:00:00,MACH-B,65.21,2.65
2023-08-28 15:00:00,MACH-B,51.11,2.28
2023-08-28 16:00:00,MACH-B,32.94,2.32
2023-08-28 17:00:00,MACH-B,68.54,0.97
2023-08-28 18:00:00,MACH-B,58.57,1.81
2023-08-28 19:00:00,MACH-B,53.16,3.01
2023-08-28 20:00:00,MACH-B,58.88,1.72
2023-08-28 21:00:00,MACH-B,25.42,2.11
2023-08-28 22:00:00,MACH-B,43.76,2.78
2023-08-28 23:00:00,MACH-B,88.29,3.75
2023-08-29 00:00:00,MACH-B,51.3,1.52
2023-08-29 01:00:00,MACH-B,43.59,1.41
2023-08-29 02:00:00,MACH-B,51.69,2.8
2023-08-29 03:00:00,MACH-B,39.02,2.37
2023-08-29 04:00:00,MACH-B,65.78,2.18
2023-08-29 05:00:00,MACH-B,45.54,2.25
2023-08-29 06:00:00,MACH-B,34.21,1.82
2023-08-29 07:00:00,MACH-B,51.7,1.55
2023-08-29 08:00:00,MACH-B,59.97,2.22
2023-08-29 09:00:00,MACH-B,56.95,1.7
2023-08-29 10:00:00,MACH-B,36.02,1.7
2023-08-29 11:00:00,MACH-B,40.51,1.82
2023-08-29 12:00:00,MACH-B,28.72,2.39
2023-08-29 13:00:00,MACH-B,57.14,1.65
2023-08-29 14:00:00,MACH-B,54.7,1.6
2023-08-29 15:00:00,MACH-B,55.66,1.53
2023-08-29 16:00:00,MACH-B,45.65,1.92
2023-08-29 17:00:00,MACH-B,30.98,2.51
2023-08-29 18:00:00,MACH-B,42.01,1.93
2023-08-29 19:00:00,MACH-B,61.09,2.0
2023-08-29 20:00:00,MACH-B,53.72,2.09
2023-08-29 21:00:00,MACH-B,32.71,1.84
2023-08-29 22:00:00,MACH-B,47.27,1.55
2023-08-29 23:00:00,MACH-B,55.66,1.78
2023-08-30 00:00:00,MACH-B,48.99,1.72
2023-08-30 01:00:00,MACH-B,35.81,1.96
2023-08-30 02:00:00,MACH-B,45.14,1.77
2023-08-30 03:00:00,MACH-B,42.69,2.11
2023-08-30 04:00:00,MACH-B,50.34,1.94
2023-08-30 05:00:00,MACH-B,52.81,1.69
2023-08-30 06:00:00,MACH-B,43.44,2.73
2023-08-30 07:00:00,MACH-B,56.46,2.24
2023-08-30 08:00:00,MACH-B,66.34,1.9
2023-08-30 09:00:00,MACH-B,81.15,1.73
2023-08-30 10:00:00,MACH-B,40.68,2.46
2023-08-30 11:00:00,MACH-B,50.75,1.57
2023-08-30 12:00:00,MACH-B,31.86,2.7
2023-08-30 13:00:00,MACH-B,45.23,1.28
2023-08-30 14:00:00,MACH-B,62.79,3.38
2023-08-30 15:00:00,MACH-B,27.31,1.79
2023-08-30 16:00:00,MACH-B,45.83,1.35
2023-08-30 17:00:00,MACH-B,49.65,1.67
2023-08-30 18:00:00,MACH-B,34.37,1.84
2023-08-30 19:00:00,MACH-B,53.76,1.72
2023-08-30 20:00:00,MACH-B,52.54,2.18
2023-08-30 21:00:00,MACH-B,43.88,2.14
2023-08-30 22:00:00,MACH-B,56.49,3.59
2023-08-30 23:00:00,MACH-B,41.7,2.04
2023-08-31 00:00:00,MACH-B,54.56,1.34
2023-08-31 01:00:00,MACH-B,50.04,1.91
2023-08-31 02:00:00,MACH-B,52.35,2.07
2023-08-31 03:00:00,MACH-B,47.55,1.74
2023-08-31 04:00:00,MACH-B,36.52,2.32
2023-08-31 05:00:00,MACH-B,36.02,2.38
2023-08-31 06:00:00,MACH-B,42.3,1.68
2023-08-31 07:00:00,MACH-B,44.55,1.82
2023-08-31 08:00:00,MACH-B,52.72,1.05
2023-08-31 09:00:00,MACH-B,49.68,1.56
2023-08-31 10:00:00,MACH-B,45.42,1.87
2023-08-31 11:00:00,MACH-B,30.0,2.07
2023-08-31 12:00:00,MACH-B,43.04,1.93
2023-08-31 13:00:00,MACH-B,38.41,1.58
2023-08-31 14:00:00,MACH-B,67.45,2.55
2023-08-31 15:00:00,MACH-B,50.73,2.5
2023-08-31 16:00:00,MACH-B,65.66,2.55
2023-08-31 17:00:00,MACH-B,50.77,2.78
2023-08-31 18:00:00,MACH-B,68.65,1.51
2023-08-31 19:00:00,MACH-B,53.15,2.21
2023-08-31 20:00:00,MACH-B,53.54,2.46
2023-08-31 21:00:00,MACH-B,69.47,3.14
2023-08-31 22:00:00,MACH-B,42.89,2.75
2023-08-31 23:00:00,MACH-B,43.35,1.87
2023-09-01 00:00:00,MACH-B,51.25,1.21
2023-09-01 01:00:00,MACH-B,79.18,1.4
2023-09-01 02:00:00,MACH-B,46.23,2.34
2023-09-01 03:00:00,MACH-B,53.09,2.03
2023-09-01 04:00:00,MACH-B,59.04,1.65
2023-09-01 05:00:00,MACH-B,65.99,1.01
2023-09-01 06:00:00,MACH-B,58.97,2.44
2023-09-01 07:00:00,MACH-B,64.89,1.42
2023-09-01 08:00:00,MACH-B,57.64,2.71
2023-09-01 09:00:00,MACH-B,51.12,1.5
2023-09-01 10:00:00,MACH-B,39.22,1.78
2023-09-01 11:00:00,MACH-B,44.83,1.67
2023-09-01 12:00:00,MACH-B,46.37,2.32
2023-09-01 13:00:00,MACH-B,52.9,1.66
2023-09-01 14:00:00,MACH-B,55.28,1.89
2023-09-01 15:00:00,MACH-B,69.15,1.83
2023-09-01 16:00:00,MACH-B,29.25,1.56
2023-09-01 17:00:00,MACH-B,49.5,2.01
2023-09-01 18:00:00,MACH-B,69.1,2.13
2023-09-01 19:00:00,MACH-B,36.21,2.35
2023-09-01 20:00:00,MACH-B,42.95,2.31
2023-09-01 21:00:00,MACH-B,54.66,2.36
2023-09-01 22:00:00,MACH-B,58.7,1.11
2023-09-01 23:00:00,MACH-B,36.16,1.99
2023-09-02 00:00:00,MACH-B,65.47,1.55
2023-09-02 01:00:00,MACH-B,55.78,2.0
2023-09-02 02:00:00,MACH-B,36.05,2.07
2023-09-02 03:00:00,MACH-B,61.54,2.1
2023-09-02 04:00:00,MACH-B,60.24,1.2
2023-09-02 05:00:00,MACH-B,49.98,3.2
2023-09-02 06:00:00,MACH-B,45.41,3.15
2023-09-02 07:00:00,MACH-B,38.32,1.69
2023-09-02 08:00:00,MACH-B,45.91,1.44
2023-09-02 09:00:00,MACH-B,60.3,3.42
2023-09-02 10:00:00,MACH-B,32.82,2.55
2023-09-02 11:00:00,MACH-B,41.66,2.37
2023-09-02 12:00:00,MACH-B,52.9,1.39
2023-09-02 13:00:00,MACH-B,57.1,2.81
2023-09-02 14:00:00,MACH-B,56.7,1.57
2023-09-02 15:00:00,MACH-B,42.18,1.91
2023-09-02 16:00:00,MACH-B,48.97,2.69
2023-09-02 17:00:00,MACH-B,45.4,1.79
2023-09-02 18:00:00,MACH-B,52.68,2.12
2023-09-02 19:00:00,MACH-B,55.79,2.59
2023-09-02 20:00:00,MACH-B,48.27,1.39
2023-09-02 21:00:00,MACH-B,51.16,2.58
2023-09-02 22:00:00,MACH-B,50.0,2.8
2023-09-02 23:00:00,MACH-B,34.27,1.97
2023-09-03 00:00:00,MACH-B,62.94,2.62
2023-09-03 01:00:00,MACH-B,60.36,1.61
2023-09-03 02:00:00,MACH-B,32.0,1.23
2023-09-03 03:00:00,MACH-B,71.07,1.01
2023-09-03 04:00:00,MACH-B,54.11,2.26
2023-09-03 05:00:00,MACH-B,55.47,2.23
2023-09-03 06:00:00,MACH-B,44.98,1.71
2023-09-03 07:00:00,MACH-B,51.24,2.59
2023-09-03 08:00:00,MACH-B,55.46,1.68
2023-09-03 09:00:00,MACH-B,68.21,1.38
2023-09-03 10:00:00,MACH-B,39.05,1.53
2023-09-03 11:00:00,MACH-B,61.24,2.71
2023-09-03 12:00:00,MACH-B,45.79,2.42
2023-09-03 13:00:00,MACH-B,64.2,1.92
2023-09-03 14:00:00,MACH-B,35.48,1.87
2023-09-03 15:00:00,MACH-B,49.24,1.72
2023-09-03 16:00:00,MACH-B,29.29,0.78
2023-09-03 17:00:00,MACH-B,43.41,1.2
2023-09-03 18:00:00,MACH-B,45.22,1.93
2023-09-03 19:00:00,MACH-B,54.36,2.29
2023-09-03 20:00:00,MACH-B,34.3,1.84
2023-09-03 21:00:00,MACH-B,66.57,1.22
2023-09-03 22:00:00,MACH-B,68.3,2.81
2023-09-03 23:00:00,MACH-B,51.54,1.31
2023-09-04 00:00:00,MACH-B,36.79,2.01
2023-09-04 01:00:00,MACH-B,35.8,2.08
2023-09-04 02:00:00,MACH-B,50.97,3.17
2023-09-04 03:00:00,MACH-B,42.08,1.53
2023-09-04 04:00:00,MACH-B,62.77,2.02
2023-09-04 05:00:00,MACH-B,46.6,2.09
2023-09-04 06:00:00,MACH-B,54.52,1.43
2023-09-04 07:00:00,MACH-B,49.42,2.15
2023-09-04 08:00:00,MACH-B,44.61,1.78
2023-09-04 09:00:00,MACH-B,42.4,1.85
2023-09-04 10:00:00,MACH-B,38.51,1.64
2023-09-04 11:00:00,MACH-B,46.23,2.59
2023-09-04 12:00:00,MACH-B,50.68,1.94
2023-09-04 13:00:00,MACH-B,52.29,1.6
2023-09-04 14:00:00,MACH-B,50.32,0.92
2023-09-04 15:00:00,MACH-B,48.03,2.94
2023-09-04 16:00:00,MACH-B,31.24,2.04
2023-09-04 17:00:00,MACH-B,61.63,2.64
2023-09-04 18:00:00,MACH-B,34.66,2.62
2023-09-04 19:00:00,MACH-B,55.05,2.19
2023-09-04 20:00:00,MACH-B,62.36,2.46
2023-09-04 21:00:00,MACH-B,61.97,2.63
2023-09-04 22:00:00,MACH-B,57.99,1.48
2023-09-04 23:00:00,MACH-B,50.75,2.45
2023-09-05 00:00:00,MACH-B,40.97,2.14
2023-09-05 01:00:00,MACH-B,36.02,1.56
2023-09-05 02:00:00,MACH-B,50.36,2.43
2023-09-05 03:00:00,MACH-B,43.21,1.52
2023-09-05 04:00:00,MACH-B,44.87,2.28
2023-09-05 05:00:00,MACH-B,56.92,2.14
2023-09-05 06:00:00,MACH-B,48.2,1.68
2023-09-05 07:00:00,MACH-B,42.49,2.94
2023-09-05 08:00:00,MACH-B,79.87,2.43
2023-09-05 09:00:00,MACH-B,46.63,1.6
2023-09-05 10:00:00,MACH-B,57.8,2.63
2023-09-05 11:00:00,MACH-B,56.94,1.83
2023-09-05 12:00:00,MACH-B,45.83,1.8
2023-09-05 13:00:00,MACH-B,43.1,2.48
2023-09-05 14:00:00,MACH-B,33.68,2.33
2023-09-05 15:00:00,MACH-B,52.45,1.88
2023-09-05 16:00:00,MACH-B,50.36,2.79
2023-09-05 17:00:00,MACH-B,37.88,1.61
2023-09-05 18:00:00,MACH-B,62.68,2.71
2023-09-05 19:00:00,MACH-B,56.25,1.62
2023-09-05 20:00:00,MACH-B,50.2,2.18
2023-09-05 21:00:00,MACH-B,46.31,1.82
2023-09-05 22:00:00,MACH-B,47.86,2.4
2023-09-05 23:00:00,MACH-B,38.18,0.98
2023-09-06 00:00:00,MACH-B,43.94,1.48
2023-09-06 01:00:00,MACH-B,57.23,2.29
2023-09-06 02:00:00,MACH-B,48.38,2.44
2023-09-06 03:00:00,MACH-B,71.42,1.68
2023-09-06 04:00:00,MACH-B,43.99,2.54
2023-09-06 05:00:00,MACH-B,49.14,1.65
2023-09-06 06:00:00,MACH-B,54.81,2.26
2023-09-06 07:00:00,MACH-B,56.22,1.93
2023-09-06 08:00:00,MACH-B,47.48,1.25
2023-09-06 09:00:00,MACH-B,42.96,2.88
2023-09-06 10:00:00,MACH-B,47.05,1.72
2023-09-06 11:00:00,MACH-B,54.32,1.63
2023-09-06 12:00:00,MACH-B,47.36,1.81
2023-09-06 13:00:00,MACH-B,74.33,1.79
2023-09-06 14:00:00,MACH-B,47.14,2.1
2023-09-06 15:00:00,MACH-B,52.49,1.76
2023-09-06 16:00:00,MACH-B,50.42,1.74
2023-09-06 17:00:00,MACH-B,47.89,2.24
2023-09-06 18:00:00,MACH-B,58.77,2.0
2023-09-06 19:00:00,MACH-B,39.89,2.23
2023-09-06 20:00:00,MACH-B,73.68,1.86
2023-09-06 21:00:00,MACH-B,43.22,2.15
2023-09-06 22:00:00,MACH-B,54.76,1.24
2023-09-06 23:00:00,MACH-B,52.12,2.55
2023-09-07 00:00:00,MACH-B,49.8,1.79
2023-09-07 01:00:00,MACH-B,63.21,1.89
2023-09-07 02:00:00,MACH-B,69.46,2.27
2023-09-07 03:00:00,MACH-B,42.2,2.12
2023-09-07 04:00:00,MACH-B,42.4,2.32
2023-09-07 05:00:00,MACH-B,55.42,2.68
2023-09-07 06:00:00,MACH-B,49.52,1.88
2023-09-07 07:00:00,MACH-B,45.02,1.98
2023-09-07 08:00:00,MACH-B,47.17,3.34
2023-09-07 09:00:00,MACH-B,45.01,1.76
2023-09-07 10:00:00,MACH-B,38.8,1.66
2023-09-07 11:00:00,MACH-B,52.72,2.4
2023-09-07 12:00:00,MACH-B,50.52,2.47
2023-09-07 13:00:00,MACH-B,45.47,2.42
2023-09-07 14:00:00,MACH-B,30.97,1.67
2023-09-07 15:00:00,MACH-B,46.68,1.93
2023-09-07 16:00:00,MACH-B,69.6,2.0
2023-09-07 17:00:00,MACH-B,46.67,1.85
2023-09-07 18:00:00,MACH-B,46.98,2.08
2023-09-07 19:00:00,MACH-B,45.17,1.84
2023-09-07 20:00:00,MACH-B,56.19,2.76
2023-09-07 21:00:00,MACH-B,60.74,1.5
2023-09-07 22:00:00,MACH-B,43.44,2.87
2023-09-07 23:00:00,MACH-B,85.34,4.61
2023-09-08 00:00:00,MACH-B,46.59,2.99
2023-09-08 01:00:00,MACH-B,44.75,2.46
2023-09-08 02:00:00,MACH-B,47.91,1.65
2023-09-08 03:00:00,MACH-B,61.94,2.0
2023-09-08 04:00:00,MACH-B,39.77,2.35
2023-09-08 05:00:00,MACH-B,54.22,2.36
2023-09-08 06:00:00,MACH-B,54.29,1.94
2023-09-08 07:00:00,MACH-B,55.04,1.49
2023-09-08 08:00:00,MACH-B,56.96,2.53
2023-09-08 09:00:00,MACH-B,31.11,2.14
2023-09-08 10:00:00,MACH-B,56.05,2.7
2023-09-08 11:00:00,MACH-B,49.9,1.95
2023-09-08 12:00:00,MACH-B,43.1,2.1
2023-09-08 13:00:00,MACH-B,66.53,2.71
2023-09-08 14:00:00,MACH-B,58.93,2.12
2023-09-08 15:00:00,MACH-B,41.89,1.35
2023-09-08 16:00:00,MACH-B,45.24,1.28
2023-09-08 17:00:00,MACH-B,60.8,1.14
2023-09-08 18:00:00,MACH-B,49.69,1.56
2023-09-08 19:00:00,MACH-B,37.03,1.79
2023-09-08 20:00:00,MACH-B,67.57,2.45
2023-09-08 21:00:00,MACH-B,47.54,2.51
2023-09-08 22:00:00,MACH-B,50.3,0.95
2023-09-08 23:00:00,MACH-B,54.59,2.31
2023-09-09 00:00:00,MACH-B,41.64,1.82
2023-09-09 01:00:00,MACH-B,62.97,2.17
2023-09-09 02:00:00,MACH-B,40.72,2.96
2023-09-09 03:00:00,MACH-B,52.4,1.59
2023-09-09 04:00:00,MACH-B,44.73,2.25
2023-09-09 05:00:00,MACH-B,60.65,2.53
2023-09-09 06:00:00,MACH-B,55.68,2.04
2023-09-09 07:00:00,MACH-B,48.22,1.69
2023-09-09 08:00:00,MACH-B,34.49,1.68
2023-09-09 09:00:00,MACH-B,53.78,1.76
2023-09-09 10:00:00,MACH-B,51.45,2.12
2023-09-09 11:00:00,MACH-B,34.56,1.66
2023-09-09 12:00:00,MACH-B,52.04,2.3
2023-09-09 13:00:00,MACH-B,56.59,2.21
2023-09-09 14:00:00,MACH-B,50.65,1.14
2023-09-09 15:00:00,MACH-B,45.03,2.56
2023-09-09 16:00:00,MACH-B,63.73,3.1
2023-09-09 17:00:00,MACH-B,68.25,1.76
2023-09-09 18:00:00,MACH-B,38.87,2.46
2023-09-09 19:00:00,MACH-B,60.3,2.67
2023-09-09 20:00:00,MACH-B,54.28,2.36
2023-09-09 21:00:00,MACH-B,43.9,2.28
2023-09-09 22:00:00,MACH-B,47.88,1.15
2023-09-09 23:00:00,MACH-B,48.33,1.86
2023-09-10 00:00:00,MACH-B,60.5,1.92
2023-09-10 01:00:00,MACH-B,45.56,2.67
2023-09-10 02:00:00,MACH-B,31.69,1.36
2023-09-10 03:00:00,MACH-B,47.87,2.97
2023-09-10 04:00:00,MACH-B,59.37,2.82
2023-09-10 05:00:00,MACH-B,61.87,1.5
2023-09-10 06:00:00,MACH-B,45.88,1.38
2023-09-10 07:00:00,MACH-B,54.76,2.54
2023-09-10 08:00:00,MACH-B,62.05,1.86
2023-09-10 09:00:00,MACH-B,56.53,1.88
2023-09-10 10:00:00,MACH-B,70.65,2.49
2023-09-10 11:00:00,MACH-B,63.93,1.41
2023-09-10 12:00:00,MACH-B,45.69,2.48
2023-09-10 13:00:00,MACH-B,49.0,1.38
2023-09-10 14:00:00,MACH-B,66.97,1.35
2023-09-10 15:00:00,MACH-B,38.28,2.46
2023-09-10 16:00:00,MACH-B,49.32,2.35
2023-09-10 17:00:00,MACH-B,69.03,0.91
2023-09-10 18:00:00,MACH-B,70.31,2.44
2023-09-10 19:00:00,MACH-B,52.94,2.96
2023-09-10 20:00:00,MACH-B,33.33,2.06
2023-09-10 21:00:00,MACH-B,46.43,2.64
2023-09-10 22:00:00,MACH-B,57.23,1.89
2023-09-10 23:00:00,MACH-B,42.08,2.54
2023-09-11 00:00:00,MACH-B,73.45,0.68
2023-09-11 01:00:00,MACH-B,47.65,1.69
2023-09-11 02:00:00,MACH-B,63.3,3.42
2023-09-11 03:00:00,MACH-B,48.79,2.75
2023-09-11 04:00:00,MACH-B,53.11,1.85
2023-09-11 05:00:00,MACH-B,49.98,1.99
2023-09-11 06:00:00,MACH-B,44.37,1.44
2023-09-11 07:00:00,MACH-B,45.99,2.01
2023-09-11 08:00:00,MACH-B,57.01,1.14
2023-09-11 09:00:00,MACH-B,47.88,2.27
2023-09-11 10:00:00,MACH-B,45.6,1.72
2023-09-11 11:00:00,MACH-B,56.14,2.35
2023-09-11 12:00:00,MACH-B,65.3,1.72
2023-09-11 13:00:00,MACH-B,67.15,1.68
2023-09-11 14:00:00,MACH-B,40.05,2.46
2023-09-11 15:00:00,MACH-B,42.23,1.78
2023-09-11 16:00:00,MACH-B,62.97,1.81
2023-09-11 17:00:00,MACH-B,45.06,2.76
2023-09-11 18:00:00,MACH-B,47.63,2.75
2023-09-11 19:00:00,MACH-B,36.52,2.43
2023-09-11 20:00:00,MACH-B,57.18,2.01
2023-09-11 21:00:00,MACH-B,49.7,3.24
2023-09-11 22:00:00,MACH-B,60.62,2.69
2023-09-11 23:00:00,MACH-B,58.04,1.68
2023-09-12 00:00:00,MACH-B,60.53,2.37
2023-09-12 01:00:00,MACH-B,60.65,1.52
2023-09-12 02:00:00,MACH-B,46.13,2.23
2023-09-12 03:00:00,MACH-B,49.87,1.91
2023-09-12 04:00:00,MACH-B,52.04,1.73
2023-09-12 05:00:00,MACH-B,51.08,2.24
2023-09-12 06:00:00,MACH-B,56.87,1.58
2023-09-12 07:00:00,MACH-B,45.39,1.88
2023-09-12 08:00:00,MACH-B,53.15,2.24
2023-09-12 09:00:00,MACH-B,44.23,2.05
2023-09-12 10:00:00,MACH-B,52.54,1.91
2023-09-12 11:00:00,MACH-B,53.67,1.85
2023-09-12 12:00:00,MACH-B,38.22,1.87
2023-09-12 13:00:00,MACH-B,53.54,2.8
2023-09-12 14:00:00,MACH-B,63.65,2.52
2023-09-12 15:00:00,MACH-B,60.66,1.17
2023-09-12 16:00:00,MACH-B,38.21,1.5
2023-09-12 17:00:00,MACH-B,37.36,1.39
2023-09-12 18:00:00,MACH-B,55.26,1.78
2023-09-12 19:00:00,MACH-B,51.52,2.62
2023-09-12 20:00:00,MACH-B,48.48,1.6
2023-09-12 21:00:00,MACH-B,25.1,2.23
2023-09-12 22:00:00,MACH-B,39.74,2.56
2023-09-12 23:00:00,MACH-B,62.91,0.92
2023-09-13 00:00:00,MACH-B,54.21,1.73
2023-09-13 01:00:00,MACH-B,69.88,1.2
2023-09-13 02:00:00,MACH-B,58.68,1.68
2023-09-13 03:00:00,MACH-B,53.3,2.24
2023-09-13 04:00:00,MACH-B,34.32,1.14
2023-09-13 05:00:00,MACH-B,53.35,2.0
2023-09-13 06:00:00,MACH-B,49.1,1.12
2023-09-13 07:00:00,MACH-B,38.74,1.36
2023-09-13 08:00:00,MACH-B,62.97,2.6
2023-09-13 09:00:00,MACH-B,50.62,2.35
2023-09-13 10:00:00,MACH-B,54.16,1.36
2023-09-13 11:00:00,MACH-B,41.73,2.0
2023-09-13 12:00:00,MACH-B,53.62,1.88
2023-09-13 13:00:00,MACH-B,48.39,2.14
2023-09-13 14:00:00,MACH-B,72.83,2.44
2023-09-13 15:00:00,MACH-B,44.48,3.27
2023-09-13 16:00:00,MACH-B,43.03,1.83
2023-09-13 17:00:00,MACH-B,52.56,3.0
2023-09-13 18:00:00,MACH-B,47.73,1.56
2023-09-13 19:00:00,MACH-B,52.39,1.94
2023-09-13 20:00:00,MACH-B,66.42,1.76
2023-09-13 21:00:00,MACH-B,40.24,1.78
2023-09-13 22:00:00,MACH-B,51.13,2.12
2023-09-13 23:00:00,MACH-B,43.75,2.38
2023-09-14 00:00:00,MACH-B,43.34,2.18
2023-09-14 01:00:00,MACH-B,48.62,2.39
2023-09-14 02:00:00,MACH-B,50.1,2.35
2023-09-14 03:00:00,MACH-B,67.8,2.17
2023-09-14 04:00:00,MACH-B,44.77,1.94
2023-09-14 05:00:00,MACH-B,47.52,1.69
2023-09-14 06:00:00,MACH-B,31.39,1.77
2023-09-14 07:00:00,MACH-B,54.55,2.68
2023-09-14 08:00:00,MACH-B,51.22,1.74
2023-09-14 09:00:00,MACH-B,55.95,2.29
2023-09-14 10:00:00,MACH-B,52.41,2.76
2023-09-14 11:00:00,MACH-B,31.88,2.26
2023-09-14 12:00:00,MACH-B,67.35,2.13
2023-09-14 13:00:00,MACH-B,53.02,2.87
2023-09-14 14:00:00,MACH-B,53.71,2.08
2023-09-14 15:00:00,MACH-B,67.6,1.81
2023-09-14 16:00:00,MACH-B,45.12,2.83
2023-09-14 17:00:00,MACH-B,36.15,1.81
2023-09-14 18:00:00,MACH-B,39.12,2.04
2023-09-14 19:00:00,MACH-B,49.67,1.75
2023-09-14 20:00:00,MACH-B,48.86,0.95
2023-09-14 21:00:00,MACH-B,66.26,1.21
2023-09-14 22:00:00,MACH-B,53.9,1.47
2023-09-14 23:00:00,MACH-B,35.46,2.02
2023-09-15 00:00:00,MACH-B,43.19,2.08
2023-09-15 01:00:00,MACH-B,44.05,2.18
2023-09-15 02:00:00,MACH-B,47.34,1.67
2023-09-15 03:00:00,MACH-B,94.73,4.54
2023-09-15 04:00:00,MACH-B,37.82,3.58
2023-09-15 05:00:00,MACH-B,51.49,1.66
2023-09-15 06:00:00,MACH-B,45.42,2.23
2023-09-15 07:00:00,MACH-B,37.39,2.55
2023-09-15 08:00:00,MACH-B,66.04,2.23
2023-09-15 09:00:00,MACH-B,49.36,1.87
2023-09-15 10:00:00,MACH-B,69.9,1.43
2023-09-15 11:00:00,MACH-B,61.27,1.42
2023-09-15 12:00:00,MACH-B,45.39,1.79
2023-09-15 13:00:00,MACH-B,68.46,1.93
2023-09-15 14:00:00,MACH-B,61.06,1.98
2023-09-15 15:00:00,MACH-B,44.23,1.64
2023-09-15 16:00:00,MACH-B,46.85,1.76
2023-09-15 17:00:00,MACH-B,52.99,2.69
2023-09-15 18:00:00,MACH-B,47.85,1.49
2023-09-15 19:00:00,MACH-B,60.31,1.66
2023-09-15 20:00:00,MACH-B,53.93,1.35
2023-09-15 21:00:00,MACH-B,60.49,3.43
2023-09-15 22:00:00,MACH-B,56.34,1.02
2023-09-15 23:00:00,MACH-B,43.21,1.82
2023-09-16 00:00:00,MACH-B,33.85,2.91
2023-09-16 01:00:00,MACH-B,42.7,2.69
2023-09-16 02:00:00,MACH-B,71.13,2.17
2023-09-16 03:00:00,MACH-B,59.8,2.25
2023-09-16 04:00:00,MACH-B,51.19,1.46
2023-09-16 05:00:00,MACH-B,63.9,1.24
2023-09-16 06:00:00,MACH-B,50.33,1.67
2023-09-16 07:00:00,MACH-B,51.14,1.74
2023-09-16 08:00:00,MACH-B,53.84,2.26
2023-09-16 09:00:00,MACH-B,45.89,1.95
2023-09-16 10:00:00,MACH-B,41.11,2.83
2023-09-16 11:00:00,MACH-B,54.37,2.13
2023-09-16 12:00:00,MACH-B,50.21,1.19
2023-09-16 13:00:00,MACH-B,47.63,1.28
2023-09-16 14:00:00,MACH-B,55.36,1.81
2023-09-16 15:00:00,MACH-B,46.23,1.64
2023-09-16 16:00:00,MACH-B,57.88,1.99
2023-09-16 17:00:00,MACH-B,37.94,2.39
2023-09-16 18:00:00,MACH-B,37.24,2.3
2023-09-16 19:00:00,MACH-B,36.8,1.45
2023-09-16 20:00:00,MACH-B,50.12,2.59
2023-09-16 21:00:00,MACH-B,36.56,1.83
2023-09-16 22:00:00,MACH-B,67.42,2.02
2023-09-16 23:00:00,MACH-B,67.04,1.55
2023-09-17 00:00:00,MACH-B,53.96,2.21
2023-09-17 01:00:00,MACH-B,59.27,2.18
2023-09-17 02:00:00,MACH-B,41.48,2.74
2023-09-17 03:00:00,MACH-B,61.59,1.68
2023-09-17 04:00:00,MACH-B,46.95,2.05
2023-09-17 05:00:00,MACH-B,49.5,2.19
2023-09-17 06:00:00,MACH-B,48.06,2.15
2023-09-17 07:00:00,MACH-B,42.88,2.65
2023-09-17 08:00:00,MACH-B,55.83,1.61
2023-09-17 09:00:00,MACH-B,44.59,2.24
2023-09-17 10:00:00,MACH-B,47.37,2.28
2023-09-17 11:00:00,MACH-B,27.31,1.82
2023-09-17 12:00:00,MACH-B,53.75,2.12
2023-09-17 13:00:00,MACH-B,48.97,2.1
2023-09-17 14:00:00,MACH-B,40.61,2.23
2023-09-17 15:00:00,MACH-B,47.62,1.84
2023-09-17 16:00:00,MACH-B,45.34,1.61
2023-09-17 17:00:00,MACH-B,34.54,2.08
2023-09-17 18:00:00,MACH-B,66.24,2.34
2023-09-17 19:00:00,MACH-B,64.16,1.52
2023-09-17 20:00:00,MACH-B,57.14,2.43
2023-09-17 21:00:00,MACH-B,62.49,2.09
2023-09-17 22:00:00,MACH-B,45.02,1.93
2023-09-17 23:00:00,MACH-B,49.91,1.97
2023-09-18 00:00:00,MACH-B,44.65,1.43
2023-09-18 01:00:00,MACH-B,52.52,2.1
2023-09-18 02:00:00,MACH-B,59.54,1.9
2023-09-18 03:00:00,MACH-B,49.25,2.13
2023-09-18 04:00:00,MACH-B,37.11,1.93
2023-09-18 05:00:00,MACH-B,54.15,1.74
2023-09-18 06:00:00,MACH-B,43.95,1.44
2023-09-18 07:00:00,MACH-B,59.33,1.14
2023-09-18 08:00:00,MACH-B,68.75,1.82
2023-09-18 09:00:00,MACH-B,60.66,0.75
2023-09-18 10:00:00,MACH-B,47.84,1.28
2023-09-18 11:00:00,MACH-B,51.15,2.43
2023-09-18 12:00:00,MACH-B,49.04,1.56
2023-09-18 13:00:00,MACH-B,41.02,2.33
2023-09-18 14:00:00,MACH-B,44.7,2.28
2023-09-18 15:00:00,MACH-B,48.48,1.61
2023-09-18 16:00:00,MACH-B,47.77,2.48
2023-09-18 17:00:00,MACH-B,37.76,2.67
2023-09-18 18:00:00,MACH-B,50.45,1.27
2023-09-18 19:00:00,MACH-B,49.41,2.44
2023-09-18 20:00:00,MACH-B,27.47,1.68
2023-09-18 21:00:00,MACH-B,48.76,1.22
2023-09-18 22:00:00,MACH-B,26.51,2.12
2023-09-18 23:00:00,MACH-B,39.82,2.28
2023-09-19 00:00:00,MACH-B,38.17,1.97
2023-09-19 01:00:00,MACH-B,47.68,2.9
2023-09-19 02:00:00,MACH-B,43.18,2.37
2023-09-19 03:00:00,MACH-B,46.63,1.97
2023-09-19 04:00:00,MACH-B,68.98,2.08
2023-09-19 05:00:00,MACH-B,40.33,3.51
2023-09-19 06:00:00,MACH-B,61.0,2.24
2023-09-19 07:00:00,MACH-B,55.99,2.7
2023-09-19 08:00:00,MACH-B,53.82,2.48
2023-09-19 09:00:00,MACH-B,62.32,1.43
2023-09-19 10:00:00,MACH-B,45.45,1.47
2023-09-19 11:00:00,MACH-B,48.51,1.99
2023-09-19 12:00:00,MACH-B,41.53,1.95
2023-09-19 13:00:00,MACH-B,26.16,2.15
2023-09-19 14:00:00,MACH-B,51.04,2.63
2023-09-19 15:00:00,MACH-B,67.21,2.41
2023-09-19 16:00:00,MACH-B,36.16,1.26
2023-09-19 17:00:00,MACH-B,37.16,1.68
2023-09-19 18:00:00,MACH-B,53.0,2.82
2023-09-19 19:00:00,MACH-B,47.74,2.31
2023-09-19 20:00:00,MACH-B,65.02,1.22
2023-09-19 21:00:00,MACH-B,44.89,1.91
2023-09-19 22:00:00,MACH-B,65.32,1.05
2023-09-19 23:00:00,MACH-B,54.45,2.54
2023-09-20 00:00:00,MACH-B,61.3,2.27
2023-09-20 01:00:00,MACH-B,41.97,1.9
2023-09-20 02:00:00,MACH-B,47.78,1.96
2023-09-20 03:00:00,MACH-B,51.63,2.28
2023-09-20 04:00:00,MACH-B,53.53,2.62
2023-09-20 05:00:00,MACH-B,42.71,2.22
2023-09-20 06:00:00,MACH-B,44.97,2.36
2023-09-20 07:00:00,MACH-B,65.41,2.2
2023-09-20 08:00:00,MACH-B,59.02,2.69
2023-09-20 09:00:00,MACH-B,37.7,2.91
2023-09-20 10:00:00,MACH-B,52.64,1.67
2023-09-20 11:00:00,MACH-B,62.09,1.9
2023-09-20 12:00:00,MACH-B,42.67,2.03
2023-09-20 13:00:00,MACH-B,55.29,1.66
2023-09-20 14:00:00,MACH-B,55.71,1.82
2023-09-20 15:00:00,MACH-B,33.11,1.96
2023-09-20 16:00:00,MACH-B,42.24,2.01
2023-09-20 17:00:00,MACH-B,44.73,1.79
2023-09-20 18:00:00,MACH-B,50.0,1.73
2023-09-20 19:00:00,MACH-B,44.5,2.03
2023-09-20 20:00:00,MACH-B,53.93,1.6
2023-09-20 21:00:00,MACH-B,46.8,2.18
2023-09-20 22:00:00,MACH-B,34.41,1.38
2023-09-20 23:00:00,MACH-B,22.87,1.99
2023-09-21 00:00:00,MACH-B,44.62,2.83
2023-09-21 01:00:00,MACH-B,51.54,1.88
2023-09-21 02:00:00,MACH-B,49.95,2.44
2023-09-21 03:00:00,MACH-B,39.16,1.44
2023-09-21 04:00:00,MACH-B,58.33,1.79
2023-09-21 05:00:00,MACH-B,46.02,2.33
2023-09-21 06:00:00,MACH-B,58.51,0.74
2023-09-21 07:00:00,MACH-B,58.9,2.31
2023-09-21 08:00:00,MACH-B,58.2,1.96
2023-09-21 09:00:00,MACH-B,56.4,1.83
2023-09-21 10:00:00,MACH-B,38.11,2.73
2023-09-21 11:00:00,MACH-B,47.97,1.27
2023-09-21 12:00:00,MACH-B,64.91,2.2
2023-09-21 13:00:00,MACH-B,47.53,2.42
2023-09-21 14:00:00,MACH-B,34.6,1.64
2023-09-21 15:00:00,MACH-B,57.16,0.98
2023-09-21 16:00:00,MACH-B,55.37,2.15
2023-09-21 17:00:00,MACH-B,48.9,2.42
2023-09-21 18:00:00,MACH-B,47.14,2.74
2023-09-21 19:00:00,MACH-B,52.31,1.19
2023-09-21 20:00:00,MACH-B,57.52,1.86
2023-09-21 21:00:00,MACH-B,50.79,3.1
2023-09-21 22:00:00,MACH-B,55.81,2.13
2023-09-21 23:00:00,MACH-B,66.66,2.15
2023-09-22 00:00:00,MACH-B,47.29,2.29
2023-09-22 01:00:00,MACH-B,76.89,2.02
2023-09-22 02:00:00,MACH-B,68.16,1.86
2023-09-22 03:00:00,MACH-B,45.27,1.9
2023-09-22 04:00:00,MACH-B,70.4,2.72
2023-09-22 05:00:00,MACH-B,44.66,2.38
2023-09-22 06:00:00,MACH-B,74.38,2.19
2023-09-22 07:00:00,MACH-B,47.43,1.05
2023-09-22 08:00:00,MACH-B,55.15,1.74
2023-09-22 09:00:00,MACH-B,54.95,3.06
2023-09-22 10:00:00,MACH-B,46.18,1.6
2023-09-22 11:00:00,MACH-B,91.99,3.87
2023-09-22 12:00:00,MACH-B,61.61,1.95
2023-09-22 13:00:00,MACH-B,50.86,1.28
2023-09-22 14:00:00,MACH-B,52.62,1.53
2023-09-22 15:00:00,MACH-B,58.11,1.2
2023-09-22 16:00:00,MACH-B,38.89,1.15
2023-09-22 17:00:00,MACH-B,50.84,2.24
2023-09-22 18:00:00,MACH-B,62.58,1.62
2023-09-22 19:00:00,MACH-B,47.22,2.94
2023-09-22 20:00:00,MACH-B,55.99,2.41
2023-09-22 21:00:00,MACH-B,33.43,1.98
2023-09-22 22:00:00,MACH-B,51.04,2.39
2023-09-22 23:00:00,MACH-B,48.6,0.9
2023-09-23 00:00:00,MACH-B,50.5,1.95
2023-09-23 01:00:00,MACH-B,48.33,2.53
2023-09-23 02:00:00,MACH-B,62.37,1.34
2023-09-23 03:00:00,MACH-B,40.92,2.35
2023-09-23 04:00:00,MACH-B,46.5,2.13
2023-09-23 05:00:00,MACH-B,42.17,1.21
2023-09-23 06:00:00,MACH-B,36.79,2.79
2023-09-23 07:00:00,MACH-B,49.31,2.57
2023-09-23 08:00:00,MACH-B,40.59,2.31
2023-09-23 09:00:00,MACH-B,52.46,1.32
2023-09-23 10:00:00,MACH-B,52.72,1.57
2023-09-23 11:00:00,MACH-B,51.58,1.94
2023-09-23 12:00:00,MACH-B,55.78,2.72
2023-09-23 13:00:00,MACH-B,26.64,1.89
2023-09-23 14:00:00,MACH-B,64.95,2.09
2023-09-23 15:00:00,MACH-B,49.4,1.64
2023-09-23 16:00:00,MACH-B,56.86,2.88
2023-09-23 17:00:00,MACH-B,40.01,1.49
2023-09-23 18:00:00,MACH-B,37.25,2.08
2023-09-23 19:00:00,MACH-B,55.09,2.65
2023-09-23 20:00:00,MACH-B,57.24,1.72
2023-09-23 21:00:00,MACH-B,37.72,1.87
2023-09-23 22:00:00,MACH-B,55.97,1.55
2023-09-23 23:00:00,MACH-B,57.01,1.3
2023-09-24 00:00:00,MACH-B,56.29,1.37
2023-09-24 01:00:00,MACH-B,51.53,2.79
2023-09-24 02:00:00,MACH-B,53.1,1.2
2023-09-24 03:00:00,MACH-B,67.11,1.63
2023-09-24 04:00:00,MACH-B,44.19,1.33
2023-09-24 05:00:00,MACH-B,58.76,1.6
2023-09-24 06:00:00,MACH-B,54.21,1.86
2023-09-24 07:00:00,MACH-B,36.28,2.08
2023-09-24 08:00:00,MACH-B,35.76,2.71
2023-09-24 09:00:00,MACH-B,51.68,2.47
2023-09-24 10:00:00,MACH-B,34.0,2.36
2023-09-24 11:00:00,MACH-B,26.04,2.38
2023-09-24 12:00:00,MACH-B,83.02,1.14
2023-09-24 13:00:00,MACH-B,40.34,2.03
2023-09-24 14:00:00,MACH-B,59.19,2.66
2023-09-24 15:00:00,MACH-B,52.34,2.95
2023-09-24 16:00:00,MACH-B,73.27,2.61
2023-09-24 17:00:00,MACH-B,68.92,1.75
2023-09-24 18:00:00,MACH-B,55.61,2.36
2023-09-24 19:00:00,MACH-B,35.81,1.58
2023-09-24 20:00:00,MACH-B,65.34,2.7
2023-09-24 21:00:00,MACH-B,37.58,1.54
2023-09-24 22:00:00,MACH-B,60.72,1.49
2023-09-24 23:00:00,MACH-B,40.1,2.57
2023-09-25 00:00:00,MACH-B,45.01,2.01
2023-09-25 01:00:00,MACH-B,73.25,2.38
2023-09-25 02:00:00,MACH-B,52.46,2.42
2023-09-25 03:00:00,MACH-B,42.19,1.42
2023-09-25 04:00:00,MACH-B,47.82,2.04
2023-09-25 05:00:00,MACH-B,87.39,3.14
2023-09-25 06:00:00,MACH-B,41.47,1.02
2023-09-25 07:00:00,MACH-B,56.52,1.95
2023-09-25 08:00:00,MACH-B,41.85,1.66
2023-09-25 09:00:00,MACH-B,28.59,2.3
2023-09-25 10:00:00,MACH-B,47.82,2.57
2023-09-25 11:00:00,MACH-B,43.94,1.63
2023-09-25 12:00:00,MACH-B,51.46,1.44
2023-09-25 13:00:00,MACH-B,48.0,1.96
2023-09-25 14:00:00,MACH-B,58.66,2.15
2023-09-25 15:00:00,MACH-B,57.17,2.26
2023-09-25 16:00:00,MACH-B,29.91,3.02
2023-09-25 17:00:00,MACH-B,49.52,2.58
2023-09-25 18:00:00,MACH-B,45.55,1.99
2023-09-25 19:00:00,MACH-B,46.94,3.17
2023-09-25 20:00:00,MACH-B,32.08,2.43
2023-09-25 21:00:00,MACH-B,18.28,2.49
2023-09-25 22:00:00,MACH-B,64.96,3.0
2023-09-25 23:00:00,MACH-B,47.63,2.23
2023-09-26 00:00:00,MACH-B,52.92,2.09
2023-09-26 01:00:00,MACH-B,43.12,2.17
2023-09-26 02:00:00,MACH-B,35.64,1.98
2023-09-26 03:00:00,MACH-B,44.54,1.75
2023-09-26 04:00:00,MACH-B,39.87,1.41
2023-09-26 05:00:00,MACH-B,56.08,2.57
2023-09-26 06:00:00,MACH-B,53.35,2.59
2023-09-26 07:00:00,MACH-B,56.61,1.74
2023-09-26 08:00:00,MACH-B,53.87,2.03
2023-09-26 09:00:00,MACH-B,30.59,1.69
2023-09-26 10:00:00,MACH-B,46.35,2.28
2023-09-26 11:00:00,MACH-B,41.79,2.29
2023-09-26 12:00:00,MACH-B,51.67,1.83
2023-09-26 13:00:00,MACH-B,43.44,1.87
2023-09-26 14:00:00,MACH-B,53.09,1.89
2023-09-26 15:00:00,MACH-B,53.57,1.71
2023-09-26 16:00:00,MACH-B,47.44,2.18
2023-09-26 17:00:00,MACH-B,52.8,0.93
2023-09-26 18:00:00,MACH-B,53.76,2.04
2023-09-26 19:00:00,MACH-B,51.24,2.87
2023-09-26 20:00:00,MACH-B,53.56,2.34
2023-09-26 21:00:00,MACH-B,56.62,1.52
2023-09-26 22:00:00,MACH-B,46.34,1.54
2023-09-26 23:00:00,MACH-B,42.58,1.74
2023-09-27 00:00:00,MACH-B,53.47,1.68
2023-09-27 01:00:00,MACH-B,44.22,2.34
2023-09-27 02:00:00,MACH-B,49.9,1.61
2023-09-27 03:00:00,MACH-B,48.66,2.33
2023-09-27 04:00:00,MACH-B,66.87,1.93
2023-09-27 05:00:00,MACH-B,57.59,2.16
2023-09-27 06:00:00,MACH-B,62.33,2.33
2023-09-27 07:00:00,MACH-B,54.11,2.24
2023-09-27 08:00:00,MACH-B,52.87,2.84
2023-09-27 09:00:00,MACH-B,54.16,2.69
2023-09-27 10:00:00,MACH-B,45.43,1.61
2023-09-27 11:00:00,MACH-B,38.59,3.09
2023-09-27 12:00:00,MACH-B,55.81,2.09
2023-09-27 13:00:00,MACH-B,55.11,2.21
2023-09-27 14:00:00,MACH-B,64.27,2.48
2023-09-27 15:00:00,MACH-B,58.58,1.52
2023-09-27 16:00:00,MACH-B,45.64,2.88
2023-09-27 17:00:00,MACH-B,38.86,2.17
2023-09-27 18:00:00,MACH-B,53.49,2.71
2023-09-27 19:00:00,MACH-B,82.31,4.42
2023-09-27 20:00:00,MACH-B,44.39,1.59
2023-09-27 21:00:00,MACH-B,55.46,2.35
2023-09-27 22:00:00,MACH-B,38.12,1.57
2023-09-27 23:00:00,MACH-B,43.81,1.83
2023-09-28 00:00:00,MACH-B,78.52,0.77
2023-09-28 01:00:00,MACH-B,40.16,2.75
2023-09-28 02:00:00,MACH-B,54.42,1.81
2023-09-28 03:00:00,MACH-B,60.05,1.91
2023-09-28 04:00:00,MACH-B,58.47,2.08
2023-09-28 05:00:00,MACH-B,56.77,2.33
2023-09-28 06:00:00,MACH-B,54.52,1.42
2023-09-28 07:00:00,MACH-B,49.84,1.34
2023-09-28 08:00:00,MACH-B,64.37,2.61
2023-09-28 09:00:00,MACH-B,63.82,1.79
2023-09-28 10:00:00,MACH-B,60.04,2.23
2023-09-28 11:00:00,MACH-B,66.0,1.82
2023-09-28 12:00:00,MACH-B,59.53,2.38
2023-09-28 13:00:00,MACH-B,46.67,1.81
2023-09-28 14:00:00,MACH-B,43.09,2.16
2023-09-28 15:00:00,MACH-B,53.7,2.31
2023-09-28 16:00:00,MACH-B,52.91,2.14
2023-09-28 17:00:00,MACH-B,54.63,2.23
2023-09-28 18:00:00,MACH-B,65.33,1.99
2023-09-28 19:00:00,MACH-B,94.44,3.35
2023-09-28 20:00:00,MACH-B,48.48,1.22
2023-09-28 21:00:00,MACH-B,52.99,1.4
2023-09-28 22:00:00,MACH-B,48.52,1.65
2023-09-28 23:00:00,MACH-B,31.68,2.48
2023-09-29 00:00:00,MACH-B,45.39,0.98
2023-09-29 01:00:00,MACH-B,40.16,2.23
2023-09-29 02:00:00,MACH-B,63.68,1.68
2023-09-29 03:00:00,MACH-B,41.73,2.24
2023-09-29 04:00:00,MACH-B,49.58,2.78
2023-09-29 05:00:00,MACH-B,50.52,2.1
2023-09-29 06:00:00,MACH-B,54.99,2.45
2023-09-29 07:00:00,MACH-B,52.6,1.66
2023-09-29 08:00:00,MACH-B,53.14,1.7
2023-09-29 09:00:00,MACH-B,41.2,2.57
2023-09-29 10:00:00,MACH-B,47.26,3.05
2023-09-29 11:00:00,MACH-B,36.13,2.41
2023-09-29 12:00:00,MACH-B,53.79,1.1
2023-09-29 13:00:00,MACH-B,42.3,1.46
2023-09-29 14:00:00,MACH-B,63.49,1.82
2023-09-29 15:00:00,MACH-B,30.22,2.22
2023-09-29 16:00:00,MACH-B,69.24,1.7
2023-09-29 17:00:00,MACH-B,52.34,2.3
2023-09-29 18:00:00,MACH-B,46.94,1.47
2023-09-29 19:00:00,MACH-B,55.5,2.5
2023-09-29 20:00:00,MACH-B,64.62,2.09
2023-09-29 21:00:00,MACH-B,68.86,2.35
2023-09-29 22:00:00,MACH-B,49.96,1.07
2023-09-29 23:00:00,MACH-B,30.05,2.15
2023-09-30 00:00:00,MACH-B,49.16,1.62
2023-09-30 01:00:00,MACH-B,44.7,2.01
2023-09-30 02:00:00,MACH-B,56.56,1.78
2023-09-30 03:00:00,MACH-B,45.87,1.62
2023-09-30 04:00:00,MACH-B,38.68,1.98
2023-09-30 05:00:00,MACH-B,44.77,2.32
2023-09-30 06:00:00,MACH-B,63.66,2.69
2023-09-30 07:00:00,MACH-B,51.3,1.75
2023-09-30 08:00:00,MACH-B,59.83,2.53
2023-09-30 09:00:00,MACH-B,45.86,2.63
2023-09-30 10:00:00,MACH-B,61.77,1.51
2023-09-30 11:00:00,MACH-B,41.31,2.14
2023-09-30 12:00:00,MACH-B,42.43,2.41
2023-09-30 13:00:00,MACH-B,63.67,1.89
2023-09-30 14:00:00,MACH-B,63.21,1.96
2023-09-30 15:00:00,MACH-B,30.93,2.27
2023-09-30 16:00:00,MACH-B,59.95,2.0
2023-09-30 17:00:00,MACH-B,36.61,1.95
2023-09-30 18:00:00,MACH-B,60.64,1.67
2023-09-30 19:00:00,MACH-B,60.37,1.71
2023-09-30 20:00:00,MACH-B,65.77,1.68
2023-09-30 21:00:00,MACH-B,67.04,1.81
2023-09-30 22:00:00,MACH-B,52.36,1.96
2023-09-30 23:00:00,MACH-B,47.52,1.7
2023-10-01 00:00:00,MACH-B,49.79,1.56
2023-10-01 01:00:00,MACH-B,48.74,1.57
2023-10-01 02:00:00,MACH-B,47.4,1.99
2023-10-01 03:00:00,MACH-B,48.13,1.23
2023-10-01 04:00:00,MACH-B,61.27,2.42
2023-10-01 05:00:00,MACH-B,37.05,2.63
2023-10-01 06:00:00,MACH-B,60.8,2.64
2023-10-01 07:00:00,MACH-B,49.92,1.83
2023-10-01 08:00:00,MACH-B,35.28,1.73
2023-10-01 09:00:00,MACH-B,55.94,1.71
2023-10-01 10:00:00,MACH-B,34.47,1.51
2023-10-01 11:00:00,MACH-B,50.87,2.35
2023-10-01 12:00:00,MACH-B,71.2,1.04
2023-10-01 13:00:00,MACH-B,45.52,1.74
2023-10-01 14:00:00,MACH-B,46.26,1.71
2023-10-01 15:00:00,MACH-B,57.86,1.78
2023-10-01 16:00:00,MACH-B,56.35,1.71
2023-10-01 17:00:00,MACH-B,56.36,2.07
2023-10-01 18:00:00,MACH-B,45.45,2.31
2023-10-01 19:00:00,MACH-B,54.75,2.16
2023-10-01 20:00:00,MACH-B,44.31,1.51
2023-10-01 21:00:00,MACH-B,54.67,1.11
2023-10-01 22:00:00,MACH-B,48.7,2.87
2023-10-01 23:00:00,MACH-B,57.64,2.47
2023-10-02 00:00:00,MACH-B,59.04,2.94
2023-10-02 01:00:00,MACH-B,54.35,2.22
2023-10-02 02:00:00,MACH-B,42.31,2.71
2023-10-02 03:00:00,MACH-B,34.92,1.11
2023-10-02 04:00:00,MACH-B,38.67,1.33
2023-10-02 05:00:00,MACH-B,40.27,1.68
2023-10-02 06:00:00,MACH-B,79.92,2.07
2023-10-02 07:00:00,MACH-B,56.59,1.66
2023-10-02 08:00:00,MACH-B,52.26,2.51
2023-10-02 09:00:00,MACH-B,44.47,2.47
2023-10-02 10:00:00,MACH-B,59.38,2.48
2023-10-02 11:00:00,MACH-B,48.07,2.34
2023-10-02 12:00:00,MACH-B,53.42,2.15
2023-10-02 13:00:00,MACH-B,55.99,2.82
2023-10-02 14:00:00,MACH-B,54.17,2.89
2023-10-02 15:00:00,MACH-B,50.68,1.88
2023-10-02 16:00:00,MACH-B,39.85,1.56
2023-10-02 17:00:00,MACH-B,50.6,2.61
2023-10-02 18:00:00,MACH-B,60.86,2.94
2023-10-02 19:00:00,MACH-B,57.54,3.25
2023-10-02 20:00:00,MACH-B,53.18,2.32
2023-10-02 21:00:00,MACH-B,58.15,1.91
2023-10-02 22:00:00,MACH-B,38.02,1.43
2023-10-02 23:00:00,MACH-B,48.4,1.96
2023-10-03 00:00:00,MACH-B,49.59,1.54
2023-10-03 01:00:00,MACH-B,39.29,1.46
2023-10-03 02:00:00,MACH-B,55.15,2.48
2023-10-03 03:00:00,MACH-B,56.83,1.76
2023-10-03 04:00:00,MACH-B,51.64,1.99
2023-10-03 05:00:00,MACH-B,52.01,2.8
2023-10-03 06:00:00,MACH-B,44.05,0.96
2023-10-03 07:00:00,MACH-B,44.15,1.52
2023-10-03 08:00:00,MACH-B,36.38,2.4
2023-10-03 09:00:00,MACH-B,48.15,1.75
2023-10-03 10:00:00,MACH-B,44.03,1.74
2023-10-03 11:00:00,MACH-B,41.97,2.16
2023-10-03 12:00:00,MACH-B,50.55,1.92
2023-10-03 13:00:00,MACH-B,46.29,1.01
2023-10-03 14:00:00,MACH-B,35.93,1.69
2023-10-03 15:00:00,MACH-B,44.46,1.25
2023-10-03 16:00:00,MACH-B,48.68,2.43
2023-10-03 17:00:00,MACH-B,39.03,1.31
2023-10-03 18:00:00,MACH-B,53.51,1.31
2023-10-03 19:00:00,MACH-B,50.76,1.37
2023-10-03 20:00:00,MACH-B,41.25,2.42
2023-10-03 21:00:00,MACH-B,57.8,1.68
2023-10-03 22:00:00,MACH-B,63.87,2.67
2023-10-03 23:00:00,MACH-B,49.29,2.44
2023-10-04 00:00:00,MACH-B,47.89,2.56
2023-10-04 01:00:00,MACH-B,46.81,1.83
2023-10-04 02:00:00,MACH-B,44.75,1.39
2023-10-04 03:00:00,MACH-B,40.64,1.84
2023-10-04 04:00:00,MACH-B,51.15,0.55
2023-10-04 05:00:00,MACH-B,42.38,2.28
2023-10-04 06:00:00,MACH-B,24.0,2.13
2023-10-04 07:00:00,MACH-B,70.31,1.67
2023-10-04 08:00:00,MACH-B,66.97,1.74
2023-10-04 09:00:00,MACH-B,51.12,2.56
2023-10-04 10:00:00,MACH-B,37.0,2.24
2023-10-04 11:00:00,MACH-B,72.99,2.74
2023-10-04 12:00:00,MACH-B,55.2,1.56
2023-10-04 13:00:00,MACH-B,46.33,1.36
2023-10-04 14:00:00,MACH-B,65.13,2.18
2023-10-04 15:00:00,MACH-B,40.04,2.4
2023-10-04 16:00:00,MACH-B,29.23,2.15
2023-10-04 17:00:00,MACH-B,43.47,1.78
2023-10-04 18:00:00,MACH-B,57.2,3.47
2023-10-04 19:00:00,MACH-B,72.79,3.02
2023-10-04 20:00:00,MACH-B,42.87,1.63
2023-10-04 21:00:00,MACH-B,38.35,1.7
2023-10-04 22:00:00,MACH-B,50.33,1.62
2023-10-04 23:00:00,MACH-B,49.89,2.7
2023-10-05 00:00:00,MACH-B,68.84,2.45
2023-10-05 01:00:00,MACH-B,52.54,2.37
2023-10-05 02:00:00,MACH-B,71.13,1.92
2023-10-05 03:00:00,MACH-B,63.76,2.44
2023-10-05 04:00:00,MACH-B,59.24,2.18
2023-10-05 05:00:00,MACH-B,35.36,1.91
2023-10-05 06:00:00,MACH-B,46.06,2.19
2023-10-05 07:00:00,MACH-B,52.56,2.8
2023-10-05 08:00:00,MACH-B,23.81,2.4
2023-10-05 09:00:00,MACH-B,43.34,1.51
2023-10-05 10:00:00,MACH-B,46.78,1.58
2023-10-05 11:00:00,MACH-B,42.16,2.38
2023-10-05 12:00:00,MACH-B,71.13,1.67
2023-10-05 13:00:00,MACH-B,54.96,2.18
2023-10-05 14:00:00,MACH-B,47.94,1.7
2023-10-05 15:00:00,MACH-B,31.61,2.41
2023-10-05 16:00:00,MACH-B,44.7,1.47
2023-10-05 17:00:00,MACH-B,65.95,2.15
2023-10-05 18:00:00,MACH-B,43.91,1.78
2023-10-05 19:00:00,MACH-B,46.02,1.97
2023-10-05 20:00:00,MACH-B,36.99,2.06
2023-10-05 21:00:00,MACH-B,51.66,2.56
2023-10-05 22:00:00,MACH-B,53.2,1.96
2023-10-05 23:00:00,MACH-B,51.85,2.49
2023-10-06 00:00:00,MACH-B,38.22,1.56
2023-10-06 01:00:00,MACH-B,55.11,1.18
2023-10-06 02:00:00,MACH-B,45.89,2.23
2023-10-06 03:00:00,MACH-B,52.38,1.85
2023-10-06 04:00:00,MACH-B,57.91,1.48
2023-10-06 05:00:00,MACH-B,54.2,1.48
2023-10-06 06:00:00,MACH-B,56.54,1.55
2023-10-06 07:00:00,MACH-B,56.9,2.16
2023-10-06 08:00:00,MACH-B,58.74,1.82
2023-10-06 09:00:00,MACH-B,59.75,1.28
2023-10-06 10:00:00,MACH-B,62.01,1.71
2023-10-06 11:00:00,MACH-B,54.35,1.62
2023-10-06 12:00:00,MACH-B,58.42,1.47
2023-10-06 13:00:00,MACH-B,51.71,2.48
2023-10-06 14:00:00,MACH-B,56.88,1.95
2023-10-06 15:00:00,MACH-B,45.43,3.14
2023-10-06 16:00:00,MACH-B,32.39,2.38
2023-10-06 17:00:00,MACH-B,64.51,2.41
2023-10-06 18:00:00,MACH-B,51.94,2.08
2023-10-06 19:00:00,MACH-B,51.69,2.7
2023-10-06 20:00:00,MACH-B,85.39,4.86
2023-10-06 21:00:00,MACH-B,43.37,2.11
2023-10-06 22:00:00,MACH-B,48.93,0.62
2023-10-06 23:00:00,MACH-B,44.16,0.98
2023-10-07 00:00:00,MACH-B,48.13,1.63
2023-10-07 01:00:00,MACH-B,46.09,2.12
2023-10-07 02:00:00,MACH-B,44.46,1.29
2023-10-07 03:00:00,MACH-B,53.87,2.21
2023-10-07 04:00:00,MACH-B,31.38,2.05
2023-10-07 05:00:00,MACH-B,63.18,1.93
2023-10-07 06:00:00,MACH-B,42.88,2.03
2023-10-07 07:00:00,MACH-B,54.86,0.8
2023-10-07 08:00:00,MACH-B,55.43,2.8
2023-10-07 09:00:00,MACH-B,47.03,1.82
2023-10-07 10:00:00,MACH-B,54.34,2.09
2023-10-07 11:00:00,MACH-B,39.17,2.05
2023-10-07 12:00:00,MACH-B,44.52,1.7
2023-10-07 13:00:00,MACH-B,47.58,2.05
2023-10-07 14:00:00,MACH-B,54.54,1.5
2023-10-07 15:00:00,MACH-B,46.6,1.95
2023-10-07 16:00:00,MACH-B,48.38,2.04
2023-10-07 17:00:00,MACH-B,58.29,1.85
2023-10-07 18:00:00,MACH-B,53.96,2.03
2023-10-07 19:00:00,MACH-B,73.38,2.32
2023-10-07 20:00:00,MACH-B,40.94,2.58
2023-10-07 21:00:00,MACH-B,37.15,3.01
2023-10-07 22:00:00,MACH-B,69.11,2.32
2023-10-07 23:00:00,MACH-B,52.62,1.85
2023-10-08 00:00:00,MACH-B,63.32,1.43
2023-10-08 01:00:00,MACH-B,39.95,1.75
2023-10-08 02:00:00,MACH-B,45.12,1.32
2023-10-08 03:00:00,MACH-B,51.34,1.86
2023-10-08 04:00:00,MACH-B,50.0,2.15
2023-10-08 05:00:00,MACH-B,49.24,2.18
2023-10-08 06:00:00,MACH-B,34.16,2.1
2023-10-08 07:00:00,MACH-B,48.85,2.1
2023-10-08 08:00:00,MACH-B,53.41,2.15
2023-10-08 09:00:00,MACH-B,46.63,2.61
2023-10-08 10:00:00,MACH-B,92.78,3.21
2023-10-08 11:00:00,MACH-B,59.84,1.66
2023-10-08 12:00:00,MACH-B,52.18,2.78
2023-10-08 13:00:00,MACH-B,42.73,1.66
2023-10-08 14:00:00,MACH-B,53.58,2.67
2023-10-08 15:00:00,MACH-B,54.97,2.65
2023-10-08 16:00:00,MACH-B,50.99,1.71
2023-10-08 17:00:00,MACH-B,42.54,2.13
2023-10-08 18:00:00,MACH-B,58.44,2.3
2023-10-08 19:00:00,MACH-B,54.28,2.95
2023-10-08 20:00:00,MACH-B,46.01,1.98
2023-10-08 21:00:00,MACH-B,51.55,1.96
2023-10-08 22:00:00,MACH-B,40.78,2.38
2023-10-08 23:00:00,MACH-B,31.13,1.63
2023-10-09 00:00:00,MACH-B,34.73,2.0
2023-10-09 01:00:00,MACH-B,52.62,0.92
2023-10-09 02:00:00,MACH-B,47.01,3.17
2023-10-09 03:00:00,MACH-B,54.2,2.81
2023-10-09 04:00:00,MACH-B,58.31,1.99
2023-10-09 05:00:00,MACH-B,53.48,1.54
2023-10-09 06:00:00,MACH-B,43.56,1.51
2023-10-09 07:00:00,MACH-B,54.12,2.29
2023-10-09 08:00:00,MACH-B,46.12,1.55
2023-10-09 09:00:00,MACH-B,46.77,1.4
2023-10-09 10:00:00,MACH-B,60.51,1.32
2023-10-09 11:00:00,MACH-B,55.7,2.06
2023-10-09 12:00:00,MACH-B,45.83,2.12
2023-10-09 13:00:00,MACH-B,41.82,2.98
2023-10-09 14:00:00,MACH-B,63.87,1.67
2023-10-09 15:00:00,MACH-B,49.56,2.28
2023-10-09 16:00:00,MACH-B,38.55,1.65
2023-10-09 17:00:00,MACH-B,45.58,1.57
2023-10-09 18:00:00,MACH-B,32.49,2.23
2023-10-09 19:00:00,MACH-B,23.88,2.51
2023-10-09 20:00:00,MACH-B,59.55,1.92
2023-10-09 21:00:00,MACH-B,41.2,1.35
2023-10-09 22:00:00,MACH-B,37.81,2.39
2023-10-09 23:00:00,MACH-B,44.34,2.27
2023-10-10 00:00:00,MACH-B,46.63,2.31
2023-10-10 01:00:00,MACH-B,44.06,2.89
2023-10-10 02:00:00,MACH-B,40.94,1.57
2023-10-10 03:00:00,MACH-B,49.59,2.38
2023-10-10 04:00:00,MACH-B,47.6,2.32
2023-10-10 05:00:00,MACH-B,66.95,1.99
2023-10-10 06:00:00,MACH-B,46.35,2.04
2023-10-10 07:00:00,MACH-B,49.58,2.22
2023-10-10 08:00:00,MACH-B,40.85,2.31
2023-10-10 09:00:00,MACH-B,56.48,1.61
2023-10-10 10:00:00,MACH-B,66.65,2.48
2023-10-10 11:00:00,MACH-B,49.04,2.28
2023-10-10 12:00:00,MACH-B,43.7,1.7
2023-10-10 13:00:00,MACH-B,51.81,2.21
2023-10-10 14:00:00,MACH-B,54.77,2.24
2023-10-10 15:00:00,MACH-B,78.91,2.23
2023-10-10 16:00:00,MACH-B,48.51,1.99
2023-10-10 17:00:00,MACH-B,46.59,1.54
2023-10-10 18:00:00,MACH-B,38.45,1.59
2023-10-10 19:00:00,MACH-B,47.01,2.83
2023-10-10 20:00:00,MACH-B,45.79,2.04
2023-10-10 21:00:00,MACH-B,55.47,2.5
2023-10-10 22:00:00,MACH-B,47.3,2.04
2023-10-10 23:00:00,MACH-B,39.8,1.48
2023-10-11 00:00:00,MACH-B,39.42,2.28
2023-10-11 01:00:00,MACH-B,45.78,2.05
2023-10-11 02:00:00,MACH-B,57.56,2.46
2023-10-11 03:00:00,MACH-B,51.78,1.91
2023-10-11 04:00:00,MACH-B,54.7,1.75
2023-10-11 05:00:00,MACH-B,50.14,1.04
2023-10-11 06:00:00,MACH-B,53.98,2.37
2023-10-11 07:00:00,MACH-B,46.47,2.17
2023-10-11 08:00:00,MACH-B,41.39,1.72
2023-10-11 09:00:00,MACH-B,41.61,2.22
2023-10-11 10:00:00,MACH-B,41.11,1.5
2023-10-11 11:00:00,MACH-B,62.64,3.03
2023-10-11 12:00:00,MACH-B,59.77,1.1
2023-10-11 13:00:00,MACH-B,45.73,1.76
2023-10-11 14:00:00,MACH-B,51.67,1.85
2023-10-11 15:00:00,MACH-B,56.97,1.84
2023-10-11 16:00:00,MACH-B,44.09,1.96
2023-10-11 17:00:00,MACH-B,48.77,1.99
2023-10-11 18:00:00,MACH-B,40.5,2.08
2023-10-11 19:00:00,MACH-B,41.28,1.84
2023-10-11 20:00:00,MACH-B,56.72,1.6
2023-10-11 21:00:00,MACH-B,50.65,2.13
2023-10-11 22:00:00,MACH-B,50.29,2.99
2023-10-11 23:00:00,MACH-B,61.37,1.38
2023-10-12 00:00:00,MACH-B,45.71,1.78
2023-10-12 01:00:00,MACH-B,57.14,2.28
2023-10-12 02:00:00,MACH-B,41.74,2.67
2023-10-12 03:00:00,MACH-B,45.83,3.66
2023-10-12 04:00:00,MACH-B,42.76,2.59
2023-10-12 05:00:00,MACH-B,42.08,1.63
2023-10-12 06:00:00,MACH-B,67.8,2.44
2023-10-12 07:00:00,MACH-B,37.3,2.19
2023-10-12 08:00:00,MACH-B,43.01,1.52
2023-10-12 09:00:00,MACH-B,29.53,1.78
2023-10-12 10:00:00,MACH-B,44.77,1.09
2023-10-12 11:00:00,MACH-B,48.18,1.14
2023-10-12 12:00:00,MACH-B,58.46,1.66
2023-10-12 13:00:00,MACH-B,44.98,2.07
2023-10-12 14:00:00,MACH-B,38.36,2.52
2023-10-12 15:00:00,MACH-B,44.95,1.84
2023-10-12 16:00:00,MACH-B,52.63,1.56
2023-10-12 17:00:00,MACH-B,57.59,2.98
2023-10-12 18:00:00,MACH-B,43.63,1.44
2023-10-12 19:00:00,MACH-B,40.55,1.52
2023-10-12 20:00:00,MACH-B,46.17,1.78
2023-10-12 21:00:00,MACH-B,53.43,2.78
2023-10-12 22:00:00,MACH-B,57.97,2.36
2023-10-12 23:00:00,MACH-B,39.76,1.71
2023-10-13 00:00:00,MACH-B,42.79,1.91
2023-10-13 01:00:00,MACH-B,28.95,1.95
2023-10-13 02:00:00,MACH-B,29.45,1.13
2023-10-13 03:00:00,MACH-B,38.92,2.19
2023-10-13 04:00:00,MACH-B,40.11,2.0
2023-10-13 05:00:00,MACH-B,45.18,1.9
2023-10-13 06:00:00,MACH-B,53.0,2.14
2023-10-13 07:00:00,MACH-B,49.14,2.39
2023-10-13 08:00:00,MACH-B,52.78,1.98
2023-10-13 09:00:00,MACH-B,59.04,1.92
2023-10-13 10:00:00,MACH-B,52.46,2.39
2023-10-13 11:00:00,MACH-B,48.0,1.42
2023-10-13 12:00:00,MACH-B,54.6,1.36
2023-10-13 13:00:00,MACH-B,31.07,1.92
2023-10-13 14:00:00,MACH-B,47.43,2.38
2023-10-13 15:00:00,MACH-B,56.41,1.96
2023-10-13 16:00:00,MACH-B,48.54,2.51
2023-10-13 17:00:00,MACH-B,52.28,1.88
2023-10-13 18:00:00,MACH-B,48.0,2.81
2023-10-13 19:00:00,MACH-B,56.07,1.92
2023-10-13 20:00:00,MACH-B,58.88,2.34
2023-10-13 21:00:00,MACH-B,28.99,2.37
2023-10-13 22:00:00,MACH-B,43.38,2.22
2023-10-13 23:00:00,MACH-B,29.76,2.07
2023-10-14 00:00:00,MACH-B,10.38,1.9
2023-10-14 01:00:00,MACH-B,55.84,2.22
2023-10-14 02:00:00,MACH-B,57.93,2.53
2023-10-14 03:00:00,MACH-B,44.94,2.63
2023-10-14 04:00:00,MACH-B,43.08,1.68
2023-10-14 05:00:00,MACH-B,48.25,1.59
2023-10-14 06:00:00,MACH-B,78.0,1.45
2023-10-14 07:00:00,MACH-B,39.55,1.38
2023-10-14 08:00:00,MACH-B,36.5,2.21
2023-10-14 09:00:00,MACH-B,56.0,2.29
2023-10-14 10:00:00,MACH-B,56.53,2.63
2023-10-14 11:00:00,MACH-B,53.86,2.03
2023-10-14 12:00:00,MACH-B,50.75,1.83
2023-10-14 13:00:00,MACH-B,46.87,2.95
2023-10-14 14:00:00,MACH-B,35.0,1.85
2023-10-14 15:00:00,MACH-B,68.6,1.33
2023-10-14 16:00:00,MACH-B,69.29,1.67
2023-10-14 17:00:00,MACH-B,45.01,1.54
2023-10-14 18:00:00,MACH-B,64.07,2.48
2023-10-14 19:00:00,MACH-B,53.42,1.6
2023-10-14 20:00:00,MACH-B,32.35,2.73
2023-10-14 21:00:00,MACH-B,33.27,2.02
2023-10-14 22:00:00,MACH-B,57.62,2.14
2023-10-14 23:00:00,MACH-B,62.87,2.47
2023-10-15 00:00:00,MACH-B,53.55,2.53
2023-10-15 01:00:00,MACH-B,52.55,1.86
2023-10-15 02:00:00,MACH-B,41.21,2.56
2023-10-15 03:00:00,MACH-B,38.75,2.11
2023-10-15 04:00:00,MACH-B,57.67,2.23
2023-10-15 05:00:00,MACH-B,50.48,1.18
2023-10-15 06:00:00,MACH-B,48.82,2.34
2023-10-15 07:00:00,MACH-B,62.55,1.51
2023-10-15 08:00:00,MACH-B,66.92,2.68
2023-10-15 09:00:00,MACH-B,55.83,3.06
2023-10-15 10:00:00,MACH-B,40.68,1.34
2023-10-15 11:00:00,MACH-B,50.53,2.74
2023-10-15 12:00:00,MACH-B,45.76,2.26
2023-10-15 13:00:00,MACH-B,48.62,1.73
2023-10-15 14:00:00,MACH-B,37.98,1.17
2023-10-15 15:00:00,MACH-B,62.53,0.43
2023-10-15 16:00:00,MACH-B,45.27,2.58
2023-10-15 17:00:00,MACH-B,66.04,2.62
2023-10-15 18:00:00,MACH-B,48.73,1.71
2023-10-15 19:00:00,MACH-B,45.2,1.6
2023-10-15 20:00:00,MACH-B,43.3,2.01
2023-10-15 21:00:00,MACH-B,43.41,1.96
2023-10-15 22:00:00,MACH-B,52.18,2.49
2023-10-15 23:00:00,MACH-B,49.44,2.0
2023-10-16 00:00:00,MACH-B,58.02,2.49
2023-10-16 01:00:00,MACH-B,42.27,1.66
2023-10-16 02:00:00,MACH-B,52.32,2.1
2023-10-16 03:00:00,MACH-B,62.11,2.34
2023-10-16 04:00:00,MACH-B,63.81,1.84
2023-10-16 05:00:00,MACH-B,42.72,1.96
2023-10-16 06:00:00,MACH-B,46.56,2.98
2023-10-16 07:00:00,MACH-B,43.78,2.69
2023-10-16 08:00:00,MACH-B,41.37,1.41
2023-10-16 09:00:00,MACH-B,56.71,2.15
2023-10-16 10:00:00,MACH-B,38.76,1.02
2023-10-16 11:00:00,MACH-B,71.61,2.23
2023-10-16 12:00:00,MACH-B,52.33,1.57
2023-10-16 13:00:00,MACH-B,48.21,1.9
2023-10-16 14:00:00,MACH-B,70.13,2.29
2023-10-16 15:00:00,MACH-B,36.87,2.14
2023-10-16 16:00:00,MACH-B,42.23,1.59
2023-10-16 17:00:00,MACH-B,37.48,1.33
2023-10-16 18:00:00,MACH-B,49.76,2.21
2023-10-16 19:00:00,MACH-B,43.6,1.64
2023-10-16 20:00:00,MACH-B,36.98,1.87
2023-10-16 21:00:00,MACH-B,38.16,1.39
2023-10-16 22:00:00,MACH-B,53.31,0.85
2023-10-16 23:00:00,MACH-B,56.34,2.31
2023-10-17 00:00:00,MACH-B,36.2,1.77
2023-10-17 01:00:00,MACH-B,48.06,1.61
2023-10-17 02:00:00,MACH-B,45.86,2.69
2023-10-17 03:00:00,MACH-B,43.45,2.41
2023-10-17 04:00:00,MACH-B,66.1,2.2
2023-10-17 05:00:00,MACH-B,49.47,2.05
2023-10-17 06:00:00,MACH-B,51.67,1.33
2023-10-17 07:00:00,MACH-B,56.83,2.28
2023-10-17 08:00:00,MACH-B,50.82,2.63
2023-10-17 09:00:00,MACH-B,49.8,1.98
2023-10-17 10:00:00,MACH-B,58.26,2.59
2023-10-17 11:00:00,MACH-B,44.21,1.57
2023-10-17 12:00:00,MACH-B,45.49,1.25
2023-10-17 13:00:00,MACH-B,40.05,1.69
2023-10-17 14:00:00,MACH-B,64.13,2.11
2023-10-17 15:00:00,MACH-B,55.55,2.0
2023-10-17 16:00:00,MACH-B,52.33,1.86
2023-10-17 17:00:00,MACH-B,65.58,2.27
2023-10-17 18:00:00,MACH-B,37.75,1.95
2023-10-17 19:00:00,MACH-B,92.95,4.36
2023-10-17 20:00:00,MACH-B,94.61,4.53
2023-10-17 21:00:00,MACH-B,35.92,1.67
2023-10-17 22:00:00,MACH-B,61.27,2.07
2023-10-17 23:00:00,MACH-B,66.9,1.81
2023-10-18 00:00:00,MACH-B,45.84,1.29
2023-10-18 01:00:00,MACH-B,45.92,2.17
2023-10-18 02:00:00,MACH-B,45.59,1.67
2023-10-18 03:00:00,MACH-B,66.87,1.53
2023-10-18 04:00:00,MACH-B,44.16,1.78
2023-10-18 05:00:00,MACH-B,66.66,2.19
2023-10-18 06:00:00,MACH-B,50.47,2.01
2023-10-18 07:00:00,MACH-B,45.15,1.47
2023-10-18 08:00:00,MACH-B,52.68,1.82
2023-10-18 09:00:00,MACH-B,68.9,2.24
2023-10-18 10:00:00,MACH-B,51.64,1.99
2023-10-18 11:00:00,MACH-B,48.05,1.51
2023-10-18 12:00:00,MACH-B,55.34,2.37
2023-10-18 13:00:00,MACH-B,47.68,2.72
2023-10-18 14:00:00,MACH-B,38.73,1.74
2023-10-18 15:00:00,MACH-B,49.27,1.95
2023-10-18 16:00:00,MACH-B,58.7,2.25
2023-10-18 17:00:00,MACH-B,54.4,1.88
2023-10-18 18:00:00,MACH-B,37.12,2.27
2023-10-18 19:00:00,MACH-B,57.98,1.34
2023-10-18 20:00:00,MACH-B,55.1,1.99
2023-10-18 21:00:00,MACH-B,51.25,2.45
2023-10-18 22:00:00,MACH-B,60.83,1.44
2023-10-18 23:00:00,MACH-B,59.17,1.92
2023-10-19 00:00:00,MACH-B,58.83,1.35
2023-10-19 01:00:00,MACH-B,32.49,1.96
2023-10-19 02:00:00,MACH-B,56.41,2.41
2023-10-19 03:00:00,MACH-B,47.07,1.84
2023-10-19 04:00:00,MACH-B,53.36,2.39
2023-10-19 05:00:00,MACH-B,40.64,2.51
2023-10-19 06:00:00,MACH-B,59.18,1.12
2023-10-19 07:00:00,MACH-B,60.68,1.63
2023-10-19 08:00:00,MACH-B,49.02,1.34
2023-10-19 09:00:00,MACH-B,33.04,2.05
2023-10-19 10:00:00,MACH-B,55.34,2.53
2023-10-19 11:00:00,MACH-B,52.02,2.15
2023-10-19 12:00:00,MACH-B,30.83,2.2
2023-10-19 13:00:00,MACH-B,49.97,1.8
2023-10-19 14:00:00,MACH-B,58.16,2.33
2023-10-19 15:00:00,MACH-B,27.6,2.1
2023-10-19 16:00:00,MACH-B,50.6,2.62
2023-10-19 17:00:00,MACH-B,52.24,2.09
2023-10-19 18:00:00,MACH-B,52.31,1.26
2023-10-19 19:00:00,MACH-B,47.68,1.39
2023-10-19 20:00:00,MACH-B,51.51,1.44
2023-10-19 21:00:00,MACH-B,47.89,1.72
2023-10-19 22:00:00,MACH-B,47.27,2.76
2023-10-19 23:00:00,MACH-B,54.74,2.58
2023-10-20 00:00:00,MACH-B,75.59,2.21
2023-10-20 01:00:00,MACH-B,49.5,2.39
2023-10-20 02:00:00,MACH-B,43.11,2.35
2023-10-20 03:00:00,MACH-B,48.71,2.52
2023-10-20 04:00:00,MACH-B,49.11,1.48
2023-10-20 05:00:00,MACH-B,43.39,2.64
2023-10-20 06:00:00,MACH-B,43.35,2.05
2023-10-20 07:00:00,MACH-B,41.5,2.16
2023-10-20 08:00:00,MACH-B,44.32,2.56
2023-10-20 09:00:00,MACH-B,50.74,2.14
2023-10-20 10:00:00,MACH-B,49.08,1.57
2023-10-20 11:00:00,MACH-B,61.37,1.92
2023-10-20 12:00:00,MACH-B,29.53,2.35
2023-10-20 13:00:00,MACH-B,48.26,1.7
2023-10-20 14:00:00,MACH-B,44.26,1.72
2023-10-20 15:00:00,MACH-B,37.87,2.17
2023-10-20 16:00:00,MACH-B,41.77,2.09
2023-10-20 17:00:00,MACH-B,31.72,1.68
2023-10-20 18:00:00,MACH-B,48.41,2.67
2023-10-20 19:00:00,MACH-B,50.02,2.11
2023-10-20 20:00:00,MACH-B,35.97,0.93
2023-10-20 21:00:00,MACH-B,49.39,2.21
2023-10-20 22:00:00,MACH-B,50.76,2.33
2023-10-20 23:00:00,MACH-B,40.77,2.35
2023-10-21 00:00:00,MACH-B,50.92,1.79
2023-10-21 01:00:00,MACH-B,50.52,1.53
2023-10-21 02:00:00,MACH-B,48.08,2.02
2023-10-21 03:00:00,MACH-B,57.84,2.1
2023-10-21 04:00:00,MACH-B,60.45,2.38
2023-10-21 05:00:00,MACH-B,60.9,2.17
2023-10-21 06:00:00,MACH-B,41.37,2.55
2023-10-21 07:00:00,MACH-B,48.11,2.58
2023-10-21 08:00:00,MACH-B,30.26,2.01
2023-10-21 09:00:00,MACH-B,56.85,1.52
2023-10-21 10:00:00,MACH-B,58.49,2.51
2023-10-21 11:00:00,MACH-B,61.1,2.29
2023-10-21 12:00:00,MACH-B,68.6,1.51
2023-10-21 13:00:00,MACH-B,60.67,1.89
2023-10-21 14:00:00,MACH-B,55.37,1.49
2023-10-21 15:00:00,MACH-B,51.0,1.03
2023-10-21 16:00:00,MACH-B,76.0,1.51
2023-10-21 17:00:00,MACH-B,52.63,0.93
2023-10-21 18:00:00,MACH-B,74.1,2.24
2023-10-21 19:00:00,MACH-B,43.18,2.03
2023-10-21 20:00:00,MACH-B,46.88,1.58
2023-10-21 21:00:00,MACH-B,57.6,2.36
2023-10-21 22:00:00,MACH-B,19.95,1.28
2023-10-21 23:00:00,MACH-B,47.6,2.62
2023-10-22 00:00:00,MACH-B,61.98,1.77
2023-10-22 01:00:00,MACH-B,46.19,2.22
2023-10-22 02:00:00,MACH-B,50.0,1.48
2023-10-22 03:00:00,MACH-B,34.21,2.06
2023-10-22 04:00:00,MACH-B,45.93,1.95
2023-10-22 05:00:00,MACH-B,41.77,1.85
2023-10-22 06:00:00,MACH-B,57.53,1.77
2023-10-22 07:00:00,MACH-B,58.08,2.2
2023-10-22 08:00:00,MACH-B,42.04,1.56
2023-10-22 09:00:00,MACH-B,40.53,1.02
2023-10-22 10:00:00,MACH-B,65.61,1.97
2023-10-22 11:00:00,MACH-B,36.82,2.53
2023-10-22 12:00:00,MACH-B,57.81,1.16
2023-10-22 13:00:00,MACH-B,50.39,2.04
2023-10-22 14:00:00,MACH-B,61.14,2.0
2023-10-22 15:00:00,MACH-B,52.02,2.27
2023-10-22 16:00:00,MACH-B,44.7,2.05
2023-10-22 17:00:00,MACH-B,38.35,1.65
2023-10-22 18:00:00,MACH-B,38.6,1.19
2023-10-22 19:00:00,MACH-B,37.38,2.04
2023-10-22 20:00:00,MACH-B,48.87,1.66
2023-10-22 21:00:00,MACH-B,58.12,1.57
2023-10-22 22:00:00,MACH-B,40.83,2.05
2023-10-22 23:00:00,MACH-B,39.65,1.46
2023-10-23 00:00:00,MACH-B,51.79,2.06
2023-10-23 01:00:00,MACH-B,63.91,2.27
2023-10-23 02:00:00,MACH-B,57.73,1.25
2023-10-23 03:00:00,MACH-B,49.09,2.48
2023-10-23 04:00:00,MACH-B,39.73,1.98
2023-10-23 05:00:00,MACH-B,50.48,2.51
2023-10-23 06:00:00,MACH-B,58.85,1.84
2023-10-23 07:00:00,MACH-B,55.84,2.92
2023-10-23 08:00:00,MACH-B,52.58,2.73
2023-10-23 09:00:00,MACH-B,61.1,2.0
2023-10-23 10:00:00,MACH-B,64.97,1.92
2023-10-23 11:00:00,MACH-B,58.36,0.79
2023-10-23 12:00:00,MACH-B,29.98,1.9
2023-10-23 13:00:00,MACH-B,59.67,2.14
2023-10-23 14:00:00,MACH-B,48.53,1.99
2023-10-23 15:00:00,MACH-B,51.34,2.09
2023-10-23 16:00:00,MACH-B,47.46,2.24
2023-10-23 17:00:00,MACH-B,43.21,1.85
2023-10-23 18:00:00,MACH-B,26.28,2.11
2023-10-23 19:00:00,MACH-B,52.98,1.68
2023-10-23 20:00:00,MACH-B,36.96,1.39
2023-10-23 21:00:00,MACH-B,55.21,2.83
2023-10-23 22:00:00,MACH-B,46.04,1.4
2023-10-23 23:00:00,MACH-B,61.22,1.86
2023-10-24 00:00:00,MACH-B,67.42,2.37
2023-10-24 01:00:00,MACH-B,48.72,1.87
2023-10-24 02:00:00,MACH-B,44.83,2.28
2023-10-24 03:00:00,MACH-B,42.73,2.54
2023-10-24 04:00:00,MACH-B,54.5,2.04
2023-10-24 05:00:00,MACH-B,44.21,2.23
2023-10-24 06:00:00,MACH-B,49.75,2.28
2023-10-24 07:00:00,MACH-B,40.7,1.58
2023-10-24 08:00:00,MACH-B,50.52,1.3
2023-10-24 09:00:00,MACH-B,66.64,3.01
2023-10-24 10:00:00,MACH-B,42.63,2.22
2023-10-24 11:00:00,MACH-B,50.15,1.57
2023-10-24 12:00:00,MACH-B,54.91,3.05
2023-10-24 13:00:00,MACH-B,63.36,1.26
2023-10-24 14:00:00,MACH-B,61.53,1.56
2023-10-24 15:00:00,MACH-B,57.27,1.77
2023-10-24 16:00:00,MACH-B,54.08,2.49
2023-10-24 17:00:00,MACH-B,78.69,1.81
2023-10-24 18:00:00,MACH-B,57.08,1.95
2023-10-24 19:00:00,MACH-B,52.89,1.39
2023-10-24 20:00:00,MACH-B,62.05,1.92
2023-10-24 21:00:00,MACH-B,55.79,1.86
2023-10-24 22:00:00,MACH-B,75.44,1.2
2023-10-24 23:00:00,MACH-B,44.4,1.84
2023-10-25 00:00:00,MACH-B,49.52,1.55
2023-10-25 01:00:00,MACH-B,36.65,2.72
2023-10-25 02:00:00,MACH-B,48.89,2.13
2023-10-25 03:00:00,MACH-B,38.23,2.74
2023-10-25 04:00:00,MACH-B,51.22,1.04
2023-10-25 05:00:00,MACH-B,43.06,1.48
2023-10-25 06:00:00,MACH-B,57.89,1.64
2023-10-25 07:00:00,MACH-B,45.07,1.59
2023-10-25 08:00:00,MACH-B,57.11,2.16
2023-10-25 09:00:00,MACH-B,47.89,1.86
2023-10-25 10:00:00,MACH-B,61.91,1.5
2023-10-25 11:00:00,MACH-B,49.07,3.42
2023-10-25 12:00:00,MACH-B,45.66,2.1
2023-10-25 13:00:00,MACH-B,31.8,0.99
2023-10-25 14:00:00,MACH-B,36.51,2.36
2023-10-25 15:00:00,MACH-B,57.47,3.2
2023-10-25 16:00:00,MACH-B,37.16,2.36
2023-10-25 17:00:00,MACH-B,59.56,1.48
2023-10-25 18:00:00,MACH-B,45.65,1.78
2023-10-25 19:00:00,MACH-B,49.86,2.41
2023-10-25 20:00:00,MACH-B,55.63,1.53
2023-10-25 21:00:00,MACH-B,60.76,1.92
2023-10-25 22:00:00,MACH-B,35.41,1.55
2023-10-25 23:00:00,MACH-B,36.2,2.29
2023-10-26 00:00:00,MACH-B,47.38,2.4
2023-10-26 01:00:00,MACH-B,61.96,2.66
2023-10-26 02:00:00,MACH-B,50.19,2.51
2023-10-26 03:00:00,MACH-B,61.59,2.71
2023-10-26 04:00:00,MACH-B,33.48,2.81
2023-10-26 05:00:00,MACH-B,44.37,1.3
2023-10-26 06:00:00,MACH-B,50.74,1.61
2023-10-26 07:00:00,MACH-B,39.27,1.54
2023-10-26 08:00:00,MACH-B,38.49,2.08
2023-10-26 09:00:00,MACH-B,41.97,1.68
2023-10-26 10:00:00,MACH-B,46.16,1.81
2023-10-26 11:00:00,MACH-B,38.62,2.54
2023-10-26 12:00:00,MACH-B,62.18,2.28
2023-10-26 13:00:00,MACH-B,52.02,1.75
2023-10-26 14:00:00,MACH-B,53.14,2.39
2023-10-26 15:00:00,MACH-B,52.83,2.14
2023-10-26 16:00:00,MACH-B,65.78,2.15
2023-10-26 17:00:00,MACH-B,70.2,2.33
2023-10-26 18:00:00,MACH-B,47.23,0.77
2023-10-26 19:00:00,MACH-B,55.32,1.55
2023-10-26 20:00:00,MACH-B,47.02,1.49
2023-10-26 21:00:00,MACH-B,58.85,2.02
2023-10-26 22:00:00,MACH-B,64.15,2.38
2023-10-26 23:00:00,MACH-B,49.94,1.74
2023-10-27 00:00:00,MACH-B,59.46,1.53
2023-10-27 01:00:00,MACH-B,46.74,0.92
2023-10-27 02:00:00,MACH-B,61.6,2.18
2023-10-27 03:00:00,MACH-B,41.1,1.41
2023-10-27 04:00:00,MACH-B,39.26,2.15
2023-10-27 05:00:00,MACH-B,56.02,1.56
2023-10-27 06:00:00,MACH-B,61.42,2.28
2023-10-27 07:00:00,MACH-B,56.51,2.18
2023-10-27 08:00:00,MACH-B,60.59,1.11
2023-10-27 09:00:00,MACH-B,41.49,2.44
2023-10-27 10:00:00,MACH-B,49.32,2.15
2023-10-27 11:00:00,MACH-B,34.23,2.54
2023-10-27 12:00:00,MACH-B,38.06,1.31
2023-10-27 13:00:00,MACH-B,64.55,1.45
2023-10-27 14:00:00,MACH-B,46.31,1.81
2023-10-27 15:00:00,MACH-B,68.57,1.92
2023-10-27 16:00:00,MACH-B,51.67,1.86
2023-10-27 17:00:00,MACH-B,47.79,1.02
2023-10-27 18:00:00,MACH-B,47.51,2.13
2023-10-27 19:00:00,MACH-B,60.02,1.86
2023-10-27 20:00:00,MACH-B,48.81,1.81
2023-10-27 21:00:00,MACH-B,50.42,2.01
2023-10-27 22:00:00,MACH-B,53.12,2.12
2023-10-27 23:00:00,MACH-B,36.57,1.94
2023-10-28 00:00:00,MACH-B,50.98,1.51
2023-10-28 01:00:00,MACH-B,49.5,1.31
2023-10-28 02:00:00,MACH-B,54.57,2.44
2023-10-28 03:00:00,MACH-B,59.93,1.51
2023-10-28 04:00:00,MACH-B,47.64,1.38
2023-10-28 05:00:00,MACH-B,55.06,2.01
2023-10-28 06:00:00,MACH-B,36.45,2.24
2023-10-28 07:00:00,MACH-B,69.95,2.63
2023-10-28 08:00:00,MACH-B,65.41,1.56
2023-10-28 09:00:00,MACH-B,46.67,1.63
2023-10-28 10:00:00,MACH-B,51.07,2.1
2023-10-28 11:00:00,MACH-B,28.24,2.32
2023-10-28 12:00:00,MACH-B,56.71,1.71
2023-10-28 13:00:00,MACH-B,42.66,2.33
2023-10-28 14:00:00,MACH-B,33.73,1.7
2023-10-28 15:00:00,MACH-B,53.45,2.06
2023-10-28 16:00:00,MACH-B,40.92,1.34
2023-10-28 17:00:00,MACH-B,39.7,2.21
2023-10-28 18:00:00,MACH-B,57.79,2.25
2023-10-28 19:00:00,MACH-B,66.32,2.1
2023-10-28 20:00:00,MACH-B,84.15,3.9
2023-10-28 21:00:00,MACH-B,62.58,1.8
2023-10-28 22:00:00,MACH-B,46.61,2.18
2023-10-28 23:00:00,MACH-B,55.93,1.6
2023-10-29 00:00:00,MACH-B,52.43,2.6
2023-10-29 01:00:00,MACH-B,54.56,3.14
2023-10-29 02:00:00,MACH-B,40.57,1.56
2023-10-29 03:00:00,MACH-B,25.7,2.31
2023-10-29 04:00:00,MACH-B,63.99,1.92
2023-10-29 05:00:00,MACH-B,47.47,2.22
2023-10-29 06:00:00,MACH-B,31.35,1.94
2023-10-29 07:00:00,MACH-B,49.86,1.91
2023-10-29 08:00:00,MACH-B,53.75,1.77
2023-10-29 09:00:00,MACH-B,50.5,2.26
2023-10-29 10:00:00,MACH-B,52.64,1.24
2023-10-29 11:00:00,MACH-B,50.99,1.65
2023-10-29 12:00:00,MACH-B,46.78,2.04
2023-10-29 13:00:00,MACH-B,51.76,1.7
2023-10-29 14:00:00,MACH-B,48.46,2.61
2023-10-29 15:00:00,MACH-B,51.99,2.27
2023-10-29 16:00:00,MACH-B,53.97,1.46
2023-10-29 17:00:00,MACH-B,55.81,1.87
2023-10-29 18:00:00,MACH-B,45.05,2.39
2023-10-29 19:00:00,MACH-B,56.81,2.15
2023-10-29 20:00:00,MACH-B,54.41,1.94
2023-10-29 21:00:00,MACH-B,62.28,1.92
2023-10-29 22:00:00,MACH-B,51.93,2.59
2023-10-29 23:00:00,MACH-B,60.11,1.33
2023-10-30 00:00:00,MACH-B,27.79,2.92
2023-10-30 01:00:00,MACH-B,39.42,2.1
2023-10-30 02:00:00,MACH-B,61.13,2.86
2023-10-30 03:00:00,MACH-B,53.35,1.98
2023-10-30 04:00:00,MACH-B,39.5,3.25
2023-10-30 05:00:00,MACH-B,51.87,1.68
2023-10-30 06:00:00,MACH-B,60.71,2.04
2023-10-30 07:00:00,MACH-B,37.67,2.41
2023-10-30 08:00:00,MACH-B,52.82,2.39
2023-10-30 09:00:00,MACH-B,71.88,1.57
2023-10-30 10:00:00,MACH-B,41.97,1.28
2023-10-30 11:00:00,MACH-B,40.92,1.58
2023-10-30 12:00:00,MACH-B,25.41,1.88
2023-10-30 13:00:00,MACH-B,46.33,1.93
2023-10-30 14:00:00,MACH-B,59.26,2.05
2023-10-30 15:00:00,MACH-B,44.83,2.36
2023-10-30 16:00:00,MACH-B,76.02,1.95
2023-10-30 17:00:00,MACH-B,84.07,1.0
2023-10-30 18:00:00,MACH-B,68.05,2.49
2023-10-30 19:00:00,MACH-B,42.82,2.58
2023-10-30 20:00:00,MACH-B,53.12,2.16
2023-10-30 21:00:00,MACH-B,44.14,1.86
2023-10-30 22:00:00,MACH-B,43.5,2.13
2023-10-30 23:00:00,MACH-B,53.44,2.58
2023-10-31 00:00:00,MACH-B,39.48,1.44
2023-10-31 01:00:00,MACH-B,31.07,1.69
2023-10-31 02:00:00,MACH-B,36.03,1.68
2023-10-31 03:00:00,MACH-B,52.69,1.44
2023-10-31 04:00:00,MACH-B,68.95,3.33
2023-10-31 05:00:00,MACH-B,59.4,2.06
2023-10-31 06:00:00,MACH-B,48.89,1.44
2023-10-31 07:00:00,MACH-B,57.62,1.31
2023-10-31 08:00:00,MACH-B,49.32,2.42
2023-10-31 09:00:00,MACH-B,60.68,2.57
2023-10-31 10:00:00,MACH-B,57.56,2.48
2023-10-31 11:00:00,MACH-B,26.08,2.94
2023-10-31 12:00:00,MACH-B,43.51,1.78
2023-10-31 13:00:00,MACH-B,56.82,1.36
2023-10-31 14:00:00,MACH-B,58.15,3.29
2023-10-31 15:00:00,MACH-B,45.37,1.66
2023-10-31 16:00:00,MACH-B,28.6,2.32
2023-10-31 17:00:00,MACH-B,52.1,1.58
2023-10-31 18:00:00,MACH-B,34.68,2.54
2023-10-31 19:00:00,MACH-B,41.68,1.36
2023-10-31 20:00:00,MACH-B,64.09,3.28
2023-10-31 21:00:00,MACH-B,45.43,2.19
2023-10-31 22:00:00,MACH-B,42.93,1.33
2023-10-31 23:00:00,MACH-B,48.73,0.94
2023-11-01 00:00:00,MACH-B,59.09,1.96
2023-11-01 01:00:00,MACH-B,47.51,2.55
2023-11-01 02:00:00,MACH-B,64.69,1.77
2023-11-01 03:00:00,MACH-B,40.79,2.65
2023-11-01 04:00:00,MACH-B,39.57,1.49
2023-11-01 05:00:00,MACH-B,54.72,2.38
2023-11-01 06:00:00,MACH-B,43.02,1.86
2023-11-01 07:00:00,MACH-B,54.8,2.36
2023-11-01 08:00:00,MACH-B,72.92,1.59
2023-11-01 09:00:00,MACH-B,37.32,1.71
2023-11-01 10:00:00,MACH-B,53.27,1.31
2023-11-01 11:00:00,MACH-B,59.24,2.58
2023-11-01 12:00:00,MACH-B,43.41,1.75
2023-11-01 13:00:00,MACH-B,50.13,1.76
2023-11-01 14:00:00,MACH-B,27.0,1.74
2023-11-01 15:00:00,MACH-B,49.97,2.27
2023-11-01 16:00:00,MACH-B,40.05,0.88
2023-11-01 17:00:00,MACH-B,40.17,1.36
2023-11-01 18:00:00,MACH-B,47.93,2.68
2023-11-01 19:00:00,MACH-B,45.52,2.12
2023-11-01 20:00:00,MACH-B,37.6,1.7
2023-11-01 21:00:00,MACH-B,65.64,2.44
2023-11-01 22:00:00,MACH-B,51.48,2.1
2023-11-01 23:00:00,MACH-B,53.94,2.68
2023-11-02 00:00:00,MACH-B,44.35,1.7
2023-11-02 01:00:00,MACH-B,49.39,1.6
2023-11-02 02:00:00,MACH-B,29.15,1.31
2023-11-02 03:00:00,MACH-B,39.05,2.54
2023-11-02 04:00:00,MACH-B,64.91,2.53
2023-11-02 05:00:00,MACH-B,56.21,2.35
2023-11-02 06:00:00,MACH-B,45.17,1.51
2023-11-02 07:00:00,MACH-B,53.91,1.28
2023-11-02 08:00:00,MACH-B,32.51,2.45
2023-11-02 09:00:00,MACH-B,45.96,2.12
2023-11-02 10:00:00,MACH-B,50.04,1.54
2023-11-02 11:00:00,MACH-B,57.89,2.31
2023-11-02 12:00:00,MACH-B,41.92,2.94
2023-11-02 13:00:00,MACH-B,50.42,1.83
2023-11-02 14:00:00,MACH-B,47.53,1.96
2023-11-02 15:00:00,MACH-B,53.76,2.47
2023-11-02 16:00:00,MACH-B,52.36,2.62
2023-11-02 17:00:00,MACH-B,49.58,2.03
2023-11-02 18:00:00,MACH-B,53.41,1.12
2023-11-02 19:00:00,MACH-B,43.98,2.53
2023-11-02 20:00:00,MACH-B,44.76,1.67
2023-11-02 21:00:00,MACH-B,34.34,2.21
2023-11-02 22:00:00,MACH-B,57.03,2.57
2023-11-02 23:00:00,MACH-B,48.67,2.34
2023-11-03 00:00:00,MACH-B,39.2,2.05
2023-11-03 01:00:00,MACH-B,42.1,1.98
2023-11-03 02:00:00,MACH-B,66.5,1.63
2023-11-03 03:00:00,MACH-B,47.4,2.13
2023-11-03 04:00:00,MACH-B,54.21,1.47
2023-11-03 05:00:00,MACH-B,84.84,4.32
2023-11-03 06:00:00,MACH-B,38.52,2.47
2023-11-03 07:00:00,MACH-B,50.41,1.97
2023-11-03 08:00:00,MACH-B,61.01,1.65
2023-11-03 09:00:00,MACH-B,64.75,1.13
2023-11-03 10:00:00,MACH-B,63.62,1.59
2023-11-03 11:00:00,MACH-B,56.54,1.65
2023-11-03 12:00:00,MACH-B,55.65,2.03
2023-11-03 13:00:00,MACH-B,40.88,1.56
2023-11-03 14:00:00,MACH-B,50.78,2.44
2023-11-03 15:00:00,MACH-B,60.02,2.71
2023-11-03 16:00:00,MACH-B,64.37,2.06
2023-11-03 17:00:00,MACH-B,49.33,1.32
2023-11-03 18:00:00,MACH-B,45.87,0.88
2023-11-03 19:00:00,MACH-B,40.81,2.03
2023-11-03 20:00:00,MACH-B,49.99,1.8
2023-11-03 21:00:00,MACH-B,61.76,1.49
2023-11-03 22:00:00,MACH-B,45.12,1.86
2023-11-03 23:00:00,MACH-B,56.69,3.22
2023-11-04 00:00:00,MACH-B,61.67,2.91
2023-11-04 01:00:00,MACH-B,46.02,2.88
2023-11-04 02:00:00,MACH-B,48.27,1.78
2023-11-04 03:00:00,MACH-B,62.74,1.85
2023-11-04 04:00:00,MACH-B,53.72,2.49
2023-11-04 05:00:00,MACH-B,66.31,2.03
2023-11-04 06:00:00,MACH-B,50.6,2.29
2023-11-04 07:00:00,MACH-B,61.75,1.37
2023-11-04 08:00:00,MACH-B,38.62,2.22
2023-11-04 09:00:00,MACH-B,57.89,1.25
2023-11-04 10:00:00,MACH-B,46.22,0.82
2023-11-04 11:00:00,MACH-B,37.29,1.81
2023-11-04 12:00:00,MACH-B,45.44,2.48
2023-11-04 13:00:00,MACH-B,48.67,2.19
2023-11-04 14:00:00,MACH-B,55.87,1.91
2023-11-04 15:00:00,MACH-B,49.06,0.95
2023-11-04 16:00:00,MACH-B,31.17,1.19
2023-11-04 17:00:00,MACH-B,46.85,1.86
2023-11-04 18:00:00,MACH-B,50.08,1.83
2023-11-04 19:00:00,MACH-B,56.55,1.97
2023-11-04 20:00:00,MACH-B,59.39,2.9
2023-11-04 21:00:00,MACH-B,42.94,2.07
2023-11-04 22:00:00,MACH-B,42.74,2.67
2023-11-04 23:00:00,MACH-B,42.05,1.64
2023-11-05 00:00:00,MACH-B,40.29,0.88
2023-11-05 01:00:00,MACH-B,33.79,2.54
2023-11-05 02:00:00,MACH-B,54.84,2.66
2023-11-05 03:00:00,MACH-B,76.24,2.73
2023-11-05 04:00:00,MACH-B,58.69,1.53
2023-11-05 05:00:00,MACH-B,59.75,1.71
2023-11-05 06:00:00,MACH-B,54.62,1.72
2023-11-05 07:00:00,MACH-B,36.53,2.25
2023-11-05 08:00:00,MACH-B,46.91,1.53
2023-11-05 09:00:00,MACH-B,56.97,2.16
2023-11-05 10:00:00,MACH-B,37.24,2.46
2023-11-05 11:00:00,MACH-B,45.18,2.35
2023-11-05 12:00:00,MACH-B,36.91,1.5
2023-11-05 13:00:00,MACH-B,45.03,2.48
2023-11-05 14:00:00,MACH-B,69.85,2.03
2023-11-05 15:00:00,MACH-B,66.23,1.71
2023-11-05 16:00:00,MACH-B,51.62,2.51
2023-11-05 17:00:00,MACH-B,65.63,2.03
2023-11-05 18:00:00,MACH-B,56.71,2.71
2023-11-05 19:00:00,MACH-B,47.48,2.53
2023-11-05 20:00:00,MACH-B,37.66,2.34
2023-11-05 21:00:00,MACH-B,46.5,1.98
2023-11-05 22:00:00,MACH-B,47.12,1.29
2023-11-05 23:00:00,MACH-B,46.08,1.26
2023-11-06 00:00:00,MACH-B,48.87,3.29
2023-11-06 01:00:00,MACH-B,39.6,2.27
2023-11-06 02:00:00,MACH-B,37.06,2.66
2023-11-06 03:00:00,MACH-B,36.44,2.08
2023-11-06 04:00:00,MACH-B,54.45,1.95
2023-11-06 05:00:00,MACH-B,40.43,2.05
2023-11-06 06:00:00,MACH-B,52.11,2.11
2023-11-06 07:00:00,MACH-B,50.47,2.02
2023-11-06 08:00:00,MACH-B,53.45,2.82
2023-11-06 09:00:00,MACH-B,46.56,2.43
2023-11-06 10:00:00,MACH-B,39.06,2.2
2023-11-06 11:00:00,MACH-B,67.32,2.43
2023-11-06 12:00:00,MACH-B,42.99,2.48
2023-11-06 13:00:00,MACH-B,69.34,2.18
2023-11-06 14:00:00,MACH-B,36.61,2.31
2023-11-06 15:00:00,MACH-B,39.86,2.37
2023-11-06 16:00:00,MACH-B,32.05,2.35
2023-11-06 17:00:00,MACH-B,50.83,1.99
2023-11-06 18:00:00,MACH-B,88.39,3.57
2023-11-06 19:00:00,MACH-B,35.25,1.47
2023-11-06 20:00:00,MACH-B,50.3,2.08
2023-11-06 21:00:00,MACH-B,45.88,2.0
2023-11-06 22:00:00,MACH-B,29.21,2.38
2023-11-06 23:00:00,MACH-B,48.97,1.66
2023-11-07 00:00:00,MACH-B,59.2,1.73
2023-11-07 01:00:00,MACH-B,64.65,1.59
2023-11-07 02:00:00,MACH-B,33.32,2.32
2023-11-07 03:00:00,MACH-B,60.22,1.15
2023-11-07 04:00:00,MACH-B,58.01,1.54
2023-11-07 05:00:00,MACH-B,46.29,1.0
2023-11-07 06:00:00,MACH-B,32.79,1.66
2023-11-07 07:00:00,MACH-B,53.32,2.02
2023-11-07 08:00:00,MACH-B,33.02,2.6
2023-11-07 09:00:00,MACH-B,53.15,2.67
2023-11-07 10:00:00,MACH-B,44.12,1.3
2023-11-07 11:00:00,MACH-B,41.5,1.81
2023-11-07 12:00:00,MACH-B,52.83,2.21
2023-11-07 13:00:00,MACH-B,73.05,1.84
2023-11-07 14:00:00,MACH-B,64.59,1.59
2023-11-07 15:00:00,MACH-B,49.92,1.12
2023-11-07 16:00:00,MACH-B,52.94,1.44
2023-11-07 17:00:00,MACH-B,48.91,2.64
2023-11-07 18:00:00,MACH-B,47.1,2.57
2023-11-07 19:00:00,MACH-B,66.1,3.35
2023-11-07 20:00:00,MACH-B,52.84,2.45
2023-11-07 21:00:00,MACH-B,55.26,1.51
2023-11-07 22:00:00,MACH-B,54.08,2.24
2023-11-07 23:00:00,MACH-B,49.4,2.28
2023-11-08 00:00:00,MACH-B,39.56,2.33
2023-11-08 01:00:00,MACH-B,41.36,1.92
2023-11-08 02:00:00,MACH-B,53.15,1.86
2023-11-08 03:00:00,MACH-B,56.0,2.24
2023-11-08 04:00:00,MACH-B,38.0,1.58
2023-11-08 05:00:00,MACH-B,43.09,2.55
2023-11-08 06:00:00,MACH-B,44.55,1.46
2023-11-08 07:00:00,MACH-B,40.59,1.41
2023-11-08 08:00:00,MACH-B,29.43,1.8
2023-11-08 09:00:00,MACH-B,36.86,2.28
2023-11-08 10:00:00,MACH-B,49.58,2.51
2023-11-08 11:00:00,MACH-B,55.65,2.23
2023-11-08 12:00:00,MACH-B,43.13,1.69
2023-11-08 13:00:00,MACH-B,54.54,1.92
2023-11-08 14:00:00,MACH-B,50.94,1.78
2023-11-08 15:00:00,MACH-B,56.96,2.53
2023-11-08 16:00:00,MACH-B,66.49,2.1
2023-11-08 17:00:00,MACH-B,41.21,2.7
2023-11-08 18:00:00,MACH-B,45.19,2.38
2023-11-08 19:00:00,MACH-B,37.7,1.86
2023-11-08 20:00:00,MACH-B,65.11,1.94
2023-11-08 21:00:00,MACH-B,45.64,2.04
2023-11-08 22:00:00,MACH-B,52.37,1.97
2023-11-08 23:00:00,MACH-B,56.47,2.38
2023-11-09 00:00:00,MACH-B,64.31,2.21
2023-11-09 01:00:00,MACH-B,35.13,1.73
2023-11-09 02:00:00,MACH-B,59.4,3.02
2023-11-09 03:00:00,MACH-B,30.5,2.1
2023-11-09 04:00:00,MACH-B,38.59,1.52
2023-11-09 05:00:00,MACH-B,47.79,2.31
2023-11-09 06:00:00,MACH-B,49.81,1.47
2023-11-09 07:00:00,MACH-B,65.22,2.16
2023-11-09 08:00:00,MACH-B,50.47,1.97
2023-11-09 09:00:00,MACH-B,49.62,2.03
2023-11-09 10:00:00,MACH-B,51.9,1.58
2023-11-09 11:00:00,MACH-B,61.4,1.94
2023-11-09 12:00:00,MACH-B,42.82,1.95
2023-11-09 13:00:00,MACH-B,33.59,1.99
2023-11-09 14:00:00,MACH-B,50.95,2.93
2023-11-09 15:00:00,MACH-B,50.85,1.72
2023-11-09 16:00:00,MACH-B,48.2,2.11
2023-11-09 17:00:00,MACH-B,66.41,1.34
2023-11-09 18:00:00,MACH-B,58.46,0.97
2023-11-09 19:00:00,MACH-B,30.97,1.84
2023-11-09 20:00:00,MACH-B,44.98,2.71
2023-11-09 21:00:00,MACH-B,54.97,1.37
2023-11-09 22:00:00,MACH-B,54.2,2.36
2023-11-09 23:00:00,MACH-B,61.05,2.59
2023-11-10 00:00:00,MACH-B,65.11,2.72
2023-11-10 01:00:00,MACH-B,54.02,2.33
2023-11-10 02:00:00,MACH-B,56.11,1.6
2023-11-10 03:00:00,MACH-B,36.22,1.39
2023-11-10 04:00:00,MACH-B,43.18,1.06
2023-11-10 05:00:00,MACH-B,44.48,2.93
2023-11-10 06:00:00,MACH-B,35.81,2.43
2023-11-10 07:00:00,MACH-B,57.59,2.32
2023-11-10 08:00:00,MACH-B,51.24,0.81
2023-11-10 09:00:00,MACH-B,68.34,2.31
2023-11-10 10:00:00,MACH-B,56.54,2.1
2023-11-10 11:00:00,MACH-B,53.26,2.17
2023-11-10 12:00:00,MACH-B,65.61,1.79
2023-11-10 13:00:00,MACH-B,42.79,2.08
2023-11-10 14:00:00,MACH-B,31.82,1.48
2023-11-10 15:00:00,MACH-B,59.4,2.04
2023-11-10 16:00:00,MACH-B,54.15,1.36
2023-11-10 17:00:00,MACH-B,48.66,2.51
2023-11-10 18:00:00,MACH-B,45.2,2.42
2023-11-10 19:00:00,MACH-B,42.74,2.36
2023-11-10 20:00:00,MACH-B,49.92,1.25
2023-11-10 21:00:00,MACH-B,52.1,2.04
2023-11-10 22:00:00,MACH-B,56.99,2.36
2023-11-10 23:00:00,MACH-B,35.66,2.38
2023-11-11 00:00:00,MACH-B,61.09,2.89
2023-11-11 01:00:00,MACH-B,48.02,1.52
2023-11-11 02:00:00,MACH-B,50.64,1.85
2023-11-11 03:00:00,MACH-B,42.58,2.22
2023-11-11 04:00:00,MACH-B,54.64,2.08
2023-11-11 05:00:00,MACH-B,68.38,2.43
2023-11-11 06:00:00,MACH-B,57.89,1.07
2023-11-11 07:00:00,MACH-B,45.58,1.84
2023-11-11 08:00:00,MACH-B,32.47,1.84
2023-11-11 09:00:00,MACH-B,43.88,2.39
2023-11-11 10:00:00,MACH-B,44.52,2.6
2023-11-11 11:00:00,MACH-B,54.15,2.16
2023-11-11 12:00:00,MACH-B,43.43,3.0
2023-11-11 13:00:00,MACH-B,91.01,3.4
2023-11-11 14:00:00,MACH-B,46.43,1.69
2023-11-11 15:00:00,MACH-B,49.52,2.81
2023-11-11 16:00:00,MACH-B,46.76,1.91
2023-11-11 17:00:00,MACH-B,45.93,1.63
2023-11-11 18:00:00,MACH-B,36.41,2.51
2023-11-11 19:00:00,MACH-B,54.46,1.64
2023-11-11 20:00:00,MACH-B,39.65,2.28
2023-11-11 21:00:00,MACH-B,59.13,2.69
2023-11-11 22:00:00,MACH-B,61.1,2.0
2023-11-11 23:00:00,MACH-B,37.66,2.65
2023-11-12 00:00:00,MACH-B,67.32,2.21
2023-11-12 01:00:00,MACH-B,61.0,1.23
2023-11-12 02:00:00,MACH-B,51.66,2.47
2023-11-12 03:00:00,MACH-B,40.12,2.78
2023-11-12 04:00:00,MACH-B,24.4,2.26
2023-11-12 05:00:00,MACH-B,50.04,1.84
2023-11-12 06:00:00,MACH-B,51.28,2.15
2023-11-12 07:00:00,MACH-B,58.88,1.74
2023-11-12 08:00:00,MACH-B,30.37,2.72
2023-11-12 09:00:00,MACH-B,59.88,2.14
2023-11-12 10:00:00,MACH-B,61.28,2.19
2023-11-12 11:00:00,MACH-B,54.27,1.94
2023-11-12 12:00:00,MACH-B,36.49,2.56
2023-11-12 13:00:00,MACH-B,47.7,1.56
2023-11-12 14:00:00,MACH-B,38.47,3.2
2023-11-12 15:00:00,MACH-B,36.88,2.04
2023-11-12 16:00:00,MACH-B,38.33,2.13
2023-11-12 17:00:00,MACH-B,52.19,1.55
2023-11-12 18:00:00,MACH-B,41.7,2.85
2023-11-12 19:00:00,MACH-B,47.65,2.25
2023-11-12 20:00:00,MACH-B,56.67,2.41
2023-11-12 21:00:00,MACH-B,49.95,1.74
2023-11-12 22:00:00,MACH-B,46.03,2.7
2023-11-12 23:00:00,MACH-B,48.58,1.71
2023-11-13 00:00:00,MACH-B,66.03,2.47
2023-11-13 01:00:00,MACH-B,62.94,1.82
2023-11-13 02:00:00,MACH-B,25.5,1.42
2023-11-13 03:00:00,MACH-B,45.15,1.77
2023-11-13 04:00:00,MACH-B,50.15,1.44
2023-11-13 05:00:00,MACH-B,70.59,1.98
2023-11-13 06:00:00,MACH-B,48.15,2.8
2023-11-13 07:00:00,MACH-B,45.97,2.91
2023-11-13 08:00:00,MACH-B,47.61,3.25
2023-11-13 09:00:00,MACH-B,48.84,1.89
2023-11-13 10:00:00,MACH-B,52.14,1.97
2023-11-13 11:00:00,MACH-B,53.66,2.14
2023-11-13 12:00:00,MACH-B,48.06,1.19
2023-11-13 13:00:00,MACH-B,68.44,1.72
2023-11-13 14:00:00,MACH-B,50.33,1.71
2023-11-13 15:00:00,MACH-B,61.58,1.56
2023-11-13 16:00:00,MACH-B,50.75,1.83
2023-11-13 17:00:00,MACH-B,45.82,1.29
2023-11-13 18:00:00,MACH-B,54.67,2.05
2023-11-13 19:00:00,MACH-B,25.96,1.21
2023-11-13 20:00:00,MACH-B,48.43,1.7
2023-11-13 21:00:00,MACH-B,20.85,1.16
2023-11-13 22:00:00,MACH-B,37.74,2.57
2023-11-13 23:00:00,MACH-B,42.02,3.0
2023-11-14 00:00:00,MACH-B,49.76,1.73
2023-11-14 01:00:00,MACH-B,53.35,1.57
2023-11-14 02:00:00,MACH-B,33.3,2.33
2023-11-14 03:00:00,MACH-B,45.02,1.69
2023-11-14 04:00:00,MACH-B,46.51,1.4
2023-11-14 05:00:00,MACH-B,70.53,1.13
2023-11-14 06:00:00,MACH-B,49.29,1.38
2023-11-14 07:00:00,MACH-B,37.27,2.59
2023-11-14 08:00:00,MACH-B,58.55,2.61
2023-11-14 09:00:00,MACH-B,47.29,1.75
2023-11-14 10:00:00,MACH-B,57.45,2.23
2023-11-14 11:00:00,MACH-B,60.05,2.65
2023-11-14 12:00:00,MACH-B,41.47,1.35
2023-11-14 13:00:00,MACH-B,45.91,2.12
2023-11-14 14:00:00,MACH-B,46.2,1.12
2023-11-14 15:00:00,MACH-B,58.81,1.9
2023-11-14 16:00:00,MACH-B,66.22,2.39
2023-11-14 17:00:00,MACH-B,82.23,4.47
2023-11-14 18:00:00,MACH-B,47.89,2.32
2023-11-14 19:00:00,MACH-B,65.36,0.88
2023-11-14 20:00:00,MACH-B,53.73,1.45
2023-11-14 21:00:00,MACH-B,46.38,1.88
2023-11-14 22:00:00,MACH-B,42.14,2.13
2023-11-14 23:00:00,MACH-B,54.75,2.09
2023-11-15 00:00:00,MACH-B,65.98,1.65
2023-11-15 01:00:00,MACH-B,62.27,2.5
2023-11-15 02:00:00,MACH-B,42.05,2.03
2023-11-15 03:00:00,MACH-B,53.46,1.43
2023-11-15 04:00:00,MACH-B,41.46,1.71
2023-11-15 05:00:00,MACH-B,52.1,3.36
2023-11-15 06:00:00,MACH-B,54.66,2.65
2023-11-15 07:00:00,MACH-B,53.13,2.47
2023-11-15 08:00:00,MACH-B,59.92,2.16
2023-11-15 09:00:00,MACH-B,42.82,1.5
2023-11-15 10:00:00,MACH-B,63.37,1.96
2023-11-15 11:00:00,MACH-B,46.29,1.67
2023-11-15 12:00:00,MACH-B,38.63,1.94
2023-11-15 13:00:00,MACH-B,60.04,1.54
2023-11-15 14:00:00,MACH-B,54.58,2.28
2023-11-15 15:00:00,MACH-B,59.71,1.62
2023-11-15 16:00:00,MACH-B,51.52,1.67
2023-11-15 17:00:00,MACH-B,28.17,2.22
2023-11-15 18:00:00,MACH-B,41.61,2.99
2023-11-15 19:00:00,MACH-B,51.17,1.48
2023-11-15 20:00:00,MACH-B,49.41,1.66
2023-11-15 21:00:00,MACH-B,68.02,2.03
2023-11-15 22:00:00,MACH-B,42.01,1.76
2023-11-15 23:00:00,MACH-B,58.68,0.9
2023-11-16 00:00:00,MACH-B,55.85,2.8
2023-11-16 01:00:00,MACH-B,25.94,1.47
2023-11-16 02:00:00,MACH-B,49.81,2.16
2023-11-16 03:00:00,MACH-B,51.12,2.38
2023-11-16 04:00:00,MACH-B,63.14,1.45
2023-11-16 05:00:00,MACH-B,32.8,2.14
2023-11-16 06:00:00,MACH-B,57.73,2.33
2023-11-16 07:00:00,MACH-B,53.96,0.98
2023-11-16 08:00:00,MACH-B,63.15,1.91
2023-11-16 09:00:00,MACH-B,43.69,2.2
2023-11-16 10:00:00,MACH-B,57.72,2.48
2023-11-16 11:00:00,MACH-B,38.89,1.13
2023-11-16 12:00:00,MACH-B,70.62,2.05
2023-11-16 13:00:00,MACH-B,45.76,2.46
2023-11-16 14:00:00,MACH-B,35.13,2.16
2023-11-16 15:00:00,MACH-B,41.31,2.37
2023-11-16 16:00:00,MACH-B,59.69,2.36
2023-11-16 17:00:00,MACH-B,49.66,1.55
2023-11-16 18:00:00,MACH-B,60.1,2.47
2023-11-16 19:00:00,MACH-B,65.81,2.38
2023-11-16 20:00:00,MACH-B,59.72,1.75
2023-11-16 21:00:00,MACH-B,59.33,1.97
2023-11-16 22:00:00,MACH-B,40.04,2.41
2023-11-16 23:00:00,MACH-B,42.35,2.64
2023-11-17 00:00:00,MACH-B,38.17,1.91
2023-11-17 01:00:00,MACH-B,50.31,2.2
2023-11-17 02:00:00,MACH-B,69.26,2.68
2023-11-17 03:00:00,MACH-B,47.48,1.74
2023-11-17 04:00:00,MACH-B,67.56,2.77
2023-11-17 05:00:00,MACH-B,33.99,1.57
2023-11-17 06:00:00,MACH-B,45.47,1.91
2023-11-17 07:00:00,MACH-B,40.77,2.38
2023-11-17 08:00:00,MACH-B,54.4,2.6
2023-11-17 09:00:00,MACH-B,53.62,2.11
2023-11-17 10:00:00,MACH-B,33.41,1.08
2023-11-17 11:00:00,MACH-B,41.68,1.9
2023-11-17 12:00:00,MACH-B,61.56,1.89
2023-11-17 13:00:00,MACH-B,59.64,1.94
2023-11-17 14:00:00,MACH-B,41.62,2.61
2023-11-17 15:00:00,MACH-B,42.57,1.44
2023-11-17 16:00:00,MACH-B,48.8,1.96
2023-11-17 17:00:00,MACH-B,41.22,1.92
2023-11-17 18:00:00,MACH-B,54.06,1.89
2023-11-17 19:00:00,MACH-B,47.98,1.54
2023-11-17 20:00:00,MACH-B,59.73,2.12
2023-11-17 21:00:00,MACH-B,47.52,1.81
2023-11-17 22:00:00,MACH-B,58.89,1.67
2023-11-17 23:00:00,MACH-B,44.82,1.76
2023-11-18 00:00:00,MACH-B,45.04,1.71
2023-11-18 01:00:00,MACH-B,49.52,1.52
2023-11-18 02:00:00,MACH-B,34.49,1.61
2023-11-18 03:00:00,MACH-B,49.26,1.26
2023-11-18 04:00:00,MACH-B,60.97,2.88
2023-11-18 05:00:00,MACH-B,38.54,2.1
2023-11-18 06:00:00,MACH-B,59.95,1.95
2023-11-18 07:00:00,MACH-B,50.76,2.5
2023-11-18 08:00:00,MACH-B,51.78,2.14
2023-11-18 09:00:00,MACH-B,54.07,2.31
2023-11-18 10:00:00,MACH-B,47.06,2.09
2023-11-18 11:00:00,MACH-B,53.51,2.88
2023-11-18 12:00:00,MACH-B,47.67,3.29
2023-11-18 13:00:00,MACH-B,44.14,2.94
2023-11-18 14:00:00,MACH-B,61.78,0.45
2023-11-18 15:00:00,MACH-B,37.56,1.7
2023-11-18 16:00:00,MACH-B,45.06,1.73
2023-11-18 17:00:00,MACH-B,58.28,2.67
2023-11-18 18:00:00,MACH-B,40.83,1.8
2023-11-18 19:00:00,MACH-B,48.25,1.84
2023-11-18 20:00:00,MACH-B,36.27,1.76
2023-11-18 21:00:00,MACH-B,45.8,1.84
2023-11-18 22:00:00,MACH-B,35.62,1.99
2023-11-18 23:00:00,MACH-B,42.76,2.29
2023-11-19 00:00:00,MACH-B,51.66,1.95
2023-11-19 01:00:00,MACH-B,49.43,1.93
2023-11-19 02:00:00,MACH-B,60.94,1.76
2023-11-19 03:00:00,MACH-B,57.19,2.12
2023-11-19 04:00:00,MACH-B,46.34,1.06
2023-11-19 05:00:00,MACH-B,59.52,1.14
2023-11-19 06:00:00,MACH-B,48.6,1.5
2023-11-19 07:00:00,MACH-B,43.19,2.31
2023-11-19 08:00:00,MACH-B,37.64,1.16
2023-11-19 09:00:00,MACH-B,64.61,2.48
2023-11-19 10:00:00,MACH-B,62.75,2.06
2023-11-19 11:00:00,MACH-B,47.98,1.45
2023-11-19 12:00:00,MACH-B,49.17,2.25
2023-11-19 13:00:00,MACH-B,47.66,1.53
2023-11-19 14:00:00,MACH-B,30.95,2.01
2023-11-19 15:00:00,MACH-B,48.9,1.74
2023-11-19 16:00:00,MACH-B,28.59,2.5
2023-11-19 17:00:00,MACH-B,38.19,2.41
2023-11-19 18:00:00,MACH-B,49.87,2.5
2023-11-19 19:00:00,MACH-B,58.12,2.62
2023-11-19 20:00:00,MACH-B,33.27,2.37
2023-11-19 21:00:00,MACH-B,48.39,2.15
2023-11-19 22:00:00,MACH-B,49.28,1.08
2023-11-19 23:00:00,MACH-B,48.36,2.02
2023-11-20 00:00:00,MACH-B,53.29,0.98
2023-11-20 01:00:00,MACH-B,57.71,1.37
2023-11-20 02:00:00,MACH-B,50.44,2.39
2023-11-20 03:00:00,MACH-B,65.39,1.41
2023-11-20 04:00:00,MACH-B,47.82,2.23
2023-11-20 05:00:00,MACH-B,39.83,1.9
2023-11-20 06:00:00,MACH-B,68.12,1.9
2023-11-20 07:00:00,MACH-B,74.45,1.82
2023-11-20 08:00:00,MACH-B,55.99,2.25
2023-11-20 09:00:00,MACH-B,27.19,1.84
2023-11-20 10:00:00,MACH-B,52.65,1.78
2023-11-20 11:00:00,MACH-B,43.06,2.2
2023-11-20 12:00:00,MACH-B,64.87,1.96
2023-11-20 13:00:00,MACH-B,49.88,1.43
2023-11-20 14:00:00,MACH-B,43.2,1.95
2023-11-20 15:00:00,MACH-B,53.39,1.35
2023-11-20 16:00:00,MACH-B,62.9,2.0
2023-11-20 17:00:00,MACH-B,41.85,2.61
2023-11-20 18:00:00,MACH-B,57.75,1.53
2023-11-20 19:00:00,MACH-B,31.11,2.42
2023-11-20 20:00:00,MACH-B,49.14,2.31
2023-11-20 21:00:00,MACH-B,36.21,1.23
2023-11-20 22:00:00,MACH-B,41.51,2.05
2023-11-20 23:00:00,MACH-B,61.92,2.59
2023-11-21 00:00:00,MACH-B,46.49,1.7
2023-11-21 01:00:00,MACH-B,42.71,1.68
2023-11-21 02:00:00,MACH-B,61.72,1.58
2023-11-21 03:00:00,MACH-B,55.79,2.12
2023-11-21 04:00:00,MACH-B,31.26,1.19
2023-11-21 05:00:00,MACH-B,49.3,1.4
2023-11-21 06:00:00,MACH-B,50.62,1.56
2023-11-21 07:00:00,MACH-B,57.81,1.05
2023-11-21 08:00:00,MACH-B,47.16,1.17
2023-11-21 09:00:00,MACH-B,69.42,1.55
2023-11-21 10:00:00,MACH-B,52.88,1.83
2023-11-21 11:00:00,MACH-B,34.19,2.64
2023-11-21 12:00:00,MACH-B,46.27,2.52
2023-11-21 13:00:00,MACH-B,60.87,2.23
2023-11-21 14:00:00,MACH-B,47.05,3.06
2023-11-21 15:00:00,MACH-B,51.09,1.96
2023-11-21 16:00:00,MACH-B,49.65,2.4
2023-11-21 17:00:00,MACH-B,25.66,1.79
2023-11-21 18:00:00,MACH-B,45.93,2.32
2023-11-21 19:00:00,MACH-B,45.45,1.68
2023-11-21 20:00:00,MACH-B,66.51,1.06
2023-11-21 21:00:00,MACH-B,63.27,1.86
2023-11-21 22:00:00,MACH-B,38.16,2.65
2023-11-21 23:00:00,MACH-B,35.11,1.11
2023-11-22 00:00:00,MACH-B,57.16,1.49
2023-11-22 01:00:00,MACH-B,50.1,2.12
2023-11-22 02:00:00,MACH-B,51.71,2.29
2023-11-22 03:00:00,MACH-B,38.38,2.48
2023-11-22 04:00:00,MACH-B,49.35,2.51
2023-11-22 05:00:00,MACH-B,43.12,2.0
2023-11-22 06:00:00,MACH-B,38.63,1.38
2023-11-22 07:00:00,MACH-B,46.52,2.49
2023-11-22 08:00:00,MACH-B,48.17,1.57
2023-11-22 09:00:00,MACH-B,37.7,1.52
2023-11-22 10:00:00,MACH-B,46.15,2.8
2023-11-22 11:00:00,MACH-B,42.99,1.84
2023-11-22 12:00:00,MACH-B,48.04,2.13
2023-11-22 13:00:00,MACH-B,45.85,2.47
2023-11-22 14:00:00,MACH-B,66.68,2.05
2023-11-22 15:00:00,MACH-B,52.3,2.05
2023-11-22 16:00:00,MACH-B,45.12,2.8
2023-11-22 17:00:00,MACH-B,59.94,1.52
2023-11-22 18:00:00,MACH-B,29.03,2.08
2023-11-22 19:00:00,MACH-B,91.73,3.79
2023-11-22 20:00:00,MACH-B,52.04,0.91
2023-11-22 21:00:00,MACH-B,52.94,1.64
2023-11-22 22:00:00,MACH-B,44.77,1.37
2023-11-22 23:00:00,MACH-B,58.37,2.45
2023-11-23 00:00:00,MACH-B,53.47,2.05
2023-11-23 01:00:00,MACH-B,58.65,1.92
2023-11-23 02:00:00,MACH-B,41.24,1.89
2023-11-23 03:00:00,MACH-B,61.12,2.56
2023-11-23 04:00:00,MACH-B,44.7,1.94
2023-11-23 05:00:00,MACH-B,35.27,2.15
2023-11-23 06:00:00,MACH-B,68.3,1.59
2023-11-23 07:00:00,MACH-B,58.29,2.44
2023-11-23 08:00:00,MACH-B,69.2,2.52
2023-11-23 09:00:00,MACH-B,49.8,1.18
2023-11-23 10:00:00,MACH-B,59.89,1.74
2023-11-23 11:00:00,MACH-B,62.41,1.51
2023-11-23 12:00:00,MACH-B,46.54,2.1
2023-11-23 13:00:00,MACH-B,33.94,2.07
2023-11-23 14:00:00,MACH-B,54.14,2.31
2023-11-23 15:00:00,MACH-B,52.84,1.66
2023-11-23 16:00:00,MACH-B,53.27,1.95
2023-11-23 17:00:00,MACH-B,50.01,1.79
2023-11-23 18:00:00,MACH-B,44.84,1.31
2023-11-23 19:00:00,MACH-B,43.91,1.42
2023-11-23 20:00:00,MACH-B,56.9,1.02
2023-11-23 21:00:00,MACH-B,19.01,2.63
2023-11-23 22:00:00,MACH-B,32.95,1.37
2023-11-23 23:00:00,MACH-B,31.5,1.81
2023-11-24 00:00:00,MACH-B,29.85,2.77
2023-11-24 01:00:00,MACH-B,48.57,1.73
2023-11-24 02:00:00,MACH-B,55.6,2.43
2023-11-24 03:00:00,MACH-B,55.25,1.79
2023-11-24 04:00:00,MACH-B,37.81,2.14
2023-11-24 05:00:00,MACH-B,32.88,1.86
2023-11-24 06:00:00,MACH-B,51.65,1.38
2023-11-24 07:00:00,MACH-B,55.13,2.95
2023-11-24 08:00:00,MACH-B,55.79,2.49
2023-11-24 09:00:00,MACH-B,35.81,1.89
2023-11-24 10:00:00,MACH-B,58.28,1.53
2023-11-24 11:00:00,MACH-B,51.81,1.56
2023-11-24 12:00:00,MACH-B,40.04,1.84
2023-11-24 13:00:00,MACH-B,43.73,1.52
2023-11-24 14:00:00,MACH-B,41.09,1.99
2023-11-24 15:00:00,MACH-B,41.87,2.63
2023-11-24 16:00:00,MACH-B,60.97,1.73
2023-11-24 17:00:00,MACH-B,55.21,2.67
2023-11-24 18:00:00,MACH-B,38.91,1.45
2023-11-24 19:00:00,MACH-B,45.48,2.51
2023-11-24 20:00:00,MACH-B,56.01,2.55
2023-11-24 21:00:00,MACH-B,29.74,2.53
2023-11-24 22:00:00,MACH-B,55.99,2.22
2023-11-24 23:00:00,MACH-B,69.78,1.96
2023-11-25 00:00:00,MACH-B,53.15,2.46
2023-11-25 01:00:00,MACH-B,48.17,2.08
2023-11-25 02:00:00,MACH-B,34.8,2.05
2023-11-25 03:00:00,MACH-B,26.97,1.52
2023-11-25 04:00:00,MACH-B,44.9,1.53
2023-11-25 05:00:00,MACH-B,54.92,2.25
2023-11-25 06:00:00,MACH-B,48.38,1.82
2023-11-25 07:00:00,MACH-B,62.26,2.37
2023-11-25 08:00:00,MACH-B,53.69,2.48
2023-11-25 09:00:00,MACH-B,42.02,1.32
2023-11-25 10:00:00,MACH-B,62.58,1.64
2023-11-25 11:00:00,MACH-B,55.92,1.61
2023-11-25 12:00:00,MACH-B,34.22,2.76
2023-11-25 13:00:00,MACH-B,40.07,1.93
2023-11-25 14:00:00,MACH-B,45.09,2.17
2023-11-25 15:00:00,MACH-B,67.66,1.6
2023-11-25 16:00:00,MACH-B,57.4,2.03
2023-11-25 17:00:00,MACH-B,39.69,1.72
2023-11-25 18:00:00,MACH-B,81.68,1.1
2023-11-25 19:00:00,MACH-B,57.86,1.7
2023-11-25 20:00:00,MACH-B,38.13,2.12
2023-11-25 21:00:00,MACH-B,47.02,3.7
2023-11-25 22:00:00,MACH-B,44.83,1.35
2023-11-25 23:00:00,MACH-B,41.6,1.95
2023-11-26 00:00:00,MACH-B,63.03,2.13
2023-11-26 01:00:00,MACH-B,48.73,2.41
2023-11-26 02:00:00,MACH-B,59.29,1.81
2023-11-26 03:00:00,MACH-B,48.76,1.72
2023-11-26 04:00:00,MACH-B,46.41,2.37
2023-11-26 05:00:00,MACH-B,44.03,2.36
2023-11-26 06:00:00,MACH-B,50.18,2.44
2023-11-26 07:00:00,MACH-B,42.21,2.34
2023-11-26 08:00:00,MACH-B,94.12,3.22
2023-11-26 09:00:00,MACH-B,44.3,2.37
2023-11-26 10:00:00,MACH-B,36.56,2.08
2023-11-26 11:00:00,MACH-B,46.42,0.88
2023-11-26 12:00:00,MACH-B,32.22,2.3
2023-11-26 13:00:00,MACH-B,63.56,1.78
2023-11-26 14:00:00,MACH-B,55.02,2.51
2023-11-26 15:00:00,MACH-B,45.36,1.88
2023-11-26 16:00:00,MACH-B,32.31,2.29
2023-11-26 17:00:00,MACH-B,50.14,2.24
2023-11-26 18:00:00,MACH-B,52.27,1.47
2023-11-26 19:00:00,MACH-B,54.18,2.67
2023-11-26 20:00:00,MACH-B,42.27,1.59
2023-11-26 21:00:00,MACH-B,52.1,1.54
2023-11-26 22:00:00,MACH-B,69.11,2.5
2023-11-26 23:00:00,MACH-B,44.8,2.09
2023-11-27 00:00:00,MACH-B,60.35,3.09
2023-11-27 01:00:00,MACH-B,49.86,1.44
2023-11-27 02:00:00,MACH-B,48.58,2.34
2023-11-27 03:00:00,MACH-B,51.3,2.22
2023-11-27 04:00:00,MACH-B,44.64,2.63
2023-11-27 05:00:00,MACH-B,51.41,2.73
2023-11-27 06:00:00,MACH-B,59.66,2.37
2023-11-27 07:00:00,MACH-B,59.03,2.26
2023-11-27 08:00:00,MACH-B,61.49,2.0
2023-11-27 09:00:00,MACH-B,43.76,2.01
2023-11-27 10:00:00,MACH-B,50.58,2.45
2023-11-27 11:00:00,MACH-B,71.77,2.29
2023-11-27 12:00:00,MACH-B,40.27,2.29
2023-11-27 13:00:00,MACH-B,48.89,1.96
2023-11-27 14:00:00,MACH-B,37.88,1.31
2023-11-27 15:00:00,MACH-B,51.1,1.69
2023-11-27 16:00:00,MACH-B,60.42,1.72
2023-11-27 17:00:00,MACH-B,67.16,2.12
2023-11-27 18:00:00,MACH-B,40.01,2.55
2023-11-27 19:00:00,MACH-B,41.73,1.96
2023-11-27 20:00:00,MACH-B,65.8,1.57
2023-11-27 21:00:00,MACH-B,19.71,1.1
2023-11-27 22:00:00,MACH-B,43.61,1.78
2023-11-27 23:00:00,MACH-B,59.71,1.51
2023-11-28 00:00:00,MACH-B,32.98,2.41
2023-11-28 01:00:00,MACH-B,39.51,2.35
2023-11-28 02:00:00,MACH-B,62.59,1.61
2023-11-28 03:00:00,MACH-B,30.13,2.17
2023-11-28 04:00:00,MACH-B,29.73,2.05
2023-11-28 05:00:00,MACH-B,58.4,1.49
2023-11-28 06:00:00,MACH-B,66.24,2.19
2023-11-28 07:00:00,MACH-B,64.33,2.04
2023-11-28 08:00:00,MACH-B,24.09,2.41
2023-11-28 09:00:00,MACH-B,64.63,1.95
2023-11-28 10:00:00,MACH-B,50.79,2.72
2023-11-28 11:00:00,MACH-B,41.92,1.71
2023-11-28 12:00:00,MACH-B,40.64,1.3
2023-11-28 13:00:00,MACH-B,57.0,2.11
2023-11-28 14:00:00,MACH-B,54.37,2.6
2023-11-28 15:00:00,MACH-B,64.05,1.45
2023-11-28 16:00:00,MACH-B,43.74,1.87
2023-11-28 17:00:00,MACH-B,45.13,2.29
2023-11-28 18:00:00,MACH-B,58.06,0.89
2023-11-28 19:00:00,MACH-B,42.08,3.1
2023-11-28 20:00:00,MACH-B,58.2,2.14
2023-11-28 21:00:00,MACH-B,38.84,1.79
2023-11-28 22:00:00,MACH-B,70.38,2.42
2023-11-28 23:00:00,MACH-B,69.94,2.02
2023-11-29 00:00:00,MACH-B,42.64,1.74
2023-11-29 01:00:00,MACH-B,50.62,2.39
2023-11-29 02:00:00,MACH-B,51.23,2.19
2023-11-29 03:00:00,MACH-B,48.66,1.04
2023-11-29 04:00:00,MACH-B,39.99,1.82
2023-11-29 05:00:00,MACH-B,51.05,1.73
2023-11-29 06:00:00,MACH-B,35.2,1.83
2023-11-29 07:00:00,MACH-B,65.37,2.16
2023-11-29 08:00:00,MACH-B,66.03,0.89
2023-11-29 09:00:00,MACH-B,63.49,2.48
2023-11-29 10:00:00,MACH-B,64.19,1.72
2023-11-29 11:00:00,MACH-B,57.42,2.38
2023-11-29 12:00:00,MACH-B,40.91,1.72
2023-11-29 13:00:00,MACH-B,36.86,1.84
2023-11-29 14:00:00,MACH-B,39.25,2.94
2023-11-29 15:00:00,MACH-B,54.52,1.48
2023-11-29 16:00:00,MACH-B,36.63,1.74
2023-11-29 17:00:00,MACH-B,51.74,1.67
2023-11-29 18:00:00,MACH-B,55.56,2.8
2023-11-29 19:00:00,MACH-B,48.15,1.34
2023-11-29 20:00:00,MACH-B,50.37,2.43
2023-11-29 21:00:00,MACH-B,76.07,1.19
2023-11-29 22:00:00,MACH-B,49.68,1.36
2023-11-29 23:00:00,MACH-B,83.58,4.29
2023-11-30 00:00:00,MACH-B,61.76,1.83
2023-11-30 01:00:00,MACH-B,59.05,2.51
2023-11-30 02:00:00,MACH-B,58.35,1.88
2023-11-30 03:00:00,MACH-B,52.75,2.26
2023-11-30 04:00:00,MACH-B,52.78,1.67
2023-11-30 05:00:00,MACH-B,31.8,2.03
2023-11-30 06:00:00,MACH-B,67.35,2.52
2023-11-30 07:00:00,MACH-B,44.07,2.32
2023-11-30 08:00:00,MACH-B,58.79,2.28
2023-11-30 09:00:00,MACH-B,47.65,1.07
2023-11-30 10:00:00,MACH-B,81.15,1.69
2023-11-30 11:00:00,MACH-B,41.72,2.06
2023-11-30 12:00:00,MACH-B,73.66,1.89
2023-11-30 13:00:00,MACH-B,48.73,1.74
2023-11-30 14:00:00,MACH-B,57.3,1.57
2023-11-30 15:00:00,MACH-B,50.17,2.49
2023-11-30 16:00:00,MACH-B,65.86,2.17
2023-11-30 17:00:00,MACH-B,51.31,2.44
2023-11-30 18:00:00,MACH-B,53.22,3.19
2023-11-30 19:00:00,MACH-B,51.03,1.07
2023-11-30 20:00:00,MACH-B,55.66,2.13
2023-11-30 21:00:00,MACH-B,40.73,1.88
2023-11-30 22:00:00,MACH-B,27.9,2.59
2023-11-30 23:00:00,MACH-B,54.61,2.5
2023-12-01 00:00:00,MACH-B,71.31,1.93
2023-12-01 01:00:00,MACH-B,45.89,2.07
2023-12-01 02:00:00,MACH-B,57.68,2.51
2023-12-01 03:00:00,MACH-B,35.19,2.36
2023-12-01 04:00:00,MACH-B,44.44,2.91
2023-12-01 05:00:00,MACH-B,50.48,2.13
2023-12-01 06:00:00,MACH-B,49.7,1.83
2023-12-01 07:00:00,MACH-B,61.17,1.56
2023-12-01 08:00:00,MACH-B,31.83,2.1
2023-12-01 09:00:00,MACH-B,48.3,1.53
2023-12-01 10:00:00,MACH-B,43.74,2.06
2023-12-01 11:00:00,MACH-B,40.89,2.87
2023-12-01 12:00:00,MACH-B,42.69,2.49
2023-12-01 13:00:00,MACH-B,52.73,1.31
2023-12-01 14:00:00,MACH-B,51.46,1.09
2023-12-01 15:00:00,MACH-B,48.03,1.15
2023-12-01 16:00:00,MACH-B,36.48,1.7
2023-12-01 17:00:00,MACH-B,47.33,1.84
2023-12-01 18:00:00,MACH-B,61.27,2.56
2023-12-01 19:00:00,MACH-B,33.57,2.4
2023-12-01 20:00:00,MACH-B,42.86,2.29
2023-12-01 21:00:00,MACH-B,38.53,1.7
2023-12-01 22:00:00,MACH-B,38.95,1.72
2023-12-01 23:00:00,MACH-B,47.58,1.66
2023-12-02 00:00:00,MACH-B,43.6,2.7
2023-12-02 01:00:00,MACH-B,41.43,1.69
2023-12-02 02:00:00,MACH-B,50.19,1.27
2023-12-02 03:00:00,MACH-B,34.33,1.91
2023-12-02 04:00:00,MACH-B,69.96,2.78
2023-12-02 05:00:00,MACH-B,44.33,1.97
2023-12-02 06:00:00,MACH-B,46.25,1.97
2023-12-02 07:00:00,MACH-B,46.57,1.34
2023-12-02 08:00:00,MACH-B,40.31,2.27
2023-12-02 09:00:00,MACH-B,62.52,2.5
2023-12-02 10:00:00,MACH-B,52.57,1.91
2023-12-02 11:00:00,MACH-B,24.94,2.37
2023-12-02 12:00:00,MACH-B,37.62,0.5
2023-12-02 13:00:00,MACH-B,43.55,2.8
2023-12-02 14:00:00,MACH-B,56.34,2.06
2023-12-02 15:00:00,MACH-B,61.91,1.65
2023-12-02 16:00:00,MACH-B,48.64,1.8
2023-12-02 17:00:00,MACH-B,65.89,3.09
2023-12-02 18:00:00,MACH-B,57.74,2.11
2023-12-02 19:00:00,MACH-B,71.44,2.19
2023-12-02 20:00:00,MACH-B,44.4,2.03
2023-12-02 21:00:00,MACH-B,45.97,1.73
2023-12-02 22:00:00,MACH-B,52.14,1.27
2023-12-02 23:00:00,MACH-B,42.62,2.38
2023-12-03 00:00:00,MACH-B,57.82,1.82
2023-12-03 01:00:00,MACH-B,37.64,1.95
2023-12-03 02:00:00,MACH-B,94.32,3.97
2023-12-03 03:00:00,MACH-B,49.44,2.38
2023-12-03 04:00:00,MACH-B,64.8,1.78
2023-12-03 05:00:00,MACH-B,54.92,2.25
2023-12-03 06:00:00,MACH-B,58.16,2.37
2023-12-03 07:00:00,MACH-B,66.68,1.63
2023-12-03 08:00:00,MACH-B,54.33,1.79
2023-12-03 09:00:00,MACH-B,46.54,2.15
2023-12-03 10:00:00,MACH-B,64.56,2.38
2023-12-03 11:00:00,MACH-B,59.66,2.2
2023-12-03 12:00:00,MACH-B,42.66,2.2
2023-12-03 13:00:00,MACH-B,41.51,1.79
2023-12-03 14:00:00,MACH-B,49.47,1.54
2023-12-03 15:00:00,MACH-B,58.99,2.25
2023-12-03 16:00:00,MACH-B,40.28,1.66
2023-12-03 17:00:00,MACH-B,51.35,1.77
2023-12-03 18:00:00,MACH-B,59.06,1.09
2023-12-03 19:00:00,MACH-B,47.53,1.71
2023-12-03 20:00:00,MACH-B,52.82,1.79
2023-12-03 21:00:00,MACH-B,54.9,1.51
2023-12-03 22:00:00,MACH-B,57.53,1.55
2023-12-03 23:00:00,MACH-B,50.8,2.04
2023-12-04 00:00:00,MACH-B,48.75,2.27
2023-12-04 01:00:00,MACH-B,60.17,2.28
2023-12-04 02:00:00,MACH-B,24.34,2.32
2023-12-04 03:00:00,MACH-B,58.61,2.5
2023-12-04 04:00:00,MACH-B,55.83,2.62
2023-12-04 05:00:00,MACH-B,65.23,1.92
2023-12-04 06:00:00,MACH-B,55.75,1.77
2023-12-04 07:00:00,MACH-B,39.63,2.38
2023-12-04 08:00:00,MACH-B,51.02,1.28
2023-12-04 09:00:00,MACH-B,40.2,1.95
2023-12-04 10:00:00,MACH-B,61.46,1.58
2023-12-04 11:00:00,MACH-B,25.39,1.6
2023-12-04 12:00:00,MACH-B,33.98,1.73
2023-12-04 13:00:00,MACH-B,37.99,2.35
2023-12-04 14:00:00,MACH-B,33.72,3.07
2023-12-04 15:00:00,MACH-B,46.75,2.39
2023-12-04 16:00:00,MACH-B,45.81,1.07
2023-12-04 17:00:00,MACH-B,58.29,1.89
2023-12-04 18:00:00,MACH-B,30.9,1.68
2023-12-04 19:00:00,MACH-B,44.64,1.49
2023-12-04 20:00:00,MACH-B,52.61,1.91
2023-12-04 21:00:00,MACH-B,40.69,1.64
2023-12-04 22:00:00,MACH-B,33.47,1.59
2023-12-04 23:00:00,MACH-B,57.06,2.34
2023-12-05 00:00:00,MACH-B,55.69,2.09
2023-12-05 01:00:00,MACH-B,28.78,2.81
2023-12-05 02:00:00,MACH-B,45.71,1.39
2023-12-05 03:00:00,MACH-B,43.86,1.28
2023-12-05 04:00:00,MACH-B,68.16,1.84
2023-12-05 05:00:00,MACH-B,31.11,1.75
2023-12-05 06:00:00,MACH-B,45.5,2.33
2023-12-05 07:00:00,MACH-B,57.6,2.21
2023-12-05 08:00:00,MACH-B,48.8,2.29
2023-12-05 09:00:00,MACH-B,60.71,1.22
2023-12-05 10:00:00,MACH-B,30.17,1.87
2023-12-05 11:00:00,MACH-B,37.11,1.05
2023-12-05 12:00:00,MACH-B,46.85,2.53
2023-12-05 13:00:00,MACH-B,54.89,1.58
2023-12-05 14:00:00,MACH-B,92.7,3.26
2023-12-05 15:00:00,MACH-B,56.12,1.26
2023-12-05 16:00:00,MACH-B,46.63,1.59
2023-12-05 17:00:00,MACH-B,36.9,1.84
2023-12-05 18:00:00,MACH-B,55.52,1.94
2023-12-05 19:00:00,MACH-B,34.7,2.04
2023-12-05 20:00:00,MACH-B,40.31,2.35
2023-12-05 21:00:00,MACH-B,36.32,2.52
2023-12-05 22:00:00,MACH-B,51.83,2.33
2023-12-05 23:00:00,MACH-B,49.2,2.06
2023-12-06 00:00:00,MACH-B,38.62,1.68
2023-12-06 01:00:00,MACH-B,42.06,1.86
2023-12-06 02:00:00,MACH-B,46.48,1.98
2023-12-06 03:00:00,MACH-B,56.34,2.17
2023-12-06 04:00:00,MACH-B,50.28,1.58
2023-12-06 05:00:00,MACH-B,52.85,1.93
2023-12-06 06:00:00,MACH-B,54.33,2.43
2023-12-06 07:00:00,MACH-B,49.79,2.48
2023-12-06 08:00:00,MACH-B,52.13,1.79
2023-12-06 09:00:00,MACH-B,48.58,1.72
2023-12-06 10:00:00,MACH-B,64.74,2.06
2023-12-06 11:00:00,MACH-B,55.29,1.96
2023-12-06 12:00:00,MACH-B,68.34,1.09
2023-12-06 13:00:00,MACH-B,62.68,2.87
2023-12-06 14:00:00,MACH-B,48.01,1.67
2023-12-06 15:00:00,MACH-B,48.03,1.76
2023-12-06 16:00:00,MACH-B,33.42,1.37
2023-12-06 17:00:00,MACH-B,38.9,2.51
2023-12-06 18:00:00,MACH-B,60.1,1.65
2023-12-06 19:00:00,MACH-B,59.61,2.21
2023-12-06 20:00:00,MACH-B,29.8,2.32
2023-12-06 21:00:00,MACH-B,63.15,1.68
2023-12-06 22:00:00,MACH-B,61.85,1.62
2023-12-06 23:00:00,MACH-B,61.18,2.13
2023-12-07 00:00:00,MACH-B,55.12,1.0
2023-12-07 01:00:00,MACH-B,55.08,2.33
2023-12-07 02:00:00,MACH-B,48.15,1.87
2023-12-07 03:00:00,MACH-B,43.67,1.63
2023-12-07 04:00:00,MACH-B,61.36,1.72
2023-12-07 05:00:00,MACH-B,47.38,1.88
2023-12-07 06:00:00,MACH-B,11.58,1.79
2023-12-07 07:00:00,MACH-B,56.2,2.69
2023-12-07 08:00:00,MACH-B,39.46,1.42
2023-12-07 09:00:00,MACH-B,51.52,1.52
2023-12-07 10:00:00,MACH-B,66.6,2.01
2023-12-07 11:00:00,MACH-B,71.02,2.56
2023-12-07 12:00:00,MACH-B,56.94,1.81
2023-12-07 13:00:00,MACH-B,63.16,1.53
2023-12-07 14:00:00,MACH-B,57.45,2.04
2023-12-07 15:00:00,MACH-B,58.05,2.34
2023-12-07 16:00:00,MACH-B,59.19,2.31
2023-12-07 17:00:00,MACH-B,39.32,1.33
2023-12-07 18:00:00,MACH-B,37.2,2.31
2023-12-07 19:00:00,MACH-B,60.13,1.78
2023-12-07 20:00:00,MACH-B,53.06,1.28
2023-12-07 21:00:00,MACH-B,51.59,2.47
2023-12-07 22:00:00,MACH-B,45.25,1.2
2023-12-07 23:00:00,MACH-B,46.42,1.32
2023-12-08 00:00:00,MACH-B,62.57,2.51
2023-12-08 01:00:00,MACH-B,41.51,1.27
2023-12-08 02:00:00,MACH-B,50.13,1.68
2023-12-08 03:00:00,MACH-B,42.12,1.54
2023-12-08 04:00:00,MACH-B,34.46,1.89
2023-12-08 05:00:00,MACH-B,51.07,1.64
2023-12-08 06:00:00,MACH-B,57.41,1.49
2023-12-08 07:00:00,MACH-B,39.38,2.22
2023-12-08 08:00:00,MACH-B,42.9,2.32
2023-12-08 09:00:00,MACH-B,38.16,1.56
2023-12-08 10:00:00,MACH-B,51.33,2.18
2023-12-08 11:00:00,MACH-B,45.14,3.26
2023-12-08 12:00:00,MACH-B,28.78,1.99
2023-12-08 13:00:00,MACH-B,46.46,2.0
2023-12-08 14:00:00,MACH-B,60.4,1.96
2023-12-08 15:00:00,MACH-B,61.59,2.02
2023-12-08 16:00:00,MACH-B,62.09,1.97
2023-12-08 17:00:00,MACH-B,40.06,1.1
2023-12-08 18:00:00,MACH-B,38.14,2.15
2023-12-08 19:00:00,MACH-B,43.52,1.67
2023-12-08 20:00:00,MACH-B,59.73,1.45
2023-12-08 21:00:00,MACH-B,59.38,1.3
2023-12-08 22:00:00,MACH-B,50.03,1.43
2023-12-08 23:00:00,MACH-B,61.18,2.83
2023-12-09 00:00:00,MACH-B,56.07,1.69
2023-12-09 01:00:00,MACH-B,45.18,1.74
2023-12-09 02:00:00,MACH-B,46.55,2.47
2023-12-09 03:00:00,MACH-B,37.32,2.42
2023-12-09 04:00:00,MACH-B,48.76,1.7
2023-12-09 05:00:00,MACH-B,43.91,1.5
2023-12-09 06:00:00,MACH-B,39.97,2.74
2023-12-09 07:00:00,MACH-B,42.64,2.25
2023-12-09 08:00:00,MACH-B,64.94,1.69
2023-12-09 09:00:00,MACH-B,45.37,2.73
2023-12-09 10:00:00,MACH-B,65.77,1.79
2023-12-09 11:00:00,MACH-B,50.58,1.64
2023-12-09 12:00:00,MACH-B,47.71,1.45
2023-12-09 13:00:00,MACH-B,55.22,1.33
2023-12-09 14:00:00,MACH-B,26.16,2.08
2023-12-09 15:00:00,MACH-B,70.82,0.37
2023-12-09 16:00:00,MACH-B,59.55,1.37
2023-12-09 17:00:00,MACH-B,52.06,1.97
2023-12-09 18:00:00,MACH-B,58.14,2.58
2023-12-09 19:00:00,MACH-B,50.55,2.3
2023-12-09 20:00:00,MACH-B,43.93,2.62
2023-12-09 21:00:00,MACH-B,49.77,1.93
2023-12-09 22:00:00,MACH-B,45.78,3.02
2023-12-09 23:00:00,MACH-B,41.01,1.17
2023-12-10 00:00:00,MACH-B,46.05,1.62
2023-12-10 01:00:00,MACH-B,52.13,2.41
2023-12-10 02:00:00,MACH-B,53.55,2.07
2023-12-10 03:00:00,MACH-B,64.1,1.57
2023-12-10 04:00:00,MACH-B,46.91,2.14
2023-12-10 05:00:00,MACH-B,42.94,1.69
2023-12-10 06:00:00,MACH-B,37.43,1.77
2023-12-10 07:00:00,MACH-B,54.42,2.94
2023-12-10 08:00:00,MACH-B,64.58,2.5
2023-12-10 09:00:00,MACH-B,46.09,2.31
2023-12-10 10:00:00,MACH-B,44.37,2.28
2023-12-10 11:00:00,MACH-B,58.65,1.44
2023-12-10 12:00:00,MACH-B,39.36,1.52
2023-12-10 13:00:00,MACH-B,66.2,2.3
2023-12-10 14:00:00,MACH-B,49.24,2.47
2023-12-10 15:00:00,MACH-B,53.76,2.49
2023-12-10 16:00:00,MACH-B,50.38,1.76
2023-12-10 17:00:00,MACH-B,24.95,1.56
2023-12-10 18:00:00,MACH-B,49.34,2.21
2023-12-10 19:00:00,MACH-B,46.18,1.27
2023-12-10 20:00:00,MACH-B,53.9,1.76
2023-12-10 21:00:00,MACH-B,61.43,2.57
2023-12-10 22:00:00,MACH-B,54.93,1.71
2023-12-10 23:00:00,MACH-B,43.34,2.36
2023-12-11 00:00:00,MACH-B,66.47,0.96
2023-12-11 01:00:00,MACH-B,50.45,1.89
2023-12-11 02:00:00,MACH-B,62.81,1.43
2023-12-11 03:00:00,MACH-B,58.82,1.02
2023-12-11 04:00:00,MACH-B,40.04,1.65
2023-12-11 05:00:00,MACH-B,60.6,1.94
2023-12-11 06:00:00,MACH-B,58.68,1.82
2023-12-11 07:00:00,MACH-B,50.77,2.07
2023-12-11 08:00:00,MACH-B,45.53,2.25
2023-12-11 09:00:00,MACH-B,58.15,2.18
2023-12-11 10:00:00,MACH-B,59.93,1.97
2023-12-11 11:00:00,MACH-B,45.91,2.16
2023-12-11 12:00:00,MACH-B,56.06,1.27
2023-12-11 13:00:00,MACH-B,46.63,1.36
2023-12-11 14:00:00,MACH-B,44.51,1.44
2023-12-11 15:00:00,MACH-B,54.32,2.01
2023-12-11 16:00:00,MACH-B,57.89,2.42
2023-12-11 17:00:00,MACH-B,55.19,2.83
2023-12-11 18:00:00,MACH-B,84.73,3.76
2023-12-11 19:00:00,MACH-B,38.53,1.18
2023-12-11 20:00:00,MACH-B,46.9,2.16
2023-12-11 21:00:00,MACH-B,53.73,2.39
2023-12-11 22:00:00,MACH-B,71.54,1.74
2023-12-11 23:00:00,MACH-B,40.28,1.84
2023-12-12 00:00:00,MACH-B,48.84,2.45
2023-12-12 01:00:00,MACH-B,48.38,1.92
2023-12-12 02:00:00,MACH-B,27.59,2.05
2023-12-12 03:00:00,MACH-B,44.1,1.82
2023-12-12 04:00:00,MACH-B,38.06,2.55
2023-12-12 05:00:00,MACH-B,45.98,1.24
2023-12-12 06:00:00,MACH-B,65.03,1.87
2023-12-12 07:00:00,MACH-B,56.56,1.76
2023-12-12 08:00:00,MACH-B,51.74,1.71
2023-12-12 09:00:00,MACH-B,69.5,1.42
2023-12-12 10:00:00,MACH-B,64.1,2.66
2023-12-12 11:00:00,MACH-B,41.97,1.82
2023-12-12 12:00:00,MACH-B,31.73,1.64
2023-12-12 13:00:00,MACH-B,26.78,2.4
2023-12-12 14:00:00,MACH-B,41.2,2.0
2023-12-12 15:00:00,MACH-B,44.33,1.14
2023-12-12 16:00:00,MACH-B,65.47,1.04
2023-12-12 17:00:00,MACH-B,62.02,1.93
2023-12-12 18:00:00,MACH-B,59.19,2.27
2023-12-12 19:00:00,MACH-B,44.97,1.95
2023-12-12 20:00:00,MACH-B,48.11,1.29
2023-12-12 21:00:00,MACH-B,45.92,2.47
2023-12-12 22:00:00,MACH-B,72.05,1.6
2023-12-12 23:00:00,MACH-B,43.74,3.07
2023-12-13 00:00:00,MACH-B,42.06,1.92
2023-12-13 01:00:00,MACH-B,55.65,2.25
2023-12-13 02:00:00,MACH-B,40.37,2.56
2023-12-13 03:00:00,MACH-B,55.58,2.13
2023-12-13 04:00:00,MACH-B,52.89,1.97
2023-12-13 05:00:00,MACH-B,42.59,2.37
2023-12-13 06:00:00,MACH-B,46.56,1.85
2023-12-13 07:00:00,MACH-B,41.54,2.1
2023-12-13 08:00:00,MACH-B,60.14,1.91
2023-12-13 09:00:00,MACH-B,48.52,2.02
2023-12-13 10:00:00,MACH-B,47.86,2.42
2023-12-13 11:00:00,MACH-B,58.09,1.4
2023-12-13 12:00:00,MACH-B,56.75,1.77
2023-12-13 13:00:00,MACH-B,52.34,1.75
2023-12-13 14:00:00,MACH-B,60.44,2.49
2023-12-13 15:00:00,MACH-B,48.44,1.93
2023-12-13 16:00:00,MACH-B,41.08,1.54
2023-12-13 17:00:00,MACH-B,51.48,1.01
2023-12-13 18:00:00,MACH-B,49.64,2.57
2023-12-13 19:00:00,MACH-B,64.36,1.99
2023-12-13 20:00:00,MACH-B,47.36,1.9
2023-12-13 21:00:00,MACH-B,65.9,1.95
2023-12-13 22:00:00,MACH-B,37.85,2.56
2023-12-13 23:00:00,MACH-B,47.64,2.22
2023-12-14 00:00:00,MACH-B,46.84,1.06
2023-12-14 01:00:00,MACH-B,46.79,2.3
2023-12-14 02:00:00,MACH-B,61.37,1.11
2023-12-14 03:00:00,MACH-B,45.36,2.36
2023-12-14 04:00:00,MACH-B,59.92,1.77
2023-12-14 05:00:00,MACH-B,49.15,2.37
2023-12-14 06:00:00,MACH-B,49.02,2.4
2023-12-14 07:00:00,MACH-B,36.61,1.69
2023-12-14 08:00:00,MACH-B,62.54,1.99
2023-12-14 09:00:00,MACH-B,65.34,2.11
2023-12-14 10:00:00,MACH-B,37.5,1.64
2023-12-14 11:00:00,MACH-B,66.16,1.63
2023-12-14 12:00:00,MACH-B,35.57,2.23
2023-12-14 13:00:00,MACH-B,48.32,2.64
2023-12-14 14:00:00,MACH-B,48.99,1.42
2023-12-14 15:00:00,MACH-B,46.98,2.25
2023-12-14 16:00:00,MACH-B,60.89,1.88
2023-12-14 17:00:00,MACH-B,57.47,2.34
2023-12-14 18:00:00,MACH-B,33.01,2.23
2023-12-14 19:00:00,MACH-B,64.72,2.15
2023-12-14 20:00:00,MACH-B,66.74,1.28
2023-12-14 21:00:00,MACH-B,56.79,2.94
2023-12-14 22:00:00,MACH-B,46.51,1.95
2023-12-14 23:00:00,MACH-B,52.2,1.86
2023-12-15 00:00:00,MACH-B,47.16,2.34
2023-12-15 01:00:00,MACH-B,59.78,1.08
2023-12-15 02:00:00,MACH-B,32.08,2.39
2023-12-15 03:00:00,MACH-B,54.0,2.49
2023-12-15 04:00:00,MACH-B,61.55,1.39
2023-12-15 05:00:00,MACH-B,47.55,2.21
2023-12-15 06:00:00,MACH-B,55.52,1.96
2023-12-15 07:00:00,MACH-B,32.43,2.19
2023-12-15 08:00:00,MACH-B,40.46,1.25
2023-12-15 09:00:00,MACH-B,53.97,2.62
2023-12-15 10:00:00,MACH-B,54.51,2.35
2023-12-15 11:00:00,MACH-B,44.19,1.48
2023-12-15 12:00:00,MACH-B,53.05,1.75
2023-12-15 13:00:00,MACH-B,49.43,2.51
2023-12-15 14:00:00,MACH-B,31.63,2.18
2023-12-15 15:00:00,MACH-B,47.68,1.67
2023-12-15 16:00:00,MACH-B,57.24,2.11
2023-12-15 17:00:00,MACH-B,63.27,1.8
2023-12-15 18:00:00,MACH-B,47.59,1.39
2023-12-15 19:00:00,MACH-B,53.86,1.88
2023-12-15 20:00:00,MACH-B,51.72,2.24
2023-12-15 21:00:00,MACH-B,55.35,1.67
2023-12-15 22:00:00,MACH-B,43.52,2.26
2023-12-15 23:00:00,MACH-B,49.28,2.46
2023-12-16 00:00:00,MACH-B,55.44,2.37
2023-12-16 01:00:00,MACH-B,54.03,2.24
2023-12-16 02:00:00,MACH-B,56.07,1.39
2023-12-16 03:00:00,MACH-B,57.97,1.87
2023-12-16 04:00:00,MACH-B,51.6,2.1
2023-12-16 05:00:00,MACH-B,52.97,1.97
2023-12-16 06:00:00,MACH-B,44.33,2.39
2023-12-16 07:00:00,MACH-B,58.61,1.95
2023-12-16 08:00:00,MACH-B,39.2,2.52
2023-12-16 09:00:00,MACH-B,56.19,2.44
2023-12-16 10:00:00,MACH-B,51.32,1.75
2023-12-16 11:00:00,MACH-B,42.84,1.42
2023-12-16 12:00:00,MACH-B,43.27,2.42
2023-12-16 13:00:00,MACH-B,52.15,2.63
2023-12-16 14:00:00,MACH-B,47.51,1.83
2023-12-16 15:00:00,MACH-B,45.71,2.21
2023-12-16 16:00:00,MACH-B,54.2,2.47
2023-12-16 17:00:00,MACH-B,33.23,1.28
2023-12-16 18:00:00,MACH-B,50.92,2.76
2023-12-16 19:00:00,MACH-B,46.26,1.82
2023-12-16 20:00:00,MACH-B,37.71,2.79
2023-12-16 21:00:00,MACH-B,46.62,2.38
2023-12-16 22:00:00,MACH-B,36.87,2.17
2023-12-16 23:00:00,MACH-B,61.82,2.85
2023-12-17 00:00:00,MACH-B,57.21,2.17
2023-12-17 01:00:00,MACH-B,58.28,2.63
2023-12-17 02:00:00,MACH-B,55.11,2.39
2023-12-17 03:00:00,MACH-B,28.59,1.77
2023-12-17 04:00:00,MACH-B,38.22,1.48
2023-12-17 05:00:00,MACH-B,58.94,2.69
2023-12-17 06:00:00,MACH-B,69.72,2.06
2023-12-17 07:00:00,MACH-B,53.75,2.33
2023-12-17 08:00:00,MACH-B,63.9,2.23
2023-12-17 09:00:00,MACH-B,41.86,2.26
2023-12-17 10:00:00,MACH-B,43.76,2.38
2023-12-17 11:00:00,MACH-B,56.7,1.98
2023-12-17 12:00:00,MACH-B,42.0,2.75
2023-12-17 13:00:00,MACH-B,33.84,2.61
2023-12-17 14:00:00,MACH-B,57.49,1.78
2023-12-17 15:00:00,MACH-B,42.81,1.78
2023-12-17 16:00:00,MACH-B,30.63,1.46
2023-12-17 17:00:00,MACH-B,61.61,2.93
2023-12-17 18:00:00,MACH-B,55.05,1.85
2023-12-17 19:00:00,MACH-B,56.98,2.26
2023-12-17 20:00:00,MACH-B,57.59,1.79
2023-12-17 21:00:00,MACH-B,59.7,2.21
2023-12-17 22:00:00,MACH-B,55.03,2.41
2023-12-17 23:00:00,MACH-B,35.12,2.61
2023-12-18 00:00:00,MACH-B,39.14,2.51
2023-12-18 01:00:00,MACH-B,60.07,1.28
2023-12-18 02:00:00,MACH-B,55.74,2.37
2023-12-18 03:00:00,MACH-B,48.69,2.95
2023-12-18 04:00:00,MACH-B,33.16,1.85
2023-12-18 05:00:00,MACH-B,41.6,2.64
2023-12-18 06:00:00,MACH-B,46.95,1.52
2023-12-18 07:00:00,MACH-B,42.45,2.28
2023-12-18 08:00:00,MACH-B,39.53,2.01
2023-12-18 09:00:00,MACH-B,53.33,1.05
2023-12-18 10:00:00,MACH-B,64.68,1.73
2023-12-18 11:00:00,MACH-B,56.41,2.52
2023-12-18 12:00:00,MACH-B,45.26,2.28
2023-12-18 13:00:00,MACH-B,49.34,1.96
2023-12-18 14:00:00,MACH-B,56.15,2.4
2023-12-18 15:00:00,MACH-B,44.03,1.26
2023-12-18 16:00:00,MACH-B,52.14,1.9
2023-12-18 17:00:00,MACH-B,46.44,1.56
2023-12-18 18:00:00,MACH-B,46.22,1.12
2023-12-18 19:00:00,MACH-B,34.13,2.45
2023-12-18 20:00:00,MACH-B,50.44,2.23
2023-12-18 21:00:00,MACH-B,54.09,1.86
2023-12-18 22:00:00,MACH-B,58.43,1.75
2023-12-18 23:00:00,MACH-B,32.57,1.3
2023-12-19 00:00:00,MACH-B,59.53,1.92
2023-12-19 01:00:00,MACH-B,57.27,2.31
2023-12-19 02:00:00,MACH-B,64.72,1.71
2023-12-19 03:00:00,MACH-B,46.36,2.59
2023-12-19 04:00:00,MACH-B,50.69,1.26
2023-12-19 05:00:00,MACH-B,39.75,0.99
2023-12-19 06:00:00,MACH-B,49.38,2.04
2023-12-19 07:00:00,MACH-B,46.84,2.32
2023-12-19 08:00:00,MACH-B,51.52,2.26
2023-12-19 09:00:00,MACH-B,49.57,1.34
2023-12-19 10:00:00,MACH-B,58.12,1.89
2023-12-19 11:00:00,MACH-B,47.96,2.15
2023-12-19 12:00:00,MACH-B,62.73,2.41
2023-12-19 13:00:00,MACH-B,25.33,1.07
2023-12-19 14:00:00,MACH-B,62.93,1.99
2023-12-19 15:00:00,MACH-B,36.21,2.15
2023-12-19 16:00:00,MACH-B,58.22,1.48
2023-12-19 17:00:00,MACH-B,56.76,2.12
2023-12-19 18:00:00,MACH-B,39.27,1.62
2023-12-19 19:00:00,MACH-B,62.23,2.35
2023-12-19 20:00:00,MACH-B,38.15,2.6
2023-12-19 21:00:00,MACH-B,36.8,1.5
2023-12-19 22:00:00,MACH-B,45.52,1.51
2023-12-19 23:00:00,MACH-B,46.0,2.58
2023-12-20 00:00:00,MACH-B,43.94,2.19
2023-12-20 01:00:00,MACH-B,50.7,2.23
2023-12-20 02:00:00,MACH-B,53.7,1.42
2023-12-20 03:00:00,MACH-B,49.2,2.21
2023-12-20 04:00:00,MACH-B,38.37,2.03
2023-12-20 05:00:00,MACH-B,41.47,2.46
2023-12-20 06:00:00,MACH-B,71.08,2.33
2023-12-20 07:00:00,MACH-B,39.5,1.9
2023-12-20 08:00:00,MACH-B,39.87,1.67
2023-12-20 09:00:00,MACH-B,34.48,2.38
2023-12-20 10:00:00,MACH-B,59.7,2.23
2023-12-20 11:00:00,MACH-B,59.6,1.2
2023-12-20 12:00:00,MACH-B,53.97,1.57
2023-12-20 13:00:00,MACH-B,62.87,2.43
2023-12-20 14:00:00,MACH-B,42.77,1.09
2023-12-20 15:00:00,MACH-B,38.46,1.54
2023-12-20 16:00:00,MACH-B,52.76,2.54
2023-12-20 17:00:00,MACH-B,54.73,1.54
2023-12-20 18:00:00,MACH-B,51.9,1.16
2023-12-20 19:00:00,MACH-B,46.91,1.63
2023-12-20 20:00:00,MACH-B,60.28,1.65
2023-12-20 21:00:00,MACH-B,49.56,1.72
2023-12-20 22:00:00,MACH-B,52.53,1.83
2023-12-20 23:00:00,MACH-B,49.71,2.2
2023-12-21 00:00:00,MACH-B,45.08,2.67
2023-12-21 01:00:00,MACH-B,39.37,1.41
2023-12-21 02:00:00,MACH-B,54.22,1.49
2023-12-21 03:00:00,MACH-B,28.37,2.44
2023-12-21 04:00:00,MACH-B,43.65,2.79
2023-12-21 05:00:00,MACH-B,45.0,1.29
2023-12-21 06:00:00,MACH-B,37.87,2.08
2023-12-21 07:00:00,MACH-B,47.08,2.26
2023-12-21 08:00:00,MACH-B,54.47,1.94
2023-12-21 09:00:00,MACH-B,51.28,1.16
2023-12-21 10:00:00,MACH-B,44.25,2.79
2023-12-21 11:00:00,MACH-B,56.18,0.78
2023-12-21 12:00:00,MACH-B,52.64,0.87
2023-12-21 13:00:00,MACH-B,38.55,2.16
2023-12-21 14:00:00,MACH-B,42.24,1.81
2023-12-21 15:00:00,MACH-B,35.88,2.41
2023-12-21 16:00:00,MACH-B,94.53,4.07
2023-12-21 17:00:00,MACH-B,43.31,2.11
2023-12-21 18:00:00,MACH-B,47.71,2.92
2023-12-21 19:00:00,MACH-B,69.34,1.67
2023-12-21 20:00:00,MACH-B,33.64,2.36
2023-12-21 21:00:00,MACH-B,31.03,2.3
2023-12-21 22:00:00,MACH-B,64.95,1.88
2023-12-21 23:00:00,MACH-B,55.27,2.85
2023-12-22 00:00:00,MACH-B,59.76,2.01
2023-12-22 01:00:00,MACH-B,46.55,1.72
2023-12-22 02:00:00,MACH-B,56.89,2.04
2023-12-22 03:00:00,MACH-B,48.74,0.81
2023-12-22 04:00:00,MACH-B,58.67,1.05
2023-12-22 05:00:00,MACH-B,60.17,1.96
2023-12-22 06:00:00,MACH-B,59.24,2.27
2023-12-22 07:00:00,MACH-B,43.46,1.45
2023-12-22 08:00:00,MACH-B,50.92,1.08
2023-12-22 09:00:00,MACH-B,40.41,1.68
2023-12-22 10:00:00,MACH-B,55.53,1.9
2023-12-22 11:00:00,MACH-B,53.39,2.97
2023-12-22 12:00:00,MACH-B,34.07,2.23
2023-12-22 13:00:00,MACH-B,54.59,2.31
2023-12-22 14:00:00,MACH-B,54.36,2.82
2023-12-22 15:00:00,MACH-B,55.68,2.99
2023-12-22 16:00:00,MACH-B,50.46,2.43
2023-12-22 17:00:00,MACH-B,55.65,2.44
2023-12-22 18:00:00,MACH-B,53.14,1.64
2023-12-22 19:00:00,MACH-B,41.09,1.85
2023-12-22 20:00:00,MACH-B,56.31,1.64
2023-12-22 21:00:00,MACH-B,40.47,2.35
2023-12-22 22:00:00,MACH-B,39.32,2.26
2023-12-22 23:00:00,MACH-B,52.11,2.63
2023-12-23 00:00:00,MACH-B,23.34,2.49
2023-12-23 01:00:00,MACH-B,43.32,1.8
2023-12-23 02:00:00,MACH-B,46.87,2.22
2023-12-23 03:00:00,MACH-B,63.25,2.94
2023-12-23 04:00:00,MACH-B,47.85,1.94
2023-12-23 05:00:00,MACH-B,69.26,2.06
2023-12-23 06:00:00,MACH-B,35.11,1.88
2023-12-23 07:00:00,MACH-B,54.72,2.1
2023-12-23 08:00:00,MACH-B,56.49,2.14
2023-12-23 09:00:00,MACH-B,40.8,2.49
2023-12-23 10:00:00,MACH-B,49.1,1.73
2023-12-23 11:00:00,MACH-B,48.95,2.13
2023-12-23 12:00:00,MACH-B,60.87,1.38
2023-12-23 13:00:00,MACH-B,35.58,1.42
2023-12-23 14:00:00,MACH-B,68.79,2.5
2023-12-23 15:00:00,MACH-B,31.0,1.28
2023-12-23 16:00:00,MACH-B,54.24,2.26
2023-12-23 17:00:00,MACH-B,41.26,1.57
2023-12-23 18:00:00,MACH-B,54.77,1.36
2023-12-23 19:00:00,MACH-B,43.39,2.22
2023-12-23 20:00:00,MACH-B,63.46,3.17
2023-12-23 21:00:00,MACH-B,51.01,2.23
2023-12-23 22:00:00,MACH-B,45.81,1.79
2023-12-23 23:00:00,MACH-B,38.79,1.67
2023-12-24 00:00:00,MACH-B,53.88,1.56
2023-12-24 01:00:00,MACH-B,54.5,1.89
2023-12-24 02:00:00,MACH-B,46.37,2.44
2023-12-24 03:00:00,MACH-B,50.29,2.06
2023-12-24 04:00:00,MACH-B,52.83,1.91
2023-12-24 05:00:00,MACH-B,56.41,1.18
2023-12-24 06:00:00,MACH-B,40.02,1.35
2023-12-24 07:00:00,MACH-B,92.99,4.9
2023-12-24 08:00:00,MACH-B,56.11,1.82
2023-12-24 09:00:00,MACH-B,48.94,1.95
2023-12-24 10:00:00,MACH-B,31.23,2.84
2023-12-24 11:00:00,MACH-B,65.92,2.11
2023-12-24 12:00:00,MACH-B,58.46,1.8
2023-12-24 13:00:00,MACH-B,32.51,2.42
2023-12-24 14:00:00,MACH-B,85.47,3.69
2023-12-24 15:00:00,MACH-B,65.73,2.06
2023-12-24 16:00:00,MACH-B,54.56,1.92
2023-12-24 17:00:00,MACH-B,35.58,2.7
2023-12-24 18:00:00,MACH-B,30.41,2.11
2023-12-24 19:00:00,MACH-B,32.37,1.39
2023-12-24 20:00:00,MACH-B,45.09,1.83
2023-12-24 21:00:00,MACH-B,56.69,2.2
2023-12-24 22:00:00,MACH-B,34.65,1.8
2023-12-24 23:00:00,MACH-B,55.7,2.27
2023-12-25 00:00:00,MACH-B,41.21,1.26
2023-12-25 01:00:00,MACH-B,31.42,2.44
2023-12-25 02:00:00,MACH-B,46.52,1.8
2023-12-25 03:00:00,MACH-B,69.74,1.72
2023-12-25 04:00:00,MACH-B,63.44,2.42
2023-12-25 05:00:00,MACH-B,45.01,1.97
2023-12-25 06:00:00,MACH-B,52.07,1.71
2023-12-25 07:00:00,MACH-B,44.18,1.93
2023-12-25 08:00:00,MACH-B,30.31,1.93
2023-12-25 09:00:00,MACH-B,43.91,1.75
2023-12-25 10:00:00,MACH-B,56.39,2.16
2023-12-25 11:00:00,MACH-B,38.23,1.96
2023-12-25 12:00:00,MACH-B,60.71,2.41
2023-12-25 13:00:00,MACH-B,61.14,1.19
2023-12-25 14:00:00,MACH-B,45.49,2.03
2023-12-25 15:00:00,MACH-B,51.11,2.67
2023-12-25 16:00:00,MACH-B,63.02,1.74
2023-12-25 17:00:00,MACH-B,53.63,1.89
2023-12-25 18:00:00,MACH-B,64.59,2.68
2023-12-25 19:00:00,MACH-B,32.46,0.83
2023-12-25 20:00:00,MACH-B,44.18,2.79
2023-12-25 21:00:00,MACH-B,46.72,2.26
2023-12-25 22:00:00,MACH-B,62.44,2.0
2023-12-25 23:00:00,MACH-B,50.01,2.48
2023-12-26 00:00:00,MACH-B,42.62,1.86
2023-12-26 01:00:00,MACH-B,48.89,1.47
2023-12-26 02:00:00,MACH-B,55.2,1.83
2023-12-26 03:00:00,MACH-B,46.84,1.81
2023-12-26 04:00:00,MACH-B,58.38,1.78
2023-12-26 05:00:00,MACH-B,51.16,2.13
2023-12-26 06:00:00,MACH-B,46.98,2.04
2023-12-26 07:00:00,MACH-B,61.79,2.11
2023-12-26 08:00:00,MACH-B,64.39,2.72
2023-12-26 09:00:00,MACH-B,61.69,1.86
2023-12-26 10:00:00,MACH-B,41.94,2.7
2023-12-26 11:00:00,MACH-B,61.91,2.64
2023-12-26 12:00:00,MACH-B,60.02,0.97
2023-12-26 13:00:00,MACH-B,38.55,1.41
2023-12-26 14:00:00,MACH-B,46.65,1.37
2023-12-26 15:00:00,MACH-B,62.45,2.79
2023-12-26 16:00:00,MACH-B,59.55,1.98
2023-12-26 17:00:00,MACH-B,44.75,1.79
2023-12-26 18:00:00,MACH-B,39.12,1.36
2023-12-26 19:00:00,MACH-B,63.0,2.51
2023-12-26 20:00:00,MACH-B,55.63,1.82
2023-12-26 21:00:00,MACH-B,50.36,0.95
2023-12-26 22:00:00,MACH-B,41.98,2.85
2023-12-26 23:00:00,MACH-B,57.2,1.98
2023-12-27 00:00:00,MACH-B,39.64,2.61
2023-12-27 01:00:00,MACH-B,40.96,2.0
2023-12-27 02:00:00,MACH-B,54.02,1.74
2023-12-27 03:00:00,MACH-B,59.9,1.99
2023-12-27 04:00:00,MACH-B,51.43,2.22
2023-12-27 05:00:00,MACH-B,46.38,1.64
2023-12-27 06:00:00,MACH-B,58.87,1.09
2023-12-27 07:00:00,MACH-B,38.45,0.87
2023-12-27 08:00:00,MACH-B,40.49,2.03
2023-12-27 09:00:00,MACH-B,60.87,2.18
2023-12-27 10:00:00,MACH-B,38.18,1.91
2023-12-27 11:00:00,MACH-B,32.16,1.51
2023-12-27 12:00:00,MACH-B,40.13,1.74
2023-12-27 13:00:00,MACH-B,60.88,2.03
2023-12-27 14:00:00,MACH-B,58.93,2.16
2023-12-27 15:00:00,MACH-B,35.36,1.95
2023-12-27 16:00:00,MACH-B,41.8,1.66
2023-12-27 17:00:00,MACH-B,35.12,2.67
2023-12-27 18:00:00,MACH-B,56.37,1.55
2023-12-27 19:00:00,MACH-B,84.59,3.42
2023-12-27 20:00:00,MACH-B,54.51,1.82
2023-12-27 21:00:00,MACH-B,47.93,2.59
2023-12-27 22:00:00,MACH-B,50.94,2.33
2023-12-27 23:00:00,MACH-B,33.22,1.97
2023-12-28 00:00:00,MACH-B,58.92,1.47
2023-12-28 01:00:00,MACH-B,65.46,1.56
2023-12-28 02:00:00,MACH-B,64.8,1.86
2023-12-28 03:00:00,MACH-B,50.64,1.78
2023-12-28 04:00:00,MACH-B,29.51,1.75
2023-12-28 05:00:00,MACH-B,46.38,2.7
2023-12-28 06:00:00,MACH-B,52.68,3.54
2023-12-28 07:00:00,MACH-B,51.34,1.62
2023-12-28 08:00:00,MACH-B,34.55,2.33
2023-12-28 09:00:00,MACH-B,57.11,2.45
2023-12-28 10:00:00,MACH-B,57.71,1.74
2023-12-28 11:00:00,MACH-B,57.74,1.61
2023-12-28 12:00:00,MACH-B,42.83,1.54
2023-12-28 13:00:00,MACH-B,35.51,2.28
2023-12-28 14:00:00,MACH-B,45.11,2.28
2023-12-28 15:00:00,MACH-B,61.79,2.55
2023-12-28 16:00:00,MACH-B,40.32,3.07
2023-12-28 17:00:00,MACH-B,41.32,2.27
2023-12-28 18:00:00,MACH-B,39.39,2.06
2023-12-28 19:00:00,MACH-B,45.8,1.54
2023-12-28 20:00:00,MACH-B,54.15,2.39
2023-12-28 21:00:00,MACH-B,56.77,0.54
2023-12-28 22:00:00,MACH-B,37.38,1.8
2023-12-28 23:00:00,MACH-B,60.12,0.97
2023-12-29 00:00:00,MACH-B,61.53,1.84
2023-12-29 01:00:00,MACH-B,47.14,2.4
2023-12-29 02:00:00,MACH-B,36.13,2.87
2023-12-29 03:00:00,MACH-B,62.57,0.81
2023-12-29 04:00:00,MACH-B,53.75,2.62
2023-12-29 05:00:00,MACH-B,69.04,1.86
2023-12-29 06:00:00,MACH-B,35.61,1.99
2023-12-29 07:00:00,MACH-B,52.91,2.43
2023-12-29 08:00:00,MACH-B,64.68,1.93
2023-12-29 09:00:00,MACH-B,54.65,1.62
2023-12-29 10:00:00,MACH-B,28.15,1.71
2023-12-29 11:00:00,MACH-B,29.12,1.58
2023-12-29 12:00:00,MACH-B,67.98,2.07
2023-12-29 13:00:00,MACH-B,43.84,2.63
2023-12-29 14:00:00,MACH-B,54.77,2.43
2023-12-29 15:00:00,MACH-B,37.0,2.05
2023-12-29 16:00:00,MACH-B,44.31,1.67
2023-12-29 17:00:00,MACH-B,59.54,2.15
2023-12-29 18:00:00,MACH-B,52.83,2.9
2023-12-29 19:00:00,MACH-B,45.5,1.53
2023-12-29 20:00:00,MACH-B,57.98,2.38
2023-12-29 21:00:00,MACH-B,49.44,2.21
2023-12-29 22:00:00,MACH-B,60.01,1.64
2023-12-29 23:00:00,MACH-B,45.7,2.12
2023-12-30 00:00:00,MACH-B,52.95,1.79
2023-12-30 01:00:00,MACH-B,69.99,1.57
2023-12-30 02:00:00,MACH-B,51.58,1.51
2023-12-30 03:00:00,MACH-B,56.93,1.64
2023-12-30 04:00:00,MACH-B,32.53,1.41
2023-12-30 05:00:00,MACH-B,51.47,2.98
2023-12-30 06:00:00,MACH-B,52.05,1.52
2023-12-30 07:00:00,MACH-B,37.88,2.78
2023-12-30 08:00:00,MACH-B,47.29,2.19
2023-12-30 09:00:00,MACH-B,47.1,1.14
2023-12-30 10:00:00,MACH-B,38.9,1.58
2023-12-30 11:00:00,MACH-B,44.92,2.17
2023-12-30 12:00:00,MACH-B,71.13,1.67
2023-12-30 13:00:00,MACH-B,50.22,2.1
2023-12-30 14:00:00,MACH-B,53.12,1.07
2023-12-30 15:00:00,MACH-B,68.86,2.03
2023-12-30 16:00:00,MACH-B,25.11,1.94
2023-12-30 17:00:00,MACH-B,71.54,2.95
2023-12-30 18:00:00,MACH-B,57.46,1.66
2023-12-30 19:00:00,MACH-B,37.68,2.36
2023-12-30 20:00:00,MACH-B,37.6,2.65
2023-12-30 21:00:00,MACH-B,57.98,2.54
2023-12-30 22:00:00,MACH-B,57.76,2.57
2023-12-30 23:00:00,MACH-B,54.35,1.96
2023-12-31 00:00:00,MACH-B,40.52,2.22
2023-12-31 01:00:00,MACH-B,52.35,1.71
2023-12-31 02:00:00,MACH-B,43.55,2.3
2023-12-31 03:00:00,MACH-B,47.27,1.45
2023-12-31 04:00:00,MACH-B,40.14,1.6
2023-12-31 05:00:00,MACH-B,43.22,3.02
2023-12-31 06:00:00,MACH-B,28.96,2.47
2023-12-31 07:00:00,MACH-B,65.03,1.22
2023-12-31 08:00:00,MACH-B,41.56,2.18
2023-12-31 09:00:00,MACH-B,63.72,1.5
2023-12-31 10:00:00,MACH-B,45.45,2.34
2023-12-31 11:00:00,MACH-B,44.05,2.19
2023-12-31 12:00:00,MACH-B,29.13,2.1
2023-12-31 13:00:00,MACH-B,69.05,1.68
2023-12-31 14:00:00,MACH-B,60.49,2.73
2023-12-31 15:00:00,MACH-B,40.53,1.67
2023-12-31 16:00:00,MACH-B,59.2,2.12
2023-12-31 17:00:00,MACH-B,60.71,1.89
2023-12-31 18:00:00,MACH-B,52.04,1.3
2023-12-31 19:00:00,MACH-B,93.95,3.79
2023-12-31 20:00:00,MACH-B,49.87,1.15
2023-12-31 21:00:00,MACH-B,42.17,2.29
2023-12-31 22:00:00,MACH-B,45.98,1.69
2023-12-31 23:00:00,MACH-B,40.33,1.83
2023-01-01 00:00:00,MACH-C,39.42,1.89
2023-01-01 01:00:00,MACH-C,53.69,2.86
2023-01-01 02:00:00,MACH-C,46.77,1.59
2023-01-01 03:00:00,MACH-C,45.37,1.73
2023-01-01 04:00:00,MACH-C,64.23,1.77
2023-01-01 05:00:00,MACH-C,57.91,2.85
2023-01-01 06:00:00,MACH-C,26.99,1.01
2023-01-01 07:00:00,MACH-C,52.16,2.41
2023-01-01 08:00:00,MACH-C,60.66,1.99
2023-01-01 09:00:00,MACH-C,37.54,2.91
2023-01-01 10:00:00,MACH-C,41.36,2.18
2023-01-01 11:00:00,MACH-C,60.0,0.92
2023-01-01 12:00:00,MACH-C,45.46,2.81
2023-01-01 13:00:00,MACH-C,30.22,1.88
2023-01-01 14:00:00,MACH-C,62.0,0.98
2023-01-01 15:00:00,MACH-C,48.26,1.8
2023-01-01 16:00:00,MACH-C,53.74,2.02
2023-01-01 17:00:00,MACH-C,49.51,1.48
2023-01-01 18:00:00,MACH-C,61.21,1.23
2023-01-01 19:00:00,MACH-C,39.01,2.15
2023-01-01 20:00:00,MACH-C,56.64,1.38
2023-01-01 21:00:00,MACH-C,63.19,1.49
2023-01-01 22:00:00,MACH-C,36.51,2.68
2023-01-01 23:00:00,MACH-C,42.6,1.83
2023-01-02 00:00:00,MACH-C,66.45,1.39
2023-01-02 01:00:00,MACH-C,60.81,1.55
2023-01-02 02:00:00,MACH-C,41.81,2.19
2023-01-02 03:00:00,MACH-C,37.85,2.21
2023-01-02 04:00:00,MACH-C,52.83,2.33
2023-01-02 05:00:00,MACH-C,53.3,2.4
2023-01-02 06:00:00,MACH-C,49.41,2.17
2023-01-02 07:00:00,MACH-C,73.33,2.3
2023-01-02 08:00:00,MACH-C,56.47,1.76
2023-01-02 09:00:00,MACH-C,41.6,1.44
2023-01-02 10:00:00,MACH-C,60.58,2.68
2023-01-02 11:00:00,MACH-C,50.58,2.44
2023-01-02 12:00:00,MACH-C,43.23,1.86
2023-01-02 13:00:00,MACH-C,59.01,1.67
2023-01-02 14:00:00,MACH-C,64.76,3.14
2023-01-02 15:00:00,MACH-C,52.16,1.55
2023-01-02 16:00:00,MACH-C,40.23,2.11
2023-01-02 17:00:00,MACH-C,51.13,1.66
2023-01-02 18:00:00,MACH-C,40.44,1.79
2023-01-02 19:00:00,MACH-C,52.27,1.62
2023-01-02 20:00:00,MACH-C,57.54,0.92
2023-01-02 21:00:00,MACH-C,30.23,2.2
2023-01-02 22:00:00,MACH-C,57.16,2.33
2023-01-02 23:00:00,MACH-C,46.26,1.67
2023-01-03 00:00:00,MACH-C,44.38,3.3
2023-01-03 01:00:00,MACH-C,36.73,2.14
2023-01-03 02:00:00,MACH-C,39.26,2.08
2023-01-03 03:00:00,MACH-C,67.65,2.19
2023-01-03 04:00:00,MACH-C,58.49,1.7
2023-01-03 05:00:00,MACH-C,62.95,1.51
2023-01-03 06:00:00,MACH-C,41.43,1.62
2023-01-03 07:00:00,MACH-C,67.99,1.73
2023-01-03 08:00:00,MACH-C,49.33,2.28
2023-01-03 09:00:00,MACH-C,42.11,1.81
2023-01-03 10:00:00,MACH-C,39.22,2.31
2023-01-03 11:00:00,MACH-C,39.52,1.37
2023-01-03 12:00:00,MACH-C,42.53,1.68
2023-01-03 13:00:00,MACH-C,41.06,1.64
2023-01-03 14:00:00,MACH-C,59.04,0.09
2023-01-03 15:00:00,MACH-C,76.01,1.77
2023-01-03 16:00:00,MACH-C,47.53,1.48
2023-01-03 17:00:00,MACH-C,47.72,2.23
2023-01-03 18:00:00,MACH-C,31.42,2.37
2023-01-03 19:00:00,MACH-C,40.75,1.3
2023-01-03 20:00:00,MACH-C,33.79,1.88
2023-01-03 21:00:00,MACH-C,58.13,1.36
2023-01-03 22:00:00,MACH-C,69.33,2.16
2023-01-03 23:00:00,MACH-C,39.19,1.66
2023-01-04 00:00:00,MACH-C,47.97,1.73
2023-01-04 01:00:00,MACH-C,47.52,1.89
2023-01-04 02:00:00,MACH-C,56.83,2.14
2023-01-04 03:00:00,MACH-C,51.05,2.03
2023-01-04 04:00:00,MACH-C,71.14,2.2
2023-01-04 05:00:00,MACH-C,42.51,2.36
2023-01-04 06:00:00,MACH-C,59.0,1.93
2023-01-04 07:00:00,MACH-C,44.05,1.48
2023-01-04 08:00:00,MACH-C,33.98,1.2
2023-01-04 09:00:00,MACH-C,64.27,1.62
2023-01-04 10:00:00,MACH-C,68.73,2.11
2023-01-04 11:00:00,MACH-C,54.1,1.31
2023-01-04 12:00:00,MACH-C,43.7,2.54
2023-01-04 13:00:00,MACH-C,38.61,1.47
2023-01-04 14:00:00,MACH-C,55.61,1.94
2023-01-04 15:00:00,MACH-C,28.73,2.74
2023-01-04 16:00:00,MACH-C,58.72,1.91
2023-01-04 17:00:00,MACH-C,45.82,1.45
2023-01-04 18:00:00,MACH-C,45.61,0.74
2023-01-04 19:00:00,MACH-C,39.27,2.2
2023-01-04 20:00:00,MACH-C,35.63,2.16
2023-01-04 21:00:00,MACH-C,49.42,2.29
2023-01-04 22:00:00,MACH-C,51.96,2.06
2023-01-04 23:00:00,MACH-C,49.08,1.73
2023-01-05 00:00:00,MACH-C,60.95,1.61
2023-01-05 01:00:00,MACH-C,50.6,2.02
2023-01-05 02:00:00,MACH-C,57.16,2.49
2023-01-05 03:00:00,MACH-C,35.31,0.52
2023-01-05 04:00:00,MACH-C,45.58,2.47
2023-01-05 05:00:00,MACH-C,64.84,1.85
2023-01-05 06:00:00,MACH-C,59.72,1.92
2023-01-05 07:00:00,MACH-C,53.34,2.35
2023-01-05 08:00:00,MACH-C,46.21,1.91
2023-01-05 09:00:00,MACH-C,40.64,2.11
2023-01-05 10:00:00,MACH-C,44.7,1.18
2023-01-05 11:00:00,MACH-C,56.37,1.86
2023-01-05 12:00:00,MACH-C,30.17,2.25
2023-01-05 13:00:00,MACH-C,67.95,1.8
2023-01-05 14:00:00,MACH-C,62.39,1.83
2023-01-05 15:00:00,MACH-C,62.16,2.08
2023-01-05 16:00:00,MACH-C,56.15,2.22
2023-01-05 17:00:00,MACH-C,51.08,2.76
2023-01-05 18:00:00,MACH-C,53.78,2.22
2023-01-05 19:00:00,MACH-C,46.34,2.68
2023-01-05 20:00:00,MACH-C,71.18,1.95
2023-01-05 21:00:00,MACH-C,48.62,0.82
2023-01-05 22:00:00,MACH-C,45.24,1.79
2023-01-05 23:00:00,MACH-C,47.35,1.59
2023-01-06 00:00:00,MACH-C,42.77,1.97
2023-01-06 01:00:00,MACH-C,58.09,1.84
2023-01-06 02:00:00,MACH-C,44.81,2.13
2023-01-06 03:00:00,MACH-C,48.74,1.66
2023-01-06 04:00:00,MACH-C,63.36,2.11
2023-01-06 05:00:00,MACH-C,60.71,2.18
2023-01-06 06:00:00,MACH-C,39.76,2.02
2023-01-06 07:00:00,MACH-C,61.81,1.27
2023-01-06 08:00:00,MACH-C,35.84,2.45
2023-01-06 09:00:00,MACH-C,34.99,2.31
2023-01-06 10:00:00,MACH-C,46.73,1.9
2023-01-06 11:00:00,MACH-C,52.93,1.09
2023-01-06 12:00:00,MACH-C,47.75,2.15
2023-01-06 13:00:00,MACH-C,54.39,1.74
2023-01-06 14:00:00,MACH-C,46.23,1.73
2023-01-06 15:00:00,MACH-C,29.41,1.96
2023-01-06 16:00:00,MACH-C,48.09,2.73
2023-01-06 17:00:00,MACH-C,34.79,2.07
2023-01-06 18:00:00,MACH-C,50.03,1.94
2023-01-06 19:00:00,MACH-C,37.47,1.74
2023-01-06 20:00:00,MACH-C,55.17,2.02
2023-01-06 21:00:00,MACH-C,63.55,2.0
2023-01-06 22:00:00,MACH-C,32.71,2.3
2023-01-06 23:00:00,MACH-C,29.58,1.73
2023-01-07 00:00:00,MACH-C,47.0,1.59
2023-01-07 01:00:00,MACH-C,61.29,1.78
2023-01-07 02:00:00,MACH-C,51.56,1.96
2023-01-07 03:00:00,MACH-C,45.73,1.99
2023-01-07 04:00:00,MACH-C,39.24,2.0
2023-01-07 05:00:00,MACH-C,57.23,1.5
2023-01-07 06:00:00,MACH-C,65.37,1.96
2023-01-07 07:00:00,MACH-C,31.31,2.34
2023-01-07 08:00:00,MACH-C,52.94,2.64
2023-01-07 09:00:00,MACH-C,75.45,2.49
2023-01-07 10:00:00,MACH-C,43.94,1.97
2023-01-07 11:00:00,MACH-C,48.09,1.92
2023-01-07 12:00:00,MACH-C,49.65,2.62
2023-01-07 13:00:00,MACH-C,45.92,1.95
2023-01-07 14:00:00,MACH-C,60.97,2.43
2023-01-07 15:00:00,MACH-C,68.02,1.99
2023-01-07 16:00:00,MACH-C,32.95,0.8
2023-01-07 17:00:00,MACH-C,40.66,2.33
2023-01-07 18:00:00,MACH-C,62.46,2.48
2023-01-07 19:00:00,MACH-C,56.0,1.84
2023-01-07 20:00:00,MACH-C,54.37,1.42
2023-01-07 21:00:00,MACH-C,56.97,2.76
2023-01-07 22:00:00,MACH-C,50.96,1.93
2023-01-07 23:00:00,MACH-C,54.81,1.83
2023-01-08 00:00:00,MACH-C,46.75,2.22
2023-01-08 01:00:00,MACH-C,47.72,3.37
2023-01-08 02:00:00,MACH-C,49.05,2.24
2023-01-08 03:00:00,MACH-C,45.93,2.09
2023-01-08 04:00:00,MACH-C,54.69,2.03
2023-01-08 05:00:00,MACH-C,52.98,2.83
2023-01-08 06:00:00,MACH-C,31.34,2.26
2023-01-08 07:00:00,MACH-C,47.97,2.43
2023-01-08 08:00:00,MACH-C,50.21,2.15
2023-01-08 09:00:00,MACH-C,65.3,2.27
2023-01-08 10:00:00,MACH-C,47.13,1.86
2023-01-08 11:00:00,MACH-C,50.96,2.08
2023-01-08 12:00:00,MACH-C,49.23,1.66
2023-01-08 13:00:00,MACH-C,63.22,1.75
2023-01-08 14:00:00,MACH-C,38.05,2.25
2023-01-08 15:00:00,MACH-C,42.15,1.65
2023-01-08 16:00:00,MACH-C,41.48,2.07
2023-01-08 17:00:00,MACH-C,50.14,1.82
2023-01-08 18:00:00,MACH-C,35.06,1.44
2023-01-08 19:00:00,MACH-C,64.65,2.11
2023-01-08 20:00:00,MACH-C,54.16,2.39
2023-01-08 21:00:00,MACH-C,55.85,1.34
2023-01-08 22:00:00,MACH-C,71.02,2.3
2023-01-08 23:00:00,MACH-C,46.56,1.44
2023-01-09 00:00:00,MACH-C,58.56,2.68
2023-01-09 01:00:00,MACH-C,55.82,2.28
2023-01-09 02:00:00,MACH-C,65.39,1.34
2023-01-09 03:00:00,MACH-C,56.91,2.43
2023-01-09 04:00:00,MACH-C,44.91,1.69
2023-01-09 05:00:00,MACH-C,54.24,1.52
2023-01-09 06:00:00,MACH-C,43.53,2.36
2023-01-09 07:00:00,MACH-C,45.33,2.6
2023-01-09 08:00:00,MACH-C,49.86,2.24
2023-01-09 09:00:00,MACH-C,48.14,1.81
2023-01-09 10:00:00,MACH-C,41.06,2.08
2023-01-09 11:00:00,MACH-C,27.31,1.71
2023-01-09 12:00:00,MACH-C,52.96,1.91
2023-01-09 13:00:00,MACH-C,53.68,2.2
2023-01-09 14:00:00,MACH-C,53.64,1.29
2023-01-09 15:00:00,MACH-C,69.06,2.22
2023-01-09 16:00:00,MACH-C,34.64,1.29
2023-01-09 17:00:00,MACH-C,65.53,1.36
2023-01-09 18:00:00,MACH-C,74.92,2.33
2023-01-09 19:00:00,MACH-C,67.64,1.58
2023-01-09 20:00:00,MACH-C,46.51,1.5
2023-01-09 21:00:00,MACH-C,54.53,1.85
2023-01-09 22:00:00,MACH-C,42.29,1.7
2023-01-09 23:00:00,MACH-C,43.24,2.12
2023-01-10 00:00:00,MACH-C,67.23,2.09
2023-01-10 01:00:00,MACH-C,56.99,1.51
2023-01-10 02:00:00,MACH-C,57.6,1.14
2023-01-10 03:00:00,MACH-C,38.77,1.9
2023-01-10 04:00:00,MACH-C,35.27,2.55
2023-01-10 05:00:00,MACH-C,60.55,1.97
2023-01-10 06:00:00,MACH-C,54.22,1.83
2023-01-10 07:00:00,MACH-C,47.02,2.87
2023-01-10 08:00:00,MACH-C,67.36,2.38
2023-01-10 09:00:00,MACH-C,55.93,1.14
2023-01-10 10:00:00,MACH-C,41.5,1.86
2023-01-10 11:00:00,MACH-C,30.62,2.11
2023-01-10 12:00:00,MACH-C,55.98,1.47
2023-01-10 13:00:00,MACH-C,45.31,1.85
2023-01-10 14:00:00,MACH-C,48.61,2.01
2023-01-10 15:00:00,MACH-C,47.78,1.89
2023-01-10 16:00:00,MACH-C,64.31,1.39
2023-01-10 17:00:00,MACH-C,58.43,2.73
2023-01-10 18:00:00,MACH-C,49.04,2.13
2023-01-10 19:00:00,MACH-C,48.77,1.57
2023-01-10 20:00:00,MACH-C,52.88,2.44
2023-01-10 21:00:00,MACH-C,63.18,1.96
2023-01-10 22:00:00,MACH-C,50.83,2.5
2023-01-10 23:00:00,MACH-C,44.25,1.95
2023-01-11 00:00:00,MACH-C,37.95,1.26
2023-01-11 01:00:00,MACH-C,49.14,1.47
2023-01-11 02:00:00,MACH-C,38.02,2.57
2023-01-11 03:00:00,MACH-C,53.41,2.52
2023-01-11 04:00:00,MACH-C,54.53,1.34
2023-01-11 05:00:00,MACH-C,61.91,2.7
2023-01-11 06:00:00,MACH-C,47.91,2.51
2023-01-11 07:00:00,MACH-C,60.32,1.68
2023-01-11 08:00:00,MACH-C,66.12,1.96
2023-01-11 09:00:00,MACH-C,50.74,0.9
2023-01-11 10:00:00,MACH-C,72.35,1.65
2023-01-11 11:00:00,MACH-C,64.37,1.89
2023-01-11 12:00:00,MACH-C,45.21,2.15
2023-01-11 13:00:00,MACH-C,79.44,1.94
2023-01-11 14:00:00,MACH-C,49.32,2.07
2023-01-11 15:00:00,MACH-C,64.0,1.52
2023-01-11 16:00:00,MACH-C,56.29,2.16
2023-01-11 17:00:00,MACH-C,53.03,2.84
2023-01-11 18:00:00,MACH-C,63.09,2.22
2023-01-11 19:00:00,MACH-C,51.51,2.02
2023-01-11 20:00:00,MACH-C,49.24,1.63
2023-01-11 21:00:00,MACH-C,49.54,1.82
2023-01-11 22:00:00,MACH-C,38.56,1.34
2023-01-11 23:00:00,MACH-C,60.67,1.28
2023-01-12 00:00:00,MACH-C,43.4,1.96
2023-01-12 01:00:00,MACH-C,52.1,2.28
2023-01-12 02:00:00,MACH-C,50.2,1.57
2023-01-12 03:00:00,MACH-C,56.07,2.6
2023-01-12 04:00:00,MACH-C,49.87,1.72
2023-01-12 05:00:00,MACH-C,47.32,1.96
2023-01-12 06:00:00,MACH-C,54.15,2.47
2023-01-12 07:00:00,MACH-C,53.29,1.84
2023-01-12 08:00:00,MACH-C,39.38,2.31
2023-01-12 09:00:00,MACH-C,48.9,2.29
2023-01-12 10:00:00,MACH-C,62.7,1.66
2023-01-12 11:00:00,MACH-C,74.57,1.68
2023-01-12 12:00:00,MACH-C,32.92,2.61
2023-01-12 13:00:00,MACH-C,58.28,2.66
2023-01-12 14:00:00,MACH-C,51.06,2.31
2023-01-12 15:00:00,MACH-C,44.08,1.57
2023-01-12 16:00:00,MACH-C,45.72,2.43
2023-01-12 17:00:00,MACH-C,40.6,1.86
2023-01-12 18:00:00,MACH-C,36.38,1.37
2023-01-12 19:00:00,MACH-C,53.85,1.68
2023-01-12 20:00:00,MACH-C,67.83,1.89
2023-01-12 21:00:00,MACH-C,84.63,4.66
2023-01-12 22:00:00,MACH-C,51.72,1.6
2023-01-12 23:00:00,MACH-C,43.76,1.52
2023-01-13 00:00:00,MACH-C,40.7,1.76
2023-01-13 01:00:00,MACH-C,50.22,1.94
2023-01-13 02:00:00,MACH-C,39.71,2.34
2023-01-13 03:00:00,MACH-C,61.23,2.29
2023-01-13 04:00:00,MACH-C,44.22,0.88
2023-01-13 05:00:00,MACH-C,41.57,1.82
2023-01-13 06:00:00,MACH-C,72.51,2.06
2023-01-13 07:00:00,MACH-C,62.99,1.56
2023-01-13 08:00:00,MACH-C,38.05,1.61
2023-01-13 09:00:00,MACH-C,41.18,2.31
2023-01-13 10:00:00,MACH-C,48.05,2.34
2023-01-13 11:00:00,MACH-C,48.39,1.91
2023-01-13 12:00:00,MACH-C,45.41,2.2
2023-01-13 13:00:00,MACH-C,63.37,2.23
2023-01-13 14:00:00,MACH-C,52.11,1.45
2023-01-13 15:00:00,MACH-C,49.63,1.46
2023-01-13 16:00:00,MACH-C,43.92,1.8
2023-01-13 17:00:00,MACH-C,39.48,1.65
2023-01-13 18:00:00,MACH-C,43.75,1.7
2023-01-13 19:00:00,MACH-C,41.24,1.95
2023-01-13 20:00:00,MACH-C,37.41,1.95
2023-01-13 21:00:00,MACH-C,60.78,0.72
2023-01-13 22:00:00,MACH-C,59.3,2.05
2023-01-13 23:00:00,MACH-C,46.25,1.87
2023-01-14 00:00:00,MACH-C,63.18,2.11
2023-01-14 01:00:00,MACH-C,55.9,1.68
2023-01-14 02:00:00,MACH-C,39.2,1.68
2023-01-14 03:00:00,MACH-C,35.42,1.8
2023-01-14 04:00:00,MACH-C,53.06,2.53
2023-01-14 05:00:00,MACH-C,54.76,1.79
2023-01-14 06:00:00,MACH-C,37.07,2.56
2023-01-14 07:00:00,MACH-C,44.74,2.49
2023-01-14 08:00:00,MACH-C,58.53,1.83
2023-01-14 09:00:00,MACH-C,65.71,1.74
2023-01-14 10:00:00,MACH-C,50.84,1.76
2023-01-14 11:00:00,MACH-C,50.56,1.93
2023-01-14 12:00:00,MACH-C,45.49,1.72
2023-01-14 13:00:00,MACH-C,64.87,2.37
2023-01-14 14:00:00,MACH-C,55.56,1.68
2023-01-14 15:00:00,MACH-C,41.59,2.43
2023-01-14 16:00:00,MACH-C,57.82,1.53
2023-01-14 17:00:00,MACH-C,42.99,1.17
2023-01-14 18:00:00,MACH-C,40.48,1.1
2023-01-14 19:00:00,MACH-C,45.53,1.73
2023-01-14 20:00:00,MACH-C,41.39,1.6
2023-01-14 21:00:00,MACH-C,40.95,1.57
2023-01-14 22:00:00,MACH-C,36.01,2.49
2023-01-14 23:00:00,MACH-C,43.01,1.63
2023-01-15 00:00:00,MACH-C,44.67,1.02
2023-01-15 01:00:00,MACH-C,36.49,2.28
2023-01-15 02:00:00,MACH-C,55.4,2.67
2023-01-15 03:00:00,MACH-C,32.34,2.22
2023-01-15 04:00:00,MACH-C,46.19,1.66
2023-01-15 05:00:00,MACH-C,56.61,2.09
2023-01-15 06:00:00,MACH-C,61.32,1.6
2023-01-15 07:00:00,MACH-C,44.25,1.51
2023-01-15 08:00:00,MACH-C,60.13,1.9
2023-01-15 09:00:00,MACH-C,46.33,1.97
2023-01-15 10:00:00,MACH-C,72.55,1.9
2023-01-15 11:00:00,MACH-C,35.4,2.84
2023-01-15 12:00:00,MACH-C,39.93,2.02
2023-01-15 13:00:00,MACH-C,51.61,2.48
2023-01-15 14:00:00,MACH-C,37.39,3.12
2023-01-15 15:00:00,MACH-C,42.92,1.76
2023-01-15 16:00:00,MACH-C,54.53,2.07
2023-01-15 17:00:00,MACH-C,51.91,2.41
2023-01-15 18:00:00,MACH-C,49.65,2.06
2023-01-15 19:00:00,MACH-C,49.75,1.86
2023-01-15 20:00:00,MACH-C,25.39,3.17
2023-01-15 21:00:00,MACH-C,51.49,2.6
2023-01-15 22:00:00,MACH-C,43.64,0.95
2023-01-15 23:00:00,MACH-C,46.3,2.68
2023-01-16 00:00:00,MACH-C,34.1,2.8
2023-01-16 01:00:00,MACH-C,56.73,2.6
2023-01-16 02:00:00,MACH-C,55.52,2.38
2023-01-16 03:00:00,MACH-C,38.35,2.78
2023-01-16 04:00:00,MACH-C,51.79,2.44
2023-01-16 05:00:00,MACH-C,66.46,2.29
2023-01-16 06:00:00,MACH-C,51.4,2.07
2023-01-16 07:00:00,MACH-C,29.86,1.46
2023-01-16 08:00:00,MACH-C,44.3,1.31
2023-01-16 09:00:00,MACH-C,51.27,2.39
2023-01-16 10:00:00,MACH-C,71.16,2.38
2023-01-16 11:00:00,MACH-C,37.91,1.98
2023-01-16 12:00:00,MACH-C,48.53,1.57
2023-01-16 13:00:00,MACH-C,39.33,1.43
2023-01-16 14:00:00,MACH-C,58.79,1.82
2023-01-16 15:00:00,MACH-C,46.34,2.35
2023-01-16 16:00:00,MACH-C,22.68,3.12
2023-01-16 17:00:00,MACH-C,46.07,1.99
2023-01-16 18:00:00,MACH-C,48.88,2.14
2023-01-16 19:00:00,MACH-C,53.88,2.56
2023-01-16 20:00:00,MACH-C,51.82,1.97
2023-01-16 21:00:00,MACH-C,56.57,2.18
2023-01-16 22:00:00,MACH-C,48.76,2.41
2023-01-16 23:00:00,MACH-C,50.85,2.55
2023-01-17 00:00:00,MACH-C,50.12,2.03
2023-01-17 01:00:00,MACH-C,45.85,1.76
2023-01-17 02:00:00,MACH-C,55.68,2.1
2023-01-17 03:00:00,MACH-C,58.47,1.15
2023-01-17 04:00:00,MACH-C,49.56,2.15
2023-01-17 05:00:00,MACH-C,45.08,2.43
2023-01-17 06:00:00,MACH-C,39.17,2.85
2023-01-17 07:00:00,MACH-C,53.55,2.46
2023-01-17 08:00:00,MACH-C,39.96,0.72
2023-01-17 09:00:00,MACH-C,51.59,2.7
2023-01-17 10:00:00,MACH-C,51.31,2.73
2023-01-17 11:00:00,MACH-C,60.67,1.54
2023-01-17 12:00:00,MACH-C,63.87,1.8
2023-01-17 13:00:00,MACH-C,19.62,2.72
2023-01-17 14:00:00,MACH-C,47.98,2.03
2023-01-17 15:00:00,MACH-C,28.99,1.71
2023-01-17 16:00:00,MACH-C,61.62,1.62
2023-01-17 17:00:00,MACH-C,49.77,3.32
2023-01-17 18:00:00,MACH-C,61.52,2.39
2023-01-17 19:00:00,MACH-C,52.58,1.86
2023-01-17 20:00:00,MACH-C,36.5,2.71
2023-01-17 21:00:00,MACH-C,40.32,1.95
2023-01-17 22:00:00,MACH-C,48.66,2.61
2023-01-17 23:00:00,MACH-C,55.7,2.29
2023-01-18 00:00:00,MACH-C,50.57,1.83
2023-01-18 01:00:00,MACH-C,51.78,2.25
2023-01-18 02:00:00,MACH-C,46.43,2.27
2023-01-18 03:00:00,MACH-C,61.3,2.4
2023-01-18 04:00:00,MACH-C,51.46,2.81
2023-01-18 05:00:00,MACH-C,50.48,3.11
2023-01-18 06:00:00,MACH-C,52.95,2.21
2023-01-18 07:00:00,MACH-C,45.85,1.05
2023-01-18 08:00:00,MACH-C,46.5,2.44
2023-01-18 09:00:00,MACH-C,54.81,1.87
2023-01-18 10:00:00,MACH-C,57.76,1.15
2023-01-18 11:00:00,MACH-C,58.81,2.35
2023-01-18 12:00:00,MACH-C,48.05,2.22
2023-01-18 13:00:00,MACH-C,51.23,1.6
2023-01-18 14:00:00,MACH-C,43.94,1.41
2023-01-18 15:00:00,MACH-C,57.87,2.7
2023-01-18 16:00:00,MACH-C,40.55,2.25
2023-01-18 17:00:00,MACH-C,52.22,1.6
2023-01-18 18:00:00,MACH-C,58.79,2.33
2023-01-18 19:00:00,MACH-C,51.26,1.79
2023-01-18 20:00:00,MACH-C,53.0,2.27
2023-01-18 21:00:00,MACH-C,47.27,2.16
2023-01-18 22:00:00,MACH-C,31.46,0.72
2023-01-18 23:00:00,MACH-C,43.26,2.05
2023-01-19 00:00:00,MACH-C,50.44,1.92
2023-01-19 01:00:00,MACH-C,43.11,1.63
2023-01-19 02:00:00,MACH-C,54.85,1.37
2023-01-19 03:00:00,MACH-C,35.36,1.89
2023-01-19 04:00:00,MACH-C,30.63,1.82
2023-01-19 05:00:00,MACH-C,56.95,2.33
2023-01-19 06:00:00,MACH-C,46.88,1.93
2023-01-19 07:00:00,MACH-C,53.46,2.04
2023-01-19 08:00:00,MACH-C,44.79,2.16
2023-01-19 09:00:00,MACH-C,55.65,1.77
2023-01-19 10:00:00,MACH-C,63.57,1.5
2023-01-19 11:00:00,MACH-C,64.28,3.11
2023-01-19 12:00:00,MACH-C,43.52,1.96
2023-01-19 13:00:00,MACH-C,45.78,1.9
2023-01-19 14:00:00,MACH-C,51.7,2.71
2023-01-19 15:00:00,MACH-C,68.71,2.94
2023-01-19 16:00:00,MACH-C,38.47,2.72
2023-01-19 17:00:00,MACH-C,38.54,1.8
2023-01-19 18:00:00,MACH-C,58.69,2.17
2023-01-19 19:00:00,MACH-C,43.34,2.29
2023-01-19 20:00:00,MACH-C,56.59,3.12
2023-01-19 21:00:00,MACH-C,44.15,2.21
2023-01-19 22:00:00,MACH-C,53.52,2.23
2023-01-19 23:00:00,MACH-C,44.9,1.49
2023-01-20 00:00:00,MACH-C,39.95,1.37
2023-01-20 01:00:00,MACH-C,51.46,2.68
2023-01-20 02:00:00,MACH-C,37.87,2.17
2023-01-20 03:00:00,MACH-C,54.56,2.22
2023-01-20 04:00:00,MACH-C,47.66,2.54
2023-01-20 05:00:00,MACH-C,36.39,2.43
2023-01-20 06:00:00,MACH-C,53.0,2.36
2023-01-20 07:00:00,MACH-C,52.79,2.32
2023-01-20 08:00:00,MACH-C,26.48,2.07
2023-01-20 09:00:00,MACH-C,49.49,2.1
2023-01-20 10:00:00,MACH-C,50.1,2.46
2023-01-20 11:00:00,MACH-C,50.93,1.53
2023-01-20 12:00:00,MACH-C,31.81,1.47
2023-01-20 13:00:00,MACH-C,53.54,2.04
2023-01-20 14:00:00,MACH-C,55.13,2.07
2023-01-20 15:00:00,MACH-C,40.62,2.36
2023-01-20 16:00:00,MACH-C,36.01,1.89
2023-01-20 17:00:00,MACH-C,40.21,1.61
2023-01-20 18:00:00,MACH-C,51.29,2.3
2023-01-20 19:00:00,MACH-C,37.62,2.67
2023-01-20 20:00:00,MACH-C,36.46,2.18
2023-01-20 21:00:00,MACH-C,70.99,1.27
2023-01-20 22:00:00,MACH-C,49.95,2.14
2023-01-20 23:00:00,MACH-C,46.89,1.03
2023-01-21 00:00:00,MACH-C,43.3,1.98
2023-01-21 01:00:00,MACH-C,45.77,1.0
2023-01-21 02:00:00,MACH-C,68.02,1.78
2023-01-21 03:00:00,MACH-C,58.16,2.26
2023-01-21 04:00:00,MACH-C,73.87,1.86
2023-01-21 05:00:00,MACH-C,53.92,2.57
2023-01-21 06:00:00,MACH-C,40.44,2.11
2023-01-21 07:00:00,MACH-C,52.71,1.44
2023-01-21 08:00:00,MACH-C,55.49,2.45
2023-01-21 09:00:00,MACH-C,56.14,2.34
2023-01-21 10:00:00,MACH-C,45.58,2.64
2023-01-21 11:00:00,MACH-C,68.04,2.35
2023-01-21 12:00:00,MACH-C,37.3,2.23
2023-01-21 13:00:00,MACH-C,53.39,1.5
2023-01-21 14:00:00,MACH-C,47.08,2.41
2023-01-21 15:00:00,MACH-C,42.23,1.93
2023-01-21 16:00:00,MACH-C,52.47,2.4
2023-01-21 17:00:00,MACH-C,62.57,3.12
2023-01-21 18:00:00,MACH-C,54.04,2.6
2023-01-21 19:00:00,MACH-C,52.73,2.14
2023-01-21 20:00:00,MACH-C,29.8,2.04
2023-01-21 21:00:00,MACH-C,59.21,1.79
2023-01-21 22:00:00,MACH-C,45.94,0.84
2023-01-21 23:00:00,MACH-C,55.34,2.02
2023-01-22 00:00:00,MACH-C,82.49,5.0
2023-01-22 01:00:00,MACH-C,51.93,2.16
2023-01-22 02:00:00,MACH-C,29.99,1.74
2023-01-22 03:00:00,MACH-C,64.17,2.11
2023-01-22 04:00:00,MACH-C,68.05,2.62
2023-01-22 05:00:00,MACH-C,58.13,2.08
2023-01-22 06:00:00,MACH-C,42.74,1.46
2023-01-22 07:00:00,MACH-C,62.3,1.58
2023-01-22 08:00:00,MACH-C,47.18,2.35
2023-01-22 09:00:00,MACH-C,49.33,2.38
2023-01-22 10:00:00,MACH-C,61.98,1.56
2023-01-22 11:00:00,MACH-C,56.47,1.99
2023-01-22 12:00:00,MACH-C,26.47,2.45
2023-01-22 13:00:00,MACH-C,52.08,2.86
2023-01-22 14:00:00,MACH-C,61.85,2.09
2023-01-22 15:00:00,MACH-C,36.36,1.9
2023-01-22 16:00:00,MACH-C,59.77,1.82
2023-01-22 17:00:00,MACH-C,33.3,2.07
2023-01-22 18:00:00,MACH-C,47.85,2.69
2023-01-22 19:00:00,MACH-C,55.41,2.07
2023-01-22 20:00:00,MACH-C,47.47,2.25
2023-01-22 21:00:00,MACH-C,61.78,1.29
2023-01-22 22:00:00,MACH-C,82.0,3.51
2023-01-22 23:00:00,MACH-C,58.15,2.67
2023-01-23 00:00:00,MACH-C,50.53,1.85
2023-01-23 01:00:00,MACH-C,41.47,1.95
2023-01-23 02:00:00,MACH-C,54.39,2.59
2023-01-23 03:00:00,MACH-C,49.3,3.47
2023-01-23 04:00:00,MACH-C,64.8,1.16
2023-01-23 05:00:00,MACH-C,55.83,1.74
2023-01-23 06:00:00,MACH-C,54.13,1.8
2023-01-23 07:00:00,MACH-C,43.27,2.52
2023-01-23 08:00:00,MACH-C,51.47,2.18
2023-01-23 09:00:00,MACH-C,44.25,1.74
2023-01-23 10:00:00,MACH-C,49.38,1.29
2023-01-23 11:00:00,MACH-C,62.45,2.51
2023-01-23 12:00:00,MACH-C,47.14,1.9
2023-01-23 13:00:00,MACH-C,35.54,1.42
2023-01-23 14:00:00,MACH-C,54.95,1.66
2023-01-23 15:00:00,MACH-C,57.87,1.79
2023-01-23 16:00:00,MACH-C,65.89,1.85
2023-01-23 17:00:00,MACH-C,58.64,1.48
2023-01-23 18:00:00,MACH-C,47.28,1.48
2023-01-23 19:00:00,MACH-C,52.61,3.18
2023-01-23 20:00:00,MACH-C,53.89,2.16
2023-01-23 21:00:00,MACH-C,54.34,1.79
2023-01-23 22:00:00,MACH-C,25.26,2.19
2023-01-23 23:00:00,MACH-C,44.27,2.08
2023-01-24 00:00:00,MACH-C,54.77,1.55
2023-01-24 01:00:00,MACH-C,60.99,1.04
2023-01-24 02:00:00,MACH-C,43.66,1.73
2023-01-24 03:00:00,MACH-C,45.85,1.91
2023-01-24 04:00:00,MACH-C,47.62,1.95
2023-01-24 05:00:00,MACH-C,48.65,1.08
2023-01-24 06:00:00,MACH-C,58.54,3.24
2023-01-24 07:00:00,MACH-C,42.62,3.2
2023-01-24 08:00:00,MACH-C,58.65,2.22
2023-01-24 09:00:00,MACH-C,64.19,2.01
2023-01-24 10:00:00,MACH-C,46.06,1.72
2023-01-24 11:00:00,MACH-C,45.7,2.29
2023-01-24 12:00:00,MACH-C,51.58,1.94
2023-01-24 13:00:00,MACH-C,44.14,2.63
2023-01-24 14:00:00,MACH-C,49.12,2.46
2023-01-24 15:00:00,MACH-C,35.3,1.57
2023-01-24 16:00:00,MACH-C,58.56,1.66
2023-01-24 17:00:00,MACH-C,66.63,2.48
2023-01-24 18:00:00,MACH-C,43.27,2.35
2023-01-24 19:00:00,MACH-C,33.54,1.44
2023-01-24 20:00:00,MACH-C,59.21,1.77
2023-01-24 21:00:00,MACH-C,45.82,1.92
2023-01-24 22:00:00,MACH-C,43.32,1.98
2023-01-24 23:00:00,MACH-C,48.78,1.96
2023-01-25 00:00:00,MACH-C,37.79,2.45
2023-01-25 01:00:00,MACH-C,54.82,2.07
2023-01-25 02:00:00,MACH-C,37.35,2.04
2023-01-25 03:00:00,MACH-C,38.16,1.62
2023-01-25 04:00:00,MACH-C,38.02,2.08
2023-01-25 05:00:00,MACH-C,51.64,1.99
2023-01-25 06:00:00,MACH-C,31.86,1.76
2023-01-25 07:00:00,MACH-C,70.88,1.42
2023-01-25 08:00:00,MACH-C,46.24,2.64
2023-01-25 09:00:00,MACH-C,28.84,2.89
2023-01-25 10:00:00,MACH-C,39.39,2.12
2023-01-25 11:00:00,MACH-C,55.99,2.72
2023-01-25 12:00:00,MACH-C,63.48,2.11
2023-01-25 13:00:00,MACH-C,51.63,1.31
2023-01-25 14:00:00,MACH-C,50.86,2.15
2023-01-25 15:00:00,MACH-C,34.7,1.83
2023-01-25 16:00:00,MACH-C,64.89,2.24
2023-01-25 17:00:00,MACH-C,55.56,2.79
2023-01-25 18:00:00,MACH-C,53.21,1.75
2023-01-25 19:00:00,MACH-C,50.17,2.19
2023-01-25 20:00:00,MACH-C,55.31,2.43
2023-01-25 21:00:00,MACH-C,42.0,2.68
2023-01-25 22:00:00,MACH-C,59.39,2.49
2023-01-25 23:00:00,MACH-C,58.03,1.44
2023-01-26 00:00:00,MACH-C,49.02,1.44
2023-01-26 01:00:00,MACH-C,47.28,2.38
2023-01-26 02:00:00,MACH-C,28.42,1.81
2023-01-26 03:00:00,MACH-C,32.68,1.51
2023-01-26 04:00:00,MACH-C,55.46,2.59
2023-01-26 05:00:00,MACH-C,59.05,1.82
2023-01-26 06:00:00,MACH-C,60.7,2.82
2023-01-26 07:00:00,MACH-C,36.53,1.78
2023-01-26 08:00:00,MACH-C,72.93,1.63
2023-01-26 09:00:00,MACH-C,60.0,1.97
2023-01-26 10:00:00,MACH-C,44.27,2.38
2023-01-26 11:00:00,MACH-C,51.63,2.15
2023-01-26 12:00:00,MACH-C,33.03,2.95
2023-01-26 13:00:00,MACH-C,43.83,2.09
2023-01-26 14:00:00,MACH-C,55.38,1.91
2023-01-26 15:00:00,MACH-C,50.63,2.75
2023-01-26 16:00:00,MACH-C,67.43,2.3
2023-01-26 17:00:00,MACH-C,35.21,1.79
2023-01-26 18:00:00,MACH-C,48.83,2.12
2023-01-26 19:00:00,MACH-C,38.63,2.11
2023-01-26 20:00:00,MACH-C,65.35,1.9
2023-01-26 21:00:00,MACH-C,52.65,2.09
2023-01-26 22:00:00,MACH-C,50.08,1.36
2023-01-26 23:00:00,MACH-C,48.67,1.82
2023-01-27 00:00:00,MACH-C,41.23,2.22
2023-01-27 01:00:00,MACH-C,61.98,1.74
2023-01-27 02:00:00,MACH-C,51.71,1.55
2023-01-27 03:00:00,MACH-C,52.45,1.98
2023-01-27 04:00:00,MACH-C,55.82,1.76
2023-01-27 05:00:00,MACH-C,41.38,1.34
2023-01-27 06:00:00,MACH-C,69.95,1.35
2023-01-27 07:00:00,MACH-C,65.7,2.2
2023-01-27 08:00:00,MACH-C,49.64,2.05
2023-01-27 09:00:00,MACH-C,46.99,2.16
2023-01-27 10:00:00,MACH-C,56.4,1.85
2023-01-27 11:00:00,MACH-C,61.2,1.24
2023-01-27 12:00:00,MACH-C,67.5,1.56
2023-01-27 13:00:00,MACH-C,56.45,1.84
2023-01-27 14:00:00,MACH-C,51.37,2.22
2023-01-27 15:00:00,MACH-C,51.37,1.13
2023-01-27 16:00:00,MACH-C,31.19,0.84
2023-01-27 17:00:00,MACH-C,45.7,2.72
2023-01-27 18:00:00,MACH-C,53.61,2.3
2023-01-27 19:00:00,MACH-C,27.42,1.56
2023-01-27 20:00:00,MACH-C,51.8,1.88
2023-01-27 21:00:00,MACH-C,41.88,1.79
2023-01-27 22:00:00,MACH-C,65.77,2.14
2023-01-27 23:00:00,MACH-C,47.15,1.75
2023-01-28 00:00:00,MACH-C,47.36,1.43
2023-01-28 01:00:00,MACH-C,48.63,2.24
2023-01-28 02:00:00,MACH-C,49.95,2.91
2023-01-28 03:00:00,MACH-C,57.93,2.26
2023-01-28 04:00:00,MACH-C,46.56,2.04
2023-01-28 05:00:00,MACH-C,50.23,1.89
2023-01-28 06:00:00,MACH-C,57.99,1.61
2023-01-28 07:00:00,MACH-C,50.09,1.8
2023-01-28 08:00:00,MACH-C,56.55,2.2
2023-01-28 09:00:00,MACH-C,45.54,2.59
2023-01-28 10:00:00,MACH-C,53.51,2.62
2023-01-28 11:00:00,MACH-C,63.09,2.09
2023-01-28 12:00:00,MACH-C,56.02,2.09
2023-01-28 13:00:00,MACH-C,31.29,2.03
2023-01-28 14:00:00,MACH-C,55.55,2.29
2023-01-28 15:00:00,MACH-C,38.46,2.02
2023-01-28 16:00:00,MACH-C,40.75,2.03
2023-01-28 17:00:00,MACH-C,54.92,1.57
2023-01-28 18:00:00,MACH-C,40.3,1.56
2023-01-28 19:00:00,MACH-C,38.9,1.65
2023-01-28 20:00:00,MACH-C,49.97,2.12
2023-01-28 21:00:00,MACH-C,43.87,1.85
2023-01-28 22:00:00,MACH-C,33.7,3.29
2023-01-28 23:00:00,MACH-C,55.55,2.19
2023-01-29 00:00:00,MACH-C,59.85,2.79
2023-01-29 01:00:00,MACH-C,59.05,2.74
2023-01-29 02:00:00,MACH-C,41.02,2.21
2023-01-29 03:00:00,MACH-C,54.11,1.98
2023-01-29 04:00:00,MACH-C,45.06,1.55
2023-01-29 05:00:00,MACH-C,37.33,1.7
2023-01-29 06:00:00,MACH-C,42.53,2.42
2023-01-29 07:00:00,MACH-C,21.81,2.13
2023-01-29 08:00:00,MACH-C,39.43,1.68
2023-01-29 09:00:00,MACH-C,35.33,1.9
2023-01-29 10:00:00,MACH-C,52.03,2.16
2023-01-29 11:00:00,MACH-C,52.91,2.01
2023-01-29 12:00:00,MACH-C,33.1,1.88
2023-01-29 13:00:00,MACH-C,58.28,1.97
2023-01-29 14:00:00,MACH-C,43.92,0.79
2023-01-29 15:00:00,MACH-C,39.31,2.01
2023-01-29 16:00:00,MACH-C,32.1,1.47
2023-01-29 17:00:00,MACH-C,41.99,2.18
2023-01-29 18:00:00,MACH-C,48.61,2.07
2023-01-29 19:00:00,MACH-C,59.96,2.37
2023-01-29 20:00:00,MACH-C,48.95,2.38
2023-01-29 21:00:00,MACH-C,46.85,2.86
2023-01-29 22:00:00,MACH-C,55.8,1.01
2023-01-29 23:00:00,MACH-C,51.4,1.94
2023-01-30 00:00:00,MACH-C,34.95,0.98
2023-01-30 01:00:00,MACH-C,45.63,2.25
2023-01-30 02:00:00,MACH-C,44.25,1.92
2023-01-30 03:00:00,MACH-C,48.5,1.76
2023-01-30 04:00:00,MACH-C,45.25,2.13
2023-01-30 05:00:00,MACH-C,41.94,1.47
2023-01-30 06:00:00,MACH-C,64.65,2.92
2023-01-30 07:00:00,MACH-C,49.55,1.88
2023-01-30 08:00:00,MACH-C,54.77,2.04
2023-01-30 09:00:00,MACH-C,48.83,1.94
2023-01-30 10:00:00,MACH-C,58.15,2.46
2023-01-30 11:00:00,MACH-C,49.09,1.4
2023-01-30 12:00:00,MACH-C,59.72,2.41
2023-01-30 13:00:00,MACH-C,21.3,1.74
2023-01-30 14:00:00,MACH-C,51.0,1.75
2023-01-30 15:00:00,MACH-C,52.61,2.44
2023-01-30 16:00:00,MACH-C,53.05,1.87
2023-01-30 17:00:00,MACH-C,39.16,2.31
2023-01-30 18:00:00,MACH-C,42.77,2.32
2023-01-30 19:00:00,MACH-C,39.57,1.83
2023-01-30 20:00:00,MACH-C,54.87,2.12
2023-01-30 21:00:00,MACH-C,59.04,1.76
2023-01-30 22:00:00,MACH-C,33.56,1.99
2023-01-30 23:00:00,MACH-C,52.05,2.24
2023-01-31 00:00:00,MACH-C,41.35,1.52
2023-01-31 01:00:00,MACH-C,67.48,2.22
2023-01-31 02:00:00,MACH-C,55.63,2.16
2023-01-31 03:00:00,MACH-C,46.48,1.26
2023-01-31 04:00:00,MACH-C,48.65,1.63
2023-01-31 05:00:00,MACH-C,62.97,1.65
2023-01-31 06:00:00,MACH-C,50.57,1.78
2023-01-31 07:00:00,MACH-C,32.11,1.52
2023-01-31 08:00:00,MACH-C,65.17,2.47
2023-01-31 09:00:00,MACH-C,58.13,2.53
2023-01-31 10:00:00,MACH-C,44.63,1.61
2023-01-31 11:00:00,MACH-C,56.01,1.42
2023-01-31 12:00:00,MACH-C,43.87,1.99
2023-01-31 13:00:00,MACH-C,43.6,2.67
2023-01-31 14:00:00,MACH-C,48.79,3.08
2023-01-31 15:00:00,MACH-C,56.0,1.66
2023-01-31 16:00:00,MACH-C,54.7,0.86
2023-01-31 17:00:00,MACH-C,59.38,1.26
2023-01-31 18:00:00,MACH-C,54.75,1.11
2023-01-31 19:00:00,MACH-C,64.53,2.21
2023-01-31 20:00:00,MACH-C,67.24,2.05
2023-01-31 21:00:00,MACH-C,53.02,2.11
2023-01-31 22:00:00,MACH-C,46.64,2.56
2023-01-31 23:00:00,MACH-C,48.21,2.81
2023-02-01 00:00:00,MACH-C,30.75,2.42
2023-02-01 01:00:00,MACH-C,50.21,2.37
2023-02-01 02:00:00,MACH-C,43.83,1.26
2023-02-01 03:00:00,MACH-C,42.95,1.75
2023-02-01 04:00:00,MACH-C,49.62,2.69
2023-02-01 05:00:00,MACH-C,29.01,1.73
2023-02-01 06:00:00,MACH-C,48.21,2.55
2023-02-01 07:00:00,MACH-C,52.04,2.06
2023-02-01 08:00:00,MACH-C,34.64,2.39
2023-02-01 09:00:00,MACH-C,63.54,1.56
2023-02-01 10:00:00,MACH-C,54.43,2.38
2023-02-01 11:00:00,MACH-C,62.91,1.68
2023-02-01 12:00:00,MACH-C,54.34,2.12
2023-02-01 13:00:00,MACH-C,53.61,1.99
2023-02-01 14:00:00,MACH-C,65.22,2.6
2023-02-01 15:00:00,MACH-C,63.15,2.42
2023-02-01 16:00:00,MACH-C,69.42,1.12
2023-02-01 17:00:00,MACH-C,48.76,1.59
2023-02-01 18:00:00,MACH-C,42.05,1.68
2023-02-01 19:00:00,MACH-C,38.42,2.35
2023-02-01 20:00:00,MACH-C,40.23,1.75
2023-02-01 21:00:00,MACH-C,56.78,1.46
2023-02-01 22:00:00,MACH-C,77.26,1.32
2023-02-01 23:00:00,MACH-C,65.09,2.36
2023-02-02 00:00:00,MACH-C,48.2,0.96
2023-02-02 01:00:00,MACH-C,57.66,2.53
2023-02-02 02:00:00,MACH-C,44.47,1.36
2023-02-02 03:00:00,MACH-C,45.09,1.78
2023-02-02 04:00:00,MACH-C,39.66,1.42
2023-02-02 05:00:00,MACH-C,40.32,1.54
2023-02-02 06:00:00,MACH-C,55.55,1.89
2023-02-02 07:00:00,MACH-C,64.83,1.93
2023-02-02 08:00:00,MACH-C,60.41,1.23
2023-02-02 09:00:00,MACH-C,64.58,1.8
2023-02-02 10:00:00,MACH-C,57.84,2.05
2023-02-02 11:00:00,MACH-C,49.66,2.23
2023-02-02 12:00:00,MACH-C,44.74,0.98
2023-02-02 13:00:00,MACH-C,55.77,1.76
2023-02-02 14:00:00,MACH-C,33.2,0.97
2023-02-02 15:00:00,MACH-C,43.95,1.75
2023-02-02 16:00:00,MACH-C,42.12,1.78
2023-02-02 17:00:00,MACH-C,62.44,2.31
2023-02-02 18:00:00,MACH-C,36.22,2.49
2023-02-02 19:00:00,MACH-C,59.3,1.49
2023-02-02 20:00:00,MACH-C,53.87,2.15
2023-02-02 21:00:00,MACH-C,54.0,2.33
2023-02-02 22:00:00,MACH-C,45.32,1.63
2023-02-02 23:00:00,MACH-C,35.37,2.39
2023-02-03 00:00:00,MACH-C,55.0,2.07
2023-02-03 01:00:00,MACH-C,58.86,1.86
2023-02-03 02:00:00,MACH-C,54.97,2.07
2023-02-03 03:00:00,MACH-C,48.56,1.21
2023-02-03 04:00:00,MACH-C,38.62,2.07
2023-02-03 05:00:00,MACH-C,43.77,1.58
2023-02-03 06:00:00,MACH-C,54.5,2.01
2023-02-03 07:00:00,MACH-C,42.1,1.8
2023-02-03 08:00:00,MACH-C,40.38,2.14
2023-02-03 09:00:00,MACH-C,35.53,2.6
2023-02-03 10:00:00,MACH-C,55.35,2.06
2023-02-03 11:00:00,MACH-C,55.14,2.5
2023-02-03 12:00:00,MACH-C,61.54,1.49
2023-02-03 13:00:00,MACH-C,28.56,2.72
2023-02-03 14:00:00,MACH-C,61.72,1.49
2023-02-03 15:00:00,MACH-C,61.13,1.37
2023-02-03 16:00:00,MACH-C,62.09,1.86
2023-02-03 17:00:00,MACH-C,51.2,1.78
2023-02-03 18:00:00,MACH-C,52.22,1.21
2023-02-03 19:00:00,MACH-C,52.17,1.44
2023-02-03 20:00:00,MACH-C,40.87,0.2
2023-02-03 21:00:00,MACH-C,41.29,1.32
2023-02-03 22:00:00,MACH-C,52.26,1.67
2023-02-03 23:00:00,MACH-C,47.51,2.74
2023-02-04 00:00:00,MACH-C,57.16,2.36
2023-02-04 01:00:00,MACH-C,46.43,2.16
2023-02-04 02:00:00,MACH-C,35.31,3.08
2023-02-04 03:00:00,MACH-C,35.78,1.1
2023-02-04 04:00:00,MACH-C,42.39,1.97
2023-02-04 05:00:00,MACH-C,57.26,3.02
2023-02-04 06:00:00,MACH-C,44.81,1.75
2023-02-04 07:00:00,MACH-C,52.98,1.59
2023-02-04 08:00:00,MACH-C,33.28,2.41
2023-02-04 09:00:00,MACH-C,51.62,1.72
2023-02-04 10:00:00,MACH-C,50.38,2.63
2023-02-04 11:00:00,MACH-C,61.9,2.42
2023-02-04 12:00:00,MACH-C,51.54,1.9
2023-02-04 13:00:00,MACH-C,57.63,2.49
2023-02-04 14:00:00,MACH-C,69.46,1.88
2023-02-04 15:00:00,MACH-C,50.4,2.07
2023-02-04 16:00:00,MACH-C,65.34,2.29
2023-02-04 17:00:00,MACH-C,51.24,1.81
2023-02-04 18:00:00,MACH-C,44.66,2.76
2023-02-04 19:00:00,MACH-C,48.91,2.03
2023-02-04 20:00:00,MACH-C,44.93,2.14
2023-02-04 21:00:00,MACH-C,45.29,1.34
2023-02-04 22:00:00,MACH-C,44.27,1.68
2023-02-04 23:00:00,MACH-C,46.97,2.08
2023-02-05 00:00:00,MACH-C,57.11,2.43
2023-02-05 01:00:00,MACH-C,32.99,2.71
2023-02-05 02:00:00,MACH-C,52.87,1.47
2023-02-05 03:00:00,MACH-C,51.2,1.59
2023-02-05 04:00:00,MACH-C,63.84,1.39
2023-02-05 05:00:00,MACH-C,46.34,2.25
2023-02-05 06:00:00,MACH-C,61.32,2.71
2023-02-05 07:00:00,MACH-C,41.4,1.92
2023-02-05 08:00:00,MACH-C,45.45,2.03
2023-02-05 09:00:00,MACH-C,54.17,2.07
2023-02-05 10:00:00,MACH-C,56.08,1.77
2023-02-05 11:00:00,MACH-C,47.35,1.39
2023-02-05 12:00:00,MACH-C,52.23,2.53
2023-02-05 13:00:00,MACH-C,48.36,2.08
2023-02-05 14:00:00,MACH-C,57.91,1.73
2023-02-05 15:00:00,MACH-C,48.53,3.5
2023-02-05 16:00:00,MACH-C,47.77,2.0
2023-02-05 17:00:00,MACH-C,59.91,1.14
2023-02-05 18:00:00,MACH-C,52.1,2.33
2023-02-05 19:00:00,MACH-C,56.68,1.08
2023-02-05 20:00:00,MACH-C,74.99,2.23
2023-02-05 21:00:00,MACH-C,30.15,2.22
2023-02-05 22:00:00,MACH-C,39.73,2.69
2023-02-05 23:00:00,MACH-C,40.72,1.5
2023-02-06 00:00:00,MACH-C,41.46,1.85
2023-02-06 01:00:00,MACH-C,64.23,1.97
2023-02-06 02:00:00,MACH-C,23.33,2.43
2023-02-06 03:00:00,MACH-C,54.82,2.22
2023-02-06 04:00:00,MACH-C,34.67,2.26
2023-02-06 05:00:00,MACH-C,50.26,2.61
2023-02-06 06:00:00,MACH-C,52.59,1.89
2023-02-06 07:00:00,MACH-C,59.06,2.73
2023-02-06 08:00:00,MACH-C,47.34,1.96
2023-02-06 09:00:00,MACH-C,48.27,2.45
2023-02-06 10:00:00,MACH-C,29.5,1.75
2023-02-06 11:00:00,MACH-C,72.8,2.3
2023-02-06 12:00:00,MACH-C,53.06,2.58
2023-02-06 13:00:00,MACH-C,54.39,1.46
2023-02-06 14:00:00,MACH-C,60.73,2.47
2023-02-06 15:00:00,MACH-C,49.33,2.09
2023-02-06 16:00:00,MACH-C,54.24,3.02
2023-02-06 17:00:00,MACH-C,57.15,1.87
2023-02-06 18:00:00,MACH-C,35.25,2.15
2023-02-06 19:00:00,MACH-C,55.31,1.92
2023-02-06 20:00:00,MACH-C,70.75,2.33
2023-02-06 21:00:00,MACH-C,67.47,0.91
2023-02-06 22:00:00,MACH-C,65.32,1.29
2023-02-06 23:00:00,MACH-C,69.11,2.33
2023-02-07 00:00:00,MACH-C,37.4,2.01
2023-02-07 01:00:00,MACH-C,44.75,1.0
2023-02-07 02:00:00,MACH-C,40.89,1.68
2023-02-07 03:00:00,MACH-C,84.95,1.8
2023-02-07 04:00:00,MACH-C,52.44,1.76
2023-02-07 05:00:00,MACH-C,35.86,2.47
2023-02-07 06:00:00,MACH-C,38.98,2.63
2023-02-07 07:00:00,MACH-C,51.07,0.88
2023-02-07 08:00:00,MACH-C,36.37,1.94
2023-02-07 09:00:00,MACH-C,68.69,2.06
2023-02-07 10:00:00,MACH-C,57.91,1.26
2023-02-07 11:00:00,MACH-C,53.13,2.63
2023-02-07 12:00:00,MACH-C,39.46,2.19
2023-02-07 13:00:00,MACH-C,36.79,2.43
2023-02-07 14:00:00,MACH-C,53.49,1.78
2023-02-07 15:00:00,MACH-C,51.37,1.61
2023-02-07 16:00:00,MACH-C,37.17,1.72
2023-02-07 17:00:00,MACH-C,49.46,1.94
2023-02-07 18:00:00,MACH-C,49.49,1.79
2023-02-07 19:00:00,MACH-C,57.38,2.45
2023-02-07 20:00:00,MACH-C,71.06,3.33
2023-02-07 21:00:00,MACH-C,29.2,2.29
2023-02-07 22:00:00,MACH-C,58.01,1.03
2023-02-07 23:00:00,MACH-C,43.04,2.08
2023-02-08 00:00:00,MACH-C,54.22,1.41
2023-02-08 01:00:00,MACH-C,51.31,1.8
2023-02-08 02:00:00,MACH-C,55.0,1.98
2023-02-08 03:00:00,MACH-C,37.57,1.87
2023-02-08 04:00:00,MACH-C,59.7,1.48
2023-02-08 05:00:00,MACH-C,50.41,2.26
2023-02-08 06:00:00,MACH-C,63.92,1.0
2023-02-08 07:00:00,MACH-C,65.92,2.19
2023-02-08 08:00:00,MACH-C,52.37,1.55
2023-02-08 09:00:00,MACH-C,59.9,2.14
2023-02-08 10:00:00,MACH-C,59.03,1.33
2023-02-08 11:00:00,MACH-C,63.39,2.12
2023-02-08 12:00:00,MACH-C,62.66,2.69
2023-02-08 13:00:00,MACH-C,38.36,1.7
2023-02-08 14:00:00,MACH-C,52.78,1.69
2023-02-08 15:00:00,MACH-C,36.12,2.22
2023-02-08 16:00:00,MACH-C,44.78,2.11
2023-02-08 17:00:00,MACH-C,45.19,1.31
2023-02-08 18:00:00,MACH-C,55.85,2.55
2023-02-08 19:00:00,MACH-C,47.7,2.4
2023-02-08 20:00:00,MACH-C,48.4,2.64
2023-02-08 21:00:00,MACH-C,59.99,2.27
2023-02-08 22:00:00,MACH-C,58.79,2.94
2023-02-08 23:00:00,MACH-C,52.76,1.06
2023-02-09 00:00:00,MACH-C,57.49,2.76
2023-02-09 01:00:00,MACH-C,56.46,1.81
2023-02-09 02:00:00,MACH-C,69.65,1.73
2023-02-09 03:00:00,MACH-C,47.91,1.64
2023-02-09 04:00:00,MACH-C,42.48,2.25
2023-02-09 05:00:00,MACH-C,52.04,2.4
2023-02-09 06:00:00,MACH-C,40.5,1.77
2023-02-09 07:00:00,MACH-C,46.32,2.14
2023-02-09 08:00:00,MACH-C,54.5,3.38
2023-02-09 09:00:00,MACH-C,44.93,1.67
2023-02-09 10:00:00,MACH-C,47.72,1.8
2023-02-09 11:00:00,MACH-C,47.27,2.71
2023-02-09 12:00:00,MACH-C,45.67,1.21
2023-02-09 13:00:00,MACH-C,39.04,2.12
2023-02-09 14:00:00,MACH-C,60.12,0.79
2023-02-09 15:00:00,MACH-C,63.7,1.31
2023-02-09 16:00:00,MACH-C,59.52,1.4
2023-02-09 17:00:00,MACH-C,59.43,1.56
2023-02-09 18:00:00,MACH-C,45.84,1.38
2023-02-09 19:00:00,MACH-C,51.75,2.1
2023-02-09 20:00:00,MACH-C,42.21,2.7
2023-02-09 21:00:00,MACH-C,48.65,3.02
2023-02-09 22:00:00,MACH-C,49.54,1.49
2023-02-09 23:00:00,MACH-C,36.15,2.36
2023-02-10 00:00:00,MACH-C,51.32,2.6
2023-02-10 01:00:00,MACH-C,44.69,2.06
2023-02-10 02:00:00,MACH-C,52.65,2.35
2023-02-10 03:00:00,MACH-C,47.65,2.23
2023-02-10 04:00:00,MACH-C,53.46,2.23
2023-02-10 05:00:00,MACH-C,56.98,1.63
2023-02-10 06:00:00,MACH-C,37.47,1.0
2023-02-10 07:00:00,MACH-C,46.8,1.83
2023-02-10 08:00:00,MACH-C,43.52,1.62
2023-02-10 09:00:00,MACH-C,61.78,1.86
2023-02-10 10:00:00,MACH-C,66.98,2.48
2023-02-10 11:00:00,MACH-C,50.42,2.72
2023-02-10 12:00:00,MACH-C,54.04,2.08
2023-02-10 13:00:00,MACH-C,35.26,1.41
2023-02-10 14:00:00,MACH-C,53.03,1.81
2023-02-10 15:00:00,MACH-C,47.41,1.61
2023-02-10 16:00:00,MACH-C,63.59,2.06
2023-02-10 17:00:00,MACH-C,47.73,1.77
2023-02-10 18:00:00,MACH-C,41.79,2.45
2023-02-10 19:00:00,MACH-C,36.57,1.58
2023-02-10 20:00:00,MACH-C,51.81,3.09
2023-02-10 21:00:00,MACH-C,44.57,1.26
2023-02-10 22:00:00,MACH-C,62.17,2.15
2023-02-10 23:00:00,MACH-C,56.33,1.19
2023-02-11 00:00:00,MACH-C,48.99,2.52
2023-02-11 01:00:00,MACH-C,56.27,2.02
2023-02-11 02:00:00,MACH-C,67.43,2.1
2023-02-11 03:00:00,MACH-C,38.4,1.55
2023-02-11 04:00:00,MACH-C,43.65,2.54
2023-02-11 05:00:00,MACH-C,69.42,2.32
2023-02-11 06:00:00,MACH-C,42.46,1.73
2023-02-11 07:00:00,MACH-C,56.62,1.99
2023-02-11 08:00:00,MACH-C,61.87,1.55
2023-02-11 09:00:00,MACH-C,49.84,1.52
2023-02-11 10:00:00,MACH-C,56.89,1.69
2023-02-11 11:00:00,MACH-C,47.06,1.86
2023-02-11 12:00:00,MACH-C,68.17,2.0
2023-02-11 13:00:00,MACH-C,45.58,1.98
2023-02-11 14:00:00,MACH-C,40.45,1.57
2023-02-11 15:00:00,MACH-C,58.89,2.38
2023-02-11 16:00:00,MACH-C,57.1,2.54
2023-02-11 17:00:00,MACH-C,51.49,2.46
2023-02-11 18:00:00,MACH-C,50.33,2.35
2023-02-11 19:00:00,MACH-C,45.04,0.75
2023-02-11 20:00:00,MACH-C,42.65,1.5
2023-02-11 21:00:00,MACH-C,43.94,1.26
2023-02-11 22:00:00,MACH-C,53.13,1.11
2023-02-11 23:00:00,MACH-C,47.93,2.57
2023-02-12 00:00:00,MACH-C,35.09,2.85
2023-02-12 01:00:00,MACH-C,45.79,2.0
2023-02-12 02:00:00,MACH-C,47.87,2.24
2023-02-12 03:00:00,MACH-C,55.1,1.82
2023-02-12 04:00:00,MACH-C,52.92,2.58
2023-02-12 05:00:00,MACH-C,67.55,2.14
2023-02-12 06:00:00,MACH-C,40.2,1.74
2023-02-12 07:00:00,MACH-C,55.53,2.28
2023-02-12 08:00:00,MACH-C,56.35,1.91
2023-02-12 09:00:00,MACH-C,52.79,2.1
2023-02-12 10:00:00,MACH-C,47.03,2.35
2023-02-12 11:00:00,MACH-C,43.16,3.88
2023-02-12 12:00:00,MACH-C,49.59,2.89
2023-02-12 13:00:00,MACH-C,32.12,2.08
2023-02-12 14:00:00,MACH-C,40.76,1.53
2023-02-12 15:00:00,MACH-C,40.25,0.87
2023-02-12 16:00:00,MACH-C,55.04,2.64
2023-02-12 17:00:00,MACH-C,56.25,2.56
2023-02-12 18:00:00,MACH-C,39.28,1.69
2023-02-12 19:00:00,MACH-C,36.92,1.96
2023-02-12 20:00:00,MACH-C,35.37,2.1
2023-02-12 21:00:00,MACH-C,59.78,2.3
2023-02-12 22:00:00,MACH-C,59.15,2.83
2023-02-12 23:00:00,MACH-C,56.49,1.35
2023-02-13 00:00:00,MACH-C,65.03,2.34
2023-02-13 01:00:00,MACH-C,67.78,2.11
2023-02-13 02:00:00,MACH-C,40.07,1.74
2023-02-13 03:00:00,MACH-C,46.06,2.4
2023-02-13 04:00:00,MACH-C,57.8,1.94
2023-02-13 05:00:00,MACH-C,22.39,1.96
2023-02-13 06:00:00,MACH-C,47.49,2.16
2023-02-13 07:00:00,MACH-C,59.63,1.77
2023-02-13 08:00:00,MACH-C,46.51,2.33
2023-02-13 09:00:00,MACH-C,57.32,1.8
2023-02-13 10:00:00,MACH-C,30.0,2.85
2023-02-13 11:00:00,MACH-C,52.84,2.11
2023-02-13 12:00:00,MACH-C,45.39,1.66
2023-02-13 13:00:00,MACH-C,47.75,2.15
2023-02-13 14:00:00,MACH-C,40.52,2.49
2023-02-13 15:00:00,MACH-C,65.99,1.21
2023-02-13 16:00:00,MACH-C,50.69,2.63
2023-02-13 17:00:00,MACH-C,51.46,2.17
2023-02-13 18:00:00,MACH-C,70.62,1.98
2023-02-13 19:00:00,MACH-C,40.75,1.66
2023-02-13 20:00:00,MACH-C,51.4,2.17
2023-02-13 21:00:00,MACH-C,43.19,1.56
2023-02-13 22:00:00,MACH-C,42.7,1.01
2023-02-13 23:00:00,MACH-C,53.08,1.64
2023-02-14 00:00:00,MACH-C,47.18,1.86
2023-02-14 01:00:00,MACH-C,69.78,2.31
2023-02-14 02:00:00,MACH-C,67.82,1.89
2023-02-14 03:00:00,MACH-C,48.38,1.43
2023-02-14 04:00:00,MACH-C,34.59,1.67
2023-02-14 05:00:00,MACH-C,47.09,2.01
2023-02-14 06:00:00,MACH-C,60.48,2.32
2023-02-14 07:00:00,MACH-C,41.13,2.41
2023-02-14 08:00:00,MACH-C,66.05,1.32
2023-02-14 09:00:00,MACH-C,55.81,2.03
2023-02-14 10:00:00,MACH-C,38.29,2.39
2023-02-14 11:00:00,MACH-C,43.4,1.56
2023-02-14 12:00:00,MACH-C,44.81,2.9
2023-02-14 13:00:00,MACH-C,41.94,1.75
2023-02-14 14:00:00,MACH-C,38.55,2.51
2023-02-14 15:00:00,MACH-C,44.25,2.35
2023-02-14 16:00:00,MACH-C,46.19,1.66
2023-02-14 17:00:00,MACH-C,62.99,2.01
2023-02-14 18:00:00,MACH-C,54.39,2.68
2023-02-14 19:00:00,MACH-C,54.98,1.73
2023-02-14 20:00:00,MACH-C,53.5,2.09
2023-02-14 21:00:00,MACH-C,42.04,1.25
2023-02-14 22:00:00,MACH-C,61.47,2.18
2023-02-14 23:00:00,MACH-C,45.66,1.8
2023-02-15 00:00:00,MACH-C,46.64,2.26
2023-02-15 01:00:00,MACH-C,53.79,1.58
2023-02-15 02:00:00,MACH-C,75.0,2.16
2023-02-15 03:00:00,MACH-C,84.02,3.3
2023-02-15 04:00:00,MACH-C,33.71,0.68
2023-02-15 05:00:00,MACH-C,52.89,2.04
2023-02-15 06:00:00,MACH-C,56.84,2.63
2023-02-15 07:00:00,MACH-C,45.66,1.45
2023-02-15 08:00:00,MACH-C,44.06,1.68
2023-02-15 09:00:00,MACH-C,37.29,2.66
2023-02-15 10:00:00,MACH-C,53.37,2.28
2023-02-15 11:00:00,MACH-C,69.44,1.84
2023-02-15 12:00:00,MACH-C,67.12,2.15
2023-02-15 13:00:00,MACH-C,53.01,1.69
2023-02-15 14:00:00,MACH-C,45.84,3.24
2023-02-15 15:00:00,MACH-C,53.82,2.44
2023-02-15 16:00:00,MACH-C,46.75,2.85
2023-02-15 17:00:00,MACH-C,43.59,2.05
2023-02-15 18:00:00,MACH-C,51.63,1.36
2023-02-15 19:00:00,MACH-C,62.78,2.25
2023-02-15 20:00:00,MACH-C,48.11,2.63
2023-02-15 21:00:00,MACH-C,47.99,2.65
2023-02-15 22:00:00,MACH-C,47.35,1.16
2023-02-15 23:00:00,MACH-C,57.93,2.11
2023-02-16 00:00:00,MACH-C,58.52,1.2
2023-02-16 01:00:00,MACH-C,39.24,1.71
2023-02-16 02:00:00,MACH-C,48.23,2.29
2023-02-16 03:00:00,MACH-C,61.06,2.67
2023-02-16 04:00:00,MACH-C,46.65,2.11
2023-02-16 05:00:00,MACH-C,63.92,1.43
2023-02-16 06:00:00,MACH-C,56.86,2.3
2023-02-16 07:00:00,MACH-C,67.56,1.57
2023-02-16 08:00:00,MACH-C,46.89,1.85
2023-02-16 09:00:00,MACH-C,57.02,2.05
2023-02-16 10:00:00,MACH-C,57.33,1.67
2023-02-16 11:00:00,MACH-C,60.77,2.32
2023-02-16 12:00:00,MACH-C,53.53,2.38
2023-02-16 13:00:00,MACH-C,61.13,2.51
2023-02-16 14:00:00,MACH-C,43.69,2.71
2023-02-16 15:00:00,MACH-C,49.44,1.93
2023-02-16 16:00:00,MACH-C,35.12,1.39
2023-02-16 17:00:00,MACH-C,47.3,1.43
2023-02-16 18:00:00,MACH-C,41.49,2.87
2023-02-16 19:00:00,MACH-C,53.31,2.81
2023-02-16 20:00:00,MACH-C,59.86,2.67
2023-02-16 21:00:00,MACH-C,55.65,1.71
2023-02-16 22:00:00,MACH-C,57.8,2.84
2023-02-16 23:00:00,MACH-C,50.96,1.92
2023-02-17 00:00:00,MACH-C,48.59,2.17
2023-02-17 01:00:00,MACH-C,38.27,2.41
2023-02-17 02:00:00,MACH-C,30.75,2.63
2023-02-17 03:00:00,MACH-C,34.92,2.27
2023-02-17 04:00:00,MACH-C,43.37,2.69
2023-02-17 05:00:00,MACH-C,59.12,2.01
2023-02-17 06:00:00,MACH-C,37.71,1.9
2023-02-17 07:00:00,MACH-C,41.78,1.84
2023-02-17 08:00:00,MACH-C,45.3,1.43
2023-02-17 09:00:00,MACH-C,62.88,0.6
2023-02-17 10:00:00,MACH-C,49.62,2.52
2023-02-17 11:00:00,MACH-C,51.35,1.88
2023-02-17 12:00:00,MACH-C,54.11,2.37
2023-02-17 13:00:00,MACH-C,63.95,2.3
2023-02-17 14:00:00,MACH-C,50.84,2.08
2023-02-17 15:00:00,MACH-C,32.35,2.47
2023-02-17 16:00:00,MACH-C,51.27,2.54
2023-02-17 17:00:00,MACH-C,64.4,1.52
2023-02-17 18:00:00,MACH-C,56.41,2.77
2023-02-17 19:00:00,MACH-C,52.15,2.43
2023-02-17 20:00:00,MACH-C,53.54,1.56
2023-02-17 21:00:00,MACH-C,31.63,1.68
2023-02-17 22:00:00,MACH-C,30.23,1.38
2023-02-17 23:00:00,MACH-C,58.94,2.31
2023-02-18 00:00:00,MACH-C,62.86,1.91
2023-02-18 01:00:00,MACH-C,43.71,0.75
2023-02-18 02:00:00,MACH-C,51.93,1.72
2023-02-18 03:00:00,MACH-C,56.21,1.81
2023-02-18 04:00:00,MACH-C,66.6,2.05
2023-02-18 05:00:00,MACH-C,49.2,1.23
2023-02-18 06:00:00,MACH-C,57.38,2.06
2023-02-18 07:00:00,MACH-C,69.93,2.75
2023-02-18 08:00:00,MACH-C,47.2,2.09
2023-02-18 09:00:00,MACH-C,50.65,2.29
2023-02-18 10:00:00,MACH-C,38.94,2.78
2023-02-18 11:00:00,MACH-C,39.45,1.95
2023-02-18 12:00:00,MACH-C,58.75,1.94
2023-02-18 13:00:00,MACH-C,61.94,2.17
2023-02-18 14:00:00,MACH-C,61.64,1.56
2023-02-18 15:00:00,MACH-C,39.67,1.65
2023-02-18 16:00:00,MACH-C,47.94,0.98
2023-02-18 17:00:00,MACH-C,54.78,3.14
2023-02-18 18:00:00,MACH-C,27.24,2.42
2023-02-18 19:00:00,MACH-C,54.57,1.53
2023-02-18 20:00:00,MACH-C,68.8,2.51
2023-02-18 21:00:00,MACH-C,61.37,1.6
2023-02-18 22:00:00,MACH-C,25.9,2.03
2023-02-18 23:00:00,MACH-C,53.97,2.03
2023-02-19 00:00:00,MACH-C,52.16,1.78
2023-02-19 01:00:00,MACH-C,52.72,1.59
2023-02-19 02:00:00,MACH-C,51.07,2.6
2023-02-19 03:00:00,MACH-C,46.74,2.04
2023-02-19 04:00:00,MACH-C,26.75,2.84
2023-02-19 05:00:00,MACH-C,53.11,1.48
2023-02-19 06:00:00,MACH-C,56.27,1.76
2023-02-19 07:00:00,MACH-C,44.45,1.98
2023-02-19 08:00:00,MACH-C,62.59,2.55
2023-02-19 09:00:00,MACH-C,33.6,1.61
2023-02-19 10:00:00,MACH-C,32.75,2.29
2023-02-19 11:00:00,MACH-C,50.85,2.17
2023-02-19 12:00:00,MACH-C,43.18,2.71
2023-02-19 13:00:00,MACH-C,59.72,2.25
2023-02-19 14:00:00,MACH-C,45.72,1.1
2023-02-19 15:00:00,MACH-C,63.58,1.49
2023-02-19 16:00:00,MACH-C,42.78,1.52
2023-02-19 17:00:00,MACH-C,51.44,1.77
2023-02-19 18:00:00,MACH-C,30.16,2.66
2023-02-19 19:00:00,MACH-C,49.47,1.87
2023-02-19 20:00:00,MACH-C,50.73,2.02
2023-02-19 21:00:00,MACH-C,62.1,1.89
2023-02-19 22:00:00,MACH-C,34.89,2.27
2023-02-19 23:00:00,MACH-C,47.17,1.64
2023-02-20 00:00:00,MACH-C,64.53,1.91
2023-02-20 01:00:00,MACH-C,65.85,1.91
2023-02-20 02:00:00,MACH-C,41.66,1.96
2023-02-20 03:00:00,MACH-C,43.14,1.72
2023-02-20 04:00:00,MACH-C,33.0,1.33
2023-02-20 05:00:00,MACH-C,28.77,2.47
2023-02-20 06:00:00,MACH-C,46.11,1.94
2023-02-20 07:00:00,MACH-C,43.55,2.56
2023-02-20 08:00:00,MACH-C,70.62,2.24
2023-02-20 09:00:00,MACH-C,53.48,2.26
2023-02-20 10:00:00,MACH-C,47.91,2.57
2023-02-20 11:00:00,MACH-C,56.56,3.3
2023-02-20 12:00:00,MACH-C,60.28,2.65
2023-02-20 13:00:00,MACH-C,62.14,2.44
2023-02-20 14:00:00,MACH-C,52.6,2.15
2023-02-20 15:00:00,MACH-C,49.76,2.63
2023-02-20 16:00:00,MACH-C,51.58,1.63
2023-02-20 17:00:00,MACH-C,49.42,2.29
2023-02-20 18:00:00,MACH-C,44.71,2.64
2023-02-20 19:00:00,MACH-C,60.43,2.48
2023-02-20 20:00:00,MACH-C,48.07,1.96
2023-02-20 21:00:00,MACH-C,39.86,2.23
2023-02-20 22:00:00,MACH-C,50.21,1.84
2023-02-20 23:00:00,MACH-C,57.17,1.62
2023-02-21 00:00:00,MACH-C,35.44,2.73
2023-02-21 01:00:00,MACH-C,47.31,1.78
2023-02-21 02:00:00,MACH-C,41.98,1.78
2023-02-21 03:00:00,MACH-C,71.83,1.79
2023-02-21 04:00:00,MACH-C,50.92,1.65
2023-02-21 05:00:00,MACH-C,65.52,1.64
2023-02-21 06:00:00,MACH-C,52.44,1.14
2023-02-21 07:00:00,MACH-C,53.33,1.22
2023-02-21 08:00:00,MACH-C,49.39,1.9
2023-02-21 09:00:00,MACH-C,47.77,2.23
2023-02-21 10:00:00,MACH-C,49.26,1.16
2023-02-21 11:00:00,MACH-C,43.43,2.09
2023-02-21 12:00:00,MACH-C,49.89,2.64
2023-02-21 13:00:00,MACH-C,33.76,1.76
2023-02-21 14:00:00,MACH-C,51.73,1.51
2023-02-21 15:00:00,MACH-C,37.95,1.97
2023-02-21 16:00:00,MACH-C,50.94,2.26
2023-02-21 17:00:00,MACH-C,53.21,1.72
2023-02-21 18:00:00,MACH-C,64.17,2.48
2023-02-21 19:00:00,MACH-C,53.17,2.23
2023-02-21 20:00:00,MACH-C,47.34,2.87
2023-02-21 21:00:00,MACH-C,43.71,1.16
2023-02-21 22:00:00,MACH-C,57.16,1.29
2023-02-21 23:00:00,MACH-C,49.01,1.79
2023-02-22 00:00:00,MACH-C,42.48,1.33
2023-02-22 01:00:00,MACH-C,51.53,2.79
2023-02-22 02:00:00,MACH-C,31.43,2.12
2023-02-22 03:00:00,MACH-C,50.8,1.84
2023-02-22 04:00:00,MACH-C,42.2,2.78
2023-02-22 05:00:00,MACH-C,46.74,2.15
2023-02-22 06:00:00,MACH-C,69.94,1.9
2023-02-22 07:00:00,MACH-C,45.15,1.61
2023-02-22 08:00:00,MACH-C,57.9,2.28
2023-02-22 09:00:00,MACH-C,60.49,2.26
2023-02-22 10:00:00,MACH-C,58.54,2.34
2023-02-22 11:00:00,MACH-C,53.71,2.4
2023-02-22 12:00:00,MACH-C,38.92,2.73
2023-02-22 13:00:00,MACH-C,43.49,1.59
2023-02-22 14:00:00,MACH-C,38.34,3.12
2023-02-22 15:00:00,MACH-C,46.48,2.9
2023-02-22 16:00:00,MACH-C,46.6,2.86
2023-02-22 17:00:00,MACH-C,40.86,1.9
2023-02-22 18:00:00,MACH-C,55.47,1.64
2023-02-22 19:00:00,MACH-C,45.07,2.05
2023-02-22 20:00:00,MACH-C,46.37,2.14
2023-02-22 21:00:00,MACH-C,34.31,2.43
2023-02-22 22:00:00,MACH-C,50.69,1.92
2023-02-22 23:00:00,MACH-C,49.06,2.46
2023-02-23 00:00:00,MACH-C,44.01,1.83
2023-02-23 01:00:00,MACH-C,53.81,2.02
2023-02-23 02:00:00,MACH-C,51.19,2.36
2023-02-23 03:00:00,MACH-C,55.88,2.06
2023-02-23 04:00:00,MACH-C,56.33,1.66
2023-02-23 05:00:00,MACH-C,57.15,1.55
2023-02-23 06:00:00,MACH-C,66.69,2.53
2023-02-23 07:00:00,MACH-C,51.29,2.25
2023-02-23 08:00:00,MACH-C,40.54,2.69
2023-02-23 09:00:00,MACH-C,45.7,2.57
2023-02-23 10:00:00,MACH-C,45.97,1.86
2023-02-23 11:00:00,MACH-C,40.8,2.5
2023-02-23 12:00:00,MACH-C,24.87,2.18
2023-02-23 13:00:00,MACH-C,52.31,1.94
2023-02-23 14:00:00,MACH-C,50.34,3.32
2023-02-23 15:00:00,MACH-C,69.14,3.17
2023-02-23 16:00:00,MACH-C,68.5,2.33
2023-02-23 17:00:00,MACH-C,56.8,1.58
2023-02-23 18:00:00,MACH-C,55.63,1.76
2023-02-23 19:00:00,MACH-C,41.7,1.73
2023-02-23 20:00:00,MACH-C,51.89,2.41
2023-02-23 21:00:00,MACH-C,48.83,2.19
2023-02-23 22:00:00,MACH-C,51.46,1.84
2023-02-23 23:00:00,MACH-C,42.31,3.03
2023-02-24 00:00:00,MACH-C,54.19,1.79
2023-02-24 01:00:00,MACH-C,36.31,2.93
2023-02-24 02:00:00,MACH-C,80.35,2.59
2023-02-24 03:00:00,MACH-C,64.47,2.32
2023-02-24 04:00:00,MACH-C,63.27,1.61
2023-02-24 05:00:00,MACH-C,37.25,2.8
2023-02-24 06:00:00,MACH-C,33.79,2.99
2023-02-24 07:00:00,MACH-C,88.33,3.75
2023-02-24 08:00:00,MACH-C,46.96,2.62
2023-02-24 09:00:00,MACH-C,68.48,2.05
2023-02-24 10:00:00,MACH-C,56.28,2.75
2023-02-24 11:00:00,MACH-C,49.59,1.53
2023-02-24 12:00:00,MACH-C,64.8,2.49
2023-02-24 13:00:00,MACH-C,51.82,0.74
2023-02-24 14:00:00,MACH-C,52.29,1.42
2023-02-24 15:00:00,MACH-C,60.42,1.47
2023-02-24 16:00:00,MACH-C,43.23,2.01
2023-02-24 17:00:00,MACH-C,60.19,1.56
2023-02-24 18:00:00,MACH-C,55.66,1.56
2023-02-24 19:00:00,MACH-C,40.79,1.91
2023-02-24 20:00:00,MACH-C,69.58,1.94
2023-02-24 21:00:00,MACH-C,45.43,1.42
2023-02-24 22:00:00,MACH-C,33.66,1.33
2023-02-24 23:00:00,MACH-C,42.22,1.57
2023-02-25 00:00:00,MACH-C,39.64,2.5
2023-02-25 01:00:00,MACH-C,51.96,3.32
2023-02-25 02:00:00,MACH-C,66.23,2.73
2023-02-25 03:00:00,MACH-C,52.49,1.82
2023-02-25 04:00:00,MACH-C,65.86,2.21
2023-02-25 05:00:00,MACH-C,60.67,2.0
2023-02-25 06:00:00,MACH-C,23.34,1.93
2023-02-25 07:00:00,MACH-C,58.99,2.05
2023-02-25 08:00:00,MACH-C,44.19,2.14
2023-02-25 09:00:00,MACH-C,55.13,1.13
2023-02-25 10:00:00,MACH-C,49.42,1.69
2023-02-25 11:00:00,MACH-C,77.86,1.98
2023-02-25 12:00:00,MACH-C,54.36,3.19
2023-02-25 13:00:00,MACH-C,55.84,2.32
2023-02-25 14:00:00,MACH-C,60.78,2.55
2023-02-25 15:00:00,MACH-C,35.11,1.94
2023-02-25 16:00:00,MACH-C,60.83,2.72
2023-02-25 17:00:00,MACH-C,47.84,2.14
2023-02-25 18:00:00,MACH-C,43.09,2.41
2023-02-25 19:00:00,MACH-C,58.2,2.09
2023-02-25 20:00:00,MACH-C,35.12,2.28
2023-02-25 21:00:00,MACH-C,59.39,1.76
2023-02-25 22:00:00,MACH-C,48.43,2.91
2023-02-25 23:00:00,MACH-C,49.0,1.76
2023-02-26 00:00:00,MACH-C,27.56,1.53
2023-02-26 01:00:00,MACH-C,59.0,2.08
2023-02-26 02:00:00,MACH-C,52.48,2.94
2023-02-26 03:00:00,MACH-C,45.33,1.66
2023-02-26 04:00:00,MACH-C,40.73,1.91
2023-02-26 05:00:00,MACH-C,57.82,2.13
2023-02-26 06:00:00,MACH-C,53.48,1.34
2023-02-26 07:00:00,MACH-C,50.05,1.31
2023-02-26 08:00:00,MACH-C,40.12,2.56
2023-02-26 09:00:00,MACH-C,53.03,2.04
2023-02-26 10:00:00,MACH-C,52.43,1.47
2023-02-26 11:00:00,MACH-C,63.16,1.84
2023-02-26 12:00:00,MACH-C,38.03,1.72
2023-02-26 13:00:00,MACH-C,42.84,2.0
2023-02-26 14:00:00,MACH-C,69.44,2.1
2023-02-26 15:00:00,MACH-C,51.92,0.93
2023-02-26 16:00:00,MACH-C,52.53,2.67
2023-02-26 17:00:00,MACH-C,59.66,2.04
2023-02-26 18:00:00,MACH-C,68.12,1.68
2023-02-26 19:00:00,MACH-C,38.38,2.44
2023-02-26 20:00:00,MACH-C,71.82,1.48
2023-02-26 21:00:00,MACH-C,49.56,1.84
2023-02-26 22:00:00,MACH-C,52.64,1.39
2023-02-26 23:00:00,MACH-C,50.6,2.37
2023-02-27 00:00:00,MACH-C,64.98,2.6
2023-02-27 01:00:00,MACH-C,59.58,2.19
2023-02-27 02:00:00,MACH-C,48.55,1.91
2023-02-27 03:00:00,MACH-C,38.73,1.36
2023-02-27 04:00:00,MACH-C,47.57,1.77
2023-02-27 05:00:00,MACH-C,36.63,2.12
2023-02-27 06:00:00,MACH-C,58.91,1.71
2023-02-27 07:00:00,MACH-C,43.22,1.77
2023-02-27 08:00:00,MACH-C,48.98,1.44
2023-02-27 09:00:00,MACH-C,61.73,1.63
2023-02-27 10:00:00,MACH-C,58.07,1.27
2023-02-27 11:00:00,MACH-C,53.83,2.14
2023-02-27 12:00:00,MACH-C,42.04,2.02
2023-02-27 13:00:00,MACH-C,54.85,2.05
2023-02-27 14:00:00,MACH-C,42.05,1.82
2023-02-27 15:00:00,MACH-C,54.94,1.7
2023-02-27 16:00:00,MACH-C,36.93,1.85
2023-02-27 17:00:00,MACH-C,62.07,1.79
2023-02-27 18:00:00,MACH-C,52.0,2.08
2023-02-27 19:00:00,MACH-C,49.87,2.92
2023-02-27 20:00:00,MACH-C,53.91,1.91
2023-02-27 21:00:00,MACH-C,48.85,1.7
2023-02-27 22:00:00,MACH-C,50.68,1.88
2023-02-27 23:00:00,MACH-C,62.91,1.75
2023-02-28 00:00:00,MACH-C,60.57,1.75
2023-02-28 01:00:00,MACH-C,57.13,1.71
2023-02-28 02:00:00,MACH-C,52.52,2.34
2023-02-28 03:00:00,MACH-C,46.84,2.34
2023-02-28 04:00:00,MACH-C,60.73,2.45
2023-02-28 05:00:00,MACH-C,40.89,2.56
2023-02-28 06:00:00,MACH-C,67.84,1.82
2023-02-28 07:00:00,MACH-C,57.12,1.22
2023-02-28 08:00:00,MACH-C,61.82,2.98
2023-02-28 09:00:00,MACH-C,54.68,0.87
2023-02-28 10:00:00,MACH-C,48.78,1.83
2023-02-28 11:00:00,MACH-C,59.48,1.29
2023-02-28 12:00:00,MACH-C,35.93,2.2
2023-02-28 13:00:00,MACH-C,44.11,1.52
2023-02-28 14:00:00,MACH-C,48.09,2.57
2023-02-28 15:00:00,MACH-C,36.19,2.12
2023-02-28 16:00:00,MACH-C,56.37,2.76
2023-02-28 17:00:00,MACH-C,62.66,2.05
2023-02-28 18:00:00,MACH-C,32.91,2.58
2023-02-28 19:00:00,MACH-C,45.85,1.46
2023-02-28 20:00:00,MACH-C,48.3,2.49
2023-02-28 21:00:00,MACH-C,53.23,1.93
2023-02-28 22:00:00,MACH-C,58.55,2.12
2023-02-28 23:00:00,MACH-C,47.21,2.46
2023-03-01 00:00:00,MACH-C,59.41,2.19
2023-03-01 01:00:00,MACH-C,50.88,1.6
2023-03-01 02:00:00,MACH-C,43.97,1.76
2023-03-01 03:00:00,MACH-C,52.31,1.47
2023-03-01 04:00:00,MACH-C,37.37,2.36
2023-03-01 05:00:00,MACH-C,47.45,1.83
2023-03-01 06:00:00,MACH-C,48.25,1.78
2023-03-01 07:00:00,MACH-C,43.95,2.1
2023-03-01 08:00:00,MACH-C,75.33,1.88
2023-03-01 09:00:00,MACH-C,63.02,2.58
2023-03-01 10:00:00,MACH-C,52.0,2.39
2023-03-01 11:00:00,MACH-C,54.28,2.36
2023-03-01 12:00:00,MACH-C,55.17,1.79
2023-03-01 13:00:00,MACH-C,56.25,2.35
2023-03-01 14:00:00,MACH-C,65.62,2.25
2023-03-01 15:00:00,MACH-C,59.27,1.39
2023-03-01 16:00:00,MACH-C,30.14,1.88
2023-03-01 17:00:00,MACH-C,58.34,1.91
2023-03-01 18:00:00,MACH-C,41.63,2.75
2023-03-01 19:00:00,MACH-C,44.46,1.79
2023-03-01 20:00:00,MACH-C,59.81,2.24
2023-03-01 21:00:00,MACH-C,31.37,2.65
2023-03-01 22:00:00,MACH-C,67.13,1.54
2023-03-01 23:00:00,MACH-C,58.17,2.14
2023-03-02 00:00:00,MACH-C,53.34,3.02
2023-03-02 01:00:00,MACH-C,58.34,1.22
2023-03-02 02:00:00,MACH-C,61.48,1.7
2023-03-02 03:00:00,MACH-C,52.23,2.14
2023-03-02 04:00:00,MACH-C,57.74,2.18
2023-03-02 05:00:00,MACH-C,40.2,2.08
2023-03-02 06:00:00,MACH-C,58.12,2.27
2023-03-02 07:00:00,MACH-C,56.08,2.63
2023-03-02 08:00:00,MACH-C,64.39,2.03
2023-03-02 09:00:00,MACH-C,51.74,1.96
2023-03-02 10:00:00,MACH-C,53.06,2.3
2023-03-02 11:00:00,MACH-C,40.77,2.99
2023-03-02 12:00:00,MACH-C,49.99,2.3
2023-03-02 13:00:00,MACH-C,56.11,2.52
2023-03-02 14:00:00,MACH-C,57.06,1.21
2023-03-02 15:00:00,MACH-C,67.13,1.91
2023-03-02 16:00:00,MACH-C,54.61,1.39
2023-03-02 17:00:00,MACH-C,49.07,2.01
2023-03-02 18:00:00,MACH-C,55.57,2.71
2023-03-02 19:00:00,MACH-C,44.43,1.35
2023-03-02 20:00:00,MACH-C,63.25,2.87
2023-03-02 21:00:00,MACH-C,43.06,2.0
2023-03-02 22:00:00,MACH-C,45.95,2.45
2023-03-02 23:00:00,MACH-C,39.25,2.51
2023-03-03 00:00:00,MACH-C,50.83,3.0
2023-03-03 01:00:00,MACH-C,56.45,2.29
2023-03-03 02:00:00,MACH-C,66.53,1.56
2023-03-03 03:00:00,MACH-C,49.43,2.51
2023-03-03 04:00:00,MACH-C,47.76,0.66
2023-03-03 05:00:00,MACH-C,23.31,1.55
2023-03-03 06:00:00,MACH-C,52.23,1.71
2023-03-03 07:00:00,MACH-C,50.28,0.95
2023-03-03 08:00:00,MACH-C,50.16,2.84
2023-03-03 09:00:00,MACH-C,65.06,2.66
2023-03-03 10:00:00,MACH-C,55.46,2.23
2023-03-03 11:00:00,MACH-C,45.84,2.49
2023-03-03 12:00:00,MACH-C,40.94,2.18
2023-03-03 13:00:00,MACH-C,38.43,2.43
2023-03-03 14:00:00,MACH-C,45.54,2.63
2023-03-03 15:00:00,MACH-C,53.74,1.28
2023-03-03 16:00:00,MACH-C,28.9,2.46
2023-03-03 17:00:00,MACH-C,48.65,2.56
2023-03-03 18:00:00,MACH-C,58.02,1.7
2023-03-03 19:00:00,MACH-C,39.65,1.88
2023-03-03 20:00:00,MACH-C,48.22,1.61
2023-03-03 21:00:00,MACH-C,40.08,2.16
2023-03-03 22:00:00,MACH-C,22.92,2.2
2023-03-03 23:00:00,MACH-C,42.0,2.1
2023-03-04 00:00:00,MACH-C,39.36,1.62
2023-03-04 01:00:00,MACH-C,57.75,2.69
2023-03-04 02:00:00,MACH-C,54.81,1.71
2023-03-04 03:00:00,MACH-C,39.58,2.28
2023-03-04 04:00:00,MACH-C,62.93,2.39
2023-03-04 05:00:00,MACH-C,57.25,1.14
2023-03-04 06:00:00,MACH-C,47.44,2.17
2023-03-04 07:00:00,MACH-C,53.3,2.63
2023-03-04 08:00:00,MACH-C,40.55,1.99
2023-03-04 09:00:00,MACH-C,25.38,2.45
2023-03-04 10:00:00,MACH-C,50.91,1.66
2023-03-04 11:00:00,MACH-C,36.36,2.53
2023-03-04 12:00:00,MACH-C,47.73,1.43
2023-03-04 13:00:00,MACH-C,54.11,1.99
2023-03-04 14:00:00,MACH-C,30.56,2.62
2023-03-04 15:00:00,MACH-C,52.07,2.59
2023-03-04 16:00:00,MACH-C,58.26,1.35
2023-03-04 17:00:00,MACH-C,29.21,1.89
2023-03-04 18:00:00,MACH-C,57.05,1.7
2023-03-04 19:00:00,MACH-C,68.99,2.59
2023-03-04 20:00:00,MACH-C,47.45,1.96
2023-03-04 21:00:00,MACH-C,57.4,2.07
2023-03-04 22:00:00,MACH-C,39.95,2.24
2023-03-04 23:00:00,MACH-C,59.2,1.39
2023-03-05 00:00:00,MACH-C,55.1,2.15
2023-03-05 01:00:00,MACH-C,52.18,1.49
2023-03-05 02:00:00,MACH-C,51.61,1.76
2023-03-05 03:00:00,MACH-C,53.94,1.78
2023-03-05 04:00:00,MACH-C,49.36,2.24
2023-03-05 05:00:00,MACH-C,40.27,1.6
2023-03-05 06:00:00,MACH-C,48.52,1.76
2023-03-05 07:00:00,MACH-C,49.52,2.16
2023-03-05 08:00:00,MACH-C,38.26,2.69
2023-03-05 09:00:00,MACH-C,48.9,2.22
2023-03-05 10:00:00,MACH-C,49.38,2.57
2023-03-05 11:00:00,MACH-C,44.79,0.94
2023-03-05 12:00:00,MACH-C,53.52,2.72
2023-03-05 13:00:00,MACH-C,55.9,1.57
2023-03-05 14:00:00,MACH-C,43.36,1.7
2023-03-05 15:00:00,MACH-C,51.49,2.97
2023-03-05 16:00:00,MACH-C,59.09,2.09
2023-03-05 17:00:00,MACH-C,39.9,1.63
2023-03-05 18:00:00,MACH-C,33.37,1.69
2023-03-05 19:00:00,MACH-C,40.59,1.31
2023-03-05 20:00:00,MACH-C,55.27,2.01
2023-03-05 21:00:00,MACH-C,45.43,1.83
2023-03-05 22:00:00,MACH-C,37.61,2.33
2023-03-05 23:00:00,MACH-C,62.69,2.86
2023-03-06 00:00:00,MACH-C,38.2,1.37
2023-03-06 01:00:00,MACH-C,48.29,2.3
2023-03-06 02:00:00,MACH-C,57.37,1.23
2023-03-06 03:00:00,MACH-C,56.7,2.22
2023-03-06 04:00:00,MACH-C,54.17,1.41
2023-03-06 05:00:00,MACH-C,43.32,1.33
2023-03-06 06:00:00,MACH-C,55.58,3.28
2023-03-06 07:00:00,MACH-C,50.15,3.07
2023-03-06 08:00:00,MACH-C,54.07,1.65
2023-03-06 09:00:00,MACH-C,63.71,2.95
2023-03-06 10:00:00,MACH-C,38.06,1.98
2023-03-06 11:00:00,MACH-C,53.85,1.31
2023-03-06 12:00:00,MACH-C,51.42,2.32
2023-03-06 13:00:00,MACH-C,59.44,2.47
2023-03-06 14:00:00,MACH-C,67.78,2.38
2023-03-06 15:00:00,MACH-C,67.47,1.16
2023-03-06 16:00:00,MACH-C,58.35,1.43
2023-03-06 17:00:00,MACH-C,44.01,2.47
2023-03-06 18:00:00,MACH-C,45.78,1.42
2023-03-06 19:00:00,MACH-C,57.21,2.51
2023-03-06 20:00:00,MACH-C,37.13,1.82
2023-03-06 21:00:00,MACH-C,47.67,1.18
2023-03-06 22:00:00,MACH-C,42.62,1.34
2023-03-06 23:00:00,MACH-C,38.23,2.23
2023-03-07 00:00:00,MACH-C,52.48,2.25
2023-03-07 01:00:00,MACH-C,57.9,2.78
2023-03-07 02:00:00,MACH-C,56.0,2.01
2023-03-07 03:00:00,MACH-C,51.18,1.9
2023-03-07 04:00:00,MACH-C,46.48,2.9
2023-03-07 05:00:00,MACH-C,44.75,1.58
2023-03-07 06:00:00,MACH-C,58.71,1.86
2023-03-07 07:00:00,MACH-C,44.88,2.24
2023-03-07 08:00:00,MACH-C,44.6,1.55
2023-03-07 09:00:00,MACH-C,54.11,2.22
2023-03-07 10:00:00,MACH-C,40.19,2.0
2023-03-07 11:00:00,MACH-C,50.85,2.57
2023-03-07 12:00:00,MACH-C,44.71,1.79
2023-03-07 13:00:00,MACH-C,43.29,1.68
2023-03-07 14:00:00,MACH-C,47.5,2.96
2023-03-07 15:00:00,MACH-C,57.54,2.43
2023-03-07 16:00:00,MACH-C,51.77,2.54
2023-03-07 17:00:00,MACH-C,52.93,2.42
2023-03-07 18:00:00,MACH-C,57.59,1.66
2023-03-07 19:00:00,MACH-C,56.24,1.52
2023-03-07 20:00:00,MACH-C,48.21,1.53
2023-03-07 21:00:00,MACH-C,55.57,1.71
2023-03-07 22:00:00,MACH-C,48.32,2.6
2023-03-07 23:00:00,MACH-C,54.38,1.99
2023-03-08 00:00:00,MACH-C,60.42,2.47
2023-03-08 01:00:00,MACH-C,55.21,2.41
2023-03-08 02:00:00,MACH-C,37.54,2.8
2023-03-08 03:00:00,MACH-C,45.03,2.4
2023-03-08 04:00:00,MACH-C,56.48,2.11
2023-03-08 05:00:00,MACH-C,28.45,1.35
2023-03-08 06:00:00,MACH-C,53.24,2.97
2023-03-08 07:00:00,MACH-C,52.67,2.53
2023-03-08 08:00:00,MACH-C,77.27,2.21
2023-03-08 09:00:00,MACH-C,54.32,2.11
2023-03-08 10:00:00,MACH-C,48.92,1.11
2023-03-08 11:00:00,MACH-C,61.64,2.21
2023-03-08 12:00:00,MACH-C,46.56,1.73
2023-03-08 13:00:00,MACH-C,50.42,1.18
2023-03-08 14:00:00,MACH-C,50.89,1.76
2023-03-08 15:00:00,MACH-C,56.0,2.12
2023-03-08 16:00:00,MACH-C,40.77,2.19
2023-03-08 17:00:00,MACH-C,58.34,1.41
2023-03-08 18:00:00,MACH-C,44.74,1.32
2023-03-08 19:00:00,MACH-C,70.59,1.85
2023-03-08 20:00:00,MACH-C,34.87,2.29
2023-03-08 21:00:00,MACH-C,42.43,1.6
2023-03-08 22:00:00,MACH-C,29.71,1.78
2023-03-08 23:00:00,MACH-C,79.65,2.09
2023-03-09 00:00:00,MACH-C,37.73,1.59
2023-03-09 01:00:00,MACH-C,57.6,1.0
2023-03-09 02:00:00,MACH-C,57.27,2.16
2023-03-09 03:00:00,MACH-C,40.94,1.13
2023-03-09 04:00:00,MACH-C,57.73,2.17
2023-03-09 05:00:00,MACH-C,39.31,1.89
2023-03-09 06:00:00,MACH-C,41.86,1.89
2023-03-09 07:00:00,MACH-C,34.38,1.45
2023-03-09 08:00:00,MACH-C,56.7,1.83
2023-03-09 09:00:00,MACH-C,30.41,1.56
2023-03-09 10:00:00,MACH-C,53.93,3.42
2023-03-09 11:00:00,MACH-C,48.76,1.6
2023-03-09 12:00:00,MACH-C,67.43,2.52
2023-03-09 13:00:00,MACH-C,50.33,1.72
2023-03-09 14:00:00,MACH-C,58.48,2.12
2023-03-09 15:00:00,MACH-C,55.11,2.0
2023-03-09 16:00:00,MACH-C,48.97,1.92
2023-03-09 17:00:00,MACH-C,61.15,1.9
2023-03-09 18:00:00,MACH-C,53.8,2.12
2023-03-09 19:00:00,MACH-C,58.99,2.69
2023-03-09 20:00:00,MACH-C,40.72,1.43
2023-03-09 21:00:00,MACH-C,55.28,1.12
2023-03-09 22:00:00,MACH-C,58.02,1.58
2023-03-09 23:00:00,MACH-C,39.11,2.06
2023-03-10 00:00:00,MACH-C,49.26,1.85
2023-03-10 01:00:00,MACH-C,32.62,2.77
2023-03-10 02:00:00,MACH-C,34.13,2.71
2023-03-10 03:00:00,MACH-C,49.4,1.77
2023-03-10 04:00:00,MACH-C,68.0,2.77
2023-03-10 05:00:00,MACH-C,68.78,2.21
2023-03-10 06:00:00,MACH-C,46.95,1.64
2023-03-10 07:00:00,MACH-C,40.49,1.94
2023-03-10 08:00:00,MACH-C,59.27,1.9
2023-03-10 09:00:00,MACH-C,29.96,1.63
2023-03-10 10:00:00,MACH-C,45.97,1.68
2023-03-10 11:00:00,MACH-C,42.52,2.23
2023-03-10 12:00:00,MACH-C,49.14,1.8
2023-03-10 13:00:00,MACH-C,63.75,1.86
2023-03-10 14:00:00,MACH-C,24.12,1.9
2023-03-10 15:00:00,MACH-C,53.1,1.92
2023-03-10 16:00:00,MACH-C,53.43,2.46
2023-03-10 17:00:00,MACH-C,49.39,1.59
2023-03-10 18:00:00,MACH-C,52.91,2.12
2023-03-10 19:00:00,MACH-C,55.14,1.24
2023-03-10 20:00:00,MACH-C,51.58,1.74
2023-03-10 21:00:00,MACH-C,29.65,1.35
2023-03-10 22:00:00,MACH-C,41.11,2.81
2023-03-10 23:00:00,MACH-C,65.98,2.07
2023-03-11 00:00:00,MACH-C,38.33,1.79
2023-03-11 01:00:00,MACH-C,50.81,1.13
2023-03-11 02:00:00,MACH-C,42.79,1.33
2023-03-11 03:00:00,MACH-C,55.95,2.43
2023-03-11 04:00:00,MACH-C,47.97,2.18
2023-03-11 05:00:00,MACH-C,56.55,1.28
2023-03-11 06:00:00,MACH-C,53.83,1.28
2023-03-11 07:00:00,MACH-C,82.88,4.48
2023-03-11 08:00:00,MACH-C,27.71,2.68
2023-03-11 09:00:00,MACH-C,41.34,2.15
2023-03-11 10:00:00,MACH-C,37.94,2.06
2023-03-11 11:00:00,MACH-C,37.86,1.92
2023-03-11 12:00:00,MACH-C,55.04,1.37
2023-03-11 13:00:00,MACH-C,70.25,2.43
2023-03-11 14:00:00,MACH-C,25.35,1.9
2023-03-11 15:00:00,MACH-C,34.94,2.37
2023-03-11 16:00:00,MACH-C,52.32,1.8
2023-03-11 17:00:00,MACH-C,47.47,2.18
2023-03-11 18:00:00,MACH-C,54.53,1.76
2023-03-11 19:00:00,MACH-C,49.53,2.03
2023-03-11 20:00:00,MACH-C,63.18,2.4
2023-03-11 21:00:00,MACH-C,55.7,1.73
2023-03-11 22:00:00,MACH-C,58.77,3.01
2023-03-11 23:00:00,MACH-C,60.18,1.71
2023-03-12 00:00:00,MACH-C,38.07,2.07
2023-03-12 01:00:00,MACH-C,55.87,2.69
2023-03-12 02:00:00,MACH-C,56.43,2.73
2023-03-12 03:00:00,MACH-C,46.58,2.23
2023-03-12 04:00:00,MACH-C,46.52,2.13
2023-03-12 05:00:00,MACH-C,46.8,2.03
2023-03-12 06:00:00,MACH-C,41.21,2.68
2023-03-12 07:00:00,MACH-C,36.2,2.48
2023-03-12 08:00:00,MACH-C,71.46,2.54
2023-03-12 09:00:00,MACH-C,60.8,2.82
2023-03-12 10:00:00,MACH-C,50.26,2.23
2023-03-12 11:00:00,MACH-C,35.33,1.8
2023-03-12 12:00:00,MACH-C,55.46,2.18
2023-03-12 13:00:00,MACH-C,46.36,2.03
2023-03-12 14:00:00,MACH-C,48.43,1.91
2023-03-12 15:00:00,MACH-C,72.48,1.8
2023-03-12 16:00:00,MACH-C,68.98,2.27
2023-03-12 17:00:00,MACH-C,26.35,2.32
2023-03-12 18:00:00,MACH-C,53.65,1.65
2023-03-12 19:00:00,MACH-C,51.66,2.16
2023-03-12 20:00:00,MACH-C,53.55,2.81
2023-03-12 21:00:00,MACH-C,44.42,1.63
2023-03-12 22:00:00,MACH-C,50.03,2.68
2023-03-12 23:00:00,MACH-C,39.06,1.56
2023-03-13 00:00:00,MACH-C,60.38,2.18
2023-03-13 01:00:00,MACH-C,60.07,1.11
2023-03-13 02:00:00,MACH-C,66.41,2.32
2023-03-13 03:00:00,MACH-C,42.26,1.89
2023-03-13 04:00:00,MACH-C,52.7,1.13
2023-03-13 05:00:00,MACH-C,70.43,1.76
2023-03-13 06:00:00,MACH-C,43.25,2.88
2023-03-13 07:00:00,MACH-C,39.91,2.28
2023-03-13 08:00:00,MACH-C,53.0,2.06
2023-03-13 09:00:00,MACH-C,61.65,2.27
2023-03-13 10:00:00,MACH-C,43.33,2.5
2023-03-13 11:00:00,MACH-C,69.33,2.76
2023-03-13 12:00:00,MACH-C,40.84,1.85
2023-03-13 13:00:00,MACH-C,56.58,2.3
2023-03-13 14:00:00,MACH-C,43.23,2.24
2023-03-13 15:00:00,MACH-C,45.34,2.05
2023-03-13 16:00:00,MACH-C,58.23,1.91
2023-03-13 17:00:00,MACH-C,47.91,2.8
2023-03-13 18:00:00,MACH-C,34.81,2.13
2023-03-13 19:00:00,MACH-C,42.01,1.39
2023-03-13 20:00:00,MACH-C,57.22,0.55
2023-03-13 21:00:00,MACH-C,53.97,2.48
2023-03-13 22:00:00,MACH-C,57.26,1.78
2023-03-13 23:00:00,MACH-C,43.97,1.92
2023-03-14 00:00:00,MACH-C,39.4,2.2
2023-03-14 01:00:00,MACH-C,41.81,3.23
2023-03-14 02:00:00,MACH-C,42.5,2.68
2023-03-14 03:00:00,MACH-C,49.53,1.89
2023-03-14 04:00:00,MACH-C,38.16,2.37
2023-03-14 05:00:00,MACH-C,60.65,1.7
2023-03-14 06:00:00,MACH-C,55.16,2.39
2023-03-14 07:00:00,MACH-C,41.35,1.59
2023-03-14 08:00:00,MACH-C,48.01,2.09
2023-03-14 09:00:00,MACH-C,41.13,2.11
2023-03-14 10:00:00,MACH-C,48.51,1.47
2023-03-14 11:00:00,MACH-C,41.65,1.71
2023-03-14 12:00:00,MACH-C,71.42,0.91
2023-03-14 13:00:00,MACH-C,34.09,1.81
2023-03-14 14:00:00,MACH-C,37.3,2.56
2023-03-14 15:00:00,MACH-C,47.62,3.0
2023-03-14 16:00:00,MACH-C,50.94,2.75
2023-03-14 17:00:00,MACH-C,51.0,1.81
2023-03-14 18:00:00,MACH-C,59.18,2.0
2023-03-14 19:00:00,MACH-C,54.43,1.96
2023-03-14 20:00:00,MACH-C,40.78,1.9
2023-03-14 21:00:00,MACH-C,60.62,2.49
2023-03-14 22:00:00,MACH-C,56.28,1.72
2023-03-14 23:00:00,MACH-C,63.87,2.73
2023-03-15 00:00:00,MACH-C,50.51,2.07
2023-03-15 01:00:00,MACH-C,60.9,1.42
2023-03-15 02:00:00,MACH-C,22.77,1.95
2023-03-15 03:00:00,MACH-C,45.14,2.24
2023-03-15 04:00:00,MACH-C,40.87,2.49
2023-03-15 05:00:00,MACH-C,57.02,2.38
2023-03-15 06:00:00,MACH-C,42.6,1.84
2023-03-15 07:00:00,MACH-C,59.76,1.74
2023-03-15 08:00:00,MACH-C,57.87,2.87
2023-03-15 09:00:00,MACH-C,43.93,2.01
2023-03-15 10:00:00,MACH-C,83.5,4.55
2023-03-15 11:00:00,MACH-C,47.86,1.71
2023-03-15 12:00:00,MACH-C,51.16,1.02
2023-03-15 13:00:00,MACH-C,57.5,1.19
2023-03-15 14:00:00,MACH-C,46.74,1.74
2023-03-15 15:00:00,MACH-C,33.44,1.6
2023-03-15 16:00:00,MACH-C,55.96,1.66
2023-03-15 17:00:00,MACH-C,60.72,2.39
2023-03-15 18:00:00,MACH-C,33.0,2.44
2023-03-15 19:00:00,MACH-C,49.63,1.42
2023-03-15 20:00:00,MACH-C,40.68,2.95
2023-03-15 21:00:00,MACH-C,61.27,2.05
2023-03-15 22:00:00,MACH-C,61.82,2.0
2023-03-15 23:00:00,MACH-C,41.9,1.6
2023-03-16 00:00:00,MACH-C,36.84,1.85
2023-03-16 01:00:00,MACH-C,52.45,3.01
2023-03-16 02:00:00,MACH-C,38.91,1.46
2023-03-16 03:00:00,MACH-C,58.58,2.13
2023-03-16 04:00:00,MACH-C,48.69,1.73
2023-03-16 05:00:00,MACH-C,66.06,1.1
2023-03-16 06:00:00,MACH-C,66.5,1.23
2023-03-16 07:00:00,MACH-C,65.52,2.31
2023-03-16 08:00:00,MACH-C,54.03,1.14
2023-03-16 09:00:00,MACH-C,40.54,1.38
2023-03-16 10:00:00,MACH-C,35.17,2.41
2023-03-16 11:00:00,MACH-C,55.95,2.35
2023-03-16 12:00:00,MACH-C,56.69,2.03
2023-03-16 13:00:00,MACH-C,52.62,1.41
2023-03-16 14:00:00,MACH-C,36.71,1.41
2023-03-16 15:00:00,MACH-C,42.02,1.34
2023-03-16 16:00:00,MACH-C,50.83,1.93
2023-03-16 17:00:00,MACH-C,43.87,2.32
2023-03-16 18:00:00,MACH-C,42.24,1.79
2023-03-16 19:00:00,MACH-C,40.33,2.44
2023-03-16 20:00:00,MACH-C,48.65,2.81
2023-03-16 21:00:00,MACH-C,47.93,2.2
2023-03-16 22:00:00,MACH-C,41.73,1.37
2023-03-16 23:00:00,MACH-C,50.1,2.04
2023-03-17 00:00:00,MACH-C,52.49,2.68
2023-03-17 01:00:00,MACH-C,53.53,1.68
2023-03-17 02:00:00,MACH-C,40.43,1.67
2023-03-17 03:00:00,MACH-C,46.93,2.57
2023-03-17 04:00:00,MACH-C,50.16,1.28
2023-03-17 05:00:00,MACH-C,51.25,2.1
2023-03-17 06:00:00,MACH-C,36.65,1.69
2023-03-17 07:00:00,MACH-C,46.59,1.78
2023-03-17 08:00:00,MACH-C,55.93,2.85
2023-03-17 09:00:00,MACH-C,44.06,1.76
2023-03-17 10:00:00,MACH-C,53.56,2.06
2023-03-17 11:00:00,MACH-C,50.15,2.52
2023-03-17 12:00:00,MACH-C,45.4,1.36
2023-03-17 13:00:00,MACH-C,62.62,2.42
2023-03-17 14:00:00,MACH-C,46.97,1.78
2023-03-17 15:00:00,MACH-C,47.9,1.36
2023-03-17 16:00:00,MACH-C,45.15,1.75
2023-03-17 17:00:00,MACH-C,64.8,2.03
2023-03-17 18:00:00,MACH-C,63.91,2.12
2023-03-17 19:00:00,MACH-C,61.47,1.63
2023-03-17 20:00:00,MACH-C,58.69,1.89
2023-03-17 21:00:00,MACH-C,41.16,1.3
2023-03-17 22:00:00,MACH-C,45.5,1.65
2023-03-17 23:00:00,MACH-C,42.29,1.32
2023-03-18 00:00:00,MACH-C,60.3,1.96
2023-03-18 01:00:00,MACH-C,73.36,1.58
2023-03-18 02:00:00,MACH-C,56.79,3.04
2023-03-18 03:00:00,MACH-C,66.76,2.19
2023-03-18 04:00:00,MACH-C,54.57,1.19
2023-03-18 05:00:00,MACH-C,53.17,1.63
2023-03-18 06:00:00,MACH-C,44.2,2.35
2023-03-18 07:00:00,MACH-C,56.13,2.12
2023-03-18 08:00:00,MACH-C,59.13,1.21
2023-03-18 09:00:00,MACH-C,60.54,1.61
2023-03-18 10:00:00,MACH-C,51.03,2.32
2023-03-18 11:00:00,MACH-C,51.98,2.19
2023-03-18 12:00:00,MACH-C,49.39,2.29
2023-03-18 13:00:00,MACH-C,44.35,1.86
2023-03-18 14:00:00,MACH-C,58.81,1.57
2023-03-18 15:00:00,MACH-C,31.05,1.36
2023-03-18 16:00:00,MACH-C,33.28,2.47
2023-03-18 17:00:00,MACH-C,44.53,2.97
2023-03-18 18:00:00,MACH-C,37.26,2.14
2023-03-18 19:00:00,MACH-C,60.86,2.47
2023-03-18 20:00:00,MACH-C,45.57,1.6
2023-03-18 21:00:00,MACH-C,58.77,1.99
2023-03-18 22:00:00,MACH-C,63.05,1.97
2023-03-18 23:00:00,MACH-C,50.61,2.19
2023-03-19 00:00:00,MACH-C,53.27,2.04
2023-03-19 01:00:00,MACH-C,62.27,3.39
2023-03-19 02:00:00,MACH-C,59.99,2.4
2023-03-19 03:00:00,MACH-C,29.29,2.65
2023-03-19 04:00:00,MACH-C,45.88,2.14
2023-03-19 05:00:00,MACH-C,55.13,0.94
2023-03-19 06:00:00,MACH-C,52.16,2.22
2023-03-19 07:00:00,MACH-C,40.07,2.55
2023-03-19 08:00:00,MACH-C,32.92,2.7
2023-03-19 09:00:00,MACH-C,56.11,1.97
2023-03-19 10:00:00,MACH-C,41.57,1.28
2023-03-19 11:00:00,MACH-C,48.66,1.86
2023-03-19 12:00:00,MACH-C,51.45,1.28
2023-03-19 13:00:00,MACH-C,48.37,2.64
2023-03-19 14:00:00,MACH-C,40.68,2.23
2023-03-19 15:00:00,MACH-C,49.17,1.74
2023-03-19 16:00:00,MACH-C,44.56,2.37
2023-03-19 17:00:00,MACH-C,66.56,2.73
2023-03-19 18:00:00,MACH-C,52.13,2.39
2023-03-19 19:00:00,MACH-C,75.66,3.0
2023-03-19 20:00:00,MACH-C,36.82,1.56
2023-03-19 21:00:00,MACH-C,46.99,2.49
2023-03-19 22:00:00,MACH-C,46.96,1.27
2023-03-19 23:00:00,MACH-C,42.23,2.95
2023-03-20 00:00:00,MACH-C,46.49,2.36
2023-03-20 01:00:00,MACH-C,45.2,1.81
2023-03-20 02:00:00,MACH-C,40.21,1.42
2023-03-20 03:00:00,MACH-C,67.95,1.73
2023-03-20 04:00:00,MACH-C,49.17,1.87
2023-03-20 05:00:00,MACH-C,59.27,2.11
2023-03-20 06:00:00,MACH-C,59.9,1.99
2023-03-20 07:00:00,MACH-C,64.28,1.68
2023-03-20 08:00:00,MACH-C,40.18,2.58
2023-03-20 09:00:00,MACH-C,62.66,1.15
2023-03-20 10:00:00,MACH-C,49.26,2.29
2023-03-20 11:00:00,MACH-C,70.36,2.09
2023-03-20 12:00:00,MACH-C,55.25,2.0
2023-03-20 13:00:00,MACH-C,38.47,2.32
2023-03-20 14:00:00,MACH-C,62.58,1.67
2023-03-20 15:00:00,MACH-C,61.59,1.62
2023-03-20 16:00:00,MACH-C,37.08,1.86
2023-03-20 17:00:00,MACH-C,57.45,1.74
2023-03-20 18:00:00,MACH-C,66.04,1.88
2023-03-20 19:00:00,MACH-C,54.79,2.36
2023-03-20 20:00:00,MACH-C,40.26,2.06
2023-03-20 21:00:00,MACH-C,60.1,2.01
2023-03-20 22:00:00,MACH-C,56.65,2.12
2023-03-20 23:00:00,MACH-C,47.69,1.83
2023-03-21 00:00:00,MACH-C,45.4,2.45
2023-03-21 01:00:00,MACH-C,56.61,2.28
2023-03-21 02:00:00,MACH-C,40.89,2.0
2023-03-21 03:00:00,MACH-C,52.02,1.43
2023-03-21 04:00:00,MACH-C,61.99,2.65
2023-03-21 05:00:00,MACH-C,65.2,2.33
2023-03-21 06:00:00,MACH-C,44.75,2.28
2023-03-21 07:00:00,MACH-C,34.13,2.85
2023-03-21 08:00:00,MACH-C,42.93,2.35
2023-03-21 09:00:00,MACH-C,58.16,1.98
2023-03-21 10:00:00,MACH-C,42.59,1.74
2023-03-21 11:00:00,MACH-C,60.83,1.73
2023-03-21 12:00:00,MACH-C,42.57,2.14
2023-03-21 13:00:00,MACH-C,44.43,2.48
2023-03-21 14:00:00,MACH-C,48.27,2.49
2023-03-21 15:00:00,MACH-C,59.45,1.31
2023-03-21 16:00:00,MACH-C,34.16,2.46
2023-03-21 17:00:00,MACH-C,52.8,1.85
2023-03-21 18:00:00,MACH-C,52.62,1.71
2023-03-21 19:00:00,MACH-C,40.09,2.18
2023-03-21 20:00:00,MACH-C,53.56,2.39
2023-03-21 21:00:00,MACH-C,48.2,1.38
2023-03-21 22:00:00,MACH-C,38.69,2.11
2023-03-21 23:00:00,MACH-C,49.26,1.19
2023-03-22 00:00:00,MACH-C,39.58,2.4
2023-03-22 01:00:00,MACH-C,43.6,1.45
2023-03-22 02:00:00,MACH-C,58.8,2.1
2023-03-22 03:00:00,MACH-C,46.88,1.82
2023-03-22 04:00:00,MACH-C,58.59,1.71
2023-03-22 05:00:00,MACH-C,48.43,1.0
2023-03-22 06:00:00,MACH-C,40.37,1.3
2023-03-22 07:00:00,MACH-C,54.8,1.96
2023-03-22 08:00:00,MACH-C,55.6,1.53
2023-03-22 09:00:00,MACH-C,37.7,1.84
2023-03-22 10:00:00,MACH-C,61.36,1.61
2023-03-22 11:00:00,MACH-C,65.21,1.86
2023-03-22 12:00:00,MACH-C,56.27,1.4
2023-03-22 13:00:00,MACH-C,50.77,1.76
2023-03-22 14:00:00,MACH-C,70.12,1.87
2023-03-22 15:00:00,MACH-C,55.39,2.01
2023-03-22 16:00:00,MACH-C,51.97,1.09
2023-03-22 17:00:00,MACH-C,67.0,2.03
2023-03-22 18:00:00,MACH-C,66.03,1.44
2023-03-22 19:00:00,MACH-C,35.61,1.32
2023-03-22 20:00:00,MACH-C,44.96,2.62
2023-03-22 21:00:00,MACH-C,55.86,2.36
2023-03-22 22:00:00,MACH-C,62.27,2.28
2023-03-22 23:00:00,MACH-C,38.34,1.89
2023-03-23 00:00:00,MACH-C,59.08,1.71
2023-03-23 01:00:00,MACH-C,91.36,4.37
2023-03-23 02:00:00,MACH-C,57.17,2.07
2023-03-23 03:00:00,MACH-C,44.33,1.55
2023-03-23 04:00:00,MACH-C,26.67,1.5
2023-03-23 05:00:00,MACH-C,32.29,2.16
2023-03-23 06:00:00,MACH-C,38.74,1.83
2023-03-23 07:00:00,MACH-C,44.08,2.52
2023-03-23 08:00:00,MACH-C,49.93,2.04
2023-03-23 09:00:00,MACH-C,44.82,1.4
2023-03-23 10:00:00,MACH-C,49.53,2.93
2023-03-23 11:00:00,MACH-C,45.04,1.49
2023-03-23 12:00:00,MACH-C,49.95,1.39
2023-03-23 13:00:00,MACH-C,59.31,1.96
2023-03-23 14:00:00,MACH-C,49.85,2.23
2023-03-23 15:00:00,MACH-C,55.41,1.55
2023-03-23 16:00:00,MACH-C,57.14,2.35
2023-03-23 17:00:00,MACH-C,48.42,1.75
2023-03-23 18:00:00,MACH-C,32.09,3.22
2023-03-23 19:00:00,MACH-C,52.53,2.17
2023-03-23 20:00:00,MACH-C,43.26,1.46
2023-03-23 21:00:00,MACH-C,58.62,1.65
2023-03-23 22:00:00,MACH-C,63.66,2.25
2023-03-23 23:00:00,MACH-C,47.42,1.59
2023-03-24 00:00:00,MACH-C,51.64,1.96
2023-03-24 01:00:00,MACH-C,56.68,2.98
2023-03-24 02:00:00,MACH-C,41.87,2.32
2023-03-24 03:00:00,MACH-C,50.09,2.3
2023-03-24 04:00:00,MACH-C,34.52,2.99
2023-03-24 05:00:00,MACH-C,60.44,1.62
2023-03-24 06:00:00,MACH-C,66.86,1.99
2023-03-24 07:00:00,MACH-C,51.0,1.85
2023-03-24 08:00:00,MACH-C,42.48,1.69
2023-03-24 09:00:00,MACH-C,52.62,1.87
2023-03-24 10:00:00,MACH-C,37.25,1.77
2023-03-24 11:00:00,MACH-C,45.64,1.67
2023-03-24 12:00:00,MACH-C,45.82,1.85
2023-03-24 13:00:00,MACH-C,44.78,1.67
2023-03-24 14:00:00,MACH-C,52.19,2.16
2023-03-24 15:00:00,MACH-C,54.34,1.52
2023-03-24 16:00:00,MACH-C,50.14,2.51
2023-03-24 17:00:00,MACH-C,59.01,2.36
2023-03-24 18:00:00,MACH-C,53.9,2.22
2023-03-24 19:00:00,MACH-C,45.06,1.77
2023-03-24 20:00:00,MACH-C,48.92,2.02
2023-03-24 21:00:00,MACH-C,49.19,1.94
2023-03-24 22:00:00,MACH-C,46.17,2.01
2023-03-24 23:00:00,MACH-C,55.1,1.33
2023-03-25 00:00:00,MACH-C,28.69,2.05
2023-03-25 01:00:00,MACH-C,50.32,2.16
2023-03-25 02:00:00,MACH-C,53.09,2.72
2023-03-25 03:00:00,MACH-C,55.99,1.5
2023-03-25 04:00:00,MACH-C,61.08,1.41
2023-03-25 05:00:00,MACH-C,48.59,2.49
2023-03-25 06:00:00,MACH-C,58.32,1.24
2023-03-25 07:00:00,MACH-C,56.11,2.73
2023-03-25 08:00:00,MACH-C,52.64,2.59
2023-03-25 09:00:00,MACH-C,36.09,2.29
2023-03-25 10:00:00,MACH-C,60.9,1.24
2023-03-25 11:00:00,MACH-C,50.96,1.92
2023-03-25 12:00:00,MACH-C,47.48,1.97
2023-03-25 13:00:00,MACH-C,38.43,2.14
2023-03-25 14:00:00,MACH-C,25.56,2.28
2023-03-25 15:00:00,MACH-C,69.02,1.63
2023-03-25 16:00:00,MACH-C,53.07,2.53
2023-03-25 17:00:00,MACH-C,38.93,2.26
2023-03-25 18:00:00,MACH-C,37.39,2.26
2023-03-25 19:00:00,MACH-C,47.21,1.89
2023-03-25 20:00:00,MACH-C,58.08,2.19
2023-03-25 21:00:00,MACH-C,56.31,0.93
2023-03-25 22:00:00,MACH-C,56.82,2.2
2023-03-25 23:00:00,MACH-C,41.13,2.83
2023-03-26 00:00:00,MACH-C,48.21,2.39
2023-03-26 01:00:00,MACH-C,51.27,2.33
2023-03-26 02:00:00,MACH-C,49.43,2.39
2023-03-26 03:00:00,MACH-C,55.46,2.6
2023-03-26 04:00:00,MACH-C,65.74,1.9
2023-03-26 05:00:00,MACH-C,52.1,2.49
2023-03-26 06:00:00,MACH-C,44.15,2.23
2023-03-26 07:00:00,MACH-C,35.47,2.03
2023-03-26 08:00:00,MACH-C,51.76,2.68
2023-03-26 09:00:00,MACH-C,43.4,1.66
2023-03-26 10:00:00,MACH-C,54.29,1.68
2023-03-26 11:00:00,MACH-C,53.65,0.82
2023-03-26 12:00:00,MACH-C,65.64,1.54
2023-03-26 13:00:00,MACH-C,52.14,1.78
2023-03-26 14:00:00,MACH-C,54.56,1.97
2023-03-26 15:00:00,MACH-C,43.45,2.22
2023-03-26 16:00:00,MACH-C,35.68,2.44
2023-03-26 17:00:00,MACH-C,60.74,1.34
2023-03-26 18:00:00,MACH-C,62.07,2.05
2023-03-26 19:00:00,MACH-C,46.69,1.51
2023-03-26 20:00:00,MACH-C,30.66,1.33
2023-03-26 21:00:00,MACH-C,63.61,2.16
2023-03-26 22:00:00,MACH-C,61.88,2.05
2023-03-26 23:00:00,MACH-C,48.83,2.25
2023-03-27 00:00:00,MACH-C,60.69,2.29
2023-03-27 01:00:00,MACH-C,49.59,1.76
2023-03-27 02:00:00,MACH-C,52.17,2.55
2023-03-27 03:00:00,MACH-C,33.74,1.54
2023-03-27 04:00:00,MACH-C,62.22,1.47
2023-03-27 05:00:00,MACH-C,32.47,2.2
2023-03-27 06:00:00,MACH-C,67.21,2.11
2023-03-27 07:00:00,MACH-C,68.23,1.6
2023-03-27 08:00:00,MACH-C,24.45,1.58
2023-03-27 09:00:00,MACH-C,65.57,2.19
2023-03-27 10:00:00,MACH-C,47.61,2.13
2023-03-27 11:00:00,MACH-C,54.22,1.48
2023-03-27 12:00:00,MACH-C,35.89,1.68
2023-03-27 13:00:00,MACH-C,46.77,1.54
2023-03-27 14:00:00,MACH-C,38.19,0.94
2023-03-27 15:00:00,MACH-C,42.11,2.68
2023-03-27 16:00:00,MACH-C,62.22,2.12
2023-03-27 17:00:00,MACH-C,59.99,2.58
2023-03-27 18:00:00,MACH-C,58.2,1.85
2023-03-27 19:00:00,MACH-C,44.61,1.51
2023-03-27 20:00:00,MACH-C,43.1,1.56
2023-03-27 21:00:00,MACH-C,33.51,1.56
2023-03-27 22:00:00,MACH-C,56.78,1.74
2023-03-27 23:00:00,MACH-C,69.37,1.23
2023-03-28 00:00:00,MACH-C,64.56,1.81
2023-03-28 01:00:00,MACH-C,50.31,1.71
2023-03-28 02:00:00,MACH-C,54.93,2.44
2023-03-28 03:00:00,MACH-C,52.47,2.27
2023-03-28 04:00:00,MACH-C,59.09,1.81
2023-03-28 05:00:00,MACH-C,67.42,2.24
2023-03-28 06:00:00,MACH-C,44.3,1.45
2023-03-28 07:00:00,MACH-C,44.68,1.37
2023-03-28 08:00:00,MACH-C,47.13,1.95
2023-03-28 09:00:00,MACH-C,49.67,2.05
2023-03-28 10:00:00,MACH-C,57.28,1.93
2023-03-28 11:00:00,MACH-C,49.33,2.68
2023-03-28 12:00:00,MACH-C,41.47,2.34
2023-03-28 13:00:00,MACH-C,41.6,2.52
2023-03-28 14:00:00,MACH-C,38.25,1.72
2023-03-28 15:00:00,MACH-C,48.93,2.17
2023-03-28 16:00:00,MACH-C,60.34,1.48
2023-03-28 17:00:00,MACH-C,54.2,1.63
2023-03-28 18:00:00,MACH-C,55.63,2.17
2023-03-28 19:00:00,MACH-C,39.16,1.56
2023-03-28 20:00:00,MACH-C,38.27,1.6
2023-03-28 21:00:00,MACH-C,51.78,2.22
2023-03-28 22:00:00,MACH-C,62.46,1.62
2023-03-28 23:00:00,MACH-C,58.45,2.48
2023-03-29 00:00:00,MACH-C,43.26,1.89
2023-03-29 01:00:00,MACH-C,72.91,1.91
2023-03-29 02:00:00,MACH-C,29.7,2.13
2023-03-29 03:00:00,MACH-C,50.29,1.93
2023-03-29 04:00:00,MACH-C,51.03,2.14
2023-03-29 05:00:00,MACH-C,47.91,1.54
2023-03-29 06:00:00,MACH-C,55.26,0.64
2023-03-29 07:00:00,MACH-C,47.98,1.29
2023-03-29 08:00:00,MACH-C,35.05,1.77
2023-03-29 09:00:00,MACH-C,49.11,2.25
2023-03-29 10:00:00,MACH-C,51.65,3.08
2023-03-29 11:00:00,MACH-C,59.12,1.7
2023-03-29 12:00:00,MACH-C,64.18,1.67
2023-03-29 13:00:00,MACH-C,41.45,2.17
2023-03-29 14:00:00,MACH-C,66.72,2.11
2023-03-29 15:00:00,MACH-C,45.72,2.13
2023-03-29 16:00:00,MACH-C,44.89,1.87
2023-03-29 17:00:00,MACH-C,45.89,1.01
2023-03-29 18:00:00,MACH-C,30.49,2.1
2023-03-29 19:00:00,MACH-C,45.77,1.98
2023-03-29 20:00:00,MACH-C,63.11,1.21
2023-03-29 21:00:00,MACH-C,54.77,2.29
2023-03-29 22:00:00,MACH-C,52.28,2.36
2023-03-29 23:00:00,MACH-C,53.51,2.28
2023-03-30 00:00:00,MACH-C,62.61,1.8
2023-03-30 01:00:00,MACH-C,41.22,2.11
2023-03-30 02:00:00,MACH-C,59.04,1.55
2023-03-30 03:00:00,MACH-C,50.67,1.31
2023-03-30 04:00:00,MACH-C,42.16,1.95
2023-03-30 05:00:00,MACH-C,54.64,1.25
2023-03-30 06:00:00,MACH-C,50.84,1.93
2023-03-30 07:00:00,MACH-C,41.93,1.97
2023-03-30 08:00:00,MACH-C,39.3,1.59
2023-03-30 09:00:00,MACH-C,45.65,2.97
2023-03-30 10:00:00,MACH-C,44.89,1.7
2023-03-30 11:00:00,MACH-C,62.21,2.11
2023-03-30 12:00:00,MACH-C,47.86,1.9
2023-03-30 13:00:00,MACH-C,46.27,2.47
2023-03-30 14:00:00,MACH-C,61.29,1.83
2023-03-30 15:00:00,MACH-C,63.5,1.37
2023-03-30 16:00:00,MACH-C,41.69,2.21
2023-03-30 17:00:00,MACH-C,37.56,1.25
2023-03-30 18:00:00,MACH-C,55.15,1.58
2023-03-30 19:00:00,MACH-C,47.93,1.74
2023-03-30 20:00:00,MACH-C,44.55,1.76
2023-03-30 21:00:00,MACH-C,60.38,1.83
2023-03-30 22:00:00,MACH-C,47.39,1.79
2023-03-30 23:00:00,MACH-C,69.18,2.06
2023-03-31 00:00:00,MACH-C,50.48,1.66
2023-03-31 01:00:00,MACH-C,51.64,2.22
2023-03-31 02:00:00,MACH-C,72.4,1.58
2023-03-31 03:00:00,MACH-C,53.1,1.37
2023-03-31 04:00:00,MACH-C,42.94,1.43
2023-03-31 05:00:00,MACH-C,39.8,1.79
2023-03-31 06:00:00,MACH-C,45.38,2.49
2023-03-31 07:00:00,MACH-C,52.36,1.99
2023-03-31 08:00:00,MACH-C,59.11,1.77
2023-03-31 09:00:00,MACH-C,34.96,1.98
2023-03-31 10:00:00,MACH-C,50.03,1.4
2023-03-31 11:00:00,MACH-C,62.79,1.15
2023-03-31 12:00:00,MACH-C,52.62,1.51
2023-03-31 13:00:00,MACH-C,63.56,1.48
2023-03-31 14:00:00,MACH-C,34.92,3.2
2023-03-31 15:00:00,MACH-C,47.73,2.96
2023-03-31 16:00:00,MACH-C,51.2,2.96
2023-03-31 17:00:00,MACH-C,55.53,1.39
2023-03-31 18:00:00,MACH-C,41.49,2.88
2023-03-31 19:00:00,MACH-C,54.16,1.64
2023-03-31 20:00:00,MACH-C,54.94,2.82
2023-03-31 21:00:00,MACH-C,49.26,2.22
2023-03-31 22:00:00,MACH-C,54.7,1.5
2023-03-31 23:00:00,MACH-C,53.16,2.83
2023-04-01 00:00:00,MACH-C,43.42,2.81
2023-04-01 01:00:00,MACH-C,48.42,1.47
2023-04-01 02:00:00,MACH-C,37.51,2.16
2023-04-01 03:00:00,MACH-C,35.04,1.03
2023-04-01 04:00:00,MACH-C,52.54,1.8
2023-04-01 05:00:00,MACH-C,31.06,1.81
2023-04-01 06:00:00,MACH-C,47.58,1.8
2023-04-01 07:00:00,MACH-C,54.13,2.81
2023-04-01 08:00:00,MACH-C,50.16,1.33
2023-04-01 09:00:00,MACH-C,71.85,1.89
2023-04-01 10:00:00,MACH-C,54.27,2.38
2023-04-01 11:00:00,MACH-C,47.31,1.34
2023-04-01 12:00:00,MACH-C,56.08,1.56
2023-04-01 13:00:00,MACH-C,36.88,2.56
2023-04-01 14:00:00,MACH-C,60.0,2.67
2023-04-01 15:00:00,MACH-C,44.95,1.78
2023-04-01 16:00:00,MACH-C,61.07,2.43
2023-04-01 17:00:00,MACH-C,54.0,2.78
2023-04-01 18:00:00,MACH-C,56.26,1.8
2023-04-01 19:00:00,MACH-C,44.46,2.4
2023-04-01 20:00:00,MACH-C,38.55,1.79
2023-04-01 21:00:00,MACH-C,38.38,1.32
2023-04-01 22:00:00,MACH-C,32.84,2.0
2023-04-01 23:00:00,MACH-C,46.17,1.88
2023-04-02 00:00:00,MACH-C,44.13,1.54
2023-04-02 01:00:00,MACH-C,60.12,1.83
2023-04-02 02:00:00,MACH-C,39.66,1.89
2023-04-02 03:00:00,MACH-C,71.94,2.14
2023-04-02 04:00:00,MACH-C,39.98,2.52
2023-04-02 05:00:00,MACH-C,40.93,2.52
2023-04-02 06:00:00,MACH-C,35.2,1.96
2023-04-02 07:00:00,MACH-C,50.1,1.73
2023-04-02 08:00:00,MACH-C,46.78,2.67
2023-04-02 09:00:00,MACH-C,48.92,1.95
2023-04-02 10:00:00,MACH-C,54.07,1.7
2023-04-02 11:00:00,MACH-C,59.83,2.09
2023-04-02 12:00:00,MACH-C,38.3,1.09
2023-04-02 13:00:00,MACH-C,50.2,1.77
2023-04-02 14:00:00,MACH-C,58.55,1.73
2023-04-02 15:00:00,MACH-C,39.06,1.61
2023-04-02 16:00:00,MACH-C,77.64,2.19
2023-04-02 17:00:00,MACH-C,73.41,2.54
2023-04-02 18:00:00,MACH-C,49.25,2.85
2023-04-02 19:00:00,MACH-C,38.93,1.75
2023-04-02 20:00:00,MACH-C,40.22,1.86
2023-04-02 21:00:00,MACH-C,52.34,1.66
2023-04-02 22:00:00,MACH-C,56.4,2.27
2023-04-02 23:00:00,MACH-C,31.58,1.07
2023-04-03 00:00:00,MACH-C,81.44,3.15
2023-04-03 01:00:00,MACH-C,51.42,2.15
2023-04-03 02:00:00,MACH-C,35.96,1.69
2023-04-03 03:00:00,MACH-C,47.03,1.79
2023-04-03 04:00:00,MACH-C,54.31,2.5
2023-04-03 05:00:00,MACH-C,48.38,1.97
2023-04-03 06:00:00,MACH-C,42.66,2.6
2023-04-03 07:00:00,MACH-C,50.87,2.82
2023-04-03 08:00:00,MACH-C,55.07,2.27
2023-04-03 09:00:00,MACH-C,40.79,1.85
2023-04-03 10:00:00,MACH-C,53.44,2.79
2023-04-03 11:00:00,MACH-C,53.25,0.74
2023-04-03 12:00:00,MACH-C,55.19,1.22
2023-04-03 13:00:00,MACH-C,52.63,2.39
2023-04-03 14:00:00,MACH-C,51.3,3.24
2023-04-03 15:00:00,MACH-C,48.44,2.34
2023-04-03 16:00:00,MACH-C,47.01,2.09
2023-04-03 17:00:00,MACH-C,57.23,1.77
2023-04-03 18:00:00,MACH-C,49.05,2.28
2023-04-03 19:00:00,MACH-C,55.35,2.58
2023-04-03 20:00:00,MACH-C,55.19,2.37
2023-04-03 21:00:00,MACH-C,40.6,2.03
2023-04-03 22:00:00,MACH-C,46.81,2.52
2023-04-03 23:00:00,MACH-C,49.47,2.15
2023-04-04 00:00:00,MACH-C,50.9,2.26
2023-04-04 01:00:00,MACH-C,54.29,2.49
2023-04-04 02:00:00,MACH-C,51.79,1.53
2023-04-04 03:00:00,MACH-C,50.42,1.99
2023-04-04 04:00:00,MACH-C,45.65,2.06
2023-04-04 05:00:00,MACH-C,60.57,1.4
2023-04-04 06:00:00,MACH-C,53.48,1.46
2023-04-04 07:00:00,MACH-C,48.88,1.69
2023-04-04 08:00:00,MACH-C,46.1,2.52
2023-04-04 09:00:00,MACH-C,52.8,1.9
2023-04-04 10:00:00,MACH-C,50.3,2.06
2023-04-04 11:00:00,MACH-C,34.76,2.15
2023-04-04 12:00:00,MACH-C,40.09,2.32
2023-04-04 13:00:00,MACH-C,63.05,2.25
2023-04-04 14:00:00,MACH-C,53.7,2.03
2023-04-04 15:00:00,MACH-C,43.6,1.93
2023-04-04 16:00:00,MACH-C,46.27,2.55
2023-04-04 17:00:00,MACH-C,41.38,1.75
2023-04-04 18:00:00,MACH-C,44.75,2.68
2023-04-04 19:00:00,MACH-C,60.25,1.71
2023-04-04 20:00:00,MACH-C,48.19,1.86
2023-04-04 21:00:00,MACH-C,58.33,2.35
2023-04-04 22:00:00,MACH-C,66.28,3.18
2023-04-04 23:00:00,MACH-C,46.05,1.03
2023-04-05 00:00:00,MACH-C,37.05,2.43
2023-04-05 01:00:00,MACH-C,54.33,2.24
2023-04-05 02:00:00,MACH-C,41.8,1.77
2023-04-05 03:00:00,MACH-C,50.01,2.18
2023-04-05 04:00:00,MACH-C,51.69,1.4
2023-04-05 05:00:00,MACH-C,68.57,1.6
2023-04-05 06:00:00,MACH-C,53.23,2.21
2023-04-05 07:00:00,MACH-C,88.55,4.76
2023-04-05 08:00:00,MACH-C,56.26,2.08
2023-04-05 09:00:00,MACH-C,58.15,1.67
2023-04-05 10:00:00,MACH-C,62.05,1.77
2023-04-05 11:00:00,MACH-C,40.77,2.54
2023-04-05 12:00:00,MACH-C,62.91,1.42
2023-04-05 13:00:00,MACH-C,72.86,1.98
2023-04-05 14:00:00,MACH-C,62.69,2.24
2023-04-05 15:00:00,MACH-C,64.51,2.13
2023-04-05 16:00:00,MACH-C,45.65,1.7
2023-04-05 17:00:00,MACH-C,66.89,2.18
2023-04-05 18:00:00,MACH-C,45.24,1.49
2023-04-05 19:00:00,MACH-C,49.61,1.76
2023-04-05 20:00:00,MACH-C,45.35,2.8
2023-04-05 21:00:00,MACH-C,44.19,2.32
2023-04-05 22:00:00,MACH-C,49.95,2.0
2023-04-05 23:00:00,MACH-C,38.46,2.22
2023-04-06 00:00:00,MACH-C,43.13,1.6
2023-04-06 01:00:00,MACH-C,40.27,2.14
2023-04-06 02:00:00,MACH-C,65.34,1.77
2023-04-06 03:00:00,MACH-C,66.2,1.71
2023-04-06 04:00:00,MACH-C,75.45,1.94
2023-04-06 05:00:00,MACH-C,49.33,1.7
2023-04-06 06:00:00,MACH-C,50.29,2.07
2023-04-06 07:00:00,MACH-C,57.71,2.21
2023-04-06 08:00:00,MACH-C,37.24,1.86
2023-04-06 09:00:00,MACH-C,40.22,0.57
2023-04-06 10:00:00,MACH-C,34.03,1.57
2023-04-06 11:00:00,MACH-C,58.37,1.46
2023-04-06 12:00:00,MACH-C,41.39,2.19
2023-04-06 13:00:00,MACH-C,60.02,1.64
2023-04-06 14:00:00,MACH-C,45.38,1.75
2023-04-06 15:00:00,MACH-C,50.04,2.42
2023-04-06 16:00:00,MACH-C,48.29,1.61
2023-04-06 17:00:00,MACH-C,51.9,2.1
2023-04-06 18:00:00,MACH-C,45.11,1.69
2023-04-06 19:00:00,MACH-C,60.4,1.76
2023-04-06 20:00:00,MACH-C,48.32,1.42
2023-04-06 21:00:00,MACH-C,53.64,1.74
2023-04-06 22:00:00,MACH-C,51.1,2.25
2023-04-06 23:00:00,MACH-C,39.86,1.52
2023-04-07 00:00:00,MACH-C,63.49,1.64
2023-04-07 01:00:00,MACH-C,43.48,3.09
2023-04-07 02:00:00,MACH-C,58.09,2.13
2023-04-07 03:00:00,MACH-C,57.29,2.17
2023-04-07 04:00:00,MACH-C,35.01,1.69
2023-04-07 05:00:00,MACH-C,48.2,2.52
2023-04-07 06:00:00,MACH-C,55.8,2.6
2023-04-07 07:00:00,MACH-C,85.25,4.99
2023-04-07 08:00:00,MACH-C,48.72,2.53
2023-04-07 09:00:00,MACH-C,52.17,2.67
2023-04-07 10:00:00,MACH-C,46.24,0.97
2023-04-07 11:00:00,MACH-C,53.57,2.43
2023-04-07 12:00:00,MACH-C,50.43,1.62
2023-04-07 13:00:00,MACH-C,48.03,2.66
2023-04-07 14:00:00,MACH-C,40.29,1.6
2023-04-07 15:00:00,MACH-C,54.06,2.3
2023-04-07 16:00:00,MACH-C,25.91,1.12
2023-04-07 17:00:00,MACH-C,52.62,2.56
2023-04-07 18:00:00,MACH-C,50.15,2.04
2023-04-07 19:00:00,MACH-C,41.87,2.65
2023-04-07 20:00:00,MACH-C,36.11,1.64
2023-04-07 21:00:00,MACH-C,54.18,2.11
2023-04-07 22:00:00,MACH-C,47.53,2.76
2023-04-07 23:00:00,MACH-C,51.39,1.99
2023-04-08 00:00:00,MACH-C,31.63,2.21
2023-04-08 01:00:00,MACH-C,54.77,2.35
2023-04-08 02:00:00,MACH-C,59.4,1.22
2023-04-08 03:00:00,MACH-C,48.47,1.74
2023-04-08 04:00:00,MACH-C,41.03,2.57
2023-04-08 05:00:00,MACH-C,54.34,0.98
2023-04-08 06:00:00,MACH-C,47.16,2.56
2023-04-08 07:00:00,MACH-C,58.63,1.71
2023-04-08 08:00:00,MACH-C,50.21,3.03
2023-04-08 09:00:00,MACH-C,28.58,2.22
2023-04-08 10:00:00,MACH-C,26.51,1.6
2023-04-08 11:00:00,MACH-C,42.9,2.49
2023-04-08 12:00:00,MACH-C,54.53,2.72
2023-04-08 13:00:00,MACH-C,45.08,2.3
2023-04-08 14:00:00,MACH-C,54.92,1.78
2023-04-08 15:00:00,MACH-C,43.38,2.72
2023-04-08 16:00:00,MACH-C,70.63,1.54
2023-04-08 17:00:00,MACH-C,48.12,2.54
2023-04-08 18:00:00,MACH-C,52.69,0.8
2023-04-08 19:00:00,MACH-C,40.41,2.06
2023-04-08 20:00:00,MACH-C,45.82,1.72
2023-04-08 21:00:00,MACH-C,54.94,1.31
2023-04-08 22:00:00,MACH-C,49.54,2.65
2023-04-08 23:00:00,MACH-C,22.18,0.93
2023-04-09 00:00:00,MACH-C,54.99,2.69
2023-04-09 01:00:00,MACH-C,56.09,1.23
2023-04-09 02:00:00,MACH-C,57.31,2.53
2023-04-09 03:00:00,MACH-C,60.99,1.61
2023-04-09 04:00:00,MACH-C,51.81,1.02
2023-04-09 05:00:00,MACH-C,73.96,1.77
2023-04-09 06:00:00,MACH-C,52.34,2.28
2023-04-09 07:00:00,MACH-C,26.97,1.55
2023-04-09 08:00:00,MACH-C,52.24,2.13
2023-04-09 09:00:00,MACH-C,61.21,2.34
2023-04-09 10:00:00,MACH-C,36.22,2.75
2023-04-09 11:00:00,MACH-C,47.29,2.03
2023-04-09 12:00:00,MACH-C,62.13,2.58
2023-04-09 13:00:00,MACH-C,44.35,2.42
2023-04-09 14:00:00,MACH-C,47.62,1.95
2023-04-09 15:00:00,MACH-C,57.81,2.57
2023-04-09 16:00:00,MACH-C,37.18,2.45
2023-04-09 17:00:00,MACH-C,49.88,1.92
2023-04-09 18:00:00,MACH-C,40.28,2.36
2023-04-09 19:00:00,MACH-C,47.32,2.14
2023-04-09 20:00:00,MACH-C,52.37,2.27
2023-04-09 21:00:00,MACH-C,60.6,2.94
2023-04-09 22:00:00,MACH-C,53.12,1.6
2023-04-09 23:00:00,MACH-C,44.35,2.13
2023-04-10 00:00:00,MACH-C,61.97,2.02
2023-04-10 01:00:00,MACH-C,56.15,2.39
2023-04-10 02:00:00,MACH-C,30.58,1.77
2023-04-10 03:00:00,MACH-C,58.38,1.72
2023-04-10 04:00:00,MACH-C,50.65,1.97
2023-04-10 05:00:00,MACH-C,49.67,2.24
2023-04-10 06:00:00,MACH-C,61.9,1.77
2023-04-10 07:00:00,MACH-C,47.96,0.67
2023-04-10 08:00:00,MACH-C,58.94,1.52
2023-04-10 09:00:00,MACH-C,62.77,2.71
2023-04-10 10:00:00,MACH-C,50.62,2.77
2023-04-10 11:00:00,MACH-C,54.47,1.75
2023-04-10 12:00:00,MACH-C,56.94,2.9
2023-04-10 13:00:00,MACH-C,54.62,1.84
2023-04-10 14:00:00,MACH-C,58.89,1.23
2023-04-10 15:00:00,MACH-C,39.56,1.85
2023-04-10 16:00:00,MACH-C,43.59,2.36
2023-04-10 17:00:00,MACH-C,37.4,1.72
2023-04-10 18:00:00,MACH-C,66.86,2.3
2023-04-10 19:00:00,MACH-C,33.24,2.13
2023-04-10 20:00:00,MACH-C,63.21,1.86
2023-04-10 21:00:00,MACH-C,54.72,2.39
2023-04-10 22:00:00,MACH-C,41.24,2.61
2023-04-10 23:00:00,MACH-C,37.29,2.09
2023-04-11 00:00:00,MACH-C,49.62,2.29
2023-04-11 01:00:00,MACH-C,47.76,1.27
2023-04-11 02:00:00,MACH-C,53.95,2.7
2023-04-11 03:00:00,MACH-C,28.01,1.73
2023-04-11 04:00:00,MACH-C,48.11,1.57
2023-04-11 05:00:00,MACH-C,41.23,2.44
2023-04-11 06:00:00,MACH-C,62.77,1.81
2023-04-11 07:00:00,MACH-C,54.09,1.65
2023-04-11 08:00:00,MACH-C,44.92,1.85
2023-04-11 09:00:00,MACH-C,64.21,1.39
2023-04-11 10:00:00,MACH-C,45.64,1.65
2023-04-11 11:00:00,MACH-C,48.96,2.51
2023-04-11 12:00:00,MACH-C,52.71,2.58
2023-04-11 13:00:00,MACH-C,59.09,2.03
2023-04-11 14:00:00,MACH-C,50.12,1.66
2023-04-11 15:00:00,MACH-C,64.2,2.21
2023-04-11 16:00:00,MACH-C,45.98,1.05
2023-04-11 17:00:00,MACH-C,40.19,2.59
2023-04-11 18:00:00,MACH-C,65.93,1.97
2023-04-11 19:00:00,MACH-C,46.87,1.48
2023-04-11 20:00:00,MACH-C,55.93,2.74
2023-04-11 21:00:00,MACH-C,57.68,2.02
2023-04-11 22:00:00,MACH-C,70.83,1.79
2023-04-11 23:00:00,MACH-C,47.03,3.02
2023-04-12 00:00:00,MACH-C,55.28,1.74
2023-04-12 01:00:00,MACH-C,85.44,4.46
2023-04-12 02:00:00,MACH-C,45.19,2.35
2023-04-12 03:00:00,MACH-C,42.42,1.58
2023-04-12 04:00:00,MACH-C,58.47,1.93
2023-04-12 05:00:00,MACH-C,59.2,1.87
2023-04-12 06:00:00,MACH-C,53.69,1.12
2023-04-12 07:00:00,MACH-C,42.24,1.02
2023-04-12 08:00:00,MACH-C,43.49,0.91
2023-04-12 09:00:00,MACH-C,42.98,1.78
2023-04-12 10:00:00,MACH-C,53.57,1.5
2023-04-12 11:00:00,MACH-C,34.19,1.53
2023-04-12 12:00:00,MACH-C,46.03,1.79
2023-04-12 13:00:00,MACH-C,36.61,2.0
2023-04-12 14:00:00,MACH-C,55.06,1.84
2023-04-12 15:00:00,MACH-C,40.09,1.65
2023-04-12 16:00:00,MACH-C,69.58,2.97
2023-04-12 17:00:00,MACH-C,60.45,1.9
2023-04-12 18:00:00,MACH-C,49.11,2.5
2023-04-12 19:00:00,MACH-C,54.13,1.38
2023-04-12 20:00:00,MACH-C,54.68,2.67
2023-04-12 21:00:00,MACH-C,40.4,1.73
2023-04-12 22:00:00,MACH-C,62.38,3.4
2023-04-12 23:00:00,MACH-C,49.04,1.34
2023-04-13 00:00:00,MACH-C,42.32,1.47
2023-04-13 01:00:00,MACH-C,55.42,1.91
2023-04-13 02:00:00,MACH-C,38.77,1.82
2023-04-13 03:00:00,MACH-C,56.56,1.41
2023-04-13 04:00:00,MACH-C,53.43,2.74
2023-04-13 05:00:00,MACH-C,43.5,2.68
2023-04-13 06:00:00,MACH-C,59.56,1.83
2023-04-13 07:00:00,MACH-C,57.05,2.5
2023-04-13 08:00:00,MACH-C,46.78,2.71
2023-04-13 09:00:00,MACH-C,55.39,2.0
2023-04-13 10:00:00,MACH-C,36.68,1.67
2023-04-13 11:00:00,MACH-C,54.92,2.64
2023-04-13 12:00:00,MACH-C,35.41,2.56
2023-04-13 13:00:00,MACH-C,51.28,1.37
2023-04-13 14:00:00,MACH-C,56.89,2.71
2023-04-13 15:00:00,MACH-C,53.38,1.49
2023-04-13 16:00:00,MACH-C,65.53,2.19
2023-04-13 17:00:00,MACH-C,42.07,1.59
2023-04-13 18:00:00,MACH-C,54.09,2.08
2023-04-13 19:00:00,MACH-C,28.68,2.06
2023-04-13 20:00:00,MACH-C,44.88,3.12
2023-04-13 21:00:00,MACH-C,46.97,1.19
2023-04-13 22:00:00,MACH-C,65.67,1.61
2023-04-13 23:00:00,MACH-C,49.76,1.77
2023-04-14 00:00:00,MACH-C,59.13,2.16
2023-04-14 01:00:00,MACH-C,40.96,1.84
2023-04-14 02:00:00,MACH-C,46.67,0.9
2023-04-14 03:00:00,MACH-C,41.63,2.37
2023-04-14 04:00:00,MACH-C,40.06,2.67
2023-04-14 05:00:00,MACH-C,40.75,2.22
2023-04-14 06:00:00,MACH-C,43.86,1.77
2023-04-14 07:00:00,MACH-C,70.43,2.1
2023-04-14 08:00:00,MACH-C,49.42,1.39
2023-04-14 09:00:00,MACH-C,36.47,2.53
2023-04-14 10:00:00,MACH-C,44.76,2.25
2023-04-14 11:00:00,MACH-C,60.17,1.73
2023-04-14 12:00:00,MACH-C,42.98,2.04
2023-04-14 13:00:00,MACH-C,64.88,2.52
2023-04-14 14:00:00,MACH-C,60.3,2.58
2023-04-14 15:00:00,MACH-C,48.06,1.96
2023-04-14 16:00:00,MACH-C,43.44,3.07
2023-04-14 17:00:00,MACH-C,40.49,2.68
2023-04-14 18:00:00,MACH-C,51.92,2.26
2023-04-14 19:00:00,MACH-C,54.15,1.8
2023-04-14 20:00:00,MACH-C,89.3,4.01
2023-04-14 21:00:00,MACH-C,53.57,2.1
2023-04-14 22:00:00,MACH-C,46.48,1.94
2023-04-14 23:00:00,MACH-C,63.74,2.85
2023-04-15 00:00:00,MACH-C,58.19,1.53
2023-04-15 01:00:00,MACH-C,43.12,2.25
2023-04-15 02:00:00,MACH-C,49.17,1.0
2023-04-15 03:00:00,MACH-C,56.6,2.19
2023-04-15 04:00:00,MACH-C,53.05,2.44
2023-04-15 05:00:00,MACH-C,39.92,2.72
2023-04-15 06:00:00,MACH-C,51.76,1.7
2023-04-15 07:00:00,MACH-C,43.24,1.64
2023-04-15 08:00:00,MACH-C,50.63,2.51
2023-04-15 09:00:00,MACH-C,37.0,2.6
2023-04-15 10:00:00,MACH-C,41.09,1.89
2023-04-15 11:00:00,MACH-C,70.99,1.02
2023-04-15 12:00:00,MACH-C,45.74,1.47
2023-04-15 13:00:00,MACH-C,61.13,1.95
2023-04-15 14:00:00,MACH-C,48.74,1.29
2023-04-15 15:00:00,MACH-C,37.97,2.36
2023-04-15 16:00:00,MACH-C,39.2,1.61
2023-04-15 17:00:00,MACH-C,42.07,1.96
2023-04-15 18:00:00,MACH-C,71.46,2.55
2023-04-15 19:00:00,MACH-C,47.69,2.18
2023-04-15 20:00:00,MACH-C,51.81,2.97
2023-04-15 21:00:00,MACH-C,56.82,2.7
2023-04-15 22:00:00,MACH-C,55.05,1.48
2023-04-15 23:00:00,MACH-C,58.65,2.3
2023-04-16 00:00:00,MACH-C,44.75,2.08
2023-04-16 01:00:00,MACH-C,38.16,2.59
2023-04-16 02:00:00,MACH-C,40.55,2.26
2023-04-16 03:00:00,MACH-C,34.68,1.75
2023-04-16 04:00:00,MACH-C,44.8,2.24
2023-04-16 05:00:00,MACH-C,12.74,1.82
2023-04-16 06:00:00,MACH-C,57.25,1.68
2023-04-16 07:00:00,MACH-C,55.72,1.94
2023-04-16 08:00:00,MACH-C,40.25,2.12
2023-04-16 09:00:00,MACH-C,36.23,2.65
2023-04-16 10:00:00,MACH-C,65.28,1.75
2023-04-16 11:00:00,MACH-C,59.66,1.04
2023-04-16 12:00:00,MACH-C,47.43,1.9
2023-04-16 13:00:00,MACH-C,43.25,2.13
2023-04-16 14:00:00,MACH-C,50.38,2.09
2023-04-16 15:00:00,MACH-C,35.59,1.87
2023-04-16 16:00:00,MACH-C,52.93,2.47
2023-04-16 17:00:00,MACH-C,37.98,2.16
2023-04-16 18:00:00,MACH-C,26.09,2.3
2023-04-16 19:00:00,MACH-C,41.86,1.08
2023-04-16 20:00:00,MACH-C,39.85,1.91
2023-04-16 21:00:00,MACH-C,68.07,1.93
2023-04-16 22:00:00,MACH-C,66.75,2.84
2023-04-16 23:00:00,MACH-C,38.84,1.95
2023-04-17 00:00:00,MACH-C,49.0,1.67
2023-04-17 01:00:00,MACH-C,43.44,1.64
2023-04-17 02:00:00,MACH-C,68.38,2.49
2023-04-17 03:00:00,MACH-C,31.8,1.71
2023-04-17 04:00:00,MACH-C,54.65,1.57
2023-04-17 05:00:00,MACH-C,62.78,2.46
2023-04-17 06:00:00,MACH-C,44.54,2.2
2023-04-17 07:00:00,MACH-C,50.24,1.88
2023-04-17 08:00:00,MACH-C,60.53,1.34
2023-04-17 09:00:00,MACH-C,38.93,2.28
2023-04-17 10:00:00,MACH-C,56.37,2.41
2023-04-17 11:00:00,MACH-C,34.52,1.52
2023-04-17 12:00:00,MACH-C,34.05,2.18
2023-04-17 13:00:00,MACH-C,58.51,1.95
2023-04-17 14:00:00,MACH-C,40.33,1.56
2023-04-17 15:00:00,MACH-C,51.79,1.78
2023-04-17 16:00:00,MACH-C,38.22,1.98
2023-04-17 17:00:00,MACH-C,52.81,1.34
2023-04-17 18:00:00,MACH-C,33.41,2.29
2023-04-17 19:00:00,MACH-C,62.96,1.64
2023-04-17 20:00:00,MACH-C,58.13,1.66
2023-04-17 21:00:00,MACH-C,43.99,2.25
2023-04-17 22:00:00,MACH-C,31.37,1.77
2023-04-17 23:00:00,MACH-C,47.95,1.89
2023-04-18 00:00:00,MACH-C,46.42,1.95
2023-04-18 01:00:00,MACH-C,44.56,1.61
2023-04-18 02:00:00,MACH-C,60.51,1.74
2023-04-18 03:00:00,MACH-C,62.14,1.99
2023-04-18 04:00:00,MACH-C,54.28,1.99
2023-04-18 05:00:00,MACH-C,64.91,2.26
2023-04-18 06:00:00,MACH-C,21.97,2.29
2023-04-18 07:00:00,MACH-C,46.96,2.61
2023-04-18 08:00:00,MACH-C,46.48,1.25
2023-04-18 09:00:00,MACH-C,58.42,2.46
2023-04-18 10:00:00,MACH-C,46.82,1.83
2023-04-18 11:00:00,MACH-C,55.55,2.33
2023-04-18 12:00:00,MACH-C,45.18,2.17
2023-04-18 13:00:00,MACH-C,43.26,1.71
2023-04-18 14:00:00,MACH-C,58.01,2.76
2023-04-18 15:00:00,MACH-C,49.98,2.38
2023-04-18 16:00:00,MACH-C,53.07,2.21
2023-04-18 17:00:00,MACH-C,37.6,3.1
2023-04-18 18:00:00,MACH-C,56.78,1.51
2023-04-18 19:00:00,MACH-C,39.23,2.01
2023-04-18 20:00:00,MACH-C,67.13,2.28
2023-04-18 21:00:00,MACH-C,47.44,1.47
2023-04-18 22:00:00,MACH-C,45.86,1.67
2023-04-18 23:00:00,MACH-C,58.92,2.5
2023-04-19 00:00:00,MACH-C,49.48,1.75
2023-04-19 01:00:00,MACH-C,57.17,2.44
2023-04-19 02:00:00,MACH-C,47.01,1.69
2023-04-19 03:00:00,MACH-C,57.14,3.01
2023-04-19 04:00:00,MACH-C,49.24,0.83
2023-04-19 05:00:00,MACH-C,58.67,2.5
2023-04-19 06:00:00,MACH-C,61.51,2.13
2023-04-19 07:00:00,MACH-C,34.15,1.23
2023-04-19 08:00:00,MACH-C,53.58,1.89
2023-04-19 09:00:00,MACH-C,68.3,1.04
2023-04-19 10:00:00,MACH-C,56.18,2.18
2023-04-19 11:00:00,MACH-C,74.38,1.7
2023-04-19 12:00:00,MACH-C,40.72,1.03
2023-04-19 13:00:00,MACH-C,52.58,2.08
2023-04-19 14:00:00,MACH-C,54.88,2.07
2023-04-19 15:00:00,MACH-C,44.73,3.05
2023-04-19 16:00:00,MACH-C,37.64,2.41
2023-04-19 17:00:00,MACH-C,71.7,0.81
2023-04-19 18:00:00,MACH-C,61.22,1.74
2023-04-19 19:00:00,MACH-C,55.58,2.55
2023-04-19 20:00:00,MACH-C,50.48,1.19
2023-04-19 21:00:00,MACH-C,51.4,1.61
2023-04-19 22:00:00,MACH-C,56.28,2.0
2023-04-19 23:00:00,MACH-C,64.42,1.74
2023-04-20 00:00:00,MACH-C,42.93,2.8
2023-04-20 01:00:00,MACH-C,51.06,2.09
2023-04-20 02:00:00,MACH-C,46.3,2.02
2023-04-20 03:00:00,MACH-C,39.43,1.54
2023-04-20 04:00:00,MACH-C,43.86,1.45
2023-04-20 05:00:00,MACH-C,52.16,2.05
2023-04-20 06:00:00,MACH-C,47.01,1.96
2023-04-20 07:00:00,MACH-C,50.27,1.39
2023-04-20 08:00:00,MACH-C,57.25,2.12
2023-04-20 09:00:00,MACH-C,61.55,2.03
2023-04-20 10:00:00,MACH-C,76.54,1.85
2023-04-20 11:00:00,MACH-C,57.71,2.6
2023-04-20 12:00:00,MACH-C,43.83,1.99
2023-04-20 13:00:00,MACH-C,61.03,1.88
2023-04-20 14:00:00,MACH-C,46.82,2.57
2023-04-20 15:00:00,MACH-C,43.01,1.92
2023-04-20 16:00:00,MACH-C,56.23,1.8
2023-04-20 17:00:00,MACH-C,64.14,1.41
2023-04-20 18:00:00,MACH-C,43.94,2.03
2023-04-20 19:00:00,MACH-C,53.15,2.47
2023-04-20 20:00:00,MACH-C,54.56,1.79
2023-04-20 21:00:00,MACH-C,40.51,1.34
2023-04-20 22:00:00,MACH-C,35.69,2.51
2023-04-20 23:00:00,MACH-C,35.97,2.53
2023-04-21 00:00:00,MACH-C,62.79,2.29
2023-04-21 01:00:00,MACH-C,45.36,2.05
2023-04-21 02:00:00,MACH-C,43.7,2.21
2023-04-21 03:00:00,MACH-C,53.18,1.22
2023-04-21 04:00:00,MACH-C,63.01,1.71
2023-04-21 05:00:00,MACH-C,38.35,2.34
2023-04-21 06:00:00,MACH-C,31.12,2.17
2023-04-21 07:00:00,MACH-C,64.76,2.45
2023-04-21 08:00:00,MACH-C,55.14,2.77
2023-04-21 09:00:00,MACH-C,39.27,1.38
2023-04-21 10:00:00,MACH-C,45.62,2.24
2023-04-21 11:00:00,MACH-C,39.98,1.87
2023-04-21 12:00:00,MACH-C,56.4,1.78
2023-04-21 13:00:00,MACH-C,60.23,3.24
2023-04-21 14:00:00,MACH-C,56.69,1.21
2023-04-21 15:00:00,MACH-C,51.66,1.91
2023-04-21 16:00:00,MACH-C,53.78,1.88
2023-04-21 17:00:00,MACH-C,42.58,2.02
2023-04-21 18:00:00,MACH-C,45.56,1.01
2023-04-21 19:00:00,MACH-C,50.06,1.51
2023-04-21 20:00:00,MACH-C,47.23,2.02
2023-04-21 21:00:00,MACH-C,50.01,1.3
2023-04-21 22:00:00,MACH-C,33.82,2.48
2023-04-21 23:00:00,MACH-C,58.81,2.29
2023-04-22 00:00:00,MACH-C,39.28,1.21
2023-04-22 01:00:00,MACH-C,28.92,1.88
2023-04-22 02:00:00,MACH-C,42.85,2.19
2023-04-22 03:00:00,MACH-C,47.84,1.31
2023-04-22 04:00:00,MACH-C,70.18,1.21
2023-04-22 05:00:00,MACH-C,45.11,1.52
2023-04-22 06:00:00,MACH-C,52.1,3.34
2023-04-22 07:00:00,MACH-C,53.21,2.55
2023-04-22 08:00:00,MACH-C,34.85,1.7
2023-04-22 09:00:00,MACH-C,48.95,1.33
2023-04-22 10:00:00,MACH-C,47.36,1.59
2023-04-22 11:00:00,MACH-C,50.84,2.76
2023-04-22 12:00:00,MACH-C,54.23,3.02
2023-04-22 13:00:00,MACH-C,58.51,1.59
2023-04-22 14:00:00,MACH-C,41.44,2.16
2023-04-22 15:00:00,MACH-C,54.83,1.87
2023-04-22 16:00:00,MACH-C,42.72,2.64
2023-04-22 17:00:00,MACH-C,40.9,1.45
2023-04-22 18:00:00,MACH-C,67.53,2.49
2023-04-22 19:00:00,MACH-C,31.87,1.33
2023-04-22 20:00:00,MACH-C,44.83,2.47
2023-04-22 21:00:00,MACH-C,52.22,1.57
2023-04-22 22:00:00,MACH-C,44.01,1.84
2023-04-22 23:00:00,MACH-C,51.5,1.68
2023-04-23 00:00:00,MACH-C,36.57,2.98
2023-04-23 01:00:00,MACH-C,31.55,2.5
2023-04-23 02:00:00,MACH-C,41.26,1.79
2023-04-23 03:00:00,MACH-C,51.52,1.59
2023-04-23 04:00:00,MACH-C,48.28,2.66
2023-04-23 05:00:00,MACH-C,56.36,0.3
2023-04-23 06:00:00,MACH-C,35.75,2.24
2023-04-23 07:00:00,MACH-C,44.24,1.52
2023-04-23 08:00:00,MACH-C,49.28,3.13
2023-04-23 09:00:00,MACH-C,40.31,3.37
2023-04-23 10:00:00,MACH-C,51.38,2.02
2023-04-23 11:00:00,MACH-C,47.19,1.82
2023-04-23 12:00:00,MACH-C,54.87,2.03
2023-04-23 13:00:00,MACH-C,52.89,1.69
2023-04-23 14:00:00,MACH-C,31.47,1.6
2023-04-23 15:00:00,MACH-C,64.73,2.12
2023-04-23 16:00:00,MACH-C,28.28,2.31
2023-04-23 17:00:00,MACH-C,34.48,2.07
2023-04-23 18:00:00,MACH-C,49.25,2.15
2023-04-23 19:00:00,MACH-C,52.96,1.68
2023-04-23 20:00:00,MACH-C,47.18,1.53
2023-04-23 21:00:00,MACH-C,44.58,1.53
2023-04-23 22:00:00,MACH-C,49.18,2.39
2023-04-23 23:00:00,MACH-C,55.27,2.04
2023-04-24 00:00:00,MACH-C,38.53,2.1
2023-04-24 01:00:00,MACH-C,38.86,2.17
2023-04-24 02:00:00,MACH-C,41.34,1.97
2023-04-24 03:00:00,MACH-C,63.2,2.05
2023-04-24 04:00:00,MACH-C,53.73,2.65
2023-04-24 05:00:00,MACH-C,55.72,2.39
2023-04-24 06:00:00,MACH-C,65.91,1.91
2023-04-24 07:00:00,MACH-C,57.87,1.76
2023-04-24 08:00:00,MACH-C,51.56,2.51
2023-04-24 09:00:00,MACH-C,65.58,2.17
2023-04-24 10:00:00,MACH-C,40.28,1.85
2023-04-24 11:00:00,MACH-C,47.35,1.35
2023-04-24 12:00:00,MACH-C,61.56,2.85
2023-04-24 13:00:00,MACH-C,28.06,1.44
2023-04-24 14:00:00,MACH-C,42.03,2.14
2023-04-24 15:00:00,MACH-C,57.9,2.91
2023-04-24 16:00:00,MACH-C,51.07,1.83
2023-04-24 17:00:00,MACH-C,55.14,1.98
2023-04-24 18:00:00,MACH-C,30.84,2.43
2023-04-24 19:00:00,MACH-C,41.59,1.4
2023-04-24 20:00:00,MACH-C,56.49,1.17
2023-04-24 21:00:00,MACH-C,40.98,1.82
2023-04-24 22:00:00,MACH-C,58.25,2.04
2023-04-24 23:00:00,MACH-C,52.87,2.03
2023-04-25 00:00:00,MACH-C,38.28,2.71
2023-04-25 01:00:00,MACH-C,53.46,1.53
2023-04-25 02:00:00,MACH-C,57.49,1.93
2023-04-25 03:00:00,MACH-C,53.61,2.75
2023-04-25 04:00:00,MACH-C,55.37,1.86
2023-04-25 05:00:00,MACH-C,32.71,2.99
2023-04-25 06:00:00,MACH-C,72.55,1.88
2023-04-25 07:00:00,MACH-C,78.21,1.65
2023-04-25 08:00:00,MACH-C,64.29,1.98
2023-04-25 09:00:00,MACH-C,51.16,2.13
2023-04-25 10:00:00,MACH-C,45.95,1.79
2023-04-25 11:00:00,MACH-C,46.16,2.2
2023-04-25 12:00:00,MACH-C,57.84,1.93
2023-04-25 13:00:00,MACH-C,60.69,2.63
2023-04-25 14:00:00,MACH-C,43.5,2.25
2023-04-25 15:00:00,MACH-C,49.78,2.01
2023-04-25 16:00:00,MACH-C,62.57,1.84
2023-04-25 17:00:00,MACH-C,48.97,2.4
2023-04-25 18:00:00,MACH-C,51.12,2.02
2023-04-25 19:00:00,MACH-C,63.77,1.77
2023-04-25 20:00:00,MACH-C,62.16,1.64
2023-04-25 21:00:00,MACH-C,58.05,2.35
2023-04-25 22:00:00,MACH-C,39.31,1.76
2023-04-25 23:00:00,MACH-C,39.43,1.85
2023-04-26 00:00:00,MACH-C,42.64,2.28
2023-04-26 01:00:00,MACH-C,44.78,2.54
2023-04-26 02:00:00,MACH-C,52.16,2.3
2023-04-26 03:00:00,MACH-C,49.07,2.43
2023-04-26 04:00:00,MACH-C,48.38,2.35
2023-04-26 05:00:00,MACH-C,47.42,2.0
2023-04-26 06:00:00,MACH-C,41.23,2.2
2023-04-26 07:00:00,MACH-C,45.39,2.91
2023-04-26 08:00:00,MACH-C,74.34,1.9
2023-04-26 09:00:00,MACH-C,56.99,1.45
2023-04-26 10:00:00,MACH-C,50.2,0.74
2023-04-26 11:00:00,MACH-C,35.0,2.97
2023-04-26 12:00:00,MACH-C,40.1,2.99
2023-04-26 13:00:00,MACH-C,49.58,1.5
2023-04-26 14:00:00,MACH-C,63.6,2.64
2023-04-26 15:00:00,MACH-C,52.29,2.52
2023-04-26 16:00:00,MACH-C,52.16,2.32
2023-04-26 17:00:00,MACH-C,61.1,2.25
2023-04-26 18:00:00,MACH-C,40.29,1.63
2023-04-26 19:00:00,MACH-C,64.06,2.06
2023-04-26 20:00:00,MACH-C,46.17,2.17
2023-04-26 21:00:00,MACH-C,61.58,2.03
2023-04-26 22:00:00,MACH-C,66.7,1.97
2023-04-26 23:00:00,MACH-C,40.93,2.65
2023-04-27 00:00:00,MACH-C,50.0,2.51
2023-04-27 01:00:00,MACH-C,57.89,2.44
2023-04-27 02:00:00,MACH-C,47.13,2.47
2023-04-27 03:00:00,MACH-C,47.41,2.11
2023-04-27 04:00:00,MACH-C,46.02,2.58
2023-04-27 05:00:00,MACH-C,31.39,1.4
2023-04-27 06:00:00,MACH-C,60.57,2.03
2023-04-27 07:00:00,MACH-C,39.9,2.35
2023-04-27 08:00:00,MACH-C,27.11,2.27
2023-04-27 09:00:00,MACH-C,60.47,2.19
2023-04-27 10:00:00,MACH-C,54.85,2.46
2023-04-27 11:00:00,MACH-C,36.82,2.72
2023-04-27 12:00:00,MACH-C,60.86,1.47
2023-04-27 13:00:00,MACH-C,56.65,2.15
2023-04-27 14:00:00,MACH-C,50.0,1.64
2023-04-27 15:00:00,MACH-C,46.5,2.54
2023-04-27 16:00:00,MACH-C,48.78,2.36
2023-04-27 17:00:00,MACH-C,52.06,1.51
2023-04-27 18:00:00,MACH-C,42.11,2.0
2023-04-27 19:00:00,MACH-C,61.18,1.25
2023-04-27 20:00:00,MACH-C,55.56,2.47
2023-04-27 21:00:00,MACH-C,48.65,1.73
2023-04-27 22:00:00,MACH-C,67.43,1.43
2023-04-27 23:00:00,MACH-C,46.98,1.83
2023-04-28 00:00:00,MACH-C,65.49,2.29
2023-04-28 01:00:00,MACH-C,52.93,2.14
2023-04-28 02:00:00,MACH-C,57.58,1.76
2023-04-28 03:00:00,MACH-C,46.33,1.95
2023-04-28 04:00:00,MACH-C,31.3,1.85
2023-04-28 05:00:00,MACH-C,54.79,1.53
2023-04-28 06:00:00,MACH-C,38.12,1.07
2023-04-28 07:00:00,MACH-C,43.87,2.0
2023-04-28 08:00:00,MACH-C,50.76,2.29
2023-04-28 09:00:00,MACH-C,87.04,3.6
2023-04-28 10:00:00,MACH-C,49.68,3.02
2023-04-28 11:00:00,MACH-C,52.0,1.7
2023-04-28 12:00:00,MACH-C,35.26,1.98
2023-04-28 13:00:00,MACH-C,52.74,2.24
2023-04-28 14:00:00,MACH-C,43.79,2.22
2023-04-28 15:00:00,MACH-C,39.32,1.87
2023-04-28 16:00:00,MACH-C,29.99,1.97
2023-04-28 17:00:00,MACH-C,34.46,1.96
2023-04-28 18:00:00,MACH-C,50.24,2.34
2023-04-28 19:00:00,MACH-C,50.42,1.65
2023-04-28 20:00:00,MACH-C,55.18,0.78
2023-04-28 21:00:00,MACH-C,67.16,1.83
2023-04-28 22:00:00,MACH-C,63.56,2.84
2023-04-28 23:00:00,MACH-C,59.96,2.4
2023-04-29 00:00:00,MACH-C,61.86,1.22
2023-04-29 01:00:00,MACH-C,51.81,2.34
2023-04-29 02:00:00,MACH-C,51.63,2.1
2023-04-29 03:00:00,MACH-C,65.37,1.81
2023-04-29 04:00:00,MACH-C,52.16,1.46
2023-04-29 05:00:00,MACH-C,52.38,1.59
2023-04-29 06:00:00,MACH-C,61.66,1.72
2023-04-29 07:00:00,MACH-C,47.23,2.92
2023-04-29 08:00:00,MACH-C,48.65,2.32
2023-04-29 09:00:00,MACH-C,36.39,1.65
2023-04-29 10:00:00,MACH-C,45.37,1.73
2023-04-29 11:00:00,MACH-C,46.7,1.98
2023-04-29 12:00:00,MACH-C,47.27,1.78
2023-04-29 13:00:00,MACH-C,58.1,2.01
2023-04-29 14:00:00,MACH-C,39.91,1.93
2023-04-29 15:00:00,MACH-C,64.89,2.05
2023-04-29 16:00:00,MACH-C,29.4,1.0
2023-04-29 17:00:00,MACH-C,55.98,2.4
2023-04-29 18:00:00,MACH-C,58.17,1.72
2023-04-29 19:00:00,MACH-C,56.92,2.45
2023-04-29 20:00:00,MACH-C,60.96,3.1
2023-04-29 21:00:00,MACH-C,47.88,1.27
2023-04-29 22:00:00,MACH-C,62.53,2.05
2023-04-29 23:00:00,MACH-C,43.09,1.79
2023-04-30 00:00:00,MACH-C,43.93,2.2
2023-04-30 01:00:00,MACH-C,70.69,0.95
2023-04-30 02:00:00,MACH-C,51.77,1.82
2023-04-30 03:00:00,MACH-C,59.52,1.59
2023-04-30 04:00:00,MACH-C,54.96,2.81
2023-04-30 05:00:00,MACH-C,57.23,2.93
2023-04-30 06:00:00,MACH-C,29.95,1.86
2023-04-30 07:00:00,MACH-C,53.76,1.43
2023-04-30 08:00:00,MACH-C,50.16,1.58
2023-04-30 09:00:00,MACH-C,59.73,2.02
2023-04-30 10:00:00,MACH-C,42.04,1.3
2023-04-30 11:00:00,MACH-C,61.93,2.26
2023-04-30 12:00:00,MACH-C,37.94,1.9
2023-04-30 13:00:00,MACH-C,45.48,2.18
2023-04-30 14:00:00,MACH-C,34.22,2.2
2023-04-30 15:00:00,MACH-C,39.19,2.69
2023-04-30 16:00:00,MACH-C,50.07,2.32
2023-04-30 17:00:00,MACH-C,63.68,2.15
2023-04-30 18:00:00,MACH-C,50.35,2.12
2023-04-30 19:00:00,MACH-C,37.16,1.01
2023-04-30 20:00:00,MACH-C,28.89,2.09
2023-04-30 21:00:00,MACH-C,56.74,2.31
2023-04-30 22:00:00,MACH-C,43.43,1.94
2023-04-30 23:00:00,MACH-C,44.76,2.83
2023-05-01 00:00:00,MACH-C,60.77,1.26
2023-05-01 01:00:00,MACH-C,48.65,1.63
2023-05-01 02:00:00,MACH-C,47.01,1.68
2023-05-01 03:00:00,MACH-C,51.62,2.0
2023-05-01 04:00:00,MACH-C,64.82,1.68
2023-05-01 05:00:00,MACH-C,52.54,1.38
2023-05-01 06:00:00,MACH-C,28.41,1.82
2023-05-01 07:00:00,MACH-C,41.82,2.51
2023-05-01 08:00:00,MACH-C,47.15,2.38
2023-05-01 09:00:00,MACH-C,58.63,1.65
2023-05-01 10:00:00,MACH-C,37.57,1.81
2023-05-01 11:00:00,MACH-C,51.49,1.61
2023-05-01 12:00:00,MACH-C,49.18,1.37
2023-05-01 13:00:00,MACH-C,60.17,2.21
2023-05-01 14:00:00,MACH-C,40.03,1.36
2023-05-01 15:00:00,MACH-C,51.67,2.33
2023-05-01 16:00:00,MACH-C,65.33,2.91
2023-05-01 17:00:00,MACH-C,58.99,2.19
2023-05-01 18:00:00,MACH-C,55.99,2.31
2023-05-01 19:00:00,MACH-C,46.89,2.3
2023-05-01 20:00:00,MACH-C,51.51,1.76
2023-05-01 21:00:00,MACH-C,48.87,2.18
2023-05-01 22:00:00,MACH-C,58.57,2.16
2023-05-01 23:00:00,MACH-C,55.26,1.69
2023-05-02 00:00:00,MACH-C,43.72,0.74
2023-05-02 01:00:00,MACH-C,67.45,1.48
2023-05-02 02:00:00,MACH-C,62.04,1.53
2023-05-02 03:00:00,MACH-C,41.33,2.25
2023-05-02 04:00:00,MACH-C,46.56,1.26
2023-05-02 05:00:00,MACH-C,48.42,2.94
2023-05-02 06:00:00,MACH-C,58.16,2.81
2023-05-02 07:00:00,MACH-C,41.91,2.53
2023-05-02 08:00:00,MACH-C,43.31,1.74
2023-05-02 09:00:00,MACH-C,58.78,0.96
2023-05-02 10:00:00,MACH-C,55.59,2.42
2023-05-02 11:00:00,MACH-C,30.52,1.63
2023-05-02 12:00:00,MACH-C,56.58,2.39
2023-05-02 13:00:00,MACH-C,35.26,2.3
2023-05-02 14:00:00,MACH-C,43.65,1.78
2023-05-02 15:00:00,MACH-C,46.35,1.39
2023-05-02 16:00:00,MACH-C,45.31,2.09
2023-05-02 17:00:00,MACH-C,43.51,1.22
2023-05-02 18:00:00,MACH-C,39.62,2.14
2023-05-02 19:00:00,MACH-C,55.12,2.24
2023-05-02 20:00:00,MACH-C,33.87,1.67
2023-05-02 21:00:00,MACH-C,44.68,1.25
2023-05-02 22:00:00,MACH-C,57.91,2.81
2023-05-02 23:00:00,MACH-C,53.97,1.73
2023-05-03 00:00:00,MACH-C,36.15,1.9
2023-05-03 01:00:00,MACH-C,30.7,2.55
2023-05-03 02:00:00,MACH-C,39.11,1.72
2023-05-03 03:00:00,MACH-C,28.22,1.62
2023-05-03 04:00:00,MACH-C,50.92,3.01
2023-05-03 05:00:00,MACH-C,45.4,1.63
2023-05-03 06:00:00,MACH-C,46.17,2.61
2023-05-03 07:00:00,MACH-C,55.1,2.08
2023-05-03 08:00:00,MACH-C,58.74,2.07
2023-05-03 09:00:00,MACH-C,52.38,1.75
2023-05-03 10:00:00,MACH-C,47.77,1.9
2023-05-03 11:00:00,MACH-C,42.98,2.89
2023-05-03 12:00:00,MACH-C,46.49,2.43
2023-05-03 13:00:00,MACH-C,52.07,1.32
2023-05-03 14:00:00,MACH-C,59.25,1.5
2023-05-03 15:00:00,MACH-C,36.1,2.19
2023-05-03 16:00:00,MACH-C,38.72,2.32
2023-05-03 17:00:00,MACH-C,49.94,2.38
2023-05-03 18:00:00,MACH-C,28.89,1.96
2023-05-03 19:00:00,MACH-C,52.85,1.58
2023-05-03 20:00:00,MACH-C,60.56,1.6
2023-05-03 21:00:00,MACH-C,73.58,0.85
2023-05-03 22:00:00,MACH-C,50.82,2.82
2023-05-03 23:00:00,MACH-C,58.59,0.69
2023-05-04 00:00:00,MACH-C,50.22,1.88
2023-05-04 01:00:00,MACH-C,66.2,1.11
2023-05-04 02:00:00,MACH-C,45.77,1.71
2023-05-04 03:00:00,MACH-C,53.29,2.29
2023-05-04 04:00:00,MACH-C,56.04,0.86
2023-05-04 05:00:00,MACH-C,53.89,2.18
2023-05-04 06:00:00,MACH-C,42.28,2.44
2023-05-04 07:00:00,MACH-C,36.26,1.79
2023-05-04 08:00:00,MACH-C,60.21,3.37
2023-05-04 09:00:00,MACH-C,52.51,0.88
2023-05-04 10:00:00,MACH-C,50.75,1.14
2023-05-04 11:00:00,MACH-C,58.92,1.85
2023-05-04 12:00:00,MACH-C,58.45,1.86
2023-05-04 13:00:00,MACH-C,53.58,2.06
2023-05-04 14:00:00,MACH-C,56.36,2.46
2023-05-04 15:00:00,MACH-C,44.75,1.37
2023-05-04 16:00:00,MACH-C,55.34,1.32
2023-05-04 17:00:00,MACH-C,34.31,1.65
2023-05-04 18:00:00,MACH-C,50.2,2.52
2023-05-04 19:00:00,MACH-C,57.47,2.4
2023-05-04 20:00:00,MACH-C,42.81,1.97
2023-05-04 21:00:00,MACH-C,51.42,1.75
2023-05-04 22:00:00,MACH-C,53.01,1.92
2023-05-04 23:00:00,MACH-C,41.09,2.18
2023-05-05 00:00:00,MACH-C,61.29,2.05
2023-05-05 01:00:00,MACH-C,53.2,1.3
2023-05-05 02:00:00,MACH-C,81.46,4.16
2023-05-05 03:00:00,MACH-C,50.91,1.87
2023-05-05 04:00:00,MACH-C,64.54,2.36
2023-05-05 05:00:00,MACH-C,49.96,1.47
2023-05-05 06:00:00,MACH-C,43.49,2.2
2023-05-05 07:00:00,MACH-C,44.55,1.11
2023-05-05 08:00:00,MACH-C,48.4,2.04
2023-05-05 09:00:00,MACH-C,37.88,1.61
2023-05-05 10:00:00,MACH-C,64.02,0.96
2023-05-05 11:00:00,MACH-C,59.24,1.73
2023-05-05 12:00:00,MACH-C,60.77,1.37
2023-05-05 13:00:00,MACH-C,34.96,1.86
2023-05-05 14:00:00,MACH-C,51.29,2.21
2023-05-05 15:00:00,MACH-C,60.78,2.23
2023-05-05 16:00:00,MACH-C,40.53,1.01
2023-05-05 17:00:00,MACH-C,49.28,2.29
2023-05-05 18:00:00,MACH-C,39.01,2.21
2023-05-05 19:00:00,MACH-C,58.34,1.79
2023-05-05 20:00:00,MACH-C,47.85,1.37
2023-05-05 21:00:00,MACH-C,49.08,1.8
2023-05-05 22:00:00,MACH-C,38.71,2.81
2023-05-05 23:00:00,MACH-C,65.48,2.3
2023-05-06 00:00:00,MACH-C,50.51,2.49
2023-05-06 01:00:00,MACH-C,57.92,1.51
2023-05-06 02:00:00,MACH-C,53.84,1.73
2023-05-06 03:00:00,MACH-C,40.91,1.35
2023-05-06 04:00:00,MACH-C,33.59,1.67
2023-05-06 05:00:00,MACH-C,48.09,2.68
2023-05-06 06:00:00,MACH-C,61.06,1.78
2023-05-06 07:00:00,MACH-C,30.3,1.66
2023-05-06 08:00:00,MACH-C,69.48,2.12
2023-05-06 09:00:00,MACH-C,58.34,1.71
2023-05-06 10:00:00,MACH-C,51.91,2.05
2023-05-06 11:00:00,MACH-C,48.84,1.72
2023-05-06 12:00:00,MACH-C,58.59,2.1
2023-05-06 13:00:00,MACH-C,37.79,1.81
2023-05-06 14:00:00,MACH-C,54.42,1.44
2023-05-06 15:00:00,MACH-C,53.08,2.53
2023-05-06 16:00:00,MACH-C,67.95,2.91
2023-05-06 17:00:00,MACH-C,46.35,2.25
2023-05-06 18:00:00,MACH-C,50.45,1.25
2023-05-06 19:00:00,MACH-C,49.33,1.89
2023-05-06 20:00:00,MACH-C,44.83,2.12
2023-05-06 21:00:00,MACH-C,64.78,1.16
2023-05-06 22:00:00,MACH-C,40.25,1.73
2023-05-06 23:00:00,MACH-C,34.82,1.3
2023-05-07 00:00:00,MACH-C,52.44,1.49
2023-05-07 01:00:00,MACH-C,42.75,2.17
2023-05-07 02:00:00,MACH-C,52.54,1.98
2023-05-07 03:00:00,MACH-C,56.33,1.45
2023-05-07 04:00:00,MACH-C,51.46,1.97
2023-05-07 05:00:00,MACH-C,50.24,1.82
2023-05-07 06:00:00,MACH-C,29.38,2.44
2023-05-07 07:00:00,MACH-C,55.6,0.96
2023-05-07 08:00:00,MACH-C,51.96,1.63
2023-05-07 09:00:00,MACH-C,68.74,2.76
2023-05-07 10:00:00,MACH-C,61.37,1.42
2023-05-07 11:00:00,MACH-C,35.18,1.46
2023-05-07 12:00:00,MACH-C,60.61,1.74
2023-05-07 13:00:00,MACH-C,37.0,2.63
2023-05-07 14:00:00,MACH-C,58.34,2.2
2023-05-07 15:00:00,MACH-C,64.54,1.47
2023-05-07 16:00:00,MACH-C,68.67,1.96
2023-05-07 17:00:00,MACH-C,46.04,1.82
2023-05-07 18:00:00,MACH-C,57.06,2.22
2023-05-07 19:00:00,MACH-C,60.09,1.98
2023-05-07 20:00:00,MACH-C,54.71,2.1
2023-05-07 21:00:00,MACH-C,33.29,1.84
2023-05-07 22:00:00,MACH-C,51.54,2.66
2023-05-07 23:00:00,MACH-C,55.69,1.98
2023-05-08 00:00:00,MACH-C,49.98,1.69
2023-05-08 01:00:00,MACH-C,41.41,2.53
2023-05-08 02:00:00,MACH-C,47.99,2.3
2023-05-08 03:00:00,MACH-C,59.01,1.55
2023-05-08 04:00:00,MACH-C,53.94,0.03
2023-05-08 05:00:00,MACH-C,54.65,2.27
2023-05-08 06:00:00,MACH-C,47.51,1.78
2023-05-08 07:00:00,MACH-C,54.26,2.02
2023-05-08 08:00:00,MACH-C,28.94,2.59
2023-05-08 09:00:00,MACH-C,49.56,1.52
2023-05-08 10:00:00,MACH-C,46.19,1.44
2023-05-08 11:00:00,MACH-C,50.27,1.3
2023-05-08 12:00:00,MACH-C,38.27,3.1
2023-05-08 13:00:00,MACH-C,88.69,4.85
2023-05-08 14:00:00,MACH-C,69.22,2.34
2023-05-08 15:00:00,MACH-C,50.81,1.04
2023-05-08 16:00:00,MACH-C,50.47,1.29
2023-05-08 17:00:00,MACH-C,75.08,2.35
2023-05-08 18:00:00,MACH-C,40.52,2.2
2023-05-08 19:00:00,MACH-C,54.95,1.86
2023-05-08 20:00:00,MACH-C,65.8,1.32
2023-05-08 21:00:00,MACH-C,46.1,2.53
2023-05-08 22:00:00,MACH-C,58.53,2.9
2023-05-08 23:00:00,MACH-C,51.67,2.22
2023-05-09 00:00:00,MACH-C,39.25,1.62
2023-05-09 01:00:00,MACH-C,48.36,2.76
2023-05-09 02:00:00,MACH-C,49.68,2.08
2023-05-09 03:00:00,MACH-C,43.64,2.81
2023-05-09 04:00:00,MACH-C,33.93,1.82
2023-05-09 05:00:00,MACH-C,45.88,3.03
2023-05-09 06:00:00,MACH-C,35.05,1.78
2023-05-09 07:00:00,MACH-C,55.42,1.67
2023-05-09 08:00:00,MACH-C,55.49,2.41
2023-05-09 09:00:00,MACH-C,37.25,1.96
2023-05-09 10:00:00,MACH-C,50.82,2.19
2023-05-09 11:00:00,MACH-C,36.56,1.49
2023-05-09 12:00:00,MACH-C,46.38,1.5
2023-05-09 13:00:00,MACH-C,43.31,1.81
2023-05-09 14:00:00,MACH-C,54.8,2.18
2023-05-09 15:00:00,MACH-C,33.81,1.61
2023-05-09 16:00:00,MACH-C,59.83,2.53
2023-05-09 17:00:00,MACH-C,62.28,1.95
2023-05-09 18:00:00,MACH-C,48.56,2.85
2023-05-09 19:00:00,MACH-C,36.55,1.47
2023-05-09 20:00:00,MACH-C,29.07,2.17
2023-05-09 21:00:00,MACH-C,60.95,2.23
2023-05-09 22:00:00,MACH-C,69.84,2.14
2023-05-09 23:00:00,MACH-C,50.44,1.98
2023-05-10 00:00:00,MACH-C,38.37,2.42
2023-05-10 01:00:00,MACH-C,39.05,1.38
2023-05-10 02:00:00,MACH-C,61.82,2.14
2023-05-10 03:00:00,MACH-C,51.69,1.51
2023-05-10 04:00:00,MACH-C,40.31,1.71
2023-05-10 05:00:00,MACH-C,72.99,2.13
2023-05-10 06:00:00,MACH-C,60.45,2.47
2023-05-10 07:00:00,MACH-C,55.49,1.31
2023-05-10 08:00:00,MACH-C,44.42,2.83
2023-05-10 09:00:00,MACH-C,62.39,2.5
2023-05-10 10:00:00,MACH-C,58.82,2.02
2023-05-10 11:00:00,MACH-C,48.94,1.47
2023-05-10 12:00:00,MACH-C,60.88,2.76
2023-05-10 13:00:00,MACH-C,60.46,2.23
2023-05-10 14:00:00,MACH-C,52.74,2.23
2023-05-10 15:00:00,MACH-C,38.53,1.66
2023-05-10 16:00:00,MACH-C,39.79,2.1
2023-05-10 17:00:00,MACH-C,34.15,1.69
2023-05-10 18:00:00,MACH-C,63.25,2.61
2023-05-10 19:00:00,MACH-C,35.39,2.62
2023-05-10 20:00:00,MACH-C,50.34,1.92
2023-05-10 21:00:00,MACH-C,34.09,1.71
2023-05-10 22:00:00,MACH-C,66.84,2.4
2023-05-10 23:00:00,MACH-C,38.37,2.33
2023-05-11 00:00:00,MACH-C,53.23,1.42
2023-05-11 01:00:00,MACH-C,34.32,1.85
2023-05-11 02:00:00,MACH-C,58.71,3.1
2023-05-11 03:00:00,MACH-C,60.85,2.0
2023-05-11 04:00:00,MACH-C,50.18,2.12
2023-05-11 05:00:00,MACH-C,49.34,2.27
2023-05-11 06:00:00,MACH-C,58.11,1.72
2023-05-11 07:00:00,MACH-C,43.9,2.38
2023-05-11 08:00:00,MACH-C,60.89,2.19
2023-05-11 09:00:00,MACH-C,52.97,2.56
2023-05-11 10:00:00,MACH-C,34.27,1.16
2023-05-11 11:00:00,MACH-C,68.47,2.18
2023-05-11 12:00:00,MACH-C,51.84,2.1
2023-05-11 13:00:00,MACH-C,46.62,1.29
2023-05-11 14:00:00,MACH-C,51.65,1.87
2023-05-11 15:00:00,MACH-C,42.82,2.2
2023-05-11 16:00:00,MACH-C,48.47,2.03
2023-05-11 17:00:00,MACH-C,57.89,1.99
2023-05-11 18:00:00,MACH-C,56.88,1.99
2023-05-11 19:00:00,MACH-C,56.2,1.77
2023-05-11 20:00:00,MACH-C,43.99,3.0
2023-05-11 21:00:00,MACH-C,41.39,2.16
2023-05-11 22:00:00,MACH-C,53.88,2.15
2023-05-11 23:00:00,MACH-C,57.71,1.34
2023-05-12 00:00:00,MACH-C,42.67,1.84
2023-05-12 01:00:00,MACH-C,47.72,1.74
2023-05-12 02:00:00,MACH-C,53.92,1.98
2023-05-12 03:00:00,MACH-C,49.04,1.84
2023-05-12 04:00:00,MACH-C,61.57,1.69
2023-05-12 05:00:00,MACH-C,36.92,1.89
2023-05-12 06:00:00,MACH-C,35.47,1.46
2023-05-12 07:00:00,MACH-C,60.96,2.3
2023-05-12 08:00:00,MACH-C,56.17,2.4
2023-05-12 09:00:00,MACH-C,50.91,2.25
2023-05-12 10:00:00,MACH-C,46.66,2.43
2023-05-12 11:00:00,MACH-C,54.71,2.39
2023-05-12 12:00:00,MACH-C,51.89,1.36
2023-05-12 13:00:00,MACH-C,52.99,2.75
2023-05-12 14:00:00,MACH-C,49.32,2.43
2023-05-12 15:00:00,MACH-C,55.35,1.05
2023-05-12 16:00:00,MACH-C,59.18,1.62
2023-05-12 17:00:00,MACH-C,59.04,1.38
2023-05-12 18:00:00,MACH-C,54.57,2.22
2023-05-12 19:00:00,MACH-C,49.96,1.73
2023-05-12 20:00:00,MACH-C,54.45,2.01
2023-05-12 21:00:00,MACH-C,61.95,2.87
2023-05-12 22:00:00,MACH-C,48.46,2.72
2023-05-12 23:00:00,MACH-C,47.28,1.52
2023-05-13 00:00:00,MACH-C,54.94,2.23
2023-05-13 01:00:00,MACH-C,57.38,2.91
2023-05-13 02:00:00,MACH-C,49.0,1.54
2023-05-13 03:00:00,MACH-C,54.51,2.48
2023-05-13 04:00:00,MACH-C,41.6,1.92
2023-05-13 05:00:00,MACH-C,49.89,1.53
2023-05-13 06:00:00,MACH-C,65.53,2.76
2023-05-13 07:00:00,MACH-C,56.08,1.79
2023-05-13 08:00:00,MACH-C,43.53,1.93
2023-05-13 09:00:00,MACH-C,44.87,1.82
2023-05-13 10:00:00,MACH-C,37.56,2.53
2023-05-13 11:00:00,MACH-C,66.23,2.49
2023-05-13 12:00:00,MACH-C,40.05,1.63
2023-05-13 13:00:00,MACH-C,24.71,2.06
2023-05-13 14:00:00,MACH-C,35.93,2.18
2023-05-13 15:00:00,MACH-C,50.53,2.49
2023-05-13 16:00:00,MACH-C,42.83,1.7
2023-05-13 17:00:00,MACH-C,51.29,2.69
2023-05-13 18:00:00,MACH-C,53.42,2.41
2023-05-13 19:00:00,MACH-C,43.76,1.53
2023-05-13 20:00:00,MACH-C,40.8,2.24
2023-05-13 21:00:00,MACH-C,59.11,2.24
2023-05-13 22:00:00,MACH-C,52.98,1.65
2023-05-13 23:00:00,MACH-C,23.24,2.21
2023-05-14 00:00:00,MACH-C,34.63,2.0
2023-05-14 01:00:00,MACH-C,32.07,1.23
2023-05-14 02:00:00,MACH-C,48.41,0.4
2023-05-14 03:00:00,MACH-C,52.03,3.02
2023-05-14 04:00:00,MACH-C,48.29,1.94
2023-05-14 05:00:00,MACH-C,43.72,2.05
2023-05-14 06:00:00,MACH-C,60.22,1.49
2023-05-14 07:00:00,MACH-C,53.2,1.7
2023-05-14 08:00:00,MACH-C,40.88,3.08
2023-05-14 09:00:00,MACH-C,41.53,3.21
2023-05-14 10:00:00,MACH-C,42.38,1.07
2023-05-14 11:00:00,MACH-C,46.53,2.03
2023-05-14 12:00:00,MACH-C,50.35,2.93
2023-05-14 13:00:00,MACH-C,54.13,2.1
2023-05-14 14:00:00,MACH-C,41.77,2.34
2023-05-14 15:00:00,MACH-C,36.44,1.92
2023-05-14 16:00:00,MACH-C,53.93,2.26
2023-05-14 17:00:00,MACH-C,58.29,2.72
2023-05-14 18:00:00,MACH-C,67.1,2.26
2023-05-14 19:00:00,MACH-C,54.05,1.39
2023-05-14 20:00:00,MACH-C,42.7,1.68
2023-05-14 21:00:00,MACH-C,56.11,2.39
2023-05-14 22:00:00,MACH-C,48.49,1.97
2023-05-14 23:00:00,MACH-C,36.55,1.73
2023-05-15 00:00:00,MACH-C,49.52,1.45
2023-05-15 01:00:00,MACH-C,52.83,1.5
2023-05-15 02:00:00,MACH-C,64.34,1.64
2023-05-15 03:00:00,MACH-C,50.71,2.23
2023-05-15 04:00:00,MACH-C,41.85,1.74
2023-05-15 05:00:00,MACH-C,31.13,2.09
2023-05-15 06:00:00,MACH-C,37.71,2.08
2023-05-15 07:00:00,MACH-C,40.3,2.38
2023-05-15 08:00:00,MACH-C,66.66,1.59
2023-05-15 09:00:00,MACH-C,48.09,2.81
2023-05-15 10:00:00,MACH-C,49.1,1.12
2023-05-15 11:00:00,MACH-C,61.01,1.84
2023-05-15 12:00:00,MACH-C,56.03,1.79
2023-05-15 13:00:00,MACH-C,47.38,1.61
2023-05-15 14:00:00,MACH-C,61.46,0.9
2023-05-15 15:00:00,MACH-C,43.16,2.61
2023-05-15 16:00:00,MACH-C,52.84,2.41
2023-05-15 17:00:00,MACH-C,37.45,2.25
2023-05-15 18:00:00,MACH-C,52.6,1.64
2023-05-15 19:00:00,MACH-C,60.18,1.75
2023-05-15 20:00:00,MACH-C,58.71,1.83
2023-05-15 21:00:00,MACH-C,59.02,1.88
2023-05-15 22:00:00,MACH-C,78.88,2.4
2023-05-15 23:00:00,MACH-C,47.32,1.75
2023-05-16 00:00:00,MACH-C,40.96,1.57
2023-05-16 01:00:00,MACH-C,54.56,2.07
2023-05-16 02:00:00,MACH-C,41.2,2.02
2023-05-16 03:00:00,MACH-C,38.67,2.25
2023-05-16 04:00:00,MACH-C,47.48,2.69
2023-05-16 05:00:00,MACH-C,69.8,1.8
2023-05-16 06:00:00,MACH-C,56.89,2.47
2023-05-16 07:00:00,MACH-C,53.8,2.07
2023-05-16 08:00:00,MACH-C,33.27,2.51
2023-05-16 09:00:00,MACH-C,43.77,2.62
2023-05-16 10:00:00,MACH-C,64.33,1.62
2023-05-16 11:00:00,MACH-C,47.3,2.99
2023-05-16 12:00:00,MACH-C,71.95,2.09
2023-05-16 13:00:00,MACH-C,54.48,1.43
2023-05-16 14:00:00,MACH-C,48.5,1.43
2023-05-16 15:00:00,MACH-C,46.86,2.74
2023-05-16 16:00:00,MACH-C,49.35,2.66
2023-05-16 17:00:00,MACH-C,35.48,2.55
2023-05-16 18:00:00,MACH-C,59.73,1.73
2023-05-16 19:00:00,MACH-C,54.42,1.81
2023-05-16 20:00:00,MACH-C,47.44,1.21
2023-05-16 21:00:00,MACH-C,48.88,1.85
2023-05-16 22:00:00,MACH-C,58.1,2.09
2023-05-16 23:00:00,MACH-C,70.3,2.75
2023-05-17 00:00:00,MACH-C,65.32,1.86
2023-05-17 01:00:00,MACH-C,51.86,1.83
2023-05-17 02:00:00,MACH-C,41.77,2.14
2023-05-17 03:00:00,MACH-C,34.67,2.43
2023-05-17 04:00:00,MACH-C,51.23,2.78
2023-05-17 05:00:00,MACH-C,42.17,1.65
2023-05-17 06:00:00,MACH-C,51.55,1.91
2023-05-17 07:00:00,MACH-C,52.91,2.07
2023-05-17 08:00:00,MACH-C,57.17,1.87
2023-05-17 09:00:00,MACH-C,38.28,1.69
2023-05-17 10:00:00,MACH-C,41.13,1.87
2023-05-17 11:00:00,MACH-C,46.86,1.39
2023-05-17 12:00:00,MACH-C,52.61,1.7
2023-05-17 13:00:00,MACH-C,52.02,1.38
2023-05-17 14:00:00,MACH-C,75.78,2.01
2023-05-17 15:00:00,MACH-C,27.41,1.8
2023-05-17 16:00:00,MACH-C,61.1,1.73
2023-05-17 17:00:00,MACH-C,60.59,2.01
2023-05-17 18:00:00,MACH-C,40.85,0.76
2023-05-17 19:00:00,MACH-C,45.28,1.84
2023-05-17 20:00:00,MACH-C,67.62,2.1
2023-05-17 21:00:00,MACH-C,43.78,2.49
2023-05-17 22:00:00,MACH-C,43.94,2.3
2023-05-17 23:00:00,MACH-C,51.2,2.64
2023-05-18 00:00:00,MACH-C,55.12,1.28
2023-05-18 01:00:00,MACH-C,59.98,2.52
2023-05-18 02:00:00,MACH-C,60.41,2.15
2023-05-18 03:00:00,MACH-C,57.82,1.73
2023-05-18 04:00:00,MACH-C,30.92,2.05
2023-05-18 05:00:00,MACH-C,49.59,3.56
2023-05-18 06:00:00,MACH-C,56.65,2.07
2023-05-18 07:00:00,MACH-C,56.85,2.04
2023-05-18 08:00:00,MACH-C,42.9,2.43
2023-05-18 09:00:00,MACH-C,39.77,1.89
2023-05-18 10:00:00,MACH-C,39.08,1.6
2023-05-18 11:00:00,MACH-C,54.66,2.7
2023-05-18 12:00:00,MACH-C,60.07,1.28
2023-05-18 13:00:00,MACH-C,51.42,2.02
2023-05-18 14:00:00,MACH-C,39.3,1.97
2023-05-18 15:00:00,MACH-C,51.8,1.58
2023-05-18 16:00:00,MACH-C,40.48,1.34
2023-05-18 17:00:00,MACH-C,42.63,1.94
2023-05-18 18:00:00,MACH-C,46.31,2.18
2023-05-18 19:00:00,MACH-C,42.01,2.52
2023-05-18 20:00:00,MACH-C,38.7,1.61
2023-05-18 21:00:00,MACH-C,65.49,1.61
2023-05-18 22:00:00,MACH-C,31.12,2.76
2023-05-18 23:00:00,MACH-C,44.08,1.77
2023-05-19 00:00:00,MACH-C,47.84,1.83
2023-05-19 01:00:00,MACH-C,62.28,2.61
2023-05-19 02:00:00,MACH-C,52.95,1.18
2023-05-19 03:00:00,MACH-C,47.18,1.4
2023-05-19 04:00:00,MACH-C,42.59,2.7
2023-05-19 05:00:00,MACH-C,61.47,1.7
2023-05-19 06:00:00,MACH-C,41.93,1.73
2023-05-19 07:00:00,MACH-C,52.11,1.78
2023-05-19 08:00:00,MACH-C,48.31,1.84
2023-05-19 09:00:00,MACH-C,54.8,1.77
2023-05-19 10:00:00,MACH-C,65.71,2.07
2023-05-19 11:00:00,MACH-C,57.05,2.63
2023-05-19 12:00:00,MACH-C,48.71,1.6
2023-05-19 13:00:00,MACH-C,66.76,1.7
2023-05-19 14:00:00,MACH-C,65.8,2.02
2023-05-19 15:00:00,MACH-C,61.4,2.79
2023-05-19 16:00:00,MACH-C,52.82,1.85
2023-05-19 17:00:00,MACH-C,42.29,1.55
2023-05-19 18:00:00,MACH-C,26.34,0.99
2023-05-19 19:00:00,MACH-C,52.11,1.62
2023-05-19 20:00:00,MACH-C,57.74,1.57
2023-05-19 21:00:00,MACH-C,36.63,1.4
2023-05-19 22:00:00,MACH-C,54.15,2.04
2023-05-19 23:00:00,MACH-C,45.55,1.87
2023-05-20 00:00:00,MACH-C,55.1,2.71
2023-05-20 01:00:00,MACH-C,43.83,2.11
2023-05-20 02:00:00,MACH-C,42.74,2.5
2023-05-20 03:00:00,MACH-C,49.39,1.91
2023-05-20 04:00:00,MACH-C,38.24,1.56
2023-05-20 05:00:00,MACH-C,59.62,2.31
2023-05-20 06:00:00,MACH-C,50.2,1.44
2023-05-20 07:00:00,MACH-C,38.55,2.58
2023-05-20 08:00:00,MACH-C,43.84,1.63
2023-05-20 09:00:00,MACH-C,55.9,2.37
2023-05-20 10:00:00,MACH-C,46.99,2.19
2023-05-20 11:00:00,MACH-C,57.1,1.51
2023-05-20 12:00:00,MACH-C,40.05,2.61
2023-05-20 13:00:00,MACH-C,47.2,2.96
2023-05-20 14:00:00,MACH-C,49.28,1.63
2023-05-20 15:00:00,MACH-C,72.27,1.67
2023-05-20 16:00:00,MACH-C,42.72,2.03
2023-05-20 17:00:00,MACH-C,56.27,2.43
2023-05-20 18:00:00,MACH-C,54.71,2.61
2023-05-20 19:00:00,MACH-C,67.48,1.82
2023-05-20 20:00:00,MACH-C,63.6,2.07
2023-05-20 21:00:00,MACH-C,45.37,1.82
2023-05-20 22:00:00,MACH-C,39.51,1.79
2023-05-20 23:00:00,MACH-C,35.84,1.73
2023-05-21 00:00:00,MACH-C,52.36,1.32
2023-05-21 01:00:00,MACH-C,60.14,2.43
2023-05-21 02:00:00,MACH-C,61.44,2.05
2023-05-21 03:00:00,MACH-C,47.39,2.76
2023-05-21 04:00:00,MACH-C,50.44,2.41
2023-05-21 05:00:00,MACH-C,64.26,1.8
2023-05-21 06:00:00,MACH-C,42.37,1.43
2023-05-21 07:00:00,MACH-C,25.25,2.93
2023-05-21 08:00:00,MACH-C,61.53,1.15
2023-05-21 09:00:00,MACH-C,38.4,1.83
2023-05-21 10:00:00,MACH-C,47.09,1.84
2023-05-21 11:00:00,MACH-C,54.57,1.68
2023-05-21 12:00:00,MACH-C,45.38,1.57
2023-05-21 13:00:00,MACH-C,60.8,1.39
2023-05-21 14:00:00,MACH-C,76.71,1.64
2023-05-21 15:00:00,MACH-C,41.93,1.97
2023-05-21 16:00:00,MACH-C,51.34,2.15
2023-05-21 17:00:00,MACH-C,50.05,1.74
2023-05-21 18:00:00,MACH-C,53.13,1.73
2023-05-21 19:00:00,MACH-C,43.97,1.48
2023-05-21 20:00:00,MACH-C,43.5,2.08
2023-05-21 21:00:00,MACH-C,43.73,2.02
2023-05-21 22:00:00,MACH-C,45.39,2.19
2023-05-21 23:00:00,MACH-C,45.54,1.73
2023-05-22 00:00:00,MACH-C,24.95,1.54
2023-05-22 01:00:00,MACH-C,50.89,1.99
2023-05-22 02:00:00,MACH-C,46.99,2.26
2023-05-22 03:00:00,MACH-C,42.82,1.56
2023-05-22 04:00:00,MACH-C,50.93,1.69
2023-05-22 05:00:00,MACH-C,49.95,1.39
2023-05-22 06:00:00,MACH-C,46.02,1.41
2023-05-22 07:00:00,MACH-C,50.09,1.73
2023-05-22 08:00:00,MACH-C,44.18,1.58
2023-05-22 09:00:00,MACH-C,38.31,2.4
2023-05-22 10:00:00,MACH-C,69.61,2.01
2023-05-22 11:00:00,MACH-C,45.04,2.63
2023-05-22 12:00:00,MACH-C,52.66,2.64
2023-05-22 13:00:00,MACH-C,75.96,2.01
2023-05-22 14:00:00,MACH-C,45.86,1.0
2023-05-22 15:00:00,MACH-C,54.6,2.2
2023-05-22 16:00:00,MACH-C,73.27,2.57
2023-05-22 17:00:00,MACH-C,33.5,2.32
2023-05-22 18:00:00,MACH-C,63.34,2.17
2023-05-22 19:00:00,MACH-C,52.22,1.88
2023-05-22 20:00:00,MACH-C,44.95,1.41
2023-05-22 21:00:00,MACH-C,50.48,2.31
2023-05-22 22:00:00,MACH-C,92.09,3.6
2023-05-22 23:00:00,MACH-C,65.76,2.16
2023-05-23 00:00:00,MACH-C,49.84,1.71
2023-05-23 01:00:00,MACH-C,56.98,3.0
2023-05-23 02:00:00,MACH-C,44.71,2.12
2023-05-23 03:00:00,MACH-C,52.92,1.81
2023-05-23 04:00:00,MACH-C,46.17,1.43
2023-05-23 05:00:00,MACH-C,35.8,1.3
2023-05-23 06:00:00,MACH-C,63.08,2.31
2023-05-23 07:00:00,MACH-C,53.48,1.71
2023-05-23 08:00:00,MACH-C,57.71,1.78
2023-05-23 09:00:00,MACH-C,42.72,1.73
2023-05-23 10:00:00,MACH-C,61.85,1.45
2023-05-23 11:00:00,MACH-C,54.68,1.85
2023-05-23 12:00:00,MACH-C,51.5,2.03
2023-05-23 13:00:00,MACH-C,60.29,1.5
2023-05-23 14:00:00,MACH-C,46.71,2.17
2023-05-23 15:00:00,MACH-C,62.95,1.39
2023-05-23 16:00:00,MACH-C,43.38,1.78
2023-05-23 17:00:00,MACH-C,50.33,2.18
2023-05-23 18:00:00,MACH-C,40.63,1.99
2023-05-23 19:00:00,MACH-C,38.52,1.18
2023-05-23 20:00:00,MACH-C,45.34,0.61
2023-05-23 21:00:00,MACH-C,48.39,2.28
2023-05-23 22:00:00,MACH-C,55.52,2.35
2023-05-23 23:00:00,MACH-C,43.57,2.22
2023-05-24 00:00:00,MACH-C,55.87,1.89
2023-05-24 01:00:00,MACH-C,46.8,1.88
2023-05-24 02:00:00,MACH-C,45.06,1.95
2023-05-24 03:00:00,MACH-C,56.29,2.29
2023-05-24 04:00:00,MACH-C,44.56,1.93
2023-05-24 05:00:00,MACH-C,68.25,2.19
2023-05-24 06:00:00,MACH-C,54.32,2.66
2023-05-24 07:00:00,MACH-C,36.32,1.52
2023-05-24 08:00:00,MACH-C,48.81,1.91
2023-05-24 09:00:00,MACH-C,43.53,1.57
2023-05-24 10:00:00,MACH-C,33.59,1.8
2023-05-24 11:00:00,MACH-C,60.58,1.95
2023-05-24 12:00:00,MACH-C,60.81,1.56
2023-05-24 13:00:00,MACH-C,42.75,1.19
2023-05-24 14:00:00,MACH-C,57.11,1.35
2023-05-24 15:00:00,MACH-C,58.77,2.22
2023-05-24 16:00:00,MACH-C,49.87,1.67
2023-05-24 17:00:00,MACH-C,59.52,1.89
2023-05-24 18:00:00,MACH-C,52.95,2.02
2023-05-24 19:00:00,MACH-C,61.45,2.45
2023-05-24 20:00:00,MACH-C,38.28,1.86
2023-05-24 21:00:00,MACH-C,51.48,2.12
2023-05-24 22:00:00,MACH-C,52.02,1.43
2023-05-24 23:00:00,MACH-C,38.44,1.92
2023-05-25 00:00:00,MACH-C,39.39,1.51
2023-05-25 01:00:00,MACH-C,34.16,1.93
2023-05-25 02:00:00,MACH-C,50.45,2.06
2023-05-25 03:00:00,MACH-C,45.6,1.88
2023-05-25 04:00:00,MACH-C,37.09,1.79
2023-05-25 05:00:00,MACH-C,62.17,2.13
2023-05-25 06:00:00,MACH-C,54.0,1.8
2023-05-25 07:00:00,MACH-C,42.75,1.79
2023-05-25 08:00:00,MACH-C,52.03,1.47
2023-05-25 09:00:00,MACH-C,47.62,2.25
2023-05-25 10:00:00,MACH-C,34.38,1.98
2023-05-25 11:00:00,MACH-C,52.74,1.76
2023-05-25 12:00:00,MACH-C,66.4,1.48
2023-05-25 13:00:00,MACH-C,64.12,3.17
2023-05-25 14:00:00,MACH-C,51.03,0.49
2023-05-25 15:00:00,MACH-C,45.64,1.62
2023-05-25 16:00:00,MACH-C,55.63,1.76
2023-05-25 17:00:00,MACH-C,52.67,2.46
2023-05-25 18:00:00,MACH-C,48.61,1.84
2023-05-25 19:00:00,MACH-C,68.6,2.09
2023-05-25 20:00:00,MACH-C,46.04,1.78
2023-05-25 21:00:00,MACH-C,59.57,2.92
2023-05-25 22:00:00,MACH-C,51.44,2.2
2023-05-25 23:00:00,MACH-C,51.49,1.67
2023-05-26 00:00:00,MACH-C,33.49,2.35
2023-05-26 01:00:00,MACH-C,61.01,1.88
2023-05-26 02:00:00,MACH-C,58.37,2.91
2023-05-26 03:00:00,MACH-C,51.88,2.68
2023-05-26 04:00:00,MACH-C,60.35,2.15
2023-05-26 05:00:00,MACH-C,54.16,1.88
2023-05-26 06:00:00,MACH-C,37.03,1.68
2023-05-26 07:00:00,MACH-C,40.29,2.44
2023-05-26 08:00:00,MACH-C,49.39,2.73
2023-05-26 09:00:00,MACH-C,33.09,1.85
2023-05-26 10:00:00,MACH-C,61.22,2.22
2023-05-26 11:00:00,MACH-C,47.84,2.25
2023-05-26 12:00:00,MACH-C,51.37,2.45
2023-05-26 13:00:00,MACH-C,40.19,1.61
2023-05-26 14:00:00,MACH-C,56.46,2.22
2023-05-26 15:00:00,MACH-C,48.57,3.12
2023-05-26 16:00:00,MACH-C,46.74,2.05
2023-05-26 17:00:00,MACH-C,64.11,2.23
2023-05-26 18:00:00,MACH-C,63.09,2.19
2023-05-26 19:00:00,MACH-C,57.5,2.28
2023-05-26 20:00:00,MACH-C,52.09,1.42
2023-05-26 21:00:00,MACH-C,44.84,3.02
2023-05-26 22:00:00,MACH-C,47.11,2.05
2023-05-26 23:00:00,MACH-C,46.65,2.27
2023-05-27 00:00:00,MACH-C,53.92,2.04
2023-05-27 01:00:00,MACH-C,49.68,2.47
2023-05-27 02:00:00,MACH-C,49.93,1.75
2023-05-27 03:00:00,MACH-C,65.41,1.35
2023-05-27 04:00:00,MACH-C,61.44,1.94
2023-05-27 05:00:00,MACH-C,42.19,2.24
2023-05-27 06:00:00,MACH-C,52.97,1.83
2023-05-27 07:00:00,MACH-C,42.24,1.66
2023-05-27 08:00:00,MACH-C,56.03,2.17
2023-05-27 09:00:00,MACH-C,69.29,1.54
2023-05-27 10:00:00,MACH-C,46.44,2.49
2023-05-27 11:00:00,MACH-C,57.91,1.84
2023-05-27 12:00:00,MACH-C,66.14,2.25
2023-05-27 13:00:00,MACH-C,48.64,1.42
2023-05-27 14:00:00,MACH-C,54.94,2.68
2023-05-27 15:00:00,MACH-C,67.15,2.23
2023-05-27 16:00:00,MACH-C,40.64,2.31
2023-05-27 17:00:00,MACH-C,39.63,1.35
2023-05-27 18:00:00,MACH-C,37.56,1.63
2023-05-27 19:00:00,MACH-C,57.55,2.1
2023-05-27 20:00:00,MACH-C,39.87,1.46
2023-05-27 21:00:00,MACH-C,55.6,1.69
2023-05-27 22:00:00,MACH-C,63.6,2.38
2023-05-27 23:00:00,MACH-C,43.38,1.7
2023-05-28 00:00:00,MACH-C,42.38,2.19
2023-05-28 01:00:00,MACH-C,56.7,1.59
2023-05-28 02:00:00,MACH-C,50.48,2.3
2023-05-28 03:00:00,MACH-C,26.37,1.44
2023-05-28 04:00:00,MACH-C,65.32,2.3
2023-05-28 05:00:00,MACH-C,55.52,3.08
2023-05-28 06:00:00,MACH-C,46.2,1.73
2023-05-28 07:00:00,MACH-C,45.79,1.67
2023-05-28 08:00:00,MACH-C,57.0,2.57
2023-05-28 09:00:00,MACH-C,49.55,2.03
2023-05-28 10:00:00,MACH-C,50.57,1.42
2023-05-28 11:00:00,MACH-C,51.51,2.17
2023-05-28 12:00:00,MACH-C,41.81,2.11
2023-05-28 13:00:00,MACH-C,46.39,1.68
2023-05-28 14:00:00,MACH-C,48.12,1.66
2023-05-28 15:00:00,MACH-C,42.39,2.43
2023-05-28 16:00:00,MACH-C,52.75,1.51
2023-05-28 17:00:00,MACH-C,54.84,1.31
2023-05-28 18:00:00,MACH-C,66.86,1.61
2023-05-28 19:00:00,MACH-C,42.39,2.43
2023-05-28 20:00:00,MACH-C,58.9,1.87
2023-05-28 21:00:00,MACH-C,64.25,1.72
2023-05-28 22:00:00,MACH-C,59.5,1.97
2023-05-28 23:00:00,MACH-C,45.02,2.24
2023-05-29 00:00:00,MACH-C,46.91,2.77
2023-05-29 01:00:00,MACH-C,65.18,2.18
2023-05-29 02:00:00,MACH-C,48.14,2.98
2023-05-29 03:00:00,MACH-C,49.7,2.37
2023-05-29 04:00:00,MACH-C,45.13,1.85
2023-05-29 05:00:00,MACH-C,57.74,2.45
2023-05-29 06:00:00,MACH-C,25.39,2.32
2023-05-29 07:00:00,MACH-C,41.9,2.58
2023-05-29 08:00:00,MACH-C,40.2,2.37
2023-05-29 09:00:00,MACH-C,65.88,2.06
2023-05-29 10:00:00,MACH-C,52.32,1.76
2023-05-29 11:00:00,MACH-C,47.98,2.07
2023-05-29 12:00:00,MACH-C,47.96,1.26
2023-05-29 13:00:00,MACH-C,36.18,1.92
2023-05-29 14:00:00,MACH-C,63.56,1.41
2023-05-29 15:00:00,MACH-C,46.49,2.23
2023-05-29 16:00:00,MACH-C,55.93,2.42
2023-05-29 17:00:00,MACH-C,43.43,2.16
2023-05-29 18:00:00,MACH-C,49.4,1.92
2023-05-29 19:00:00,MACH-C,40.81,1.86
2023-05-29 20:00:00,MACH-C,47.52,2.6
2023-05-29 21:00:00,MACH-C,60.41,2.49
2023-05-29 22:00:00,MACH-C,51.06,1.47
2023-05-29 23:00:00,MACH-C,53.74,2.13
2023-05-30 00:00:00,MACH-C,50.63,2.16
2023-05-30 01:00:00,MACH-C,66.31,1.9
2023-05-30 02:00:00,MACH-C,41.83,1.32
2023-05-30 03:00:00,MACH-C,48.62,0.97
2023-05-30 04:00:00,MACH-C,51.88,2.09
2023-05-30 05:00:00,MACH-C,40.04,1.15
2023-05-30 06:00:00,MACH-C,51.26,1.74
2023-05-30 07:00:00,MACH-C,50.3,2.34
2023-05-30 08:00:00,MACH-C,51.14,2.21
2023-05-30 09:00:00,MACH-C,51.18,1.7
2023-05-30 10:00:00,MACH-C,43.28,2.45
2023-05-30 11:00:00,MACH-C,33.75,2.26
2023-05-30 12:00:00,MACH-C,51.83,1.76
2023-05-30 13:00:00,MACH-C,41.07,2.76
2023-05-30 14:00:00,MACH-C,49.08,2.24
2023-05-30 15:00:00,MACH-C,42.52,1.61
2023-05-30 16:00:00,MACH-C,35.19,0.97
2023-05-30 17:00:00,MACH-C,53.61,2.11
2023-05-30 18:00:00,MACH-C,57.0,1.75
2023-05-30 19:00:00,MACH-C,61.03,2.01
2023-05-30 20:00:00,MACH-C,45.53,1.88
2023-05-30 21:00:00,MACH-C,50.4,0.9
2023-05-30 22:00:00,MACH-C,53.41,1.85
2023-05-30 23:00:00,MACH-C,60.21,1.45
2023-05-31 00:00:00,MACH-C,32.5,1.75
2023-05-31 01:00:00,MACH-C,35.31,1.71
2023-05-31 02:00:00,MACH-C,63.88,2.03
2023-05-31 03:00:00,MACH-C,33.15,2.15
2023-05-31 04:00:00,MACH-C,59.17,2.23
2023-05-31 05:00:00,MACH-C,63.31,0.8
2023-05-31 06:00:00,MACH-C,58.03,2.71
2023-05-31 07:00:00,MACH-C,39.97,1.18
2023-05-31 08:00:00,MACH-C,41.08,1.99
2023-05-31 09:00:00,MACH-C,49.42,1.59
2023-05-31 10:00:00,MACH-C,67.51,2.15
2023-05-31 11:00:00,MACH-C,67.43,1.09
2023-05-31 12:00:00,MACH-C,52.99,2.77
2023-05-31 13:00:00,MACH-C,34.06,1.82
2023-05-31 14:00:00,MACH-C,51.62,2.25
2023-05-31 15:00:00,MACH-C,47.92,1.6
2023-05-31 16:00:00,MACH-C,50.23,2.83
2023-05-31 17:00:00,MACH-C,33.44,1.31
2023-05-31 18:00:00,MACH-C,52.44,0.68
2023-05-31 19:00:00,MACH-C,34.97,2.68
2023-05-31 20:00:00,MACH-C,24.7,1.41
2023-05-31 21:00:00,MACH-C,52.24,1.97
2023-05-31 22:00:00,MACH-C,69.19,2.78
2023-05-31 23:00:00,MACH-C,41.64,1.8
2023-06-01 00:00:00,MACH-C,45.27,2.13
2023-06-01 01:00:00,MACH-C,58.96,2.41
2023-06-01 02:00:00,MACH-C,61.63,2.02
2023-06-01 03:00:00,MACH-C,51.06,2.65
2023-06-01 04:00:00,MACH-C,42.92,2.35
2023-06-01 05:00:00,MACH-C,63.26,1.55
2023-06-01 06:00:00,MACH-C,37.7,2.37
2023-06-01 07:00:00,MACH-C,44.79,1.98
2023-06-01 08:00:00,MACH-C,55.88,1.99
2023-06-01 09:00:00,MACH-C,34.31,2.17
2023-06-01 10:00:00,MACH-C,53.88,2.46
2023-06-01 11:00:00,MACH-C,61.39,1.52
2023-06-01 12:00:00,MACH-C,66.77,2.65
2023-06-01 13:00:00,MACH-C,46.1,2.62
2023-06-01 14:00:00,MACH-C,45.6,1.68
2023-06-01 15:00:00,MACH-C,57.15,2.88
2023-06-01 16:00:00,MACH-C,43.82,1.91
2023-06-01 17:00:00,MACH-C,46.91,2.28
2023-06-01 18:00:00,MACH-C,53.22,1.77
2023-06-01 19:00:00,MACH-C,53.72,2.41
2023-06-01 20:00:00,MACH-C,30.93,1.78
2023-06-01 21:00:00,MACH-C,38.34,2.08
2023-06-01 22:00:00,MACH-C,31.67,0.69
2023-06-01 23:00:00,MACH-C,33.32,1.76
2023-06-02 00:00:00,MACH-C,38.81,1.72
2023-06-02 01:00:00,MACH-C,47.78,1.05
2023-06-02 02:00:00,MACH-C,48.75,2.38
2023-06-02 03:00:00,MACH-C,28.48,1.81
2023-06-02 04:00:00,MACH-C,40.67,1.09
2023-06-02 05:00:00,MACH-C,34.82,2.3
2023-06-02 06:00:00,MACH-C,48.0,2.54
2023-06-02 07:00:00,MACH-C,43.44,1.93
2023-06-02 08:00:00,MACH-C,62.59,1.25
2023-06-02 09:00:00,MACH-C,48.61,1.06
2023-06-02 10:00:00,MACH-C,43.93,1.39
2023-06-02 11:00:00,MACH-C,47.38,1.59
2023-06-02 12:00:00,MACH-C,43.56,2.85
2023-06-02 13:00:00,MACH-C,63.41,1.9
2023-06-02 14:00:00,MACH-C,86.38,3.5
2023-06-02 15:00:00,MACH-C,54.56,1.69
2023-06-02 16:00:00,MACH-C,57.9,2.54
2023-06-02 17:00:00,MACH-C,43.39,2.28
2023-06-02 18:00:00,MACH-C,31.96,2.02
2023-06-02 19:00:00,MACH-C,45.19,1.92
2023-06-02 20:00:00,MACH-C,56.37,2.0
2023-06-02 21:00:00,MACH-C,33.05,2.08
2023-06-02 22:00:00,MACH-C,52.53,1.9
2023-06-02 23:00:00,MACH-C,58.4,2.05
2023-06-03 00:00:00,MACH-C,63.92,1.85
2023-06-03 01:00:00,MACH-C,56.78,1.57
2023-06-03 02:00:00,MACH-C,52.93,1.87
2023-06-03 03:00:00,MACH-C,51.86,2.17
2023-06-03 04:00:00,MACH-C,37.92,1.64
2023-06-03 05:00:00,MACH-C,40.53,2.21
2023-06-03 06:00:00,MACH-C,32.68,2.41
2023-06-03 07:00:00,MACH-C,50.72,2.17
2023-06-03 08:00:00,MACH-C,54.41,1.72
2023-06-03 09:00:00,MACH-C,51.18,2.05
2023-06-03 10:00:00,MACH-C,52.84,2.08
2023-06-03 11:00:00,MACH-C,57.6,2.1
2023-06-03 12:00:00,MACH-C,36.73,2.75
2023-06-03 13:00:00,MACH-C,50.63,1.42
2023-06-03 14:00:00,MACH-C,52.47,2.1
2023-06-03 15:00:00,MACH-C,45.31,1.8
2023-06-03 16:00:00,MACH-C,28.74,1.38
2023-06-03 17:00:00,MACH-C,39.76,1.37
2023-06-03 18:00:00,MACH-C,44.92,2.44
2023-06-03 19:00:00,MACH-C,51.5,1.3
2023-06-03 20:00:00,MACH-C,50.33,2.15
2023-06-03 21:00:00,MACH-C,69.23,2.07
2023-06-03 22:00:00,MACH-C,59.44,1.57
2023-06-03 23:00:00,MACH-C,49.77,2.42
2023-06-04 00:00:00,MACH-C,51.21,1.41
2023-06-04 01:00:00,MACH-C,62.71,1.73
2023-06-04 02:00:00,MACH-C,63.09,1.45
2023-06-04 03:00:00,MACH-C,53.34,2.38
2023-06-04 04:00:00,MACH-C,67.33,2.59
2023-06-04 05:00:00,MACH-C,41.02,2.12
2023-06-04 06:00:00,MACH-C,49.71,3.27
2023-06-04 07:00:00,MACH-C,81.66,2.22
2023-06-04 08:00:00,MACH-C,57.1,2.32
2023-06-04 09:00:00,MACH-C,48.59,2.5
2023-06-04 10:00:00,MACH-C,51.04,1.66
2023-06-04 11:00:00,MACH-C,51.8,2.2
2023-06-04 12:00:00,MACH-C,66.7,1.52
2023-06-04 13:00:00,MACH-C,58.04,1.34
2023-06-04 14:00:00,MACH-C,49.21,2.55
2023-06-04 15:00:00,MACH-C,33.24,1.58
2023-06-04 16:00:00,MACH-C,42.73,2.09
2023-06-04 17:00:00,MACH-C,50.6,2.82
2023-06-04 18:00:00,MACH-C,48.7,1.09
2023-06-04 19:00:00,MACH-C,60.96,2.33
2023-06-04 20:00:00,MACH-C,47.69,1.99
2023-06-04 21:00:00,MACH-C,58.39,1.96
2023-06-04 22:00:00,MACH-C,35.28,2.03
2023-06-04 23:00:00,MACH-C,44.76,2.01
2023-06-05 00:00:00,MACH-C,56.95,2.26
2023-06-05 01:00:00,MACH-C,70.67,1.47
2023-06-05 02:00:00,MACH-C,48.58,2.25
2023-06-05 03:00:00,MACH-C,58.29,1.44
2023-06-05 04:00:00,MACH-C,63.36,3.05
2023-06-05 05:00:00,MACH-C,59.53,1.95
2023-06-05 06:00:00,MACH-C,57.48,2.09
2023-06-05 07:00:00,MACH-C,46.46,2.89
2023-06-05 08:00:00,MACH-C,65.19,1.61
2023-06-05 09:00:00,MACH-C,36.82,1.99
2023-06-05 10:00:00,MACH-C,37.33,1.29
2023-06-05 11:00:00,MACH-C,68.67,1.51
2023-06-05 12:00:00,MACH-C,53.62,1.29
2023-06-05 13:00:00,MACH-C,37.62,2.4
2023-06-05 14:00:00,MACH-C,35.66,2.28
2023-06-05 15:00:00,MACH-C,35.24,1.78
2023-06-05 16:00:00,MACH-C,70.34,1.75
2023-06-05 17:00:00,MACH-C,49.19,2.49
2023-06-05 18:00:00,MACH-C,44.83,2.0
2023-06-05 19:00:00,MACH-C,66.29,1.57
2023-06-05 20:00:00,MACH-C,52.51,2.54
2023-06-05 21:00:00,MACH-C,46.73,1.93
2023-06-05 22:00:00,MACH-C,60.61,2.34
2023-06-05 23:00:00,MACH-C,55.98,2.04
2023-06-06 00:00:00,MACH-C,56.0,3.04
2023-06-06 01:00:00,MACH-C,47.3,1.9
2023-06-06 02:00:00,MACH-C,41.05,1.0
2023-06-06 03:00:00,MACH-C,39.9,1.89
2023-06-06 04:00:00,MACH-C,51.03,2.13
2023-06-06 05:00:00,MACH-C,50.08,2.23
2023-06-06 06:00:00,MACH-C,54.83,2.4
2023-06-06 07:00:00,MACH-C,45.75,1.71
2023-06-06 08:00:00,MACH-C,62.8,2.78
2023-06-06 09:00:00,MACH-C,36.74,2.48
2023-06-06 10:00:00,MACH-C,54.18,2.07
2023-06-06 11:00:00,MACH-C,40.91,1.65
2023-06-06 12:00:00,MACH-C,47.57,2.96
2023-06-06 13:00:00,MACH-C,40.79,2.36
2023-06-06 14:00:00,MACH-C,46.32,1.75
2023-06-06 15:00:00,MACH-C,39.3,2.7
2023-06-06 16:00:00,MACH-C,39.99,2.11
2023-06-06 17:00:00,MACH-C,59.64,2.75
2023-06-06 18:00:00,MACH-C,36.11,1.58
2023-06-06 19:00:00,MACH-C,56.5,1.9
2023-06-06 20:00:00,MACH-C,58.52,2.69
2023-06-06 21:00:00,MACH-C,57.3,1.67
2023-06-06 22:00:00,MACH-C,49.73,1.87
2023-06-06 23:00:00,MACH-C,39.08,0.63
2023-06-07 00:00:00,MACH-C,34.55,2.21
2023-06-07 01:00:00,MACH-C,38.2,2.58
2023-06-07 02:00:00,MACH-C,38.26,1.54
2023-06-07 03:00:00,MACH-C,52.75,2.22
2023-06-07 04:00:00,MACH-C,35.84,1.73
2023-06-07 05:00:00,MACH-C,47.93,1.25
2023-06-07 06:00:00,MACH-C,50.4,1.84
2023-06-07 07:00:00,MACH-C,46.97,1.71
2023-06-07 08:00:00,MACH-C,47.29,2.06
2023-06-07 09:00:00,MACH-C,62.76,1.85
2023-06-07 10:00:00,MACH-C,55.0,2.67
2023-06-07 11:00:00,MACH-C,57.03,1.72
2023-06-07 12:00:00,MACH-C,46.28,1.94
2023-06-07 13:00:00,MACH-C,57.85,2.12
2023-06-07 14:00:00,MACH-C,53.04,1.97
2023-06-07 15:00:00,MACH-C,52.1,1.73
2023-06-07 16:00:00,MACH-C,46.09,2.03
2023-06-07 17:00:00,MACH-C,52.37,2.26
2023-06-07 18:00:00,MACH-C,71.08,2.45
2023-06-07 19:00:00,MACH-C,56.04,0.94
2023-06-07 20:00:00,MACH-C,67.09,2.25
2023-06-07 21:00:00,MACH-C,31.13,1.66
2023-06-07 22:00:00,MACH-C,50.72,2.58
2023-06-07 23:00:00,MACH-C,58.21,2.47
2023-06-08 00:00:00,MACH-C,53.87,2.46
2023-06-08 01:00:00,MACH-C,55.15,1.71
2023-06-08 02:00:00,MACH-C,46.11,1.3
2023-06-08 03:00:00,MACH-C,62.11,2.64
2023-06-08 04:00:00,MACH-C,33.99,2.58
2023-06-08 05:00:00,MACH-C,48.5,1.0
2023-06-08 06:00:00,MACH-C,51.24,2.69
2023-06-08 07:00:00,MACH-C,44.27,2.18
2023-06-08 08:00:00,MACH-C,50.28,2.07
2023-06-08 09:00:00,MACH-C,30.35,1.59
2023-06-08 10:00:00,MACH-C,37.04,2.51
2023-06-08 11:00:00,MACH-C,62.7,1.77
2023-06-08 12:00:00,MACH-C,52.43,1.77
2023-06-08 13:00:00,MACH-C,46.21,0.93
2023-06-08 14:00:00,MACH-C,59.8,1.63
2023-06-08 15:00:00,MACH-C,63.87,1.5
2023-06-08 16:00:00,MACH-C,68.1,0.96
2023-06-08 17:00:00,MACH-C,31.13,2.78
2023-06-08 18:00:00,MACH-C,63.83,1.94
2023-06-08 19:00:00,MACH-C,38.39,1.29
2023-06-08 20:00:00,MACH-C,53.02,1.52
2023-06-08 21:00:00,MACH-C,56.11,1.71
2023-06-08 22:00:00,MACH-C,66.09,1.7
2023-06-08 23:00:00,MACH-C,54.69,2.4
2023-06-09 00:00:00,MACH-C,52.79,1.87
2023-06-09 01:00:00,MACH-C,41.62,2.05
2023-06-09 02:00:00,MACH-C,33.12,1.87
2023-06-09 03:00:00,MACH-C,41.36,2.58
2023-06-09 04:00:00,MACH-C,64.07,2.69
2023-06-09 05:00:00,MACH-C,50.33,1.93
2023-06-09 06:00:00,MACH-C,66.61,1.53
2023-06-09 07:00:00,MACH-C,42.83,1.95
2023-06-09 08:00:00,MACH-C,57.85,0.44
2023-06-09 09:00:00,MACH-C,51.68,2.16
2023-06-09 10:00:00,MACH-C,62.95,1.32
2023-06-09 11:00:00,MACH-C,47.77,1.89
2023-06-09 12:00:00,MACH-C,48.72,2.24
2023-06-09 13:00:00,MACH-C,62.17,1.71
2023-06-09 14:00:00,MACH-C,29.1,1.78
2023-06-09 15:00:00,MACH-C,48.57,2.13
2023-06-09 16:00:00,MACH-C,33.39,1.72
2023-06-09 17:00:00,MACH-C,49.71,2.46
2023-06-09 18:00:00,MACH-C,45.8,2.39
2023-06-09 19:00:00,MACH-C,56.02,2.28
2023-06-09 20:00:00,MACH-C,54.66,1.68
2023-06-09 21:00:00,MACH-C,47.14,2.29
2023-06-09 22:00:00,MACH-C,40.38,1.63
2023-06-09 23:00:00,MACH-C,50.78,1.96
2023-06-10 00:00:00,MACH-C,63.05,0.68
2023-06-10 01:00:00,MACH-C,40.2,2.58
2023-06-10 02:00:00,MACH-C,34.97,2.86
2023-06-10 03:00:00,MACH-C,31.57,2.11
2023-06-10 04:00:00,MACH-C,34.65,1.21
2023-06-10 05:00:00,MACH-C,49.93,1.89
2023-06-10 06:00:00,MACH-C,35.95,2.04
2023-06-10 07:00:00,MACH-C,46.25,2.01
2023-06-10 08:00:00,MACH-C,54.62,3.27
2023-06-10 09:00:00,MACH-C,28.71,1.88
2023-06-10 10:00:00,MACH-C,59.87,1.71
2023-06-10 11:00:00,MACH-C,64.27,2.08
2023-06-10 12:00:00,MACH-C,68.65,1.93
2023-06-10 13:00:00,MACH-C,64.74,1.63
2023-06-10 14:00:00,MACH-C,74.13,1.12
2023-06-10 15:00:00,MACH-C,52.3,2.37
2023-06-10 16:00:00,MACH-C,58.06,1.57
2023-06-10 17:00:00,MACH-C,47.49,1.5
2023-06-10 18:00:00,MACH-C,56.63,1.59
2023-06-10 19:00:00,MACH-C,51.37,1.27
2023-06-10 20:00:00,MACH-C,33.37,2.33
2023-06-10 21:00:00,MACH-C,34.96,2.26
2023-06-10 22:00:00,MACH-C,68.09,2.09
2023-06-10 23:00:00,MACH-C,51.55,2.35
2023-06-11 00:00:00,MACH-C,64.2,2.22
2023-06-11 01:00:00,MACH-C,44.33,2.29
2023-06-11 02:00:00,MACH-C,41.08,2.91
2023-06-11 03:00:00,MACH-C,49.14,2.49
2023-06-11 04:00:00,MACH-C,57.85,2.09
2023-06-11 05:00:00,MACH-C,63.92,1.53
2023-06-11 06:00:00,MACH-C,51.86,1.2
2023-06-11 07:00:00,MACH-C,56.54,1.12
2023-06-11 08:00:00,MACH-C,48.56,2.47
2023-06-11 09:00:00,MACH-C,64.56,1.72
2023-06-11 10:00:00,MACH-C,64.71,2.04
2023-06-11 11:00:00,MACH-C,42.15,1.52
2023-06-11 12:00:00,MACH-C,53.83,3.1
2023-06-11 13:00:00,MACH-C,40.04,1.1
2023-06-11 14:00:00,MACH-C,58.16,2.07
2023-06-11 15:00:00,MACH-C,46.06,1.82
2023-06-11 16:00:00,MACH-C,42.03,2.01
2023-06-11 17:00:00,MACH-C,29.6,1.84
2023-06-11 18:00:00,MACH-C,60.83,1.55
2023-06-11 19:00:00,MACH-C,51.93,1.44
2023-06-11 20:00:00,MACH-C,52.51,3.02
2023-06-11 21:00:00,MACH-C,58.32,1.85
2023-06-11 22:00:00,MACH-C,42.38,2.17
2023-06-11 23:00:00,MACH-C,40.82,1.2
2023-06-12 00:00:00,MACH-C,55.49,0.94
2023-06-12 01:00:00,MACH-C,61.58,1.66
2023-06-12 02:00:00,MACH-C,55.32,2.44
2023-06-12 03:00:00,MACH-C,66.03,2.01
2023-06-12 04:00:00,MACH-C,55.64,1.73
2023-06-12 05:00:00,MACH-C,55.1,2.21
2023-06-12 06:00:00,MACH-C,58.22,1.72
2023-06-12 07:00:00,MACH-C,47.68,2.69
2023-06-12 08:00:00,MACH-C,37.58,2.71
2023-06-12 09:00:00,MACH-C,50.19,1.71
2023-06-12 10:00:00,MACH-C,57.14,1.61
2023-06-12 11:00:00,MACH-C,41.41,1.96
2023-06-12 12:00:00,MACH-C,35.94,2.21
2023-06-12 13:00:00,MACH-C,42.74,1.86
2023-06-12 14:00:00,MACH-C,63.35,2.52
2023-06-12 15:00:00,MACH-C,54.96,2.13
2023-06-12 16:00:00,MACH-C,48.74,2.54
2023-06-12 17:00:00,MACH-C,40.32,1.44
2023-06-12 18:00:00,MACH-C,52.75,1.7
2023-06-12 19:00:00,MACH-C,51.85,2.27
2023-06-12 20:00:00,MACH-C,54.56,2.03
2023-06-12 21:00:00,MACH-C,75.04,1.91
2023-06-12 22:00:00,MACH-C,54.94,1.74
2023-06-12 23:00:00,MACH-C,43.06,2.04
2023-06-13 00:00:00,MACH-C,36.15,2.71
2023-06-13 01:00:00,MACH-C,44.4,1.0
2023-06-13 02:00:00,MACH-C,45.43,1.92
2023-06-13 03:00:00,MACH-C,58.29,1.95
2023-06-13 04:00:00,MACH-C,43.82,1.46
2023-06-13 05:00:00,MACH-C,40.08,1.92
2023-06-13 06:00:00,MACH-C,55.38,1.18
2023-06-13 07:00:00,MACH-C,43.81,1.71
2023-06-13 08:00:00,MACH-C,55.77,1.87
2023-06-13 09:00:00,MACH-C,41.54,2.0
2023-06-13 10:00:00,MACH-C,45.28,2.94
2023-06-13 11:00:00,MACH-C,44.18,1.59
2023-06-13 12:00:00,MACH-C,54.11,1.34
2023-06-13 13:00:00,MACH-C,48.56,2.5
2023-06-13 14:00:00,MACH-C,37.78,-0.23
2023-06-13 15:00:00,MACH-C,36.95,1.69
2023-06-13 16:00:00,MACH-C,46.84,1.84
2023-06-13 17:00:00,MACH-C,35.85,1.53
2023-06-13 18:00:00,MACH-C,45.86,1.95
2023-06-13 19:00:00,MACH-C,52.56,1.68
2023-06-13 20:00:00,MACH-C,38.18,1.13
2023-06-13 21:00:00,MACH-C,58.48,2.31
2023-06-13 22:00:00,MACH-C,63.84,2.33
2023-06-13 23:00:00,MACH-C,60.83,1.51
2023-06-14 00:00:00,MACH-C,56.69,1.73
2023-06-14 01:00:00,MACH-C,54.22,2.93
2023-06-14 02:00:00,MACH-C,52.4,2.22
2023-06-14 03:00:00,MACH-C,53.7,2.0
2023-06-14 04:00:00,MACH-C,43.95,2.81
2023-06-14 05:00:00,MACH-C,49.75,1.19
2023-06-14 06:00:00,MACH-C,51.49,0.98
2023-06-14 07:00:00,MACH-C,56.41,2.08
2023-06-14 08:00:00,MACH-C,34.1,2.42
2023-06-14 09:00:00,MACH-C,52.11,1.14
2023-06-14 10:00:00,MACH-C,60.62,1.35
2023-06-14 11:00:00,MACH-C,43.97,2.4
2023-06-14 12:00:00,MACH-C,48.91,1.42
2023-06-14 13:00:00,MACH-C,31.37,1.87
2023-06-14 14:00:00,MACH-C,50.66,2.1
2023-06-14 15:00:00,MACH-C,35.11,2.48
2023-06-14 16:00:00,MACH-C,44.47,1.85
2023-06-14 17:00:00,MACH-C,49.51,2.25
2023-06-14 18:00:00,MACH-C,43.93,1.38
2023-06-14 19:00:00,MACH-C,48.36,2.29
2023-06-14 20:00:00,MACH-C,53.73,1.55
2023-06-14 21:00:00,MACH-C,49.62,1.31
2023-06-14 22:00:00,MACH-C,51.41,3.03
2023-06-14 23:00:00,MACH-C,31.3,2.91
2023-06-15 00:00:00,MACH-C,48.42,2.07
2023-06-15 01:00:00,MACH-C,27.8,2.77
2023-06-15 02:00:00,MACH-C,46.04,1.84
2023-06-15 03:00:00,MACH-C,68.41,1.93
2023-06-15 04:00:00,MACH-C,59.36,1.91
2023-06-15 05:00:00,MACH-C,35.72,1.54
2023-06-15 06:00:00,MACH-C,44.57,0.83
2023-06-15 07:00:00,MACH-C,48.24,1.85
2023-06-15 08:00:00,MACH-C,55.06,2.65
2023-06-15 09:00:00,MACH-C,58.51,2.14
2023-06-15 10:00:00,MACH-C,66.29,2.41
2023-06-15 11:00:00,MACH-C,40.46,2.2
2023-06-15 12:00:00,MACH-C,52.18,1.58
2023-06-15 13:00:00,MACH-C,32.37,2.12
2023-06-15 14:00:00,MACH-C,54.1,1.83
2023-06-15 15:00:00,MACH-C,54.93,1.47
2023-06-15 16:00:00,MACH-C,50.2,2.46
2023-06-15 17:00:00,MACH-C,56.54,1.35
2023-06-15 18:00:00,MACH-C,41.39,1.67
2023-06-15 19:00:00,MACH-C,36.8,3.11
2023-06-15 20:00:00,MACH-C,40.49,2.35
2023-06-15 21:00:00,MACH-C,53.7,2.12
2023-06-15 22:00:00,MACH-C,63.11,0.91
2023-06-15 23:00:00,MACH-C,41.41,1.94
2023-06-16 00:00:00,MACH-C,43.17,1.42
2023-06-16 01:00:00,MACH-C,51.15,1.96
2023-06-16 02:00:00,MACH-C,84.46,1.9
2023-06-16 03:00:00,MACH-C,45.52,1.57
2023-06-16 04:00:00,MACH-C,59.64,2.59
2023-06-16 05:00:00,MACH-C,48.21,2.48
2023-06-16 06:00:00,MACH-C,44.6,1.44
2023-06-16 07:00:00,MACH-C,36.71,2.79
2023-06-16 08:00:00,MACH-C,46.96,1.43
2023-06-16 09:00:00,MACH-C,58.49,2.83
2023-06-16 10:00:00,MACH-C,41.3,1.89
2023-06-16 11:00:00,MACH-C,50.96,1.8
2023-06-16 12:00:00,MACH-C,41.46,2.74
2023-06-16 13:00:00,MACH-C,45.82,1.92
2023-06-16 14:00:00,MACH-C,34.86,2.55
2023-06-16 15:00:00,MACH-C,73.18,1.35
2023-06-16 16:00:00,MACH-C,53.06,2.01
2023-06-16 17:00:00,MACH-C,46.74,2.24
2023-06-16 18:00:00,MACH-C,62.91,2.6
2023-06-16 19:00:00,MACH-C,49.1,2.36
2023-06-16 20:00:00,MACH-C,54.59,2.02
2023-06-16 21:00:00,MACH-C,65.62,2.24
2023-06-16 22:00:00,MACH-C,64.74,1.64
2023-06-16 23:00:00,MACH-C,38.56,2.3
2023-06-17 00:00:00,MACH-C,50.13,2.24
2023-06-17 01:00:00,MACH-C,62.77,1.61
2023-06-17 02:00:00,MACH-C,39.19,2.06
2023-06-17 03:00:00,MACH-C,47.42,2.39
2023-06-17 04:00:00,MACH-C,47.06,3.22
2023-06-17 05:00:00,MACH-C,55.01,2.59
2023-06-17 06:00:00,MACH-C,58.03,2.11
2023-06-17 07:00:00,MACH-C,61.5,2.14
2023-06-17 08:00:00,MACH-C,50.83,1.93
2023-06-17 09:00:00,MACH-C,39.59,2.06
2023-06-17 10:00:00,MACH-C,46.45,2.39
2023-06-17 11:00:00,MACH-C,39.42,2.38
2023-06-17 12:00:00,MACH-C,43.18,1.96
2023-06-17 13:00:00,MACH-C,57.09,1.45
2023-06-17 14:00:00,MACH-C,35.65,1.89
2023-06-17 15:00:00,MACH-C,44.47,1.58
2023-06-17 16:00:00,MACH-C,58.91,1.39
2023-06-17 17:00:00,MACH-C,56.85,2.3
2023-06-17 18:00:00,MACH-C,41.98,2.17
2023-06-17 19:00:00,MACH-C,41.0,1.54
2023-06-17 20:00:00,MACH-C,81.81,4.83
2023-06-17 21:00:00,MACH-C,53.75,2.15
2023-06-17 22:00:00,MACH-C,41.87,2.13
2023-06-17 23:00:00,MACH-C,49.59,2.22
2023-06-18 00:00:00,MACH-C,60.86,1.62
2023-06-18 01:00:00,MACH-C,41.06,2.18
2023-06-18 02:00:00,MACH-C,40.85,1.98
2023-06-18 03:00:00,MACH-C,52.21,2.39
2023-06-18 04:00:00,MACH-C,36.48,2.54
2023-06-18 05:00:00,MACH-C,43.27,3.51
2023-06-18 06:00:00,MACH-C,45.65,2.65
2023-06-18 07:00:00,MACH-C,23.43,2.06
2023-06-18 08:00:00,MACH-C,50.83,1.98
2023-06-18 09:00:00,MACH-C,56.13,1.53
2023-06-18 10:00:00,MACH-C,69.5,1.54
2023-06-18 11:00:00,MACH-C,55.97,2.14
2023-06-18 12:00:00,MACH-C,39.74,2.15
2023-06-18 13:00:00,MACH-C,45.48,3.34
2023-06-18 14:00:00,MACH-C,68.61,1.64
2023-06-18 15:00:00,MACH-C,54.54,1.58
2023-06-18 16:00:00,MACH-C,60.48,2.13
2023-06-18 17:00:00,MACH-C,44.27,1.75
2023-06-18 18:00:00,MACH-C,47.84,2.19
2023-06-18 19:00:00,MACH-C,49.31,1.76
2023-06-18 20:00:00,MACH-C,59.2,1.86
2023-06-18 21:00:00,MACH-C,45.72,2.21
2023-06-18 22:00:00,MACH-C,56.03,1.72
2023-06-18 23:00:00,MACH-C,49.99,1.82
2023-06-19 00:00:00,MACH-C,37.87,2.26
2023-06-19 01:00:00,MACH-C,49.97,2.02
2023-06-19 02:00:00,MACH-C,61.04,1.68
2023-06-19 03:00:00,MACH-C,50.06,1.76
2023-06-19 04:00:00,MACH-C,46.71,2.52
2023-06-19 05:00:00,MACH-C,64.24,2.16
2023-06-19 06:00:00,MACH-C,53.9,1.82
2023-06-19 07:00:00,MACH-C,36.18,2.43
2023-06-19 08:00:00,MACH-C,47.11,2.22
2023-06-19 09:00:00,MACH-C,52.68,2.68
2023-06-19 10:00:00,MACH-C,52.35,2.44
2023-06-19 11:00:00,MACH-C,55.11,2.58
2023-06-19 12:00:00,MACH-C,48.39,1.83
2023-06-19 13:00:00,MACH-C,47.88,1.56
2023-06-19 14:00:00,MACH-C,50.14,2.39
2023-06-19 15:00:00,MACH-C,57.94,2.39
2023-06-19 16:00:00,MACH-C,43.16,1.95
2023-06-19 17:00:00,MACH-C,49.28,1.48
2023-06-19 18:00:00,MACH-C,52.48,2.15
2023-06-19 19:00:00,MACH-C,44.62,2.19
2023-06-19 20:00:00,MACH-C,88.22,4.42
2023-06-19 21:00:00,MACH-C,53.49,2.19
2023-06-19 22:00:00,MACH-C,29.31,2.58
2023-06-19 23:00:00,MACH-C,50.34,1.34
2023-06-20 00:00:00,MACH-C,64.17,2.26
2023-06-20 01:00:00,MACH-C,64.96,2.66
2023-06-20 02:00:00,MACH-C,56.82,2.69
2023-06-20 03:00:00,MACH-C,62.7,1.06
2023-06-20 04:00:00,MACH-C,48.47,2.54
2023-06-20 05:00:00,MACH-C,55.7,1.84
2023-06-20 06:00:00,MACH-C,51.64,1.79
2023-06-20 07:00:00,MACH-C,56.69,3.26
2023-06-20 08:00:00,MACH-C,68.45,2.11
2023-06-20 09:00:00,MACH-C,60.02,1.81
2023-06-20 10:00:00,MACH-C,46.58,2.4
2023-06-20 11:00:00,MACH-C,65.8,2.84
2023-06-20 12:00:00,MACH-C,52.48,2.09
2023-06-20 13:00:00,MACH-C,56.52,1.73
2023-06-20 14:00:00,MACH-C,47.64,2.05
2023-06-20 15:00:00,MACH-C,57.37,2.55
2023-06-20 16:00:00,MACH-C,53.99,1.84
2023-06-20 17:00:00,MACH-C,61.32,2.55
2023-06-20 18:00:00,MACH-C,44.98,1.93
2023-06-20 19:00:00,MACH-C,59.51,1.07
2023-06-20 20:00:00,MACH-C,25.61,2.76
2023-06-20 21:00:00,MACH-C,43.84,2.17
2023-06-20 22:00:00,MACH-C,36.55,2.53
2023-06-20 23:00:00,MACH-C,53.37,2.15
2023-06-21 00:00:00,MACH-C,59.61,2.02
2023-06-21 01:00:00,MACH-C,49.91,2.37
2023-06-21 02:00:00,MACH-C,63.56,1.92
2023-06-21 03:00:00,MACH-C,42.26,2.91
2023-06-21 04:00:00,MACH-C,35.99,1.98
2023-06-21 05:00:00,MACH-C,57.23,2.91
2023-06-21 06:00:00,MACH-C,61.7,2.3
2023-06-21 07:00:00,MACH-C,51.05,0.81
2023-06-21 08:00:00,MACH-C,68.22,1.51
2023-06-21 09:00:00,MACH-C,55.08,2.42
2023-06-21 10:00:00,MACH-C,53.98,1.54
2023-06-21 11:00:00,MACH-C,45.7,1.32
2023-06-21 12:00:00,MACH-C,36.97,2.64
2023-06-21 13:00:00,MACH-C,47.33,1.21
2023-06-21 14:00:00,MACH-C,65.81,2.39
2023-06-21 15:00:00,MACH-C,51.91,1.82
2023-06-21 16:00:00,MACH-C,46.09,2.35
2023-06-21 17:00:00,MACH-C,40.95,2.13
2023-06-21 18:00:00,MACH-C,55.39,0.96
2023-06-21 19:00:00,MACH-C,38.75,1.84
2023-06-21 20:00:00,MACH-C,53.57,1.88
2023-06-21 21:00:00,MACH-C,45.39,2.2
2023-06-21 22:00:00,MACH-C,47.39,2.16
2023-06-21 23:00:00,MACH-C,56.42,1.88
2023-06-22 00:00:00,MACH-C,40.5,1.43
2023-06-22 01:00:00,MACH-C,50.07,2.24
2023-06-22 02:00:00,MACH-C,34.73,2.44
2023-06-22 03:00:00,MACH-C,48.87,2.17
2023-06-22 04:00:00,MACH-C,54.97,1.89
2023-06-22 05:00:00,MACH-C,57.91,1.81
2023-06-22 06:00:00,MACH-C,61.34,1.54
2023-06-22 07:00:00,MACH-C,56.59,2.12
2023-06-22 08:00:00,MACH-C,45.93,2.1
2023-06-22 09:00:00,MACH-C,31.9,2.42
2023-06-22 10:00:00,MACH-C,59.91,1.69
2023-06-22 11:00:00,MACH-C,44.75,2.06
2023-06-22 12:00:00,MACH-C,35.53,1.34
2023-06-22 13:00:00,MACH-C,68.72,1.83
2023-06-22 14:00:00,MACH-C,49.39,1.72
2023-06-22 15:00:00,MACH-C,54.89,2.53
2023-06-22 16:00:00,MACH-C,52.28,2.85
2023-06-22 17:00:00,MACH-C,49.86,1.41
2023-06-22 18:00:00,MACH-C,46.13,2.45
2023-06-22 19:00:00,MACH-C,44.16,2.34
2023-06-22 20:00:00,MACH-C,72.25,1.73
2023-06-22 21:00:00,MACH-C,35.42,1.62
2023-06-22 22:00:00,MACH-C,45.67,1.62
2023-06-22 23:00:00,MACH-C,41.1,1.81
2023-06-23 00:00:00,MACH-C,55.18,1.82
2023-06-23 01:00:00,MACH-C,45.86,1.92
2023-06-23 02:00:00,MACH-C,45.01,1.75
2023-06-23 03:00:00,MACH-C,56.42,2.4
2023-06-23 04:00:00,MACH-C,69.35,2.25
2023-06-23 05:00:00,MACH-C,41.7,1.91
2023-06-23 06:00:00,MACH-C,34.49,1.73
2023-06-23 07:00:00,MACH-C,50.63,1.72
2023-06-23 08:00:00,MACH-C,58.38,2.22
2023-06-23 09:00:00,MACH-C,47.85,2.03
2023-06-23 10:00:00,MACH-C,56.33,2.1
2023-06-23 11:00:00,MACH-C,44.52,2.43
2023-06-23 12:00:00,MACH-C,73.92,1.97
2023-06-23 13:00:00,MACH-C,56.14,2.69
2023-06-23 14:00:00,MACH-C,45.16,1.0
2023-06-23 15:00:00,MACH-C,42.48,1.34
2023-06-23 16:00:00,MACH-C,52.7,2.91
2023-06-23 17:00:00,MACH-C,56.74,1.8
2023-06-23 18:00:00,MACH-C,36.92,2.15
2023-06-23 19:00:00,MACH-C,50.11,2.63
2023-06-23 20:00:00,MACH-C,57.43,2.17
2023-06-23 21:00:00,MACH-C,53.34,2.46
2023-06-23 22:00:00,MACH-C,56.24,2.31
2023-06-23 23:00:00,MACH-C,64.91,2.49
2023-06-24 00:00:00,MACH-C,18.91,2.25
2023-06-24 01:00:00,MACH-C,52.18,2.37
2023-06-24 02:00:00,MACH-C,26.49,1.71
2023-06-24 03:00:00,MACH-C,49.55,2.26
2023-06-24 04:00:00,MACH-C,62.99,1.98
2023-06-24 05:00:00,MACH-C,48.71,1.96
2023-06-24 06:00:00,MACH-C,40.66,1.16
2023-06-24 07:00:00,MACH-C,58.26,1.79
2023-06-24 08:00:00,MACH-C,51.4,1.93
2023-06-24 09:00:00,MACH-C,51.89,2.78
2023-06-24 10:00:00,MACH-C,71.57,1.86
2023-06-24 11:00:00,MACH-C,34.93,2.14
2023-06-24 12:00:00,MACH-C,43.64,2.69
2023-06-24 13:00:00,MACH-C,53.76,1.38
2023-06-24 14:00:00,MACH-C,62.19,1.81
2023-06-24 15:00:00,MACH-C,40.4,2.44
2023-06-24 16:00:00,MACH-C,45.89,3.23
2023-06-24 17:00:00,MACH-C,49.32,1.01
2023-06-24 18:00:00,MACH-C,48.48,1.94
2023-06-24 19:00:00,MACH-C,56.97,2.31
2023-06-24 20:00:00,MACH-C,49.5,2.42
2023-06-24 21:00:00,MACH-C,56.5,3.12
2023-06-24 22:00:00,MACH-C,37.97,1.68
2023-06-24 23:00:00,MACH-C,51.45,1.88
2023-06-25 00:00:00,MACH-C,50.35,1.19
2023-06-25 01:00:00,MACH-C,58.44,2.06
2023-06-25 02:00:00,MACH-C,75.2,2.26
2023-06-25 03:00:00,MACH-C,59.56,3.05
2023-06-25 04:00:00,MACH-C,42.96,2.85
2023-06-25 05:00:00,MACH-C,56.33,2.76
2023-06-25 06:00:00,MACH-C,49.5,1.65
2023-06-25 07:00:00,MACH-C,46.61,2.21
2023-06-25 08:00:00,MACH-C,44.71,2.19
2023-06-25 09:00:00,MACH-C,44.18,2.23
2023-06-25 10:00:00,MACH-C,38.56,1.98
2023-06-25 11:00:00,MACH-C,37.05,2.57
2023-06-25 12:00:00,MACH-C,56.55,1.82
2023-06-25 13:00:00,MACH-C,46.44,2.16
2023-06-25 14:00:00,MACH-C,51.82,2.73
2023-06-25 15:00:00,MACH-C,41.3,3.08
2023-06-25 16:00:00,MACH-C,55.79,1.59
2023-06-25 17:00:00,MACH-C,42.96,2.28
2023-06-25 18:00:00,MACH-C,36.61,2.23
2023-06-25 19:00:00,MACH-C,65.68,2.61
2023-06-25 20:00:00,MACH-C,52.08,2.82
2023-06-25 21:00:00,MACH-C,46.88,1.83
2023-06-25 22:00:00,MACH-C,48.08,1.96
2023-06-25 23:00:00,MACH-C,46.41,2.04
2023-06-26 00:00:00,MACH-C,54.93,2.24
2023-06-26 01:00:00,MACH-C,34.53,2.41
2023-06-26 02:00:00,MACH-C,31.95,1.81
2023-06-26 03:00:00,MACH-C,51.13,2.93
2023-06-26 04:00:00,MACH-C,32.57,1.09
2023-06-26 05:00:00,MACH-C,30.93,1.4
2023-06-26 06:00:00,MACH-C,59.03,2.3
2023-06-26 07:00:00,MACH-C,51.67,1.92
2023-06-26 08:00:00,MACH-C,51.8,1.72
2023-06-26 09:00:00,MACH-C,38.81,2.48
2023-06-26 10:00:00,MACH-C,63.9,2.41
2023-06-26 11:00:00,MACH-C,60.06,2.62
2023-06-26 12:00:00,MACH-C,36.41,1.48
2023-06-26 13:00:00,MACH-C,81.21,3.3
2023-06-26 14:00:00,MACH-C,45.9,2.4
2023-06-26 15:00:00,MACH-C,49.55,1.5
2023-06-26 16:00:00,MACH-C,60.88,2.02
2023-06-26 17:00:00,MACH-C,46.19,2.48
2023-06-26 18:00:00,MACH-C,59.84,2.67
2023-06-26 19:00:00,MACH-C,32.69,1.93
2023-06-26 20:00:00,MACH-C,43.85,1.45
2023-06-26 21:00:00,MACH-C,45.98,2.77
2023-06-26 22:00:00,MACH-C,44.59,2.02
2023-06-26 23:00:00,MACH-C,50.24,1.06
2023-06-27 00:00:00,MACH-C,51.58,1.88
2023-06-27 01:00:00,MACH-C,52.3,2.57
2023-06-27 02:00:00,MACH-C,58.86,1.39
2023-06-27 03:00:00,MACH-C,57.33,2.06
2023-06-27 04:00:00,MACH-C,34.98,1.84
2023-06-27 05:00:00,MACH-C,51.5,1.98
2023-06-27 06:00:00,MACH-C,43.88,1.78
2023-06-27 07:00:00,MACH-C,58.2,2.25
2023-06-27 08:00:00,MACH-C,62.96,1.89
2023-06-27 09:00:00,MACH-C,58.42,2.33
2023-06-27 10:00:00,MACH-C,69.06,1.82
2023-06-27 11:00:00,MACH-C,57.53,2.56
2023-06-27 12:00:00,MACH-C,59.99,2.01
2023-06-27 13:00:00,MACH-C,42.06,1.4
2023-06-27 14:00:00,MACH-C,49.75,1.57
2023-06-27 15:00:00,MACH-C,56.9,1.42
2023-06-27 16:00:00,MACH-C,52.89,1.45
2023-06-27 17:00:00,MACH-C,40.86,1.34
2023-06-27 18:00:00,MACH-C,40.76,1.46
2023-06-27 19:00:00,MACH-C,31.9,2.0
2023-06-27 20:00:00,MACH-C,53.72,2.37
2023-06-27 21:00:00,MACH-C,39.7,1.32
2023-06-27 22:00:00,MACH-C,56.72,1.6
2023-06-27 23:00:00,MACH-C,57.24,2.4
2023-06-28 00:00:00,MACH-C,52.22,1.92
2023-06-28 01:00:00,MACH-C,53.95,1.14
2023-06-28 02:00:00,MACH-C,60.19,2.02
2023-06-28 03:00:00,MACH-C,61.5,2.18
2023-06-28 04:00:00,MACH-C,27.69,2.16
2023-06-28 05:00:00,MACH-C,57.05,3.12
2023-06-28 06:00:00,MACH-C,54.87,1.62
2023-06-28 07:00:00,MACH-C,52.96,2.55
2023-06-28 08:00:00,MACH-C,54.73,1.99
2023-06-28 09:00:00,MACH-C,46.84,2.23
2023-06-28 10:00:00,MACH-C,26.03,1.67
2023-06-28 11:00:00,MACH-C,43.94,1.66
2023-06-28 12:00:00,MACH-C,31.72,1.37
2023-06-28 13:00:00,MACH-C,33.48,1.27
2023-06-28 14:00:00,MACH-C,60.7,2.34
2023-06-28 15:00:00,MACH-C,44.55,1.73
2023-06-28 16:00:00,MACH-C,52.69,3.27
2023-06-28 17:00:00,MACH-C,50.04,1.76
2023-06-28 18:00:00,MACH-C,63.39,2.34
2023-06-28 19:00:00,MACH-C,50.75,2.03
2023-06-28 20:00:00,MACH-C,44.02,1.09
2023-06-28 21:00:00,MACH-C,64.81,1.33
2023-06-28 22:00:00,MACH-C,45.01,1.24
2023-06-28 23:00:00,MACH-C,54.17,2.73
2023-06-29 00:00:00,MACH-C,54.98,2.65
2023-06-29 01:00:00,MACH-C,37.58,2.96
2023-06-29 02:00:00,MACH-C,59.2,0.89
2023-06-29 03:00:00,MACH-C,63.54,1.32
2023-06-29 04:00:00,MACH-C,38.66,2.3
2023-06-29 05:00:00,MACH-C,50.3,1.62
2023-06-29 06:00:00,MACH-C,63.4,2.35
2023-06-29 07:00:00,MACH-C,33.75,1.78
2023-06-29 08:00:00,MACH-C,56.29,1.73
2023-06-29 09:00:00,MACH-C,37.51,1.09
2023-06-29 10:00:00,MACH-C,46.8,1.71
2023-06-29 11:00:00,MACH-C,47.89,2.19
2023-06-29 12:00:00,MACH-C,38.22,1.51
2023-06-29 13:00:00,MACH-C,91.38,3.42
2023-06-29 14:00:00,MACH-C,49.27,1.48
2023-06-29 15:00:00,MACH-C,63.77,1.61
2023-06-29 16:00:00,MACH-C,54.81,1.65
2023-06-29 17:00:00,MACH-C,33.61,2.23
2023-06-29 18:00:00,MACH-C,54.66,2.43
2023-06-29 19:00:00,MACH-C,50.41,2.92
2023-06-29 20:00:00,MACH-C,43.67,2.39
2023-06-29 21:00:00,MACH-C,45.63,2.18
2023-06-29 22:00:00,MACH-C,54.98,2.89
2023-06-29 23:00:00,MACH-C,34.28,2.14
2023-06-30 00:00:00,MACH-C,43.53,2.31
2023-06-30 01:00:00,MACH-C,38.55,2.48
2023-06-30 02:00:00,MACH-C,42.01,2.09
2023-06-30 03:00:00,MACH-C,53.29,1.97
2023-06-30 04:00:00,MACH-C,50.49,1.92
2023-06-30 05:00:00,MACH-C,56.71,1.71
2023-06-30 06:00:00,MACH-C,27.46,1.75
2023-06-30 07:00:00,MACH-C,47.3,2.53
2023-06-30 08:00:00,MACH-C,48.93,1.45
2023-06-30 09:00:00,MACH-C,33.62,2.07
2023-06-30 10:00:00,MACH-C,43.12,1.99
2023-06-30 11:00:00,MACH-C,49.79,1.29
2023-06-30 12:00:00,MACH-C,53.21,2.42
2023-06-30 13:00:00,MACH-C,53.47,1.33
2023-06-30 14:00:00,MACH-C,30.29,1.63
2023-06-30 15:00:00,MACH-C,43.7,1.96
2023-06-30 16:00:00,MACH-C,34.7,2.74
2023-06-30 17:00:00,MACH-C,49.94,2.26
2023-06-30 18:00:00,MACH-C,45.69,2.16
2023-06-30 19:00:00,MACH-C,43.75,2.68
2023-06-30 20:00:00,MACH-C,81.67,1.87
2023-06-30 21:00:00,MACH-C,39.48,3.0
2023-06-30 22:00:00,MACH-C,49.83,2.25
2023-06-30 23:00:00,MACH-C,54.79,2.07
2023-07-01 00:00:00,MACH-C,53.58,1.1
2023-07-01 01:00:00,MACH-C,55.78,2.49
2023-07-01 02:00:00,MACH-C,53.55,2.27
2023-07-01 03:00:00,MACH-C,46.7,1.89
2023-07-01 04:00:00,MACH-C,50.11,1.75
2023-07-01 05:00:00,MACH-C,43.44,3.01
2023-07-01 06:00:00,MACH-C,42.58,1.6
2023-07-01 07:00:00,MACH-C,36.82,2.17
2023-07-01 08:00:00,MACH-C,57.88,2.02
2023-07-01 09:00:00,MACH-C,61.04,2.34
2023-07-01 10:00:00,MACH-C,44.13,1.04
2023-07-01 11:00:00,MACH-C,49.23,2.34
2023-07-01 12:00:00,MACH-C,66.0,2.8
2023-07-01 13:00:00,MACH-C,61.22,1.05
2023-07-01 14:00:00,MACH-C,58.91,1.53
2023-07-01 15:00:00,MACH-C,52.69,2.28
2023-07-01 16:00:00,MACH-C,43.72,1.93
2023-07-01 17:00:00,MACH-C,44.85,2.34
2023-07-01 18:00:00,MACH-C,52.35,2.37
2023-07-01 19:00:00,MACH-C,54.39,2.11
2023-07-01 20:00:00,MACH-C,40.31,2.88
2023-07-01 21:00:00,MACH-C,62.46,2.38
2023-07-01 22:00:00,MACH-C,64.08,1.34
2023-07-01 23:00:00,MACH-C,57.94,2.35
2023-07-02 00:00:00,MACH-C,65.04,1.98
2023-07-02 01:00:00,MACH-C,56.38,2.27
2023-07-02 02:00:00,MACH-C,52.74,2.58
2023-07-02 03:00:00,MACH-C,50.51,2.81
2023-07-02 04:00:00,MACH-C,46.83,2.04
2023-07-02 05:00:00,MACH-C,49.95,2.42
2023-07-02 06:00:00,MACH-C,39.59,1.46
2023-07-02 07:00:00,MACH-C,49.16,1.77
2023-07-02 08:00:00,MACH-C,38.32,1.72
2023-07-02 09:00:00,MACH-C,41.99,2.52
2023-07-02 10:00:00,MACH-C,62.29,2.86
2023-07-02 11:00:00,MACH-C,61.82,3.59
2023-07-02 12:00:00,MACH-C,41.63,2.43
2023-07-02 13:00:00,MACH-C,58.7,2.56
2023-07-02 14:00:00,MACH-C,44.12,1.13
2023-07-02 15:00:00,MACH-C,43.36,1.11
2023-07-02 16:00:00,MACH-C,63.92,1.57
2023-07-02 17:00:00,MACH-C,39.06,1.37
2023-07-02 18:00:00,MACH-C,32.13,2.26
2023-07-02 19:00:00,MACH-C,43.34,2.87
2023-07-02 20:00:00,MACH-C,43.98,2.01
2023-07-02 21:00:00,MACH-C,46.27,1.67
2023-07-02 22:00:00,MACH-C,32.79,2.15
2023-07-02 23:00:00,MACH-C,53.51,1.64
2023-07-03 00:00:00,MACH-C,68.96,1.73
2023-07-03 01:00:00,MACH-C,53.02,1.9
2023-07-03 02:00:00,MACH-C,47.79,2.19
2023-07-03 03:00:00,MACH-C,56.68,1.17
2023-07-03 04:00:00,MACH-C,50.75,0.99
2023-07-03 05:00:00,MACH-C,50.57,1.57
2023-07-03 06:00:00,MACH-C,49.18,2.26
2023-07-03 07:00:00,MACH-C,52.18,1.37
2023-07-03 08:00:00,MACH-C,45.89,2.92
2023-07-03 09:00:00,MACH-C,33.72,2.43
2023-07-03 10:00:00,MACH-C,68.49,2.33
2023-07-03 11:00:00,MACH-C,55.3,2.43
2023-07-03 12:00:00,MACH-C,42.98,2.21
2023-07-03 13:00:00,MACH-C,53.51,2.25
2023-07-03 14:00:00,MACH-C,38.7,2.62
2023-07-03 15:00:00,MACH-C,53.8,2.5
2023-07-03 16:00:00,MACH-C,57.43,2.15
2023-07-03 17:00:00,MACH-C,60.33,2.96
2023-07-03 18:00:00,MACH-C,55.69,2.04
2023-07-03 19:00:00,MACH-C,48.1,1.77
2023-07-03 20:00:00,MACH-C,60.24,1.26
2023-07-03 21:00:00,MACH-C,44.48,1.64
2023-07-03 22:00:00,MACH-C,52.98,2.6
2023-07-03 23:00:00,MACH-C,42.7,1.98
2023-07-04 00:00:00,MACH-C,52.3,2.24
2023-07-04 01:00:00,MACH-C,64.94,2.04
2023-07-04 02:00:00,MACH-C,57.73,1.4
2023-07-04 03:00:00,MACH-C,59.22,1.86
2023-07-04 04:00:00,MACH-C,61.14,1.58
2023-07-04 05:00:00,MACH-C,49.3,1.78
2023-07-04 06:00:00,MACH-C,41.27,1.56
2023-07-04 07:00:00,MACH-C,31.46,2.24
2023-07-04 08:00:00,MACH-C,39.16,2.41
2023-07-04 09:00:00,MACH-C,51.17,2.02
2023-07-04 10:00:00,MACH-C,29.67,1.01
2023-07-04 11:00:00,MACH-C,51.77,1.32
2023-07-04 12:00:00,MACH-C,54.94,2.32
2023-07-04 13:00:00,MACH-C,34.36,1.62
2023-07-04 14:00:00,MACH-C,58.79,1.62
2023-07-04 15:00:00,MACH-C,45.79,2.03
2023-07-04 16:00:00,MACH-C,33.65,1.61
2023-07-04 17:00:00,MACH-C,33.07,0.94
2023-07-04 18:00:00,MACH-C,49.44,1.54
2023-07-04 19:00:00,MACH-C,50.85,1.8
2023-07-04 20:00:00,MACH-C,49.85,1.72
2023-07-04 21:00:00,MACH-C,60.37,2.35
2023-07-04 22:00:00,MACH-C,50.62,2.04
2023-07-04 23:00:00,MACH-C,44.2,2.01
2023-07-05 00:00:00,MACH-C,46.8,2.58
2023-07-05 01:00:00,MACH-C,60.82,1.22
2023-07-05 02:00:00,MACH-C,38.79,2.78
2023-07-05 03:00:00,MACH-C,51.59,2.83
2023-07-05 04:00:00,MACH-C,52.05,1.94
2023-07-05 05:00:00,MACH-C,60.23,1.8
2023-07-05 06:00:00,MACH-C,51.12,2.67
2023-07-05 07:00:00,MACH-C,40.43,1.87
2023-07-05 08:00:00,MACH-C,51.92,2.18
2023-07-05 09:00:00,MACH-C,57.19,2.14
2023-07-05 10:00:00,MACH-C,51.4,2.24
2023-07-05 11:00:00,MACH-C,60.96,1.45
2023-07-05 12:00:00,MACH-C,36.93,2.22
2023-07-05 13:00:00,MACH-C,48.42,1.56
2023-07-05 14:00:00,MACH-C,50.06,1.7
2023-07-05 15:00:00,MACH-C,57.72,2.46
2023-07-05 16:00:00,MACH-C,58.99,1.75
2023-07-05 17:00:00,MACH-C,50.24,1.68
2023-07-05 18:00:00,MACH-C,46.39,2.1
2023-07-05 19:00:00,MACH-C,51.88,2.67
2023-07-05 20:00:00,MACH-C,38.59,3.2
2023-07-05 21:00:00,MACH-C,45.11,2.57
2023-07-05 22:00:00,MACH-C,55.7,2.56
2023-07-05 23:00:00,MACH-C,53.54,1.99
2023-07-06 00:00:00,MACH-C,43.38,3.28
2023-07-06 01:00:00,MACH-C,42.18,2.1
2023-07-06 02:00:00,MACH-C,42.01,1.98
2023-07-06 03:00:00,MACH-C,42.69,2.19
2023-07-06 04:00:00,MACH-C,51.47,2.13
2023-07-06 05:00:00,MACH-C,62.01,1.34
2023-07-06 06:00:00,MACH-C,63.22,1.65
2023-07-06 07:00:00,MACH-C,40.78,2.19
2023-07-06 08:00:00,MACH-C,53.3,1.61
2023-07-06 09:00:00,MACH-C,52.82,2.32
2023-07-06 10:00:00,MACH-C,52.12,2.02
2023-07-06 11:00:00,MACH-C,40.23,2.47
2023-07-06 12:00:00,MACH-C,42.58,1.94
2023-07-06 13:00:00,MACH-C,53.45,2.24
2023-07-06 14:00:00,MACH-C,46.15,1.09
2023-07-06 15:00:00,MACH-C,50.91,1.2
2023-07-06 16:00:00,MACH-C,39.86,1.6
2023-07-06 17:00:00,MACH-C,45.1,2.16
2023-07-06 18:00:00,MACH-C,36.66,1.61
2023-07-06 19:00:00,MACH-C,52.64,2.36
2023-07-06 20:00:00,MACH-C,46.52,2.19
2023-07-06 21:00:00,MACH-C,52.66,1.77
2023-07-06 22:00:00,MACH-C,46.33,2.11
2023-07-06 23:00:00,MACH-C,52.36,1.78
2023-07-07 00:00:00,MACH-C,68.05,2.16
2023-07-07 01:00:00,MACH-C,44.76,1.74
2023-07-07 02:00:00,MACH-C,54.91,2.2
2023-07-07 03:00:00,MACH-C,43.41,2.68
2023-07-07 04:00:00,MACH-C,48.68,1.38
2023-07-07 05:00:00,MACH-C,54.73,1.65
2023-07-07 06:00:00,MACH-C,52.83,1.67
2023-07-07 07:00:00,MACH-C,56.91,2.16
2023-07-07 08:00:00,MACH-C,59.56,2.42
2023-07-07 09:00:00,MACH-C,56.65,1.13
2023-07-07 10:00:00,MACH-C,59.2,1.91
2023-07-07 11:00:00,MACH-C,52.13,2.01
2023-07-07 12:00:00,MACH-C,42.71,2.44
2023-07-07 13:00:00,MACH-C,58.01,1.55
2023-07-07 14:00:00,MACH-C,46.19,2.36
2023-07-07 15:00:00,MACH-C,56.94,2.15
2023-07-07 16:00:00,MACH-C,37.45,2.89
2023-07-07 17:00:00,MACH-C,46.44,3.1
2023-07-07 18:00:00,MACH-C,43.09,2.4
2023-07-07 19:00:00,MACH-C,53.92,1.87
2023-07-07 20:00:00,MACH-C,44.23,2.25
2023-07-07 21:00:00,MACH-C,49.85,2.29
2023-07-07 22:00:00,MACH-C,48.55,2.26
2023-07-07 23:00:00,MACH-C,60.27,2.21
2023-07-08 00:00:00,MACH-C,54.71,2.27
2023-07-08 01:00:00,MACH-C,52.9,2.52
2023-07-08 02:00:00,MACH-C,50.2,3.1
2023-07-08 03:00:00,MACH-C,42.33,1.1
2023-07-08 04:00:00,MACH-C,41.23,2.65
2023-07-08 05:00:00,MACH-C,52.77,2.07
2023-07-08 06:00:00,MACH-C,35.86,1.61
2023-07-08 07:00:00,MACH-C,49.62,1.32
2023-07-08 08:00:00,MACH-C,51.07,2.15
2023-07-08 09:00:00,MACH-C,35.89,2.02
2023-07-08 10:00:00,MACH-C,49.44,1.46
2023-07-08 11:00:00,MACH-C,50.06,1.98
2023-07-08 12:00:00,MACH-C,70.79,2.52
2023-07-08 13:00:00,MACH-C,50.09,2.78
2023-07-08 14:00:00,MACH-C,58.75,2.06
2023-07-08 15:00:00,MACH-C,54.47,2.06
2023-07-08 16:00:00,MACH-C,52.58,2.31
2023-07-08 17:00:00,MACH-C,58.3,2.58
2023-07-08 18:00:00,MACH-C,35.57,2.09
2023-07-08 19:00:00,MACH-C,49.11,2.18
2023-07-08 20:00:00,MACH-C,52.81,1.8
2023-07-08 21:00:00,MACH-C,40.37,1.92
2023-07-08 22:00:00,MACH-C,49.53,1.68
2023-07-08 23:00:00,MACH-C,93.85,3.13
2023-07-09 00:00:00,MACH-C,48.31,1.4
2023-07-09 01:00:00,MACH-C,41.12,1.57
2023-07-09 02:00:00,MACH-C,42.46,1.53
2023-07-09 03:00:00,MACH-C,46.79,2.15
2023-07-09 04:00:00,MACH-C,53.85,2.22
2023-07-09 05:00:00,MACH-C,50.95,1.79
2023-07-09 06:00:00,MACH-C,89.42,3.23
2023-07-09 07:00:00,MACH-C,47.69,3.08
2023-07-09 08:00:00,MACH-C,41.6,1.78
2023-07-09 09:00:00,MACH-C,46.93,1.7
2023-07-09 10:00:00,MACH-C,41.67,1.21
2023-07-09 11:00:00,MACH-C,19.72,2.26
2023-07-09 12:00:00,MACH-C,49.86,2.91
2023-07-09 13:00:00,MACH-C,47.4,1.91
2023-07-09 14:00:00,MACH-C,62.37,1.83
2023-07-09 15:00:00,MACH-C,56.89,2.14
2023-07-09 16:00:00,MACH-C,54.76,2.15
2023-07-09 17:00:00,MACH-C,40.0,0.75
2023-07-09 18:00:00,MACH-C,60.2,2.32
2023-07-09 19:00:00,MACH-C,51.41,2.94
2023-07-09 20:00:00,MACH-C,46.43,2.03
2023-07-09 21:00:00,MACH-C,42.17,1.95
2023-07-09 22:00:00,MACH-C,43.45,2.4
2023-07-09 23:00:00,MACH-C,47.43,2.34
2023-07-10 00:00:00,MACH-C,39.73,2.09
2023-07-10 01:00:00,MACH-C,50.38,2.39
2023-07-10 02:00:00,MACH-C,48.35,2.41
2023-07-10 03:00:00,MACH-C,56.87,1.41
2023-07-10 04:00:00,MACH-C,48.51,1.43
2023-07-10 05:00:00,MACH-C,31.79,1.35
2023-07-10 06:00:00,MACH-C,46.9,1.24
2023-07-10 07:00:00,MACH-C,38.71,2.41
2023-07-10 08:00:00,MACH-C,44.03,2.41
2023-07-10 09:00:00,MACH-C,40.56,2.22
2023-07-10 10:00:00,MACH-C,70.9,2.83
2023-07-10 11:00:00,MACH-C,46.6,1.85
2023-07-10 12:00:00,MACH-C,57.18,1.66
2023-07-10 13:00:00,MACH-C,46.94,2.06
2023-07-10 14:00:00,MACH-C,47.73,2.57
2023-07-10 15:00:00,MACH-C,45.25,1.7
2023-07-10 16:00:00,MACH-C,43.04,2.97
2023-07-10 17:00:00,MACH-C,43.25,1.96
2023-07-10 18:00:00,MACH-C,53.74,2.26
2023-07-10 19:00:00,MACH-C,49.4,2.08
2023-07-10 20:00:00,MACH-C,63.29,1.8
2023-07-10 21:00:00,MACH-C,47.8,2.46
2023-07-10 22:00:00,MACH-C,47.24,0.26
2023-07-10 23:00:00,MACH-C,50.41,1.83
2023-07-11 00:00:00,MACH-C,56.06,2.4
2023-07-11 01:00:00,MACH-C,51.16,1.27
2023-07-11 02:00:00,MACH-C,63.46,1.65
2023-07-11 03:00:00,MACH-C,75.78,1.75
2023-07-11 04:00:00,MACH-C,58.19,1.83
2023-07-11 05:00:00,MACH-C,53.76,1.7
2023-07-11 06:00:00,MACH-C,29.99,1.49
2023-07-11 07:00:00,MACH-C,63.85,1.96
2023-07-11 08:00:00,MACH-C,62.27,2.4
2023-07-11 09:00:00,MACH-C,65.35,2.19
2023-07-11 10:00:00,MACH-C,57.96,2.51
2023-07-11 11:00:00,MACH-C,40.51,1.9
2023-07-11 12:00:00,MACH-C,40.35,2.63
2023-07-11 13:00:00,MACH-C,39.1,1.36
2023-07-11 14:00:00,MACH-C,50.8,2.66
2023-07-11 15:00:00,MACH-C,42.99,2.55
2023-07-11 16:00:00,MACH-C,58.59,1.21
2023-07-11 17:00:00,MACH-C,44.28,2.23
2023-07-11 18:00:00,MACH-C,46.74,1.94
2023-07-11 19:00:00,MACH-C,52.64,1.95
2023-07-11 20:00:00,MACH-C,45.22,2.03
2023-07-11 21:00:00,MACH-C,40.92,1.69
2023-07-11 22:00:00,MACH-C,31.87,2.47
2023-07-11 23:00:00,MACH-C,59.31,2.0
2023-07-12 00:00:00,MACH-C,40.79,1.44
2023-07-12 01:00:00,MACH-C,46.17,1.98
2023-07-12 02:00:00,MACH-C,46.29,1.76
2023-07-12 03:00:00,MACH-C,29.39,2.31
2023-07-12 04:00:00,MACH-C,52.87,1.34
2023-07-12 05:00:00,MACH-C,64.05,3.0
2023-07-12 06:00:00,MACH-C,59.6,2.06
2023-07-12 07:00:00,MACH-C,46.24,1.38
2023-07-12 08:00:00,MACH-C,60.55,1.9
2023-07-12 09:00:00,MACH-C,32.66,1.76
2023-07-12 10:00:00,MACH-C,58.32,1.6
2023-07-12 11:00:00,MACH-C,42.69,2.21
2023-07-12 12:00:00,MACH-C,59.68,3.12
2023-07-12 13:00:00,MACH-C,50.36,2.93
2023-07-12 14:00:00,MACH-C,37.96,2.1
2023-07-12 15:00:00,MACH-C,52.47,1.61
2023-07-12 16:00:00,MACH-C,50.01,2.14
2023-07-12 17:00:00,MACH-C,52.38,2.37
2023-07-12 18:00:00,MACH-C,41.98,2.1
2023-07-12 19:00:00,MACH-C,38.29,2.37
2023-07-12 20:00:00,MACH-C,56.14,2.22
2023-07-12 21:00:00,MACH-C,49.33,2.14
2023-07-12 22:00:00,MACH-C,55.73,1.39
2023-07-12 23:00:00,MACH-C,55.55,1.93
2023-07-13 00:00:00,MACH-C,57.08,2.96
2023-07-13 01:00:00,MACH-C,66.19,2.24
2023-07-13 02:00:00,MACH-C,51.99,2.58
2023-07-13 03:00:00,MACH-C,40.03,3.01
2023-07-13 04:00:00,MACH-C,42.26,1.41
2023-07-13 05:00:00,MACH-C,47.1,3.3
2023-07-13 06:00:00,MACH-C,52.11,2.49
2023-07-13 07:00:00,MACH-C,63.79,2.58
2023-07-13 08:00:00,MACH-C,85.71,3.76
2023-07-13 09:00:00,MACH-C,66.79,2.36
2023-07-13 10:00:00,MACH-C,67.68,1.6
2023-07-13 11:00:00,MACH-C,54.31,2.07
2023-07-13 12:00:00,MACH-C,56.3,2.17
2023-07-13 13:00:00,MACH-C,45.41,1.88
2023-07-13 14:00:00,MACH-C,66.81,2.58
2023-07-13 15:00:00,MACH-C,43.63,1.74
2023-07-13 16:00:00,MACH-C,62.02,0.99
2023-07-13 17:00:00,MACH-C,39.68,1.88
2023-07-13 18:00:00,MACH-C,56.4,2.63
2023-07-13 19:00:00,MACH-C,61.14,3.23
2023-07-13 20:00:00,MACH-C,59.08,2.66
2023-07-13 21:00:00,MACH-C,45.33,2.53
2023-07-13 22:00:00,MACH-C,47.3,1.81
2023-07-13 23:00:00,MACH-C,65.38,3.15
2023-07-14 00:00:00,MACH-C,44.94,2.34
2023-07-14 01:00:00,MACH-C,45.28,2.36
2023-07-14 02:00:00,MACH-C,65.04,2.31
2023-07-14 03:00:00,MACH-C,49.37,1.42
2023-07-14 04:00:00,MACH-C,49.45,2.19
2023-07-14 05:00:00,MACH-C,68.39,1.27
2023-07-14 06:00:00,MACH-C,43.55,2.41
2023-07-14 07:00:00,MACH-C,42.69,2.17
2023-07-14 08:00:00,MACH-C,51.79,1.68
2023-07-14 09:00:00,MACH-C,50.32,2.56
2023-07-14 10:00:00,MACH-C,42.22,1.82
2023-07-14 11:00:00,MACH-C,58.06,1.83
2023-07-14 12:00:00,MACH-C,50.15,2.27
2023-07-14 13:00:00,MACH-C,50.65,1.99
2023-07-14 14:00:00,MACH-C,49.96,2.12
2023-07-14 15:00:00,MACH-C,39.54,2.52
2023-07-14 16:00:00,MACH-C,41.83,1.63
2023-07-14 17:00:00,MACH-C,34.18,1.59
2023-07-14 18:00:00,MACH-C,61.39,1.88
2023-07-14 19:00:00,MACH-C,50.02,1.97
2023-07-14 20:00:00,MACH-C,59.95,2.32
2023-07-14 21:00:00,MACH-C,45.5,2.97
2023-07-14 22:00:00,MACH-C,61.48,1.98
2023-07-14 23:00:00,MACH-C,33.83,2.02
2023-07-15 00:00:00,MACH-C,59.72,1.67
2023-07-15 01:00:00,MACH-C,49.22,1.61
2023-07-15 02:00:00,MACH-C,36.14,2.34
2023-07-15 03:00:00,MACH-C,21.77,2.02
2023-07-15 04:00:00,MACH-C,55.02,2.62
2023-07-15 05:00:00,MACH-C,59.9,2.57
2023-07-15 06:00:00,MACH-C,50.62,2.43
2023-07-15 07:00:00,MACH-C,56.03,1.27
2023-07-15 08:00:00,MACH-C,54.46,2.34
2023-07-15 09:00:00,MACH-C,50.56,1.53
2023-07-15 10:00:00,MACH-C,59.59,1.06
2023-07-15 11:00:00,MACH-C,35.23,2.11
2023-07-15 12:00:00,MACH-C,50.98,2.68
2023-07-15 13:00:00,MACH-C,56.83,2.36
2023-07-15 14:00:00,MACH-C,45.54,1.56
2023-07-15 15:00:00,MACH-C,52.56,3.4
2023-07-15 16:00:00,MACH-C,38.23,2.41
2023-07-15 17:00:00,MACH-C,50.76,1.58
2023-07-15 18:00:00,MACH-C,42.79,0.98
2023-07-15 19:00:00,MACH-C,44.83,1.9
2023-07-15 20:00:00,MACH-C,55.72,1.02
2023-07-15 21:00:00,MACH-C,32.38,1.49
2023-07-15 22:00:00,MACH-C,39.09,1.15
2023-07-15 23:00:00,MACH-C,57.25,1.62
2023-07-16 00:00:00,MACH-C,48.43,1.73
2023-07-16 01:00:00,MACH-C,42.65,1.56
2023-07-16 02:00:00,MACH-C,54.5,3.15
2023-07-16 03:00:00,MACH-C,38.93,1.91
2023-07-16 04:00:00,MACH-C,38.6,2.66
2023-07-16 05:00:00,MACH-C,47.92,2.28
2023-07-16 06:00:00,MACH-C,48.62,1.9
2023-07-16 07:00:00,MACH-C,42.57,1.76
2023-07-16 08:00:00,MACH-C,47.36,2.68
2023-07-16 09:00:00,MACH-C,63.33,1.48
2023-07-16 10:00:00,MACH-C,49.64,1.69
2023-07-16 11:00:00,MACH-C,38.5,1.68
2023-07-16 12:00:00,MACH-C,50.24,2.04
2023-07-16 13:00:00,MACH-C,28.81,1.55
2023-07-16 14:00:00,MACH-C,66.12,2.47
2023-07-16 15:00:00,MACH-C,38.13,2.54
2023-07-16 16:00:00,MACH-C,52.06,1.64
2023-07-16 17:00:00,MACH-C,51.62,2.26
2023-07-16 18:00:00,MACH-C,42.19,1.58
2023-07-16 19:00:00,MACH-C,62.99,2.09
2023-07-16 20:00:00,MACH-C,70.58,2.59
2023-07-16 21:00:00,MACH-C,94.99,3.89
2023-07-16 22:00:00,MACH-C,57.11,1.95
2023-07-16 23:00:00,MACH-C,86.63,4.67
2023-07-17 00:00:00,MACH-C,63.21,2.18
2023-07-17 01:00:00,MACH-C,62.65,1.58
2023-07-17 02:00:00,MACH-C,60.09,1.54
2023-07-17 03:00:00,MACH-C,33.44,3.14
2023-07-17 04:00:00,MACH-C,44.57,1.63
2023-07-17 05:00:00,MACH-C,44.71,1.65
2023-07-17 06:00:00,MACH-C,44.04,2.01
2023-07-17 07:00:00,MACH-C,63.29,2.37
2023-07-17 08:00:00,MACH-C,31.89,1.38
2023-07-17 09:00:00,MACH-C,53.9,1.86
2023-07-17 10:00:00,MACH-C,57.44,1.33
2023-07-17 11:00:00,MACH-C,42.98,1.92
2023-07-17 12:00:00,MACH-C,55.05,2.41
2023-07-17 13:00:00,MACH-C,54.42,1.87
2023-07-17 14:00:00,MACH-C,47.28,2.98
2023-07-17 15:00:00,MACH-C,60.87,1.58
2023-07-17 16:00:00,MACH-C,44.57,2.11
2023-07-17 17:00:00,MACH-C,60.89,2.65
2023-07-17 18:00:00,MACH-C,51.32,2.5
2023-07-17 19:00:00,MACH-C,46.88,3.32
2023-07-17 20:00:00,MACH-C,47.76,2.16
2023-07-17 21:00:00,MACH-C,36.11,1.55
2023-07-17 22:00:00,MACH-C,46.38,2.04
2023-07-17 23:00:00,MACH-C,38.78,1.58
2023-07-18 00:00:00,MACH-C,52.65,2.06
2023-07-18 01:00:00,MACH-C,59.01,2.62
2023-07-18 02:00:00,MACH-C,54.57,2.35
2023-07-18 03:00:00,MACH-C,42.87,1.95
2023-07-18 04:00:00,MACH-C,47.35,1.66
2023-07-18 05:00:00,MACH-C,52.77,2.16
2023-07-18 06:00:00,MACH-C,53.29,2.26
2023-07-18 07:00:00,MACH-C,66.37,1.37
2023-07-18 08:00:00,MACH-C,56.23,1.49
2023-07-18 09:00:00,MACH-C,51.48,1.86
2023-07-18 10:00:00,MACH-C,51.04,1.33
2023-07-18 11:00:00,MACH-C,46.52,1.09
2023-07-18 12:00:00,MACH-C,50.0,1.48
2023-07-18 13:00:00,MACH-C,57.17,2.19
2023-07-18 14:00:00,MACH-C,42.93,2.05
2023-07-18 15:00:00,MACH-C,54.1,1.78
2023-07-18 16:00:00,MACH-C,48.91,1.53
2023-07-18 17:00:00,MACH-C,67.18,2.18
2023-07-18 18:00:00,MACH-C,52.95,2.16
2023-07-18 19:00:00,MACH-C,53.28,2.62
2023-07-18 20:00:00,MACH-C,41.44,0.74
2023-07-18 21:00:00,MACH-C,64.64,1.13
2023-07-18 22:00:00,MACH-C,55.07,2.47
2023-07-18 23:00:00,MACH-C,63.64,2.24
2023-07-19 00:00:00,MACH-C,48.16,2.47
2023-07-19 01:00:00,MACH-C,49.98,1.55
2023-07-19 02:00:00,MACH-C,36.29,1.81
2023-07-19 03:00:00,MACH-C,68.45,1.36
2023-07-19 04:00:00,MACH-C,53.69,0.83
2023-07-19 05:00:00,MACH-C,68.56,2.07
2023-07-19 06:00:00,MACH-C,46.51,2.71
2023-07-19 07:00:00,MACH-C,54.72,1.92
2023-07-19 08:00:00,MACH-C,59.93,1.64
2023-07-19 09:00:00,MACH-C,53.3,1.44
2023-07-19 10:00:00,MACH-C,46.67,2.56
2023-07-19 11:00:00,MACH-C,45.25,2.04
2023-07-19 12:00:00,MACH-C,46.53,2.06
2023-07-19 13:00:00,MACH-C,76.7,1.28
2023-07-19 14:00:00,MACH-C,43.79,1.54
2023-07-19 15:00:00,MACH-C,30.14,2.37
2023-07-19 16:00:00,MACH-C,50.37,1.74
2023-07-19 17:00:00,MACH-C,50.25,1.67
2023-07-19 18:00:00,MACH-C,46.85,3.25
2023-07-19 19:00:00,MACH-C,43.79,2.03
2023-07-19 20:00:00,MACH-C,47.26,1.91
2023-07-19 21:00:00,MACH-C,36.8,1.93
2023-07-19 22:00:00,MACH-C,67.79,1.66
2023-07-19 23:00:00,MACH-C,52.45,1.96
2023-07-20 00:00:00,MACH-C,51.18,2.97
2023-07-20 01:00:00,MACH-C,60.51,2.21
2023-07-20 02:00:00,MACH-C,77.1,1.2
2023-07-20 03:00:00,MACH-C,45.98,1.78
2023-07-20 04:00:00,MACH-C,81.51,3.75
2023-07-20 05:00:00,MACH-C,58.02,1.25
2023-07-20 06:00:00,MACH-C,56.91,1.77
2023-07-20 07:00:00,MACH-C,59.05,1.52
2023-07-20 08:00:00,MACH-C,59.18,1.8
2023-07-20 09:00:00,MACH-C,45.89,2.04
2023-07-20 10:00:00,MACH-C,61.95,2.35
2023-07-20 11:00:00,MACH-C,48.88,1.42
2023-07-20 12:00:00,MACH-C,52.81,1.96
2023-07-20 13:00:00,MACH-C,56.15,1.84
2023-07-20 14:00:00,MACH-C,42.89,1.89
2023-07-20 15:00:00,MACH-C,54.34,1.59
2023-07-20 16:00:00,MACH-C,56.2,1.98
2023-07-20 17:00:00,MACH-C,31.07,2.25
2023-07-20 18:00:00,MACH-C,64.02,1.3
2023-07-20 19:00:00,MACH-C,41.81,2.86
2023-07-20 20:00:00,MACH-C,52.73,2.47
2023-07-20 21:00:00,MACH-C,65.29,1.21
2023-07-20 22:00:00,MACH-C,56.54,2.72
2023-07-20 23:00:00,MACH-C,60.4,2.76
2023-07-21 00:00:00,MACH-C,61.1,1.75
2023-07-21 01:00:00,MACH-C,45.08,2.1
2023-07-21 02:00:00,MACH-C,39.63,2.05
2023-07-21 03:00:00,MACH-C,54.15,1.31
2023-07-21 04:00:00,MACH-C,57.13,2.51
2023-07-21 05:00:00,MACH-C,61.04,1.06
2023-07-21 06:00:00,MACH-C,57.81,2.14
2023-07-21 07:00:00,MACH-C,45.08,2.78
2023-07-21 08:00:00,MACH-C,58.8,1.16
2023-07-21 09:00:00,MACH-C,28.98,1.85
2023-07-21 10:00:00,MACH-C,62.72,2.57
2023-07-21 11:00:00,MACH-C,41.11,2.2
2023-07-21 12:00:00,MACH-C,40.89,2.42
2023-07-21 13:00:00,MACH-C,74.88,1.66
2023-07-21 14:00:00,MACH-C,50.57,1.53
2023-07-21 15:00:00,MACH-C,47.45,1.9
2023-07-21 16:00:00,MACH-C,38.47,2.13
2023-07-21 17:00:00,MACH-C,54.43,2.3
2023-07-21 18:00:00,MACH-C,57.93,2.22
2023-07-21 19:00:00,MACH-C,46.49,2.49
2023-07-21 20:00:00,MACH-C,28.52,2.06
2023-07-21 21:00:00,MACH-C,66.27,1.48
2023-07-21 22:00:00,MACH-C,47.11,1.32
2023-07-21 23:00:00,MACH-C,46.89,2.38
2023-07-22 00:00:00,MACH-C,49.65,2.5
2023-07-22 01:00:00,MACH-C,41.95,2.99
2023-07-22 02:00:00,MACH-C,62.74,3.21
2023-07-22 03:00:00,MACH-C,57.26,2.49
2023-07-22 04:00:00,MACH-C,54.88,2.18
2023-07-22 05:00:00,MACH-C,73.11,1.79
2023-07-22 06:00:00,MACH-C,43.03,1.56
2023-07-22 07:00:00,MACH-C,62.77,2.03
2023-07-22 08:00:00,MACH-C,27.76,1.95
2023-07-22 09:00:00,MACH-C,56.44,2.95
2023-07-22 10:00:00,MACH-C,72.58,2.29
2023-07-22 11:00:00,MACH-C,39.5,1.89
2023-07-22 12:00:00,MACH-C,66.44,1.56
2023-07-22 13:00:00,MACH-C,36.17,2.27
2023-07-22 14:00:00,MACH-C,70.78,2.07
2023-07-22 15:00:00,MACH-C,45.39,1.77
2023-07-22 16:00:00,MACH-C,42.59,1.66
2023-07-22 17:00:00,MACH-C,44.64,2.27
2023-07-22 18:00:00,MACH-C,50.32,1.8
2023-07-22 19:00:00,MACH-C,48.48,1.84
2023-07-22 20:00:00,MACH-C,49.48,1.76
2023-07-22 21:00:00,MACH-C,53.16,3.42
2023-07-22 22:00:00,MACH-C,52.4,2.08
2023-07-22 23:00:00,MACH-C,50.06,1.59
2023-07-23 00:00:00,MACH-C,45.58,0.71
2023-07-23 01:00:00,MACH-C,54.28,1.18
2023-07-23 02:00:00,MACH-C,53.76,1.85
2023-07-23 03:00:00,MACH-C,53.29,2.85
2023-07-23 04:00:00,MACH-C,49.98,3.14
2023-07-23 05:00:00,MACH-C,43.07,1.88
2023-07-23 06:00:00,MACH-C,50.74,2.18
2023-07-23 07:00:00,MACH-C,47.22,1.92
2023-07-23 08:00:00,MACH-C,29.34,2.23
2023-07-23 09:00:00,MACH-C,59.99,1.88
2023-07-23 10:00:00,MACH-C,52.6,1.72
2023-07-23 11:00:00,MACH-C,49.8,1.67
2023-07-23 12:00:00,MACH-C,55.25,2.36
2023-07-23 13:00:00,MACH-C,42.45,2.65
2023-07-23 14:00:00,MACH-C,63.59,1.78
2023-07-23 15:00:00,MACH-C,62.07,2.36
2023-07-23 16:00:00,MACH-C,38.38,2.08
2023-07-23 17:00:00,MACH-C,43.68,1.81
2023-07-23 18:00:00,MACH-C,56.75,2.34
2023-07-23 19:00:00,MACH-C,52.47,2.67
2023-07-23 20:00:00,MACH-C,49.82,1.59
2023-07-23 21:00:00,MACH-C,54.4,1.84
2023-07-23 22:00:00,MACH-C,31.28,2.73
2023-07-23 23:00:00,MACH-C,40.78,1.98
2023-07-24 00:00:00,MACH-C,43.98,1.6
2023-07-24 01:00:00,MACH-C,57.63,2.08
2023-07-24 02:00:00,MACH-C,28.46,2.0
2023-07-24 03:00:00,MACH-C,51.81,2.53
2023-07-24 04:00:00,MACH-C,46.23,1.98
2023-07-24 05:00:00,MACH-C,56.51,1.99
2023-07-24 06:00:00,MACH-C,58.08,1.97
2023-07-24 07:00:00,MACH-C,66.98,2.08
2023-07-24 08:00:00,MACH-C,38.26,2.76
2023-07-24 09:00:00,MACH-C,41.79,2.36
2023-07-24 10:00:00,MACH-C,50.49,1.48
2023-07-24 11:00:00,MACH-C,64.1,2.14
2023-07-24 12:00:00,MACH-C,54.37,2.17
2023-07-24 13:00:00,MACH-C,51.05,2.19
2023-07-24 14:00:00,MACH-C,62.24,1.26
2023-07-24 15:00:00,MACH-C,46.03,2.07
2023-07-24 16:00:00,MACH-C,61.7,1.72
2023-07-24 17:00:00,MACH-C,67.35,1.25
2023-07-24 18:00:00,MACH-C,48.47,2.6
2023-07-24 19:00:00,MACH-C,34.5,1.86
2023-07-24 20:00:00,MACH-C,51.46,1.87
2023-07-24 21:00:00,MACH-C,66.44,2.44
2023-07-24 22:00:00,MACH-C,54.94,2.51
2023-07-24 23:00:00,MACH-C,36.24,1.88
2023-07-25 00:00:00,MACH-C,62.7,2.01
2023-07-25 01:00:00,MACH-C,57.95,1.49
2023-07-25 02:00:00,MACH-C,60.0,1.53
2023-07-25 03:00:00,MACH-C,61.33,2.65
2023-07-25 04:00:00,MACH-C,44.57,2.02
2023-07-25 05:00:00,MACH-C,60.59,2.48
2023-07-25 06:00:00,MACH-C,43.54,1.92
2023-07-25 07:00:00,MACH-C,38.18,2.21
2023-07-25 08:00:00,MACH-C,41.71,1.13
2023-07-25 09:00:00,MACH-C,56.93,2.43
2023-07-25 10:00:00,MACH-C,45.91,1.99
2023-07-25 11:00:00,MACH-C,64.76,1.77
2023-07-25 12:00:00,MACH-C,61.14,2.31
2023-07-25 13:00:00,MACH-C,56.74,2.5
2023-07-25 14:00:00,MACH-C,63.8,1.8
2023-07-25 15:00:00,MACH-C,38.25,1.4
2023-07-25 16:00:00,MACH-C,59.57,2.83
2023-07-25 17:00:00,MACH-C,55.74,1.89
2023-07-25 18:00:00,MACH-C,37.27,1.04
2023-07-25 19:00:00,MACH-C,42.8,1.79
2023-07-25 20:00:00,MACH-C,48.41,2.22
2023-07-25 21:00:00,MACH-C,48.13,1.96
2023-07-25 22:00:00,MACH-C,49.59,1.94
2023-07-25 23:00:00,MACH-C,43.81,1.82
2023-07-26 00:00:00,MACH-C,64.79,1.79
2023-07-26 01:00:00,MACH-C,37.66,1.36
2023-07-26 02:00:00,MACH-C,37.95,1.35
2023-07-26 03:00:00,MACH-C,40.57,2.18
2023-07-26 04:00:00,MACH-C,43.65,2.62
2023-07-26 05:00:00,MACH-C,42.87,1.86
2023-07-26 06:00:00,MACH-C,66.8,2.69
2023-07-26 07:00:00,MACH-C,43.41,2.55
2023-07-26 08:00:00,MACH-C,48.78,1.93
2023-07-26 09:00:00,MACH-C,37.38,2.32
2023-07-26 10:00:00,MACH-C,45.31,2.24
2023-07-26 11:00:00,MACH-C,56.01,1.75
2023-07-26 12:00:00,MACH-C,56.8,0.92
2023-07-26 13:00:00,MACH-C,59.84,2.07
2023-07-26 14:00:00,MACH-C,40.02,2.35
2023-07-26 15:00:00,MACH-C,43.27,1.72
2023-07-26 16:00:00,MACH-C,58.18,3.0
2023-07-26 17:00:00,MACH-C,49.76,2.52
2023-07-26 18:00:00,MACH-C,49.4,1.26
2023-07-26 19:00:00,MACH-C,55.9,1.9
2023-07-26 20:00:00,MACH-C,59.97,1.58
2023-07-26 21:00:00,MACH-C,43.01,1.82
2023-07-26 22:00:00,MACH-C,48.96,2.33
2023-07-26 23:00:00,MACH-C,48.8,1.87
2023-07-27 00:00:00,MACH-C,40.31,1.71
2023-07-27 01:00:00,MACH-C,53.0,2.05
2023-07-27 02:00:00,MACH-C,44.61,2.38
2023-07-27 03:00:00,MACH-C,49.95,2.37
2023-07-27 04:00:00,MACH-C,56.49,2.31
2023-07-27 05:00:00,MACH-C,52.69,2.69
2023-07-27 06:00:00,MACH-C,41.13,1.95
2023-07-27 07:00:00,MACH-C,52.04,1.82
2023-07-27 08:00:00,MACH-C,51.39,1.92
2023-07-27 09:00:00,MACH-C,44.39,1.6
2023-07-27 10:00:00,MACH-C,41.37,1.58
2023-07-27 11:00:00,MACH-C,51.54,2.37
2023-07-27 12:00:00,MACH-C,36.03,2.42
2023-07-27 13:00:00,MACH-C,39.32,0.68
2023-07-27 14:00:00,MACH-C,37.17,2.47
2023-07-27 15:00:00,MACH-C,37.88,1.79
2023-07-27 16:00:00,MACH-C,45.21,1.68
2023-07-27 17:00:00,MACH-C,60.62,1.84
2023-07-27 18:00:00,MACH-C,56.18,1.37
2023-07-27 19:00:00,MACH-C,61.23,1.92
2023-07-27 20:00:00,MACH-C,43.89,2.96
2023-07-27 21:00:00,MACH-C,29.89,1.23
2023-07-27 22:00:00,MACH-C,44.03,2.31
2023-07-27 23:00:00,MACH-C,61.28,2.49
2023-07-28 00:00:00,MACH-C,46.06,2.29
2023-07-28 01:00:00,MACH-C,49.78,2.77
2023-07-28 02:00:00,MACH-C,47.85,2.49
2023-07-28 03:00:00,MACH-C,56.97,2.34
2023-07-28 04:00:00,MACH-C,58.3,2.52
2023-07-28 05:00:00,MACH-C,34.51,2.5
2023-07-28 06:00:00,MACH-C,25.7,1.83
2023-07-28 07:00:00,MACH-C,56.55,2.32
2023-07-28 08:00:00,MACH-C,47.87,1.86
2023-07-28 09:00:00,MACH-C,56.56,1.33
2023-07-28 10:00:00,MACH-C,47.19,2.92
2023-07-28 11:00:00,MACH-C,55.21,1.72
2023-07-28 12:00:00,MACH-C,48.65,2.55
2023-07-28 13:00:00,MACH-C,42.8,2.27
2023-07-28 14:00:00,MACH-C,46.03,1.55
2023-07-28 15:00:00,MACH-C,48.32,1.61
2023-07-28 16:00:00,MACH-C,56.11,2.2
2023-07-28 17:00:00,MACH-C,48.28,2.2
2023-07-28 18:00:00,MACH-C,39.28,1.81
2023-07-28 19:00:00,MACH-C,66.65,1.21
2023-07-28 20:00:00,MACH-C,53.11,2.4
2023-07-28 21:00:00,MACH-C,63.61,0.54
2023-07-28 22:00:00,MACH-C,39.07,2.17
2023-07-28 23:00:00,MACH-C,47.46,2.57
2023-07-29 00:00:00,MACH-C,51.91,1.08
2023-07-29 01:00:00,MACH-C,56.58,2.08
2023-07-29 02:00:00,MACH-C,31.13,1.81
2023-07-29 03:00:00,MACH-C,31.42,2.1
2023-07-29 04:00:00,MACH-C,43.39,2.49
2023-07-29 05:00:00,MACH-C,55.47,1.33
2023-07-29 06:00:00,MACH-C,43.27,1.89
2023-07-29 07:00:00,MACH-C,48.73,1.92
2023-07-29 08:00:00,MACH-C,50.52,1.03
2023-07-29 09:00:00,MACH-C,41.72,2.29
2023-07-29 10:00:00,MACH-C,64.64,2.81
2023-07-29 11:00:00,MACH-C,42.05,2.34
2023-07-29 12:00:00,MACH-C,29.35,2.06
2023-07-29 13:00:00,MACH-C,40.18,2.44
2023-07-29 14:00:00,MACH-C,41.66,1.7
2023-07-29 15:00:00,MACH-C,51.74,1.56
2023-07-29 16:00:00,MACH-C,52.25,2.26
2023-07-29 17:00:00,MACH-C,55.87,2.11
2023-07-29 18:00:00,MACH-C,68.79,2.16
2023-07-29 19:00:00,MACH-C,50.28,1.57
2023-07-29 20:00:00,MACH-C,58.45,1.25
2023-07-29 21:00:00,MACH-C,45.55,1.48
2023-07-29 22:00:00,MACH-C,52.9,1.57
2023-07-29 23:00:00,MACH-C,46.51,0.98
2023-07-30 00:00:00,MACH-C,48.51,2.24
2023-07-30 01:00:00,MACH-C,51.66,1.36
2023-07-30 02:00:00,MACH-C,59.84,1.33
2023-07-30 03:00:00,MACH-C,49.46,1.87
2023-07-30 04:00:00,MACH-C,49.43,1.55
2023-07-30 05:00:00,MACH-C,53.13,1.21
2023-07-30 06:00:00,MACH-C,58.79,1.27
2023-07-30 07:00:00,MACH-C,35.92,2.27
2023-07-30 08:00:00,MACH-C,52.44,1.83
2023-07-30 09:00:00,MACH-C,36.69,1.24
2023-07-30 10:00:00,MACH-C,63.09,2.73
2023-07-30 11:00:00,MACH-C,53.39,1.64
2023-07-30 12:00:00,MACH-C,62.27,2.26
2023-07-30 13:00:00,MACH-C,33.35,1.95
2023-07-30 14:00:00,MACH-C,48.31,2.05
2023-07-30 15:00:00,MACH-C,58.7,2.01
2023-07-30 16:00:00,MACH-C,64.04,1.31
2023-07-30 17:00:00,MACH-C,53.5,3.12
2023-07-30 18:00:00,MACH-C,45.72,1.62
2023-07-30 19:00:00,MACH-C,47.3,2.41
2023-07-30 20:00:00,MACH-C,39.58,1.6
2023-07-30 21:00:00,MACH-C,64.63,1.45
2023-07-30 22:00:00,MACH-C,56.51,2.68
2023-07-30 23:00:00,MACH-C,48.21,2.78
2023-07-31 00:00:00,MACH-C,55.44,2.23
2023-07-31 01:00:00,MACH-C,48.9,2.4
2023-07-31 02:00:00,MACH-C,46.99,1.37
2023-07-31 03:00:00,MACH-C,42.45,2.33
2023-07-31 04:00:00,MACH-C,42.62,2.32
2023-07-31 05:00:00,MACH-C,53.81,2.22
2023-07-31 06:00:00,MACH-C,60.48,2.82
2023-07-31 07:00:00,MACH-C,46.64,0.86
2023-07-31 08:00:00,MACH-C,42.07,1.91
2023-07-31 09:00:00,MACH-C,59.52,2.74
2023-07-31 10:00:00,MACH-C,50.79,1.44
2023-07-31 11:00:00,MACH-C,27.68,2.32
2023-07-31 12:00:00,MACH-C,42.95,1.76
2023-07-31 13:00:00,MACH-C,54.69,2.04
2023-07-31 14:00:00,MACH-C,42.1,1.47
2023-07-31 15:00:00,MACH-C,50.51,3.13
2023-07-31 16:00:00,MACH-C,37.56,1.43
2023-07-31 17:00:00,MACH-C,45.89,1.93
2023-07-31 18:00:00,MACH-C,39.13,1.87
2023-07-31 19:00:00,MACH-C,37.68,2.54
2023-07-31 20:00:00,MACH-C,42.41,2.03
2023-07-31 21:00:00,MACH-C,58.73,1.21
2023-07-31 22:00:00,MACH-C,54.17,1.68
2023-07-31 23:00:00,MACH-C,70.52,0.92
2023-08-01 00:00:00,MACH-C,44.02,2.04
2023-08-01 01:00:00,MACH-C,60.19,2.89
2023-08-01 02:00:00,MACH-C,68.58,1.9
2023-08-01 03:00:00,MACH-C,61.18,2.17
2023-08-01 04:00:00,MACH-C,61.36,2.55
2023-08-01 05:00:00,MACH-C,51.21,1.65
2023-08-01 06:00:00,MACH-C,52.31,2.55
2023-08-01 07:00:00,MACH-C,40.79,2.96
2023-08-01 08:00:00,MACH-C,23.28,1.11
2023-08-01 09:00:00,MACH-C,52.04,2.57
2023-08-01 10:00:00,MACH-C,40.4,1.26
2023-08-01 11:00:00,MACH-C,45.75,1.61
2023-08-01 12:00:00,MACH-C,41.74,2.57
2023-08-01 13:00:00,MACH-C,53.24,2.16
2023-08-01 14:00:00,MACH-C,48.0,1.77
2023-08-01 15:00:00,MACH-C,62.57,3.12
2023-08-01 16:00:00,MACH-C,42.77,1.84
2023-08-01 17:00:00,MACH-C,51.81,2.55
2023-08-01 18:00:00,MACH-C,48.09,1.85
2023-08-01 19:00:00,MACH-C,47.06,2.23
2023-08-01 20:00:00,MACH-C,49.23,2.25
2023-08-01 21:00:00,MACH-C,65.2,2.04
2023-08-01 22:00:00,MACH-C,58.43,1.29
2023-08-01 23:00:00,MACH-C,45.44,2.14
2023-08-02 00:00:00,MACH-C,43.89,1.71
2023-08-02 01:00:00,MACH-C,42.18,1.77
2023-08-02 02:00:00,MACH-C,51.16,2.3
2023-08-02 03:00:00,MACH-C,34.84,2.26
2023-08-02 04:00:00,MACH-C,47.84,1.62
2023-08-02 05:00:00,MACH-C,53.82,2.11
2023-08-02 06:00:00,MACH-C,42.75,2.01
2023-08-02 07:00:00,MACH-C,50.41,1.57
2023-08-02 08:00:00,MACH-C,52.65,1.6
2023-08-02 09:00:00,MACH-C,32.38,1.61
2023-08-02 10:00:00,MACH-C,52.06,1.99
2023-08-02 11:00:00,MACH-C,45.41,1.85
2023-08-02 12:00:00,MACH-C,68.47,2.1
2023-08-02 13:00:00,MACH-C,51.98,1.56
2023-08-02 14:00:00,MACH-C,40.81,1.91
2023-08-02 15:00:00,MACH-C,31.83,1.95
2023-08-02 16:00:00,MACH-C,49.5,2.16
2023-08-02 17:00:00,MACH-C,63.06,2.73
2023-08-02 18:00:00,MACH-C,43.95,2.54
2023-08-02 19:00:00,MACH-C,53.15,1.96
2023-08-02 20:00:00,MACH-C,57.4,1.2
2023-08-02 21:00:00,MACH-C,56.88,1.74
2023-08-02 22:00:00,MACH-C,49.96,2.46
2023-08-02 23:00:00,MACH-C,43.42,1.97
2023-08-03 00:00:00,MACH-C,47.4,1.37
2023-08-03 01:00:00,MACH-C,39.3,1.9
2023-08-03 02:00:00,MACH-C,40.57,1.76
2023-08-03 03:00:00,MACH-C,59.9,2.63
2023-08-03 04:00:00,MACH-C,53.35,1.71
2023-08-03 05:00:00,MACH-C,52.88,2.21
2023-08-03 06:00:00,MACH-C,42.83,2.34
2023-08-03 07:00:00,MACH-C,61.97,1.38
2023-08-03 08:00:00,MACH-C,47.68,1.63
2023-08-03 09:00:00,MACH-C,51.31,1.79
2023-08-03 10:00:00,MACH-C,61.65,2.07
2023-08-03 11:00:00,MACH-C,42.77,1.7
2023-08-03 12:00:00,MACH-C,43.65,1.31
2023-08-03 13:00:00,MACH-C,60.34,1.5
2023-08-03 14:00:00,MACH-C,58.14,2.47
2023-08-03 15:00:00,MACH-C,53.44,3.04
2023-08-03 16:00:00,MACH-C,28.22,2.15
2023-08-03 17:00:00,MACH-C,62.79,2.54
2023-08-03 18:00:00,MACH-C,43.9,2.18
2023-08-03 19:00:00,MACH-C,44.2,2.35
2023-08-03 20:00:00,MACH-C,48.0,2.37
2023-08-03 21:00:00,MACH-C,38.02,2.34
2023-08-03 22:00:00,MACH-C,62.18,2.18
2023-08-03 23:00:00,MACH-C,51.72,2.07
2023-08-04 00:00:00,MACH-C,56.99,1.8
2023-08-04 01:00:00,MACH-C,42.25,2.26
2023-08-04 02:00:00,MACH-C,59.87,2.16
2023-08-04 03:00:00,MACH-C,64.24,1.55
2023-08-04 04:00:00,MACH-C,37.25,2.59
2023-08-04 05:00:00,MACH-C,38.75,2.5
2023-08-04 06:00:00,MACH-C,41.95,2.1
2023-08-04 07:00:00,MACH-C,59.25,2.59
2023-08-04 08:00:00,MACH-C,51.81,2.36
2023-08-04 09:00:00,MACH-C,49.34,1.78
2023-08-04 10:00:00,MACH-C,53.67,1.09
2023-08-04 11:00:00,MACH-C,69.32,1.08
2023-08-04 12:00:00,MACH-C,32.54,2.63
2023-08-04 13:00:00,MACH-C,46.9,1.99
2023-08-04 14:00:00,MACH-C,19.24,1.81
2023-08-04 15:00:00,MACH-C,55.07,1.67
2023-08-04 16:00:00,MACH-C,60.87,2.03
2023-08-04 17:00:00,MACH-C,46.93,2.46
2023-08-04 18:00:00,MACH-C,56.53,1.59
2023-08-04 19:00:00,MACH-C,34.64,2.05
2023-08-04 20:00:00,MACH-C,54.79,3.33
2023-08-04 21:00:00,MACH-C,74.55,2.91
2023-08-04 22:00:00,MACH-C,46.18,0.88
2023-08-04 23:00:00,MACH-C,54.17,1.09
2023-08-05 00:00:00,MACH-C,44.1,2.9
2023-08-05 01:00:00,MACH-C,51.76,2.45
2023-08-05 02:00:00,MACH-C,61.08,2.03
2023-08-05 03:00:00,MACH-C,55.99,2.26
2023-08-05 04:00:00,MACH-C,48.98,1.84
2023-08-05 05:00:00,MACH-C,48.81,1.67
2023-08-05 06:00:00,MACH-C,37.98,2.37
2023-08-05 07:00:00,MACH-C,60.18,1.95
2023-08-05 08:00:00,MACH-C,57.49,2.43
2023-08-05 09:00:00,MACH-C,37.45,1.73
2023-08-05 10:00:00,MACH-C,51.76,2.36
2023-08-05 11:00:00,MACH-C,40.73,2.16
2023-08-05 12:00:00,MACH-C,45.44,1.33
2023-08-05 13:00:00,MACH-C,58.12,2.74
2023-08-05 14:00:00,MACH-C,59.9,1.3
2023-08-05 15:00:00,MACH-C,57.11,2.67
2023-08-05 16:00:00,MACH-C,47.29,2.23
2023-08-05 17:00:00,MACH-C,54.61,2.32
2023-08-05 18:00:00,MACH-C,42.27,1.75
2023-08-05 19:00:00,MACH-C,57.53,1.82
2023-08-05 20:00:00,MACH-C,49.82,2.0
2023-08-05 21:00:00,MACH-C,45.25,1.36
2023-08-05 22:00:00,MACH-C,42.71,2.29
2023-08-05 23:00:00,MACH-C,56.78,1.82
2023-08-06 00:00:00,MACH-C,48.63,0.94
2023-08-06 01:00:00,MACH-C,45.1,2.94
2023-08-06 02:00:00,MACH-C,45.07,2.13
2023-08-06 03:00:00,MACH-C,37.57,2.16
2023-08-06 04:00:00,MACH-C,51.67,1.65
2023-08-06 05:00:00,MACH-C,52.87,2.17
2023-08-06 06:00:00,MACH-C,35.18,2.37
2023-08-06 07:00:00,MACH-C,39.24,1.27
2023-08-06 08:00:00,MACH-C,33.52,2.3
2023-08-06 09:00:00,MACH-C,62.05,1.47
2023-08-06 10:00:00,MACH-C,56.18,1.36
2023-08-06 11:00:00,MACH-C,61.04,1.56
2023-08-06 12:00:00,MACH-C,85.23,3.88
2023-08-06 13:00:00,MACH-C,54.39,2.39
2023-08-06 14:00:00,MACH-C,49.4,1.99
2023-08-06 15:00:00,MACH-C,51.95,2.85
2023-08-06 16:00:00,MACH-C,43.55,1.54
2023-08-06 17:00:00,MACH-C,41.96,1.49
2023-08-06 18:00:00,MACH-C,45.8,1.54
2023-08-06 19:00:00,MACH-C,47.52,2.94
2023-08-06 20:00:00,MACH-C,33.4,2.43
2023-08-06 21:00:00,MACH-C,37.64,1.59
2023-08-06 22:00:00,MACH-C,37.3,1.65
2023-08-06 23:00:00,MACH-C,36.88,2.14
2023-08-07 00:00:00,MACH-C,56.37,1.43
2023-08-07 01:00:00,MACH-C,46.66,1.91
2023-08-07 02:00:00,MACH-C,48.07,1.5
2023-08-07 03:00:00,MACH-C,53.83,1.97
2023-08-07 04:00:00,MACH-C,58.23,2.41
2023-08-07 05:00:00,MACH-C,54.56,2.87
2023-08-07 06:00:00,MACH-C,66.38,1.22
2023-08-07 07:00:00,MACH-C,50.4,2.3
2023-08-07 08:00:00,MACH-C,51.97,2.34
2023-08-07 09:00:00,MACH-C,43.95,1.88
2023-08-07 10:00:00,MACH-C,31.06,1.7
2023-08-07 11:00:00,MACH-C,50.79,1.7
2023-08-07 12:00:00,MACH-C,58.64,1.07
2023-08-07 13:00:00,MACH-C,42.58,2.39
2023-08-07 14:00:00,MACH-C,44.89,1.62
2023-08-07 15:00:00,MACH-C,59.6,1.17
2023-08-07 16:00:00,MACH-C,49.51,2.16
2023-08-07 17:00:00,MACH-C,40.77,2.16
2023-08-07 18:00:00,MACH-C,40.42,2.42
2023-08-07 19:00:00,MACH-C,56.56,2.91
2023-08-07 20:00:00,MACH-C,48.69,2.02
2023-08-07 21:00:00,MACH-C,48.55,1.85
2023-08-07 22:00:00,MACH-C,36.2,1.8
2023-08-07 23:00:00,MACH-C,54.77,1.85
2023-08-08 00:00:00,MACH-C,60.32,1.63
2023-08-08 01:00:00,MACH-C,46.38,1.78
2023-08-08 02:00:00,MACH-C,54.09,1.64
2023-08-08 03:00:00,MACH-C,45.93,1.48
2023-08-08 04:00:00,MACH-C,55.94,2.87
2023-08-08 05:00:00,MACH-C,54.94,2.69
2023-08-08 06:00:00,MACH-C,46.16,1.07
2023-08-08 07:00:00,MACH-C,28.73,2.16
2023-08-08 08:00:00,MACH-C,42.01,1.97
2023-08-08 09:00:00,MACH-C,53.45,2.07
2023-08-08 10:00:00,MACH-C,58.84,1.27
2023-08-08 11:00:00,MACH-C,43.95,1.08
2023-08-08 12:00:00,MACH-C,63.45,1.97
2023-08-08 13:00:00,MACH-C,64.94,1.82
2023-08-08 14:00:00,MACH-C,56.98,1.73
2023-08-08 15:00:00,MACH-C,38.64,1.9
2023-08-08 16:00:00,MACH-C,57.11,2.3
2023-08-08 17:00:00,MACH-C,44.62,2.44
2023-08-08 18:00:00,MACH-C,44.07,1.51
2023-08-08 19:00:00,MACH-C,54.53,1.56
2023-08-08 20:00:00,MACH-C,54.29,2.08
2023-08-08 21:00:00,MACH-C,54.56,2.61
2023-08-08 22:00:00,MACH-C,56.57,1.89
2023-08-08 23:00:00,MACH-C,49.43,2.07
2023-08-09 00:00:00,MACH-C,35.51,1.32
2023-08-09 01:00:00,MACH-C,70.83,0.9
2023-08-09 02:00:00,MACH-C,46.09,3.16
2023-08-09 03:00:00,MACH-C,42.87,2.14
2023-08-09 04:00:00,MACH-C,37.85,1.49
2023-08-09 05:00:00,MACH-C,51.52,0.93
2023-08-09 06:00:00,MACH-C,50.36,2.72
2023-08-09 07:00:00,MACH-C,48.8,1.53
2023-08-09 08:00:00,MACH-C,64.98,1.53
2023-08-09 09:00:00,MACH-C,56.59,1.64
2023-08-09 10:00:00,MACH-C,39.82,2.07
2023-08-09 11:00:00,MACH-C,70.74,2.32
2023-08-09 12:00:00,MACH-C,34.85,1.85
2023-08-09 13:00:00,MACH-C,48.84,1.48
2023-08-09 14:00:00,MACH-C,42.7,3.15
2023-08-09 15:00:00,MACH-C,53.7,1.75
2023-08-09 16:00:00,MACH-C,56.36,2.01
2023-08-09 17:00:00,MACH-C,45.87,1.25
2023-08-09 18:00:00,MACH-C,60.5,2.29
2023-08-09 19:00:00,MACH-C,51.99,2.55
2023-08-09 20:00:00,MACH-C,64.61,1.57
2023-08-09 21:00:00,MACH-C,59.29,1.08
2023-08-09 22:00:00,MACH-C,45.29,1.81
2023-08-09 23:00:00,MACH-C,60.55,2.95
2023-08-10 00:00:00,MACH-C,43.55,1.68
2023-08-10 01:00:00,MACH-C,56.27,3.27
2023-08-10 02:00:00,MACH-C,55.26,1.72
2023-08-10 03:00:00,MACH-C,44.83,1.09
2023-08-10 04:00:00,MACH-C,30.06,1.75
2023-08-10 05:00:00,MACH-C,64.78,1.06
2023-08-10 06:00:00,MACH-C,54.19,1.64
2023-08-10 07:00:00,MACH-C,50.21,2.19
2023-08-10 08:00:00,MACH-C,50.19,1.77
2023-08-10 09:00:00,MACH-C,59.75,2.55
2023-08-10 10:00:00,MACH-C,71.85,1.73
2023-08-10 11:00:00,MACH-C,59.03,1.25
2023-08-10 12:00:00,MACH-C,53.68,2.07
2023-08-10 13:00:00,MACH-C,52.86,1.93
2023-08-10 14:00:00,MACH-C,53.64,1.99
2023-08-10 15:00:00,MACH-C,39.96,1.36
2023-08-10 16:00:00,MACH-C,55.85,2.13
2023-08-10 17:00:00,MACH-C,36.89,2.69
2023-08-10 18:00:00,MACH-C,54.42,1.34
2023-08-10 19:00:00,MACH-C,45.28,1.04
2023-08-10 20:00:00,MACH-C,58.66,1.23
2023-08-10 21:00:00,MACH-C,53.81,1.99
2023-08-10 22:00:00,MACH-C,46.49,1.2
2023-08-10 23:00:00,MACH-C,39.89,2.16
2023-08-11 00:00:00,MACH-C,64.76,2.18
2023-08-11 01:00:00,MACH-C,49.14,2.18
2023-08-11 02:00:00,MACH-C,67.4,3.29
2023-08-11 03:00:00,MACH-C,37.69,1.07
2023-08-11 04:00:00,MACH-C,47.47,1.15
2023-08-11 05:00:00,MACH-C,27.49,2.64
2023-08-11 06:00:00,MACH-C,57.56,2.27
2023-08-11 07:00:00,MACH-C,58.38,2.57
2023-08-11 08:00:00,MACH-C,43.95,0.98
2023-08-11 09:00:00,MACH-C,43.46,1.32
2023-08-11 10:00:00,MACH-C,46.12,2.49
2023-08-11 11:00:00,MACH-C,47.6,1.92
2023-08-11 12:00:00,MACH-C,44.41,2.66
2023-08-11 13:00:00,MACH-C,60.81,1.79
2023-08-11 14:00:00,MACH-C,45.31,1.89
2023-08-11 15:00:00,MACH-C,31.04,3.15
2023-08-11 16:00:00,MACH-C,47.45,1.48
2023-08-11 17:00:00,MACH-C,44.88,2.37
2023-08-11 18:00:00,MACH-C,36.92,1.22
2023-08-11 19:00:00,MACH-C,51.89,1.57
2023-08-11 20:00:00,MACH-C,30.74,2.37
2023-08-11 21:00:00,MACH-C,53.81,1.29
2023-08-11 22:00:00,MACH-C,49.67,2.44
2023-08-11 23:00:00,MACH-C,44.37,1.89
2023-08-12 00:00:00,MACH-C,38.54,1.51
2023-08-12 01:00:00,MACH-C,35.37,1.95
2023-08-12 02:00:00,MACH-C,58.82,1.71
2023-08-12 03:00:00,MACH-C,47.01,1.64
2023-08-12 04:00:00,MACH-C,33.21,1.75
2023-08-12 05:00:00,MACH-C,49.88,1.3
2023-08-12 06:00:00,MACH-C,47.27,1.12
2023-08-12 07:00:00,MACH-C,64.13,0.94
2023-08-12 08:00:00,MACH-C,45.88,2.25
2023-08-12 09:00:00,MACH-C,59.79,2.22
2023-08-12 10:00:00,MACH-C,47.81,1.6
2023-08-12 11:00:00,MACH-C,38.18,1.94
2023-08-12 12:00:00,MACH-C,54.72,2.69
2023-08-12 13:00:00,MACH-C,62.18,1.69
2023-08-12 14:00:00,MACH-C,59.07,1.87
2023-08-12 15:00:00,MACH-C,53.14,2.97
2023-08-12 16:00:00,MACH-C,59.97,2.19
2023-08-12 17:00:00,MACH-C,51.7,2.45
2023-08-12 18:00:00,MACH-C,50.82,2.36
2023-08-12 19:00:00,MACH-C,35.27,2.25
2023-08-12 20:00:00,MACH-C,52.12,1.64
2023-08-12 21:00:00,MACH-C,65.08,1.51
2023-08-12 22:00:00,MACH-C,33.64,2.34
2023-08-12 23:00:00,MACH-C,36.88,2.26
2023-08-13 00:00:00,MACH-C,46.73,2.12
2023-08-13 01:00:00,MACH-C,36.44,2.15
2023-08-13 02:00:00,MACH-C,56.84,1.61
2023-08-13 03:00:00,MACH-C,32.72,1.41
2023-08-13 04:00:00,MACH-C,56.81,1.63
2023-08-13 05:00:00,MACH-C,60.04,1.87
2023-08-13 06:00:00,MACH-C,56.57,1.7
2023-08-13 07:00:00,MACH-C,50.2,2.78
2023-08-13 08:00:00,MACH-C,55.34,2.74
2023-08-13 09:00:00,MACH-C,38.45,2.43
2023-08-13 10:00:00,MACH-C,52.6,2.61
2023-08-13 11:00:00,MACH-C,43.82,1.35
2023-08-13 12:00:00,MACH-C,58.91,2.36
2023-08-13 13:00:00,MACH-C,57.1,1.98
2023-08-13 14:00:00,MACH-C,41.9,1.77
2023-08-13 15:00:00,MACH-C,53.52,1.86
2023-08-13 16:00:00,MACH-C,53.93,1.86
2023-08-13 17:00:00,MACH-C,45.26,1.81
2023-08-13 18:00:00,MACH-C,50.22,1.69
2023-08-13 19:00:00,MACH-C,55.12,1.33
2023-08-13 20:00:00,MACH-C,45.43,1.21
2023-08-13 21:00:00,MACH-C,41.14,2.2
2023-08-13 22:00:00,MACH-C,52.28,0.6
2023-08-13 23:00:00,MACH-C,64.83,2.97
2023-08-14 00:00:00,MACH-C,48.47,1.69
2023-08-14 01:00:00,MACH-C,46.48,1.1
2023-08-14 02:00:00,MACH-C,42.07,2.26
2023-08-14 03:00:00,MACH-C,61.5,1.93
2023-08-14 04:00:00,MACH-C,58.75,1.53
2023-08-14 05:00:00,MACH-C,48.54,1.71
2023-08-14 06:00:00,MACH-C,42.13,1.96
2023-08-14 07:00:00,MACH-C,42.03,2.54
2023-08-14 08:00:00,MACH-C,41.45,0.68
2023-08-14 09:00:00,MACH-C,45.07,2.16
2023-08-14 10:00:00,MACH-C,44.39,2.82
2023-08-14 11:00:00,MACH-C,42.62,1.59
2023-08-14 12:00:00,MACH-C,61.15,2.37
2023-08-14 13:00:00,MACH-C,65.85,2.34
2023-08-14 14:00:00,MACH-C,39.11,2.94
2023-08-14 15:00:00,MACH-C,44.29,2.12
2023-08-14 16:00:00,MACH-C,40.52,2.35
2023-08-14 17:00:00,MACH-C,53.18,2.53
2023-08-14 18:00:00,MACH-C,46.6,2.31
2023-08-14 19:00:00,MACH-C,39.69,1.55
2023-08-14 20:00:00,MACH-C,66.53,1.64
2023-08-14 21:00:00,MACH-C,54.88,2.13
2023-08-14 22:00:00,MACH-C,40.21,2.43
2023-08-14 23:00:00,MACH-C,65.07,2.17
2023-08-15 00:00:00,MACH-C,38.53,1.48
2023-08-15 01:00:00,MACH-C,56.14,1.88
2023-08-15 02:00:00,MACH-C,74.18,1.31
2023-08-15 03:00:00,MACH-C,48.69,2.29
2023-08-15 04:00:00,MACH-C,47.12,2.99
2023-08-15 05:00:00,MACH-C,51.68,2.26
2023-08-15 06:00:00,MACH-C,72.25,1.02
2023-08-15 07:00:00,MACH-C,64.76,2.05
2023-08-15 08:00:00,MACH-C,45.57,1.99
2023-08-15 09:00:00,MACH-C,53.05,1.73
2023-08-15 10:00:00,MACH-C,59.23,0.98
2023-08-15 11:00:00,MACH-C,45.71,2.24
2023-08-15 12:00:00,MACH-C,38.68,2.47
2023-08-15 13:00:00,MACH-C,60.84,1.56
2023-08-15 14:00:00,MACH-C,55.1,1.55
2023-08-15 15:00:00,MACH-C,53.19,1.84
2023-08-15 16:00:00,MACH-C,61.07,2.87
2023-08-15 17:00:00,MACH-C,38.55,1.86
2023-08-15 18:00:00,MACH-C,47.68,1.62
2023-08-15 19:00:00,MACH-C,76.38,1.8
2023-08-15 20:00:00,MACH-C,55.68,2.29
2023-08-15 21:00:00,MACH-C,56.28,0.99
2023-08-15 22:00:00,MACH-C,51.06,1.88
2023-08-15 23:00:00,MACH-C,31.59,1.83
2023-08-16 00:00:00,MACH-C,41.82,1.95
2023-08-16 01:00:00,MACH-C,59.13,1.65
2023-08-16 02:00:00,MACH-C,44.58,1.33
2023-08-16 03:00:00,MACH-C,48.3,2.47
2023-08-16 04:00:00,MACH-C,52.91,1.08
2023-08-16 05:00:00,MACH-C,40.23,2.78
2023-08-16 06:00:00,MACH-C,37.18,2.17
2023-08-16 07:00:00,MACH-C,49.87,2.34
2023-08-16 08:00:00,MACH-C,46.29,2.03
2023-08-16 09:00:00,MACH-C,52.28,2.59
2023-08-16 10:00:00,MACH-C,35.68,2.27
2023-08-16 11:00:00,MACH-C,44.65,2.65
2023-08-16 12:00:00,MACH-C,56.89,2.42
2023-08-16 13:00:00,MACH-C,79.46,2.56
2023-08-16 14:00:00,MACH-C,51.19,1.64
2023-08-16 15:00:00,MACH-C,56.71,1.81
2023-08-16 16:00:00,MACH-C,54.88,2.01
2023-08-16 17:00:00,MACH-C,52.93,2.0
2023-08-16 18:00:00,MACH-C,56.82,2.29
2023-08-16 19:00:00,MACH-C,40.41,1.63
2023-08-16 20:00:00,MACH-C,46.43,2.0
2023-08-16 21:00:00,MACH-C,52.5,2.31
2023-08-16 22:00:00,MACH-C,40.34,1.04
2023-08-16 23:00:00,MACH-C,54.33,2.53
2023-08-17 00:00:00,MACH-C,30.84,3.02
2023-08-17 01:00:00,MACH-C,58.12,1.54
2023-08-17 02:00:00,MACH-C,48.5,2.74
2023-08-17 03:00:00,MACH-C,56.94,2.11
2023-08-17 04:00:00,MACH-C,59.97,1.56
2023-08-17 05:00:00,MACH-C,64.1,2.41
2023-08-17 06:00:00,MACH-C,52.69,2.97
2023-08-17 07:00:00,MACH-C,32.67,1.8
2023-08-17 08:00:00,MACH-C,32.39,1.47
2023-08-17 09:00:00,MACH-C,37.35,0.88
2023-08-17 10:00:00,MACH-C,57.2,1.93
2023-08-17 11:00:00,MACH-C,35.91,2.08
2023-08-17 12:00:00,MACH-C,47.66,2.91
2023-08-17 13:00:00,MACH-C,45.78,2.93
2023-08-17 14:00:00,MACH-C,53.61,1.67
2023-08-17 15:00:00,MACH-C,57.15,2.4
2023-08-17 16:00:00,MACH-C,50.95,1.42
2023-08-17 17:00:00,MACH-C,58.02,2.04
2023-08-17 18:00:00,MACH-C,38.99,1.94
2023-08-17 19:00:00,MACH-C,60.21,1.56
2023-08-17 20:00:00,MACH-C,51.31,1.94
2023-08-17 21:00:00,MACH-C,57.6,2.42
2023-08-17 22:00:00,MACH-C,44.83,2.55
2023-08-17 23:00:00,MACH-C,29.49,1.93
2023-08-18 00:00:00,MACH-C,56.66,1.96
2023-08-18 01:00:00,MACH-C,48.57,1.08
2023-08-18 02:00:00,MACH-C,62.02,2.14
2023-08-18 03:00:00,MACH-C,54.22,1.87
2023-08-18 04:00:00,MACH-C,79.52,1.95
2023-08-18 05:00:00,MACH-C,62.71,1.76
2023-08-18 06:00:00,MACH-C,47.51,1.53
2023-08-18 07:00:00,MACH-C,34.15,1.56
2023-08-18 08:00:00,MACH-C,41.29,1.66
2023-08-18 09:00:00,MACH-C,40.62,1.34
2023-08-18 10:00:00,MACH-C,44.79,2.15
2023-08-18 11:00:00,MACH-C,48.75,2.28
2023-08-18 12:00:00,MACH-C,53.18,1.93
2023-08-18 13:00:00,MACH-C,63.74,2.09
2023-08-18 14:00:00,MACH-C,41.29,1.89
2023-08-18 15:00:00,MACH-C,36.11,2.57
2023-08-18 16:00:00,MACH-C,58.31,2.03
2023-08-18 17:00:00,MACH-C,63.32,2.14
2023-08-18 18:00:00,MACH-C,45.1,2.4
2023-08-18 19:00:00,MACH-C,60.41,1.99
2023-08-18 20:00:00,MACH-C,57.7,2.7
2023-08-18 21:00:00,MACH-C,32.92,1.67
2023-08-18 22:00:00,MACH-C,43.63,2.86
2023-08-18 23:00:00,MACH-C,45.23,1.9
2023-08-19 00:00:00,MACH-C,69.89,1.67
2023-08-19 01:00:00,MACH-C,55.09,1.22
2023-08-19 02:00:00,MACH-C,44.97,2.44
2023-08-19 03:00:00,MACH-C,43.03,1.82
2023-08-19 04:00:00,MACH-C,34.3,2.07
2023-08-19 05:00:00,MACH-C,60.66,2.13
2023-08-19 06:00:00,MACH-C,53.96,1.76
2023-08-19 07:00:00,MACH-C,56.19,2.54
2023-08-19 08:00:00,MACH-C,37.14,2.23
2023-08-19 09:00:00,MACH-C,57.36,1.57
2023-08-19 10:00:00,MACH-C,47.62,1.33
2023-08-19 11:00:00,MACH-C,42.73,2.39
2023-08-19 12:00:00,MACH-C,55.13,1.88
2023-08-19 13:00:00,MACH-C,38.0,2.35
2023-08-19 14:00:00,MACH-C,51.79,1.88
2023-08-19 15:00:00,MACH-C,47.35,2.11
2023-08-19 16:00:00,MACH-C,60.73,2.4
2023-08-19 17:00:00,MACH-C,58.92,1.25
2023-08-19 18:00:00,MACH-C,50.91,2.84
2023-08-19 19:00:00,MACH-C,52.81,2.19
2023-08-19 20:00:00,MACH-C,55.99,0.98
2023-08-19 21:00:00,MACH-C,49.91,2.67
2023-08-19 22:00:00,MACH-C,41.82,2.49
2023-08-19 23:00:00,MACH-C,45.17,1.91
2023-08-20 00:00:00,MACH-C,37.79,2.7
2023-08-20 01:00:00,MACH-C,59.25,1.68
2023-08-20 02:00:00,MACH-C,53.98,1.93
2023-08-20 03:00:00,MACH-C,45.77,3.17
2023-08-20 04:00:00,MACH-C,42.75,2.26
2023-08-20 05:00:00,MACH-C,52.36,2.54
2023-08-20 06:00:00,MACH-C,35.87,2.41
2023-08-20 07:00:00,MACH-C,39.31,1.31
2023-08-20 08:00:00,MACH-C,49.8,2.15
2023-08-20 09:00:00,MACH-C,74.41,2.1
2023-08-20 10:00:00,MACH-C,54.52,2.59
2023-08-20 11:00:00,MACH-C,51.85,2.75
2023-08-20 12:00:00,MACH-C,38.29,2.64
2023-08-20 13:00:00,MACH-C,40.67,1.76
2023-08-20 14:00:00,MACH-C,63.56,1.28
2023-08-20 15:00:00,MACH-C,45.38,2.25
2023-08-20 16:00:00,MACH-C,50.71,1.96
2023-08-20 17:00:00,MACH-C,55.92,1.47
2023-08-20 18:00:00,MACH-C,45.8,1.65
2023-08-20 19:00:00,MACH-C,44.92,1.97
2023-08-20 20:00:00,MACH-C,32.75,2.13
2023-08-20 21:00:00,MACH-C,37.84,1.72
2023-08-20 22:00:00,MACH-C,55.87,1.99
2023-08-20 23:00:00,MACH-C,45.61,1.96
2023-08-21 00:00:00,MACH-C,56.68,2.14
2023-08-21 01:00:00,MACH-C,34.15,1.51
2023-08-21 02:00:00,MACH-C,58.11,1.65
2023-08-21 03:00:00,MACH-C,49.6,2.67
2023-08-21 04:00:00,MACH-C,35.29,1.87
2023-08-21 05:00:00,MACH-C,61.29,2.24
2023-08-21 06:00:00,MACH-C,35.93,1.39
2023-08-21 07:00:00,MACH-C,60.77,2.59
2023-08-21 08:00:00,MACH-C,49.68,2.58
2023-08-21 09:00:00,MACH-C,41.06,2.15
2023-08-21 10:00:00,MACH-C,68.48,1.69
2023-08-21 11:00:00,MACH-C,54.05,1.28
2023-08-21 12:00:00,MACH-C,62.15,3.14
2023-08-21 13:00:00,MACH-C,54.33,1.8
2023-08-21 14:00:00,MACH-C,47.84,1.28
2023-08-21 15:00:00,MACH-C,41.29,1.7
2023-08-21 16:00:00,MACH-C,48.19,2.2
2023-08-21 17:00:00,MACH-C,51.63,1.38
2023-08-21 18:00:00,MACH-C,58.17,1.7
2023-08-21 19:00:00,MACH-C,46.07,1.28
2023-08-21 20:00:00,MACH-C,55.14,2.72
2023-08-21 21:00:00,MACH-C,66.78,1.96
2023-08-21 22:00:00,MACH-C,51.58,1.27
2023-08-21 23:00:00,MACH-C,30.41,1.55
2023-08-22 00:00:00,MACH-C,50.49,1.68
2023-08-22 01:00:00,MACH-C,49.05,2.01
2023-08-22 02:00:00,MACH-C,48.74,1.54
2023-08-22 03:00:00,MACH-C,34.04,1.82
2023-08-22 04:00:00,MACH-C,52.76,1.68
2023-08-22 05:00:00,MACH-C,44.68,1.28
2023-08-22 06:00:00,MACH-C,48.94,1.54
2023-08-22 07:00:00,MACH-C,59.48,1.61
2023-08-22 08:00:00,MACH-C,41.88,1.39
2023-08-22 09:00:00,MACH-C,82.6,4.52
2023-08-22 10:00:00,MACH-C,47.98,1.7
2023-08-22 11:00:00,MACH-C,48.34,2.43
2023-08-22 12:00:00,MACH-C,45.56,1.93
2023-08-22 13:00:00,MACH-C,46.1,0.41
2023-08-22 14:00:00,MACH-C,66.75,2.51
2023-08-22 15:00:00,MACH-C,45.77,1.65
2023-08-22 16:00:00,MACH-C,52.71,2.72
2023-08-22 17:00:00,MACH-C,51.05,2.4
2023-08-22 18:00:00,MACH-C,50.73,1.85
2023-08-22 19:00:00,MACH-C,54.8,1.9
2023-08-22 20:00:00,MACH-C,43.67,1.43
2023-08-22 21:00:00,MACH-C,64.01,2.33
2023-08-22 22:00:00,MACH-C,40.8,2.81
2023-08-22 23:00:00,MACH-C,48.35,1.64
2023-08-23 00:00:00,MACH-C,38.13,1.7
2023-08-23 01:00:00,MACH-C,58.97,2.99
2023-08-23 02:00:00,MACH-C,40.79,2.04
2023-08-23 03:00:00,MACH-C,57.56,1.24
2023-08-23 04:00:00,MACH-C,52.65,1.32
2023-08-23 05:00:00,MACH-C,51.76,2.85
2023-08-23 06:00:00,MACH-C,61.16,2.24
2023-08-23 07:00:00,MACH-C,43.95,1.47
2023-08-23 08:00:00,MACH-C,64.67,2.17
2023-08-23 09:00:00,MACH-C,46.16,1.58
2023-08-23 10:00:00,MACH-C,54.32,1.04
2023-08-23 11:00:00,MACH-C,48.07,1.83
2023-08-23 12:00:00,MACH-C,56.17,2.0
2023-08-23 13:00:00,MACH-C,39.97,1.22
2023-08-23 14:00:00,MACH-C,51.07,1.37
2023-08-23 15:00:00,MACH-C,50.18,1.5
2023-08-23 16:00:00,MACH-C,54.36,1.9
2023-08-23 17:00:00,MACH-C,54.05,2.06
2023-08-23 18:00:00,MACH-C,41.39,1.28
2023-08-23 19:00:00,MACH-C,63.06,1.71
2023-08-23 20:00:00,MACH-C,49.42,1.76
2023-08-23 21:00:00,MACH-C,57.3,1.13
2023-08-23 22:00:00,MACH-C,37.39,2.11
2023-08-23 23:00:00,MACH-C,45.85,2.3
2023-08-24 00:00:00,MACH-C,60.79,2.16
2023-08-24 01:00:00,MACH-C,66.35,1.34
2023-08-24 02:00:00,MACH-C,54.24,2.3
2023-08-24 03:00:00,MACH-C,49.12,1.95
2023-08-24 04:00:00,MACH-C,39.38,2.49
2023-08-24 05:00:00,MACH-C,57.97,2.24
2023-08-24 06:00:00,MACH-C,53.07,2.16
2023-08-24 07:00:00,MACH-C,26.47,1.86
2023-08-24 08:00:00,MACH-C,32.67,2.48
2023-08-24 09:00:00,MACH-C,53.5,1.43
2023-08-24 10:00:00,MACH-C,41.68,1.37
2023-08-24 11:00:00,MACH-C,39.6,3.37
2023-08-24 12:00:00,MACH-C,48.96,1.03
2023-08-24 13:00:00,MACH-C,53.43,1.4
2023-08-24 14:00:00,MACH-C,64.3,2.4
2023-08-24 15:00:00,MACH-C,41.83,1.19
2023-08-24 16:00:00,MACH-C,54.36,2.37
2023-08-24 17:00:00,MACH-C,39.73,2.61
2023-08-24 18:00:00,MACH-C,45.05,2.67
2023-08-24 19:00:00,MACH-C,51.89,2.03
2023-08-24 20:00:00,MACH-C,48.52,1.41
2023-08-24 21:00:00,MACH-C,36.34,1.54
2023-08-24 22:00:00,MACH-C,55.13,2.63
2023-08-24 23:00:00,MACH-C,57.41,1.07
2023-08-25 00:00:00,MACH-C,73.59,2.41
2023-08-25 01:00:00,MACH-C,52.22,1.2
2023-08-25 02:00:00,MACH-C,51.74,1.95
2023-08-25 03:00:00,MACH-C,53.03,1.69
2023-08-25 04:00:00,MACH-C,36.36,1.78
2023-08-25 05:00:00,MACH-C,37.04,2.67
2023-08-25 06:00:00,MACH-C,49.17,1.73
2023-08-25 07:00:00,MACH-C,27.03,2.52
2023-08-25 08:00:00,MACH-C,38.69,1.64
2023-08-25 09:00:00,MACH-C,45.02,2.13
2023-08-25 10:00:00,MACH-C,60.09,1.94
2023-08-25 11:00:00,MACH-C,52.59,1.31
2023-08-25 12:00:00,MACH-C,34.82,1.32
2023-08-25 13:00:00,MACH-C,49.6,1.87
2023-08-25 14:00:00,MACH-C,55.83,1.8
2023-08-25 15:00:00,MACH-C,57.14,2.34
2023-08-25 16:00:00,MACH-C,60.46,1.07
2023-08-25 17:00:00,MACH-C,61.98,1.59
2023-08-25 18:00:00,MACH-C,55.7,2.22
2023-08-25 19:00:00,MACH-C,54.87,1.88
2023-08-25 20:00:00,MACH-C,52.33,1.27
2023-08-25 21:00:00,MACH-C,58.42,2.18
2023-08-25 22:00:00,MACH-C,42.12,2.42
2023-08-25 23:00:00,MACH-C,47.96,1.5
2023-08-26 00:00:00,MACH-C,43.01,2.48
2023-08-26 01:00:00,MACH-C,54.34,1.7
2023-08-26 02:00:00,MACH-C,47.41,1.82
2023-08-26 03:00:00,MACH-C,60.13,1.73
2023-08-26 04:00:00,MACH-C,50.52,2.51
2023-08-26 05:00:00,MACH-C,60.64,1.92
2023-08-26 06:00:00,MACH-C,28.89,2.39
2023-08-26 07:00:00,MACH-C,42.8,1.76
2023-08-26 08:00:00,MACH-C,59.38,2.18
2023-08-26 09:00:00,MACH-C,50.2,1.46
2023-08-26 10:00:00,MACH-C,60.56,2.5
2023-08-26 11:00:00,MACH-C,52.51,1.85
2023-08-26 12:00:00,MACH-C,40.66,2.62
2023-08-26 13:00:00,MACH-C,67.93,1.97
2023-08-26 14:00:00,MACH-C,43.37,2.05
2023-08-26 15:00:00,MACH-C,42.54,3.14
2023-08-26 16:00:00,MACH-C,58.2,2.37
2023-08-26 17:00:00,MACH-C,40.89,2.1
2023-08-26 18:00:00,MACH-C,37.07,1.39
2023-08-26 19:00:00,MACH-C,42.32,1.62
2023-08-26 20:00:00,MACH-C,58.2,2.39
2023-08-26 21:00:00,MACH-C,71.4,1.83
2023-08-26 22:00:00,MACH-C,50.05,1.9
2023-08-26 23:00:00,MACH-C,42.76,1.46
2023-08-27 00:00:00,MACH-C,62.35,2.2
2023-08-27 01:00:00,MACH-C,43.85,2.05
2023-08-27 02:00:00,MACH-C,45.56,2.36
2023-08-27 03:00:00,MACH-C,54.17,2.62
2023-08-27 04:00:00,MACH-C,61.41,2.22
2023-08-27 05:00:00,MACH-C,50.71,1.41
2023-08-27 06:00:00,MACH-C,46.45,1.24
2023-08-27 07:00:00,MACH-C,73.21,2.37
2023-08-27 08:00:00,MACH-C,43.29,2.06
2023-08-27 09:00:00,MACH-C,44.4,2.88
2023-08-27 10:00:00,MACH-C,46.12,2.01
2023-08-27 11:00:00,MACH-C,55.51,1.14
2023-08-27 12:00:00,MACH-C,45.33,1.37
2023-08-27 13:00:00,MACH-C,58.17,1.62
2023-08-27 14:00:00,MACH-C,49.48,2.87
2023-08-27 15:00:00,MACH-C,46.81,2.58
2023-08-27 16:00:00,MACH-C,44.38,1.73
2023-08-27 17:00:00,MACH-C,49.75,1.9
2023-08-27 18:00:00,MACH-C,54.47,1.32
2023-08-27 19:00:00,MACH-C,49.65,1.3
2023-08-27 20:00:00,MACH-C,52.33,2.56
2023-08-27 21:00:00,MACH-C,42.25,2.47
2023-08-27 22:00:00,MACH-C,42.84,1.86
2023-08-27 23:00:00,MACH-C,49.95,2.92
2023-08-28 00:00:00,MACH-C,51.2,2.22
2023-08-28 01:00:00,MACH-C,50.48,2.11
2023-08-28 02:00:00,MACH-C,44.1,2.11
2023-08-28 03:00:00,MACH-C,50.73,1.47
2023-08-28 04:00:00,MACH-C,50.25,2.47
2023-08-28 05:00:00,MACH-C,48.79,2.48
2023-08-28 06:00:00,MACH-C,43.48,2.12
2023-08-28 07:00:00,MACH-C,55.19,1.44
2023-08-28 08:00:00,MACH-C,49.88,2.54
2023-08-28 09:00:00,MACH-C,42.5,1.1
2023-08-28 10:00:00,MACH-C,48.75,1.61
2023-08-28 11:00:00,MACH-C,44.17,2.29
2023-08-28 12:00:00,MACH-C,50.03,1.8
2023-08-28 13:00:00,MACH-C,82.21,3.15
2023-08-28 14:00:00,MACH-C,51.48,2.69
2023-08-28 15:00:00,MACH-C,52.01,2.57
2023-08-28 16:00:00,MACH-C,64.24,2.53
2023-08-28 17:00:00,MACH-C,52.71,2.17
2023-08-28 18:00:00,MACH-C,54.34,2.02
2023-08-28 19:00:00,MACH-C,51.44,2.87
2023-08-28 20:00:00,MACH-C,46.15,2.72
2023-08-28 21:00:00,MACH-C,54.48,1.96
2023-08-28 22:00:00,MACH-C,67.02,3.36
2023-08-28 23:00:00,MACH-C,36.79,1.94
2023-08-29 00:00:00,MACH-C,45.43,2.19
2023-08-29 01:00:00,MACH-C,41.47,2.7
2023-08-29 02:00:00,MACH-C,42.59,2.19
2023-08-29 03:00:00,MACH-C,62.23,1.87
2023-08-29 04:00:00,MACH-C,48.42,2.19
2023-08-29 05:00:00,MACH-C,57.23,2.0
2023-08-29 06:00:00,MACH-C,43.33,0.93
2023-08-29 07:00:00,MACH-C,43.55,2.5
2023-08-29 08:00:00,MACH-C,39.82,1.69
2023-08-29 09:00:00,MACH-C,64.45,1.42
2023-08-29 10:00:00,MACH-C,57.75,2.6
2023-08-29 11:00:00,MACH-C,39.49,2.19
2023-08-29 12:00:00,MACH-C,61.42,2.34
2023-08-29 13:00:00,MACH-C,47.4,1.94
2023-08-29 14:00:00,MACH-C,54.53,2.11
2023-08-29 15:00:00,MACH-C,50.47,1.85
2023-08-29 16:00:00,MACH-C,35.63,1.57
2023-08-29 17:00:00,MACH-C,41.72,2.34
2023-08-29 18:00:00,MACH-C,63.54,2.12
2023-08-29 19:00:00,MACH-C,59.39,2.86
2023-08-29 20:00:00,MACH-C,39.78,0.88
2023-08-29 21:00:00,MACH-C,52.08,2.59
2023-08-29 22:00:00,MACH-C,47.85,1.81
2023-08-29 23:00:00,MACH-C,61.42,1.76
2023-08-30 00:00:00,MACH-C,47.95,2.29
2023-08-30 01:00:00,MACH-C,42.32,1.56
2023-08-30 02:00:00,MACH-C,57.37,1.78
2023-08-30 03:00:00,MACH-C,61.89,2.3
2023-08-30 04:00:00,MACH-C,53.94,1.73
2023-08-30 05:00:00,MACH-C,55.72,1.65
2023-08-30 06:00:00,MACH-C,38.05,1.65
2023-08-30 07:00:00,MACH-C,37.22,2.18
2023-08-30 08:00:00,MACH-C,36.5,1.4
2023-08-30 09:00:00,MACH-C,60.51,2.38
2023-08-30 10:00:00,MACH-C,46.13,3.06
2023-08-30 11:00:00,MACH-C,58.26,2.0
2023-08-30 12:00:00,MACH-C,44.0,2.22
2023-08-30 13:00:00,MACH-C,49.85,2.13
2023-08-30 14:00:00,MACH-C,41.94,1.53
2023-08-30 15:00:00,MACH-C,46.72,2.16
2023-08-30 16:00:00,MACH-C,32.9,2.11
2023-08-30 17:00:00,MACH-C,46.82,2.89
2023-08-30 18:00:00,MACH-C,45.94,2.12
2023-08-30 19:00:00,MACH-C,33.05,2.62
2023-08-30 20:00:00,MACH-C,54.25,2.21
2023-08-30 21:00:00,MACH-C,55.74,1.75
2023-08-30 22:00:00,MACH-C,43.38,1.41
2023-08-30 23:00:00,MACH-C,37.95,2.15
2023-08-31 00:00:00,MACH-C,67.3,2.38
2023-08-31 01:00:00,MACH-C,52.56,1.96
2023-08-31 02:00:00,MACH-C,26.2,1.68
2023-08-31 03:00:00,MACH-C,45.72,2.7
2023-08-31 04:00:00,MACH-C,43.48,1.78
2023-08-31 05:00:00,MACH-C,42.75,1.42
2023-08-31 06:00:00,MACH-C,60.92,1.97
2023-08-31 07:00:00,MACH-C,52.53,2.04
2023-08-31 08:00:00,MACH-C,56.35,1.63
2023-08-31 09:00:00,MACH-C,48.62,1.95
2023-08-31 10:00:00,MACH-C,58.53,1.15
2023-08-31 11:00:00,MACH-C,46.27,2.21
2023-08-31 12:00:00,MACH-C,52.33,1.48
2023-08-31 13:00:00,MACH-C,54.87,1.81
2023-08-31 14:00:00,MACH-C,43.77,1.66
2023-08-31 15:00:00,MACH-C,29.03,2.7
2023-08-31 16:00:00,MACH-C,33.07,1.85
2023-08-31 17:00:00,MACH-C,73.12,1.58
2023-08-31 18:00:00,MACH-C,56.51,3.05
2023-08-31 19:00:00,MACH-C,56.98,2.9
2023-08-31 20:00:00,MACH-C,64.21,2.42
2023-08-31 21:00:00,MACH-C,38.75,2.28
2023-08-31 22:00:00,MACH-C,42.76,1.57
2023-08-31 23:00:00,MACH-C,38.95,2.54
2023-09-01 00:00:00,MACH-C,73.57,2.18
2023-09-01 01:00:00,MACH-C,40.02,1.68
2023-09-01 02:00:00,MACH-C,62.54,2.07
2023-09-01 03:00:00,MACH-C,43.41,1.77
2023-09-01 04:00:00,MACH-C,50.85,1.24
2023-09-01 05:00:00,MACH-C,62.7,2.68
2023-09-01 06:00:00,MACH-C,52.86,1.09
2023-09-01 07:00:00,MACH-C,48.68,3.08
2023-09-01 08:00:00,MACH-C,72.68,1.89
2023-09-01 09:00:00,MACH-C,31.66,2.23
2023-09-01 10:00:00,MACH-C,40.56,2.27
2023-09-01 11:00:00,MACH-C,46.9,1.51
2023-09-01 12:00:00,MACH-C,60.44,1.89
2023-09-01 13:00:00,MACH-C,44.96,1.95
2023-09-01 14:00:00,MACH-C,59.68,1.7
2023-09-01 15:00:00,MACH-C,32.78,2.52
2023-09-01 16:00:00,MACH-C,61.48,1.4
2023-09-01 17:00:00,MACH-C,58.94,2.1
2023-09-01 18:00:00,MACH-C,39.25,1.14
2023-09-01 19:00:00,MACH-C,49.66,2.12
2023-09-01 20:00:00,MACH-C,47.31,2.08
2023-09-01 21:00:00,MACH-C,89.17,4.28
2023-09-01 22:00:00,MACH-C,61.61,1.69
2023-09-01 23:00:00,MACH-C,43.17,1.92
2023-09-02 00:00:00,MACH-C,53.69,1.88
2023-09-02 01:00:00,MACH-C,52.46,2.84
2023-09-02 02:00:00,MACH-C,51.25,1.71
2023-09-02 03:00:00,MACH-C,64.55,2.11
2023-09-02 04:00:00,MACH-C,51.61,1.85
2023-09-02 05:00:00,MACH-C,37.85,1.92
2023-09-02 06:00:00,MACH-C,57.38,2.01
2023-09-02 07:00:00,MACH-C,66.01,2.55
2023-09-02 08:00:00,MACH-C,51.4,2.73
2023-09-02 09:00:00,MACH-C,63.52,1.31
2023-09-02 10:00:00,MACH-C,45.81,2.39
2023-09-02 11:00:00,MACH-C,54.14,2.63
2023-09-02 12:00:00,MACH-C,34.37,2.17
2023-09-02 13:00:00,MACH-C,43.9,2.59
2023-09-02 14:00:00,MACH-C,51.69,1.38
2023-09-02 15:00:00,MACH-C,56.7,2.25
2023-09-02 16:00:00,MACH-C,54.37,2.62
2023-09-02 17:00:00,MACH-C,62.8,1.68
2023-09-02 18:00:00,MACH-C,34.71,1.36
2023-09-02 19:00:00,MACH-C,64.7,2.57
2023-09-02 20:00:00,MACH-C,42.86,1.79
2023-09-02 21:00:00,MACH-C,37.71,1.71
2023-09-02 22:00:00,MACH-C,60.37,1.06
2023-09-02 23:00:00,MACH-C,38.88,1.74
2023-09-03 00:00:00,MACH-C,64.14,1.65
2023-09-03 01:00:00,MACH-C,28.18,1.1
2023-09-03 02:00:00,MACH-C,42.44,1.71
2023-09-03 03:00:00,MACH-C,58.77,2.59
2023-09-03 04:00:00,MACH-C,56.72,2.17
2023-09-03 05:00:00,MACH-C,23.66,1.18
2023-09-03 06:00:00,MACH-C,43.36,2.19
2023-09-03 07:00:00,MACH-C,32.84,2.36
2023-09-03 08:00:00,MACH-C,51.39,2.05
2023-09-03 09:00:00,MACH-C,50.51,1.98
2023-09-03 10:00:00,MACH-C,47.52,1.6
2023-09-03 11:00:00,MACH-C,48.93,2.21
2023-09-03 12:00:00,MACH-C,38.98,2.29
2023-09-03 13:00:00,MACH-C,42.66,2.14
2023-09-03 14:00:00,MACH-C,60.67,2.87
2023-09-03 15:00:00,MACH-C,45.1,1.9
2023-09-03 16:00:00,MACH-C,44.28,1.35
2023-09-03 17:00:00,MACH-C,61.4,2.84
2023-09-03 18:00:00,MACH-C,38.21,1.06
2023-09-03 19:00:00,MACH-C,64.8,1.8
2023-09-03 20:00:00,MACH-C,65.65,1.54
2023-09-03 21:00:00,MACH-C,39.84,1.95
2023-09-03 22:00:00,MACH-C,59.21,1.93
2023-09-03 23:00:00,MACH-C,28.38,1.52
2023-09-04 00:00:00,MACH-C,51.02,2.53
2023-09-04 01:00:00,MACH-C,39.91,1.93
2023-09-04 02:00:00,MACH-C,55.05,2.61
2023-09-04 03:00:00,MACH-C,53.15,1.42
2023-09-04 04:00:00,MACH-C,47.23,1.46
2023-09-04 05:00:00,MACH-C,39.07,1.45
2023-09-04 06:00:00,MACH-C,59.17,2.26
2023-09-04 07:00:00,MACH-C,49.69,2.87
2023-09-04 08:00:00,MACH-C,42.93,1.85
2023-09-04 09:00:00,MACH-C,44.87,0.84
2023-09-04 10:00:00,MACH-C,49.04,2.24
2023-09-04 11:00:00,MACH-C,49.01,2.33
2023-09-04 12:00:00,MACH-C,53.1,1.48
2023-09-04 13:00:00,MACH-C,59.56,2.28
2023-09-04 14:00:00,MACH-C,60.47,2.41
2023-09-04 15:00:00,MACH-C,47.74,0.98
2023-09-04 16:00:00,MACH-C,54.25,2.56
2023-09-04 17:00:00,MACH-C,47.99,2.59
2023-09-04 18:00:00,MACH-C,62.13,1.85
2023-09-04 19:00:00,MACH-C,48.68,2.32
2023-09-04 20:00:00,MACH-C,51.21,2.99
2023-09-04 21:00:00,MACH-C,49.74,1.67
2023-09-04 22:00:00,MACH-C,54.61,2.58
2023-09-04 23:00:00,MACH-C,56.31,2.12
2023-09-05 00:00:00,MACH-C,63.85,1.43
2023-09-05 01:00:00,MACH-C,62.11,1.09
2023-09-05 02:00:00,MACH-C,50.43,2.36
2023-09-05 03:00:00,MACH-C,49.57,1.35
2023-09-05 04:00:00,MACH-C,47.75,2.48
2023-09-05 05:00:00,MACH-C,60.08,0.91
2023-09-05 06:00:00,MACH-C,52.45,2.07
2023-09-05 07:00:00,MACH-C,74.62,1.84
2023-09-05 08:00:00,MACH-C,49.36,2.84
2023-09-05 09:00:00,MACH-C,65.21,2.11
2023-09-05 10:00:00,MACH-C,65.3,2.31
2023-09-05 11:00:00,MACH-C,65.04,1.78
2023-09-05 12:00:00,MACH-C,46.7,1.91
2023-09-05 13:00:00,MACH-C,49.16,2.53
2023-09-05 14:00:00,MACH-C,48.38,2.01
2023-09-05 15:00:00,MACH-C,64.74,1.54
2023-09-05 16:00:00,MACH-C,45.5,2.57
2023-09-05 17:00:00,MACH-C,44.22,2.84
2023-09-05 18:00:00,MACH-C,56.94,2.75
2023-09-05 19:00:00,MACH-C,36.72,2.65
2023-09-05 20:00:00,MACH-C,57.68,1.86
2023-09-05 21:00:00,MACH-C,38.59,1.51
2023-09-05 22:00:00,MACH-C,45.88,1.41
2023-09-05 23:00:00,MACH-C,61.55,1.35
2023-09-06 00:00:00,MACH-C,44.44,1.95
2023-09-06 01:00:00,MACH-C,53.07,2.89
2023-09-06 02:00:00,MACH-C,62.09,1.17
2023-09-06 03:00:00,MACH-C,38.61,2.01
2023-09-06 04:00:00,MACH-C,51.73,1.84
2023-09-06 05:00:00,MACH-C,56.47,1.41
2023-09-06 06:00:00,MACH-C,35.8,1.87
2023-09-06 07:00:00,MACH-C,39.62,2.64
2023-09-06 08:00:00,MACH-C,66.16,2.11
2023-09-06 09:00:00,MACH-C,38.54,2.31
2023-09-06 10:00:00,MACH-C,46.5,2.53
2023-09-06 11:00:00,MACH-C,29.84,2.19
2023-09-06 12:00:00,MACH-C,42.14,1.82
2023-09-06 13:00:00,MACH-C,57.76,2.05
2023-09-06 14:00:00,MACH-C,59.59,1.46
2023-09-06 15:00:00,MACH-C,57.94,2.03
2023-09-06 16:00:00,MACH-C,49.65,2.06
2023-09-06 17:00:00,MACH-C,39.25,2.66
2023-09-06 18:00:00,MACH-C,54.14,1.84
2023-09-06 19:00:00,MACH-C,45.58,1.84
2023-09-06 20:00:00,MACH-C,33.92,1.24
2023-09-06 21:00:00,MACH-C,50.29,2.32
2023-09-06 22:00:00,MACH-C,62.7,1.27
2023-09-06 23:00:00,MACH-C,61.1,1.75
2023-09-07 00:00:00,MACH-C,61.78,1.64
2023-09-07 01:00:00,MACH-C,53.03,2.45
2023-09-07 02:00:00,MACH-C,40.7,2.24
2023-09-07 03:00:00,MACH-C,55.87,2.35
2023-09-07 04:00:00,MACH-C,51.51,2.47
2023-09-07 05:00:00,MACH-C,47.43,1.68
2023-09-07 06:00:00,MACH-C,56.67,1.57
2023-09-07 07:00:00,MACH-C,54.57,1.16
2023-09-07 08:00:00,MACH-C,43.8,2.06
2023-09-07 09:00:00,MACH-C,43.34,1.61
2023-09-07 10:00:00,MACH-C,91.02,3.61
2023-09-07 11:00:00,MACH-C,52.57,2.58
2023-09-07 12:00:00,MACH-C,59.07,2.47
2023-09-07 13:00:00,MACH-C,44.09,2.06
2023-09-07 14:00:00,MACH-C,39.34,2.04
2023-09-07 15:00:00,MACH-C,55.03,2.0
2023-09-07 16:00:00,MACH-C,65.79,3.06
2023-09-07 17:00:00,MACH-C,69.9,1.71
2023-09-07 18:00:00,MACH-C,65.15,2.04
2023-09-07 19:00:00,MACH-C,49.51,1.91
2023-09-07 20:00:00,MACH-C,40.99,1.61
2023-09-07 21:00:00,MACH-C,56.08,1.81
2023-09-07 22:00:00,MACH-C,49.29,2.01
2023-09-07 23:00:00,MACH-C,48.01,1.41
2023-09-08 00:00:00,MACH-C,69.01,2.82
2023-09-08 01:00:00,MACH-C,63.85,2.36
2023-09-08 02:00:00,MACH-C,56.37,2.55
2023-09-08 03:00:00,MACH-C,49.04,1.92
2023-09-08 04:00:00,MACH-C,50.08,1.84
2023-09-08 05:00:00,MACH-C,34.56,1.89
2023-09-08 06:00:00,MACH-C,60.46,1.65
2023-09-08 07:00:00,MACH-C,62.97,2.65
2023-09-08 08:00:00,MACH-C,42.36,2.7
2023-09-08 09:00:00,MACH-C,43.72,2.27
2023-09-08 10:00:00,MACH-C,59.75,2.85
2023-09-08 11:00:00,MACH-C,46.76,3.2
2023-09-08 12:00:00,MACH-C,61.36,2.92
2023-09-08 13:00:00,MACH-C,42.18,1.77
2023-09-08 14:00:00,MACH-C,46.88,0.79
2023-09-08 15:00:00,MACH-C,55.19,2.37
2023-09-08 16:00:00,MACH-C,46.76,2.21
2023-09-08 17:00:00,MACH-C,46.18,2.05
2023-09-08 18:00:00,MACH-C,45.96,1.88
2023-09-08 19:00:00,MACH-C,56.95,2.68
2023-09-08 20:00:00,MACH-C,59.63,1.23
2023-09-08 21:00:00,MACH-C,54.93,2.77
2023-09-08 22:00:00,MACH-C,43.02,2.87
2023-09-08 23:00:00,MACH-C,63.68,2.08
2023-09-09 00:00:00,MACH-C,52.55,2.14
2023-09-09 01:00:00,MACH-C,60.51,1.41
2023-09-09 02:00:00,MACH-C,37.1,2.5
2023-09-09 03:00:00,MACH-C,61.68,2.64
2023-09-09 04:00:00,MACH-C,46.28,2.38
2023-09-09 05:00:00,MACH-C,45.58,1.38
2023-09-09 06:00:00,MACH-C,54.05,1.2
2023-09-09 07:00:00,MACH-C,29.49,1.88
2023-09-09 08:00:00,MACH-C,53.5,2.04
2023-09-09 09:00:00,MACH-C,47.23,2.51
2023-09-09 10:00:00,MACH-C,64.14,1.88
2023-09-09 11:00:00,MACH-C,52.71,2.53
2023-09-09 12:00:00,MACH-C,40.07,2.56
2023-09-09 13:00:00,MACH-C,41.99,2.24
2023-09-09 14:00:00,MACH-C,25.41,2.43
2023-09-09 15:00:00,MACH-C,74.29,1.79
2023-09-09 16:00:00,MACH-C,24.96,1.43
2023-09-09 17:00:00,MACH-C,44.59,1.72
2023-09-09 18:00:00,MACH-C,57.41,1.58
2023-09-09 19:00:00,MACH-C,64.68,2.61
2023-09-09 20:00:00,MACH-C,68.04,2.43
2023-09-09 21:00:00,MACH-C,49.0,0.98
2023-09-09 22:00:00,MACH-C,55.02,2.09
2023-09-09 23:00:00,MACH-C,46.95,1.11
2023-09-10 00:00:00,MACH-C,34.44,1.46
2023-09-10 01:00:00,MACH-C,39.55,2.42
2023-09-10 02:00:00,MACH-C,32.83,1.14
2023-09-10 03:00:00,MACH-C,53.16,1.32
2023-09-10 04:00:00,MACH-C,46.58,1.49
2023-09-10 05:00:00,MACH-C,48.13,1.21
2023-09-10 06:00:00,MACH-C,56.72,1.29
2023-09-10 07:00:00,MACH-C,52.47,1.97
2023-09-10 08:00:00,MACH-C,56.62,1.16
2023-09-10 09:00:00,MACH-C,68.12,1.88
2023-09-10 10:00:00,MACH-C,42.06,2.0
2023-09-10 11:00:00,MACH-C,31.27,2.38
2023-09-10 12:00:00,MACH-C,44.2,2.46
2023-09-10 13:00:00,MACH-C,47.93,1.31
2023-09-10 14:00:00,MACH-C,54.36,1.34
2023-09-10 15:00:00,MACH-C,57.24,1.31
2023-09-10 16:00:00,MACH-C,39.35,2.4
2023-09-10 17:00:00,MACH-C,37.87,2.17
2023-09-10 18:00:00,MACH-C,63.65,1.82
2023-09-10 19:00:00,MACH-C,53.19,1.4
2023-09-10 20:00:00,MACH-C,53.53,2.08
2023-09-10 21:00:00,MACH-C,52.64,2.68
2023-09-10 22:00:00,MACH-C,51.48,2.65
2023-09-10 23:00:00,MACH-C,47.75,1.26
2023-09-11 00:00:00,MACH-C,42.91,2.54
2023-09-11 01:00:00,MACH-C,44.61,1.26
2023-09-11 02:00:00,MACH-C,71.66,1.8
2023-09-11 03:00:00,MACH-C,68.04,1.74
2023-09-11 04:00:00,MACH-C,59.27,2.13
2023-09-11 05:00:00,MACH-C,49.33,1.5
2023-09-11 06:00:00,MACH-C,55.65,2.05
2023-09-11 07:00:00,MACH-C,35.76,1.46
2023-09-11 08:00:00,MACH-C,59.96,2.09
2023-09-11 09:00:00,MACH-C,47.6,1.34
2023-09-11 10:00:00,MACH-C,50.15,1.8
2023-09-11 11:00:00,MACH-C,50.98,2.0
2023-09-11 12:00:00,MACH-C,48.21,1.87
2023-09-11 13:00:00,MACH-C,58.04,2.42
2023-09-11 14:00:00,MACH-C,65.95,0.87
2023-09-11 15:00:00,MACH-C,58.57,2.09
2023-09-11 16:00:00,MACH-C,50.66,1.58
2023-09-11 17:00:00,MACH-C,39.34,2.3
2023-09-11 18:00:00,MACH-C,50.4,2.02
2023-09-11 19:00:00,MACH-C,49.23,2.54
2023-09-11 20:00:00,MACH-C,58.24,1.88
2023-09-11 21:00:00,MACH-C,43.55,2.62
2023-09-11 22:00:00,MACH-C,41.12,2.08
2023-09-11 23:00:00,MACH-C,52.98,1.35
2023-09-12 00:00:00,MACH-C,59.2,1.59
2023-09-12 01:00:00,MACH-C,51.53,1.71
2023-09-12 02:00:00,MACH-C,59.66,2.06
2023-09-12 03:00:00,MACH-C,37.24,2.45
2023-09-12 04:00:00,MACH-C,54.74,2.31
2023-09-12 05:00:00,MACH-C,37.18,2.33
2023-09-12 06:00:00,MACH-C,76.67,1.63
2023-09-12 07:00:00,MACH-C,63.41,2.44
2023-09-12 08:00:00,MACH-C,53.85,2.05
2023-09-12 09:00:00,MACH-C,33.96,2.4
2023-09-12 10:00:00,MACH-C,36.25,1.26
2023-09-12 11:00:00,MACH-C,68.95,2.23
2023-09-12 12:00:00,MACH-C,38.42,1.69
2023-09-12 13:00:00,MACH-C,55.0,1.37
2023-09-12 14:00:00,MACH-C,68.23,2.32
2023-09-12 15:00:00,MACH-C,51.06,1.79
2023-09-12 16:00:00,MACH-C,38.05,2.27
2023-09-12 17:00:00,MACH-C,32.25,1.51
2023-09-12 18:00:00,MACH-C,53.83,3.02
2023-09-12 19:00:00,MACH-C,38.96,1.94
2023-09-12 20:00:00,MACH-C,50.02,1.77
2023-09-12 21:00:00,MACH-C,39.35,2.49
2023-09-12 22:00:00,MACH-C,43.99,1.96
2023-09-12 23:00:00,MACH-C,44.31,3.58
2023-09-13 00:00:00,MACH-C,47.39,2.58
2023-09-13 01:00:00,MACH-C,42.6,1.76
2023-09-13 02:00:00,MACH-C,93.26,3.81
2023-09-13 03:00:00,MACH-C,59.97,2.03
2023-09-13 04:00:00,MACH-C,46.4,1.47
2023-09-13 05:00:00,MACH-C,52.61,2.64
2023-09-13 06:00:00,MACH-C,40.65,1.79
2023-09-13 07:00:00,MACH-C,34.33,1.88
2023-09-13 08:00:00,MACH-C,54.02,2.11
2023-09-13 09:00:00,MACH-C,58.8,1.54
2023-09-13 10:00:00,MACH-C,30.86,2.11
2023-09-13 11:00:00,MACH-C,49.09,1.75
2023-09-13 12:00:00,MACH-C,54.32,1.76
2023-09-13 13:00:00,MACH-C,52.89,1.92
2023-09-13 14:00:00,MACH-C,44.1,1.63
2023-09-13 15:00:00,MACH-C,50.48,1.22
2023-09-13 16:00:00,MACH-C,59.26,2.09
2023-09-13 17:00:00,MACH-C,41.4,0.86
2023-09-13 18:00:00,MACH-C,65.55,0.87
2023-09-13 19:00:00,MACH-C,36.12,2.02
2023-09-13 20:00:00,MACH-C,58.98,1.91
2023-09-13 21:00:00,MACH-C,50.54,2.13
2023-09-13 22:00:00,MACH-C,44.85,2.33
2023-09-13 23:00:00,MACH-C,31.58,1.01
2023-09-14 00:00:00,MACH-C,61.9,1.69
2023-09-14 01:00:00,MACH-C,40.66,1.78
2023-09-14 02:00:00,MACH-C,49.7,2.16
2023-09-14 03:00:00,MACH-C,54.71,2.11
2023-09-14 04:00:00,MACH-C,73.79,1.8
2023-09-14 05:00:00,MACH-C,46.44,2.02
2023-09-14 06:00:00,MACH-C,50.51,1.86
2023-09-14 07:00:00,MACH-C,54.14,1.54
2023-09-14 08:00:00,MACH-C,51.16,2.03
2023-09-14 09:00:00,MACH-C,42.39,0.93
2023-09-14 10:00:00,MACH-C,64.85,2.12
2023-09-14 11:00:00,MACH-C,84.91,4.24
2023-09-14 12:00:00,MACH-C,54.68,1.83
2023-09-14 13:00:00,MACH-C,47.83,3.03
2023-09-14 14:00:00,MACH-C,43.94,2.3
2023-09-14 15:00:00,MACH-C,60.48,2.73
2023-09-14 16:00:00,MACH-C,52.63,2.19
2023-09-14 17:00:00,MACH-C,28.16,2.28
2023-09-14 18:00:00,MACH-C,52.98,2.07
2023-09-14 19:00:00,MACH-C,43.73,1.22
2023-09-14 20:00:00,MACH-C,34.11,1.02
2023-09-14 21:00:00,MACH-C,59.57,1.88
2023-09-14 22:00:00,MACH-C,42.36,1.7
2023-09-14 23:00:00,MACH-C,52.62,1.71
2023-09-15 00:00:00,MACH-C,59.2,1.37
2023-09-15 01:00:00,MACH-C,47.58,2.55
2023-09-15 02:00:00,MACH-C,52.51,1.48
2023-09-15 03:00:00,MACH-C,43.19,1.45
2023-09-15 04:00:00,MACH-C,61.04,2.02
2023-09-15 05:00:00,MACH-C,48.18,2.54
2023-09-15 06:00:00,MACH-C,55.37,2.42
2023-09-15 07:00:00,MACH-C,65.05,1.68
2023-09-15 08:00:00,MACH-C,31.49,1.89
2023-09-15 09:00:00,MACH-C,43.15,2.82
2023-09-15 10:00:00,MACH-C,48.27,2.55
2023-09-15 11:00:00,MACH-C,51.28,2.44
2023-09-15 12:00:00,MACH-C,56.15,2.19
2023-09-15 13:00:00,MACH-C,62.21,2.05
2023-09-15 14:00:00,MACH-C,42.55,3.0
2023-09-15 15:00:00,MACH-C,47.98,2.56
2023-09-15 16:00:00,MACH-C,61.22,2.06
2023-09-15 17:00:00,MACH-C,53.38,2.36
2023-09-15 18:00:00,MACH-C,32.99,1.88
2023-09-15 19:00:00,MACH-C,32.17,1.2
2023-09-15 20:00:00,MACH-C,45.11,1.49
2023-09-15 21:00:00,MACH-C,55.52,1.77
2023-09-15 22:00:00,MACH-C,55.33,1.74
2023-09-15 23:00:00,MACH-C,41.07,1.64
2023-09-16 00:00:00,MACH-C,56.64,1.66
2023-09-16 01:00:00,MACH-C,52.52,2.65
2023-09-16 02:00:00,MACH-C,39.19,2.92
2023-09-16 03:00:00,MACH-C,43.99,2.66
2023-09-16 04:00:00,MACH-C,30.55,0.92
2023-09-16 05:00:00,MACH-C,38.09,2.54
2023-09-16 06:00:00,MACH-C,31.16,2.37
2023-09-16 07:00:00,MACH-C,34.53,1.98
2023-09-16 08:00:00,MACH-C,66.79,1.75
2023-09-16 09:00:00,MACH-C,46.0,1.85
2023-09-16 10:00:00,MACH-C,32.26,2.49
2023-09-16 11:00:00,MACH-C,54.19,2.19
2023-09-16 12:00:00,MACH-C,52.9,2.61
2023-09-16 13:00:00,MACH-C,51.93,2.41
2023-09-16 14:00:00,MACH-C,41.27,2.72
2023-09-16 15:00:00,MACH-C,56.23,2.32
2023-09-16 16:00:00,MACH-C,39.02,1.43
2023-09-16 17:00:00,MACH-C,57.94,1.2
2023-09-16 18:00:00,MACH-C,58.85,2.32
2023-09-16 19:00:00,MACH-C,49.36,2.3
2023-09-16 20:00:00,MACH-C,35.36,1.69
2023-09-16 21:00:00,MACH-C,58.02,2.12
2023-09-16 22:00:00,MACH-C,44.16,1.77
2023-09-16 23:00:00,MACH-C,52.74,1.75
2023-09-17 00:00:00,MACH-C,56.91,1.28
2023-09-17 01:00:00,MACH-C,41.9,2.02
2023-09-17 02:00:00,MACH-C,71.46,1.74
2023-09-17 03:00:00,MACH-C,49.56,2.19
2023-09-17 04:00:00,MACH-C,43.29,1.12
2023-09-17 05:00:00,MACH-C,59.99,2.3
2023-09-17 06:00:00,MACH-C,65.5,1.74
2023-09-17 07:00:00,MACH-C,29.33,1.47
2023-09-17 08:00:00,MACH-C,36.19,1.78
2023-09-17 09:00:00,MACH-C,42.24,1.2
2023-09-17 10:00:00,MACH-C,71.13,1.85
2023-09-17 11:00:00,MACH-C,45.21,2.06
2023-09-17 12:00:00,MACH-C,65.21,2.04
2023-09-17 13:00:00,MACH-C,52.2,2.23
2023-09-17 14:00:00,MACH-C,35.5,1.72
2023-09-17 15:00:00,MACH-C,58.81,2.39
2023-09-17 16:00:00,MACH-C,53.17,2.13
2023-09-17 17:00:00,MACH-C,41.38,2.41
2023-09-17 18:00:00,MACH-C,43.39,2.83
2023-09-17 19:00:00,MACH-C,39.5,1.22
2023-09-17 20:00:00,MACH-C,43.75,1.81
2023-09-17 21:00:00,MACH-C,56.58,1.62
2023-09-17 22:00:00,MACH-C,40.96,3.07
2023-09-17 23:00:00,MACH-C,50.84,2.3
2023-09-18 00:00:00,MACH-C,53.14,2.14
2023-09-18 01:00:00,MACH-C,49.45,2.6
2023-09-18 02:00:00,MACH-C,33.84,2.01
2023-09-18 03:00:00,MACH-C,57.49,2.23
2023-09-18 04:00:00,MACH-C,38.35,1.77
2023-09-18 05:00:00,MACH-C,44.25,1.32
2023-09-18 06:00:00,MACH-C,45.4,2.45
2023-09-18 07:00:00,MACH-C,49.68,1.52
2023-09-18 08:00:00,MACH-C,50.96,2.37
2023-09-18 09:00:00,MACH-C,56.86,2.54
2023-09-18 10:00:00,MACH-C,46.88,0.88
2023-09-18 11:00:00,MACH-C,37.83,2.52
2023-09-18 12:00:00,MACH-C,60.87,2.13
2023-09-18 13:00:00,MACH-C,45.99,1.52
2023-09-18 14:00:00,MACH-C,48.15,1.13
2023-09-18 15:00:00,MACH-C,39.99,1.96
2023-09-18 16:00:00,MACH-C,41.34,1.91
2023-09-18 17:00:00,MACH-C,64.42,2.55
2023-09-18 18:00:00,MACH-C,36.25,2.03
2023-09-18 19:00:00,MACH-C,37.73,1.46
2023-09-18 20:00:00,MACH-C,45.38,1.22
2023-09-18 21:00:00,MACH-C,53.18,2.07
2023-09-18 22:00:00,MACH-C,40.33,2.0
2023-09-18 23:00:00,MACH-C,34.22,2.66
2023-09-19 00:00:00,MACH-C,37.79,1.75
2023-09-19 01:00:00,MACH-C,45.84,2.21
2023-09-19 02:00:00,MACH-C,39.99,1.93
2023-09-19 03:00:00,MACH-C,72.23,0.65
2023-09-19 04:00:00,MACH-C,69.82,2.36
2023-09-19 05:00:00,MACH-C,61.66,1.79
2023-09-19 06:00:00,MACH-C,53.76,2.33
2023-09-19 07:00:00,MACH-C,53.78,2.08
2023-09-19 08:00:00,MACH-C,63.22,1.51
2023-09-19 09:00:00,MACH-C,51.31,1.91
2023-09-19 10:00:00,MACH-C,41.77,1.98
2023-09-19 11:00:00,MACH-C,71.23,2.09
2023-09-19 12:00:00,MACH-C,55.75,2.26
2023-09-19 13:00:00,MACH-C,64.53,2.02
2023-09-19 14:00:00,MACH-C,68.12,2.87
2023-09-19 15:00:00,MACH-C,32.28,2.42
2023-09-19 16:00:00,MACH-C,41.36,2.5
2023-09-19 17:00:00,MACH-C,47.97,2.41
2023-09-19 18:00:00,MACH-C,55.01,2.04
2023-09-19 19:00:00,MACH-C,59.17,2.37
2023-09-19 20:00:00,MACH-C,49.37,2.62
2023-09-19 21:00:00,MACH-C,62.93,2.06
2023-09-19 22:00:00,MACH-C,56.09,2.53
2023-09-19 23:00:00,MACH-C,55.97,1.35
2023-09-20 00:00:00,MACH-C,47.23,2.55
2023-09-20 01:00:00,MACH-C,53.16,1.61
2023-09-20 02:00:00,MACH-C,53.09,1.35
2023-09-20 03:00:00,MACH-C,59.63,1.86
2023-09-20 04:00:00,MACH-C,36.83,2.1
2023-09-20 05:00:00,MACH-C,57.02,2.17
2023-09-20 06:00:00,MACH-C,33.54,2.65
2023-09-20 07:00:00,MACH-C,41.47,1.72
2023-09-20 08:00:00,MACH-C,56.08,2.82
2023-09-20 09:00:00,MACH-C,41.62,2.82
2023-09-20 10:00:00,MACH-C,50.27,2.11
2023-09-20 11:00:00,MACH-C,40.79,1.59
2023-09-20 12:00:00,MACH-C,55.99,3.25
2023-09-20 13:00:00,MACH-C,50.47,2.86
2023-09-20 14:00:00,MACH-C,49.75,2.1
2023-09-20 15:00:00,MACH-C,61.0,1.32
2023-09-20 16:00:00,MACH-C,54.17,2.31
2023-09-20 17:00:00,MACH-C,54.94,1.71
2023-09-20 18:00:00,MACH-C,61.09,2.44
2023-09-20 19:00:00,MACH-C,62.12,2.11
2023-09-20 20:00:00,MACH-C,40.5,1.2
2023-09-20 21:00:00,MACH-C,57.37,1.41
2023-09-20 22:00:00,MACH-C,54.33,1.62
2023-09-20 23:00:00,MACH-C,63.12,2.82
2023-09-21 00:00:00,MACH-C,37.13,1.68
2023-09-21 01:00:00,MACH-C,43.09,0.86
2023-09-21 02:00:00,MACH-C,48.03,1.9
2023-09-21 03:00:00,MACH-C,64.03,1.87
2023-09-21 04:00:00,MACH-C,47.13,2.79
2023-09-21 05:00:00,MACH-C,49.59,2.76
2023-09-21 06:00:00,MACH-C,43.16,1.35
2023-09-21 07:00:00,MACH-C,57.84,2.2
2023-09-21 08:00:00,MACH-C,56.76,2.4
2023-09-21 09:00:00,MACH-C,44.56,1.94
2023-09-21 10:00:00,MACH-C,39.55,2.09
2023-09-21 11:00:00,MACH-C,57.72,2.55
2023-09-21 12:00:00,MACH-C,55.09,2.15
2023-09-21 13:00:00,MACH-C,43.36,2.34
2023-09-21 14:00:00,MACH-C,56.94,2.7
2023-09-21 15:00:00,MACH-C,56.39,1.78
2023-09-21 16:00:00,MACH-C,62.3,2.4
2023-09-21 17:00:00,MACH-C,58.47,1.78
2023-09-21 18:00:00,MACH-C,46.61,2.54
2023-09-21 19:00:00,MACH-C,42.38,1.69
2023-09-21 20:00:00,MACH-C,70.15,2.22
2023-09-21 21:00:00,MACH-C,82.91,3.68
2023-09-21 22:00:00,MACH-C,31.66,2.29
2023-09-21 23:00:00,MACH-C,37.92,1.58
2023-09-22 00:00:00,MACH-C,29.73,1.86
2023-09-22 01:00:00,MACH-C,62.21,1.97
2023-09-22 02:00:00,MACH-C,68.21,1.46
2023-09-22 03:00:00,MACH-C,52.5,1.7
2023-09-22 04:00:00,MACH-C,33.96,1.18
2023-09-22 05:00:00,MACH-C,62.02,2.19
2023-09-22 06:00:00,MACH-C,54.66,2.4
2023-09-22 07:00:00,MACH-C,62.31,1.3
2023-09-22 08:00:00,MACH-C,55.9,1.41
2023-09-22 09:00:00,MACH-C,36.15,1.52
2023-09-22 10:00:00,MACH-C,56.61,1.36
2023-09-22 11:00:00,MACH-C,34.45,2.2
2023-09-22 12:00:00,MACH-C,42.28,1.65
2023-09-22 13:00:00,MACH-C,60.33,2.13
2023-09-22 14:00:00,MACH-C,59.84,1.63
2023-09-22 15:00:00,MACH-C,40.56,1.83
2023-09-22 16:00:00,MACH-C,38.6,2.52
2023-09-22 17:00:00,MACH-C,50.26,1.42
2023-09-22 18:00:00,MACH-C,70.03,1.72
2023-09-22 19:00:00,MACH-C,55.61,2.21
2023-09-22 20:00:00,MACH-C,73.53,1.84
2023-09-22 21:00:00,MACH-C,48.35,2.09
2023-09-22 22:00:00,MACH-C,58.83,2.0
2023-09-22 23:00:00,MACH-C,46.84,1.25
2023-09-23 00:00:00,MACH-C,42.0,2.7
2023-09-23 01:00:00,MACH-C,40.48,1.95
2023-09-23 02:00:00,MACH-C,53.54,2.8
2023-09-23 03:00:00,MACH-C,62.95,2.17
2023-09-23 04:00:00,MACH-C,46.73,2.66
2023-09-23 05:00:00,MACH-C,64.21,2.51
2023-09-23 06:00:00,MACH-C,68.31,2.61
2023-09-23 07:00:00,MACH-C,58.68,1.89
2023-09-23 08:00:00,MACH-C,53.27,2.89
2023-09-23 09:00:00,MACH-C,43.3,1.76
2023-09-23 10:00:00,MACH-C,63.03,2.18
2023-09-23 11:00:00,MACH-C,38.59,2.43
2023-09-23 12:00:00,MACH-C,56.07,3.59
2023-09-23 13:00:00,MACH-C,37.11,2.55
2023-09-23 14:00:00,MACH-C,39.43,1.74
2023-09-23 15:00:00,MACH-C,49.39,2.13
2023-09-23 16:00:00,MACH-C,57.04,1.33
2023-09-23 17:00:00,MACH-C,60.05,2.73
2023-09-23 18:00:00,MACH-C,50.04,0.44
2023-09-23 19:00:00,MACH-C,45.82,1.91
2023-09-23 20:00:00,MACH-C,42.1,3.1
2023-09-23 21:00:00,MACH-C,57.0,2.38
2023-09-23 22:00:00,MACH-C,56.61,2.24
2023-09-23 23:00:00,MACH-C,51.78,1.4
2023-09-24 00:00:00,MACH-C,53.02,2.67
2023-09-24 01:00:00,MACH-C,66.02,1.54
2023-09-24 02:00:00,MACH-C,60.17,1.55
2023-09-24 03:00:00,MACH-C,35.85,2.66
2023-09-24 04:00:00,MACH-C,58.88,1.53
2023-09-24 05:00:00,MACH-C,63.81,1.27
2023-09-24 06:00:00,MACH-C,41.8,1.52
2023-09-24 07:00:00,MACH-C,59.48,2.09
2023-09-24 08:00:00,MACH-C,80.06,1.75
2023-09-24 09:00:00,MACH-C,54.82,2.91
2023-09-24 10:00:00,MACH-C,47.64,2.02
2023-09-24 11:00:00,MACH-C,48.99,1.38
2023-09-24 12:00:00,MACH-C,51.31,1.07
2023-09-24 13:00:00,MACH-C,34.23,2.45
2023-09-24 14:00:00,MACH-C,33.77,2.15
2023-09-24 15:00:00,MACH-C,52.7,2.3
2023-09-24 16:00:00,MACH-C,49.51,1.79
2023-09-24 17:00:00,MACH-C,56.63,2.08
2023-09-24 18:00:00,MACH-C,47.18,2.6
2023-09-24 19:00:00,MACH-C,50.83,2.0
2023-09-24 20:00:00,MACH-C,59.51,1.43
2023-09-24 21:00:00,MACH-C,27.24,2.36
2023-09-24 22:00:00,MACH-C,40.84,1.83
2023-09-24 23:00:00,MACH-C,44.76,2.48
2023-09-25 00:00:00,MACH-C,48.41,2.01
2023-09-25 01:00:00,MACH-C,35.83,2.43
2023-09-25 02:00:00,MACH-C,40.91,2.25
2023-09-25 03:00:00,MACH-C,56.99,2.65
2023-09-25 04:00:00,MACH-C,54.65,2.48
2023-09-25 05:00:00,MACH-C,22.07,1.35
2023-09-25 06:00:00,MACH-C,47.75,1.06
2023-09-25 07:00:00,MACH-C,48.58,1.96
2023-09-25 08:00:00,MACH-C,40.87,2.3
2023-09-25 09:00:00,MACH-C,48.58,1.64
2023-09-25 10:00:00,MACH-C,53.93,2.22
2023-09-25 11:00:00,MACH-C,57.15,2.2
2023-09-25 12:00:00,MACH-C,51.01,1.96
2023-09-25 13:00:00,MACH-C,56.47,1.68
2023-09-25 14:00:00,MACH-C,50.11,1.49
2023-09-25 15:00:00,MACH-C,27.15,3.24
2023-09-25 16:00:00,MACH-C,48.66,0.94
2023-09-25 17:00:00,MACH-C,37.71,1.38
2023-09-25 18:00:00,MACH-C,51.13,3.3
2023-09-25 19:00:00,MACH-C,47.8,1.48
2023-09-25 20:00:00,MACH-C,47.71,1.72
2023-09-25 21:00:00,MACH-C,41.62,2.34
2023-09-25 22:00:00,MACH-C,46.01,2.24
2023-09-25 23:00:00,MACH-C,53.07,2.22
2023-09-26 00:00:00,MACH-C,40.87,2.75
2023-09-26 01:00:00,MACH-C,43.79,1.52
2023-09-26 02:00:00,MACH-C,32.47,2.09
2023-09-26 03:00:00,MACH-C,52.79,1.97
2023-09-26 04:00:00,MACH-C,37.24,1.56
2023-09-26 05:00:00,MACH-C,50.28,2.05
2023-09-26 06:00:00,MACH-C,57.06,2.28
2023-09-26 07:00:00,MACH-C,62.71,2.29
2023-09-26 08:00:00,MACH-C,46.79,2.53
2023-09-26 09:00:00,MACH-C,56.25,1.98
2023-09-26 10:00:00,MACH-C,49.93,1.5
2023-09-26 11:00:00,MACH-C,31.28,1.31
2023-09-26 12:00:00,MACH-C,35.14,1.77
2023-09-26 13:00:00,MACH-C,58.47,1.32
2023-09-26 14:00:00,MACH-C,61.58,1.64
2023-09-26 15:00:00,MACH-C,28.81,1.41
2023-09-26 16:00:00,MACH-C,53.34,1.67
2023-09-26 17:00:00,MACH-C,52.69,2.89
2023-09-26 18:00:00,MACH-C,41.97,1.94
2023-09-26 19:00:00,MACH-C,42.08,2.79
2023-09-26 20:00:00,MACH-C,39.44,2.21
2023-09-26 21:00:00,MACH-C,30.79,1.69
2023-09-26 22:00:00,MACH-C,39.46,1.94
2023-09-26 23:00:00,MACH-C,56.96,1.17
2023-09-27 00:00:00,MACH-C,46.49,1.83
2023-09-27 01:00:00,MACH-C,57.34,1.34
2023-09-27 02:00:00,MACH-C,29.99,2.3
2023-09-27 03:00:00,MACH-C,54.4,1.78
2023-09-27 04:00:00,MACH-C,57.78,1.85
2023-09-27 05:00:00,MACH-C,23.87,1.79
2023-09-27 06:00:00,MACH-C,44.73,2.45
2023-09-27 07:00:00,MACH-C,53.44,1.56
2023-09-27 08:00:00,MACH-C,63.03,1.52
2023-09-27 09:00:00,MACH-C,36.21,2.17
2023-09-27 10:00:00,MACH-C,63.87,2.54
2023-09-27 11:00:00,MACH-C,54.39,2.17
2023-09-27 12:00:00,MACH-C,39.97,3.09
2023-09-27 13:00:00,MACH-C,59.93,1.53
2023-09-27 14:00:00,MACH-C,73.03,0.92
2023-09-27 15:00:00,MACH-C,46.65,2.24
2023-09-27 16:00:00,MACH-C,45.82,1.92
2023-09-27 17:00:00,MACH-C,40.48,2.24
2023-09-27 18:00:00,MACH-C,68.38,2.43
2023-09-27 19:00:00,MACH-C,42.7,1.24
2023-09-27 20:00:00,MACH-C,40.31,1.86
2023-09-27 21:00:00,MACH-C,43.76,2.29
2023-09-27 22:00:00,MACH-C,43.88,2.13
2023-09-27 23:00:00,MACH-C,44.22,1.91
2023-09-28 00:00:00,MACH-C,42.11,2.37
2023-09-28 01:00:00,MACH-C,42.84,2.5
2023-09-28 02:00:00,MACH-C,51.43,0.97
2023-09-28 03:00:00,MACH-C,63.5,2.79
2023-09-28 04:00:00,MACH-C,40.08,1.39
2023-09-28 05:00:00,MACH-C,36.97,2.3
2023-09-28 06:00:00,MACH-C,53.26,1.83
2023-09-28 07:00:00,MACH-C,55.33,2.63
2023-09-28 08:00:00,MACH-C,65.41,2.36
2023-09-28 09:00:00,MACH-C,64.09,2.29
2023-09-28 10:00:00,MACH-C,34.15,2.11
2023-09-28 11:00:00,MACH-C,30.02,1.73
2023-09-28 12:00:00,MACH-C,55.65,1.5
2023-09-28 13:00:00,MACH-C,55.39,1.31
2023-09-28 14:00:00,MACH-C,64.82,1.69
2023-09-28 15:00:00,MACH-C,53.93,2.46
2023-09-28 16:00:00,MACH-C,44.37,1.5
2023-09-28 17:00:00,MACH-C,60.39,2.6
2023-09-28 18:00:00,MACH-C,39.55,1.49
2023-09-28 19:00:00,MACH-C,70.07,1.92
2023-09-28 20:00:00,MACH-C,52.72,2.23
2023-09-28 21:00:00,MACH-C,42.63,2.51
2023-09-28 22:00:00,MACH-C,41.13,1.82
2023-09-28 23:00:00,MACH-C,51.95,2.24
2023-09-29 00:00:00,MACH-C,49.2,2.11
2023-09-29 01:00:00,MACH-C,48.63,1.88
2023-09-29 02:00:00,MACH-C,36.9,1.48
2023-09-29 03:00:00,MACH-C,48.38,2.22
2023-09-29 04:00:00,MACH-C,58.27,2.01
2023-09-29 05:00:00,MACH-C,42.45,1.84
2023-09-29 06:00:00,MACH-C,52.56,2.06
2023-09-29 07:00:00,MACH-C,61.19,2.29
2023-09-29 08:00:00,MACH-C,56.3,1.16
2023-09-29 09:00:00,MACH-C,37.9,1.73
2023-09-29 10:00:00,MACH-C,53.21,1.51
2023-09-29 11:00:00,MACH-C,64.65,1.55
2023-09-29 12:00:00,MACH-C,54.97,1.61
2023-09-29 13:00:00,MACH-C,61.8,2.55
2023-09-29 14:00:00,MACH-C,59.8,2.17
2023-09-29 15:00:00,MACH-C,38.62,1.45
2023-09-29 16:00:00,MACH-C,67.8,2.09
2023-09-29 17:00:00,MACH-C,62.54,2.21
2023-09-29 18:00:00,MACH-C,47.17,1.82
2023-09-29 19:00:00,MACH-C,62.96,1.36
2023-09-29 20:00:00,MACH-C,48.72,1.46
2023-09-29 21:00:00,MACH-C,49.11,1.21
2023-09-29 22:00:00,MACH-C,41.06,3.07
2023-09-29 23:00:00,MACH-C,39.65,1.14
2023-09-30 00:00:00,MACH-C,51.49,1.37
2023-09-30 01:00:00,MACH-C,47.47,1.99
2023-09-30 02:00:00,MACH-C,35.13,1.09
2023-09-30 03:00:00,MACH-C,53.5,1.42
2023-09-30 04:00:00,MACH-C,55.11,2.06
2023-09-30 05:00:00,MACH-C,52.99,2.1
2023-09-30 06:00:00,MACH-C,52.9,2.2
2023-09-30 07:00:00,MACH-C,54.08,2.36
2023-09-30 08:00:00,MACH-C,51.67,1.98
2023-09-30 09:00:00,MACH-C,53.49,1.66
2023-09-30 10:00:00,MACH-C,55.06,2.23
2023-09-30 11:00:00,MACH-C,44.15,2.7
2023-09-30 12:00:00,MACH-C,37.34,2.31
2023-09-30 13:00:00,MACH-C,53.19,1.57
2023-09-30 14:00:00,MACH-C,51.51,2.31
2023-09-30 15:00:00,MACH-C,54.53,2.28
2023-09-30 16:00:00,MACH-C,61.38,1.38
2023-09-30 17:00:00,MACH-C,49.65,1.88
2023-09-30 18:00:00,MACH-C,48.67,2.28
2023-09-30 19:00:00,MACH-C,54.68,2.58
2023-09-30 20:00:00,MACH-C,39.8,1.68
2023-09-30 21:00:00,MACH-C,50.42,1.27
2023-09-30 22:00:00,MACH-C,48.98,2.25
2023-09-30 23:00:00,MACH-C,58.77,1.88
2023-10-01 00:00:00,MACH-C,45.41,2.12
2023-10-01 01:00:00,MACH-C,50.91,2.1
2023-10-01 02:00:00,MACH-C,48.44,2.07
2023-10-01 03:00:00,MACH-C,25.13,1.79
2023-10-01 04:00:00,MACH-C,44.72,2.45
2023-10-01 05:00:00,MACH-C,49.92,1.58
2023-10-01 06:00:00,MACH-C,41.09,2.13
2023-10-01 07:00:00,MACH-C,48.78,2.2
2023-10-01 08:00:00,MACH-C,63.39,1.9
2023-10-01 09:00:00,MACH-C,59.63,2.4
2023-10-01 10:00:00,MACH-C,31.34,1.77
2023-10-01 11:00:00,MACH-C,57.6,3.15
2023-10-01 12:00:00,MACH-C,55.62,2.12
2023-10-01 13:00:00,MACH-C,49.07,2.62
2023-10-01 14:00:00,MACH-C,26.55,2.44
2023-10-01 15:00:00,MACH-C,57.83,2.71
2023-10-01 16:00:00,MACH-C,45.71,2.04
2023-10-01 17:00:00,MACH-C,52.11,2.56
2023-10-01 18:00:00,MACH-C,40.32,2.73
2023-10-01 19:00:00,MACH-C,42.58,2.14
2023-10-01 20:00:00,MACH-C,59.36,1.65
2023-10-01 21:00:00,MACH-C,66.23,2.91
2023-10-01 22:00:00,MACH-C,45.73,2.01
2023-10-01 23:00:00,MACH-C,65.13,2.04
2023-10-02 00:00:00,MACH-C,45.71,2.14
2023-10-02 01:00:00,MACH-C,45.59,1.61
2023-10-02 02:00:00,MACH-C,35.82,2.17
2023-10-02 03:00:00,MACH-C,54.97,2.17
2023-10-02 04:00:00,MACH-C,48.05,1.99
2023-10-02 05:00:00,MACH-C,48.61,1.97
2023-10-02 06:00:00,MACH-C,46.2,1.89
2023-10-02 07:00:00,MACH-C,40.08,1.81
2023-10-02 08:00:00,MACH-C,56.26,2.36
2023-10-02 09:00:00,MACH-C,49.39,2.15
2023-10-02 10:00:00,MACH-C,58.08,2.47
2023-10-02 11:00:00,MACH-C,40.56,1.74
2023-10-02 12:00:00,MACH-C,52.39,2.56
2023-10-02 13:00:00,MACH-C,71.37,2.45
2023-10-02 14:00:00,MACH-C,42.89,1.88
2023-10-02 15:00:00,MACH-C,45.15,1.67
2023-10-02 16:00:00,MACH-C,45.04,2.3
2023-10-02 17:00:00,MACH-C,39.57,1.21
2023-10-02 18:00:00,MACH-C,66.58,1.79
2023-10-02 19:00:00,MACH-C,26.96,2.14
2023-10-02 20:00:00,MACH-C,37.77,1.93
2023-10-02 21:00:00,MACH-C,54.68,1.46
2023-10-02 22:00:00,MACH-C,42.7,2.05
2023-10-02 23:00:00,MACH-C,49.7,1.5
2023-10-03 00:00:00,MACH-C,49.71,2.13
2023-10-03 01:00:00,MACH-C,54.97,1.8
2023-10-03 02:00:00,MACH-C,50.82,1.93
2023-10-03 03:00:00,MACH-C,46.11,1.59
2023-10-03 04:00:00,MACH-C,51.29,2.39
2023-10-03 05:00:00,MACH-C,48.22,1.93
2023-10-03 06:00:00,MACH-C,66.94,1.63
2023-10-03 07:00:00,MACH-C,44.24,1.94
2023-10-03 08:00:00,MACH-C,55.55,2.87
2023-10-03 09:00:00,MACH-C,59.14,2.17
2023-10-03 10:00:00,MACH-C,36.79,2.54
2023-10-03 11:00:00,MACH-C,38.87,1.19
2023-10-03 12:00:00,MACH-C,69.31,1.9
2023-10-03 13:00:00,MACH-C,43.23,1.5
2023-10-03 14:00:00,MACH-C,50.12,1.74
2023-10-03 15:00:00,MACH-C,48.26,1.62
2023-10-03 16:00:00,MACH-C,49.62,2.64
2023-10-03 17:00:00,MACH-C,46.28,2.36
2023-10-03 18:00:00,MACH-C,51.21,1.62
2023-10-03 19:00:00,MACH-C,41.87,1.77
2023-10-03 20:00:00,MACH-C,47.76,2.18
2023-10-03 21:00:00,MACH-C,30.29,2.45
2023-10-03 22:00:00,MACH-C,48.84,2.52
2023-10-03 23:00:00,MACH-C,53.35,2.32
2023-10-04 00:00:00,MACH-C,59.59,2.91
2023-10-04 01:00:00,MACH-C,61.48,2.21
2023-10-04 02:00:00,MACH-C,46.23,1.78
2023-10-04 03:00:00,MACH-C,58.41,1.59
2023-10-04 04:00:00,MACH-C,38.49,1.46
2023-10-04 05:00:00,MACH-C,44.83,1.4
2023-10-04 06:00:00,MACH-C,66.21,2.34
2023-10-04 07:00:00,MACH-C,51.82,2.8
2023-10-04 08:00:00,MACH-C,52.33,2.05
2023-10-04 09:00:00,MACH-C,48.22,2.91
2023-10-04 10:00:00,MACH-C,68.69,2.01
2023-10-04 11:00:00,MACH-C,55.31,2.3
2023-10-04 12:00:00,MACH-C,64.85,1.21
2023-10-04 13:00:00,MACH-C,44.08,2.41
2023-10-04 14:00:00,MACH-C,40.28,1.68
2023-10-04 15:00:00,MACH-C,42.35,2.42
2023-10-04 16:00:00,MACH-C,56.29,2.64
2023-10-04 17:00:00,MACH-C,66.47,2.15
2023-10-04 18:00:00,MACH-C,57.5,2.22
2023-10-04 19:00:00,MACH-C,58.77,2.06
2023-10-04 20:00:00,MACH-C,51.73,2.32
2023-10-04 21:00:00,MACH-C,37.27,2.94
2023-10-04 22:00:00,MACH-C,70.23,2.01
2023-10-04 23:00:00,MACH-C,56.64,2.08
2023-10-05 00:00:00,MACH-C,55.23,1.11
2023-10-05 01:00:00,MACH-C,58.74,2.21
2023-10-05 02:00:00,MACH-C,32.86,1.61
2023-10-05 03:00:00,MACH-C,44.99,1.9
2023-10-05 04:00:00,MACH-C,56.22,2.24
2023-10-05 05:00:00,MACH-C,48.55,1.19
2023-10-05 06:00:00,MACH-C,49.23,2.23
2023-10-05 07:00:00,MACH-C,62.81,2.13
2023-10-05 08:00:00,MACH-C,51.17,2.35
2023-10-05 09:00:00,MACH-C,73.78,1.68
2023-10-05 10:00:00,MACH-C,49.59,2.56
2023-10-05 11:00:00,MACH-C,58.05,2.15
2023-10-05 12:00:00,MACH-C,54.84,1.64
2023-10-05 13:00:00,MACH-C,44.26,1.32
2023-10-05 14:00:00,MACH-C,39.69,1.73
2023-10-05 15:00:00,MACH-C,50.37,2.44
2023-10-05 16:00:00,MACH-C,69.21,2.22
2023-10-05 17:00:00,MACH-C,46.06,0.93
2023-10-05 18:00:00,MACH-C,55.19,1.83
2023-10-05 19:00:00,MACH-C,47.43,2.06
2023-10-05 20:00:00,MACH-C,52.22,2.95
2023-10-05 21:00:00,MACH-C,61.42,2.64
2023-10-05 22:00:00,MACH-C,51.15,1.91
2023-10-05 23:00:00,MACH-C,43.85,2.09
2023-10-06 00:00:00,MACH-C,66.06,1.32
2023-10-06 01:00:00,MACH-C,43.95,0.69
2023-10-06 02:00:00,MACH-C,56.77,1.8
2023-10-06 03:00:00,MACH-C,35.09,2.5
2023-10-06 04:00:00,MACH-C,62.85,2.09
2023-10-06 05:00:00,MACH-C,76.05,1.63
2023-10-06 06:00:00,MACH-C,49.73,2.46
2023-10-06 07:00:00,MACH-C,39.74,2.9
2023-10-06 08:00:00,MACH-C,57.68,1.26
2023-10-06 09:00:00,MACH-C,50.91,1.97
2023-10-06 10:00:00,MACH-C,71.41,1.73
2023-10-06 11:00:00,MACH-C,44.01,2.02
2023-10-06 12:00:00,MACH-C,36.63,1.77
2023-10-06 13:00:00,MACH-C,53.04,3.4
2023-10-06 14:00:00,MACH-C,55.83,1.94
2023-10-06 15:00:00,MACH-C,42.31,2.15
2023-10-06 16:00:00,MACH-C,59.6,2.08
2023-10-06 17:00:00,MACH-C,50.56,1.37
2023-10-06 18:00:00,MACH-C,47.29,2.1
2023-10-06 19:00:00,MACH-C,55.45,1.26
2023-10-06 20:00:00,MACH-C,47.12,2.9
2023-10-06 21:00:00,MACH-C,42.65,2.45
2023-10-06 22:00:00,MACH-C,33.86,1.71
2023-10-06 23:00:00,MACH-C,43.83,1.92
2023-10-07 00:00:00,MACH-C,74.95,2.51
2023-10-07 01:00:00,MACH-C,50.36,2.14
2023-10-07 02:00:00,MACH-C,39.83,1.17
2023-10-07 03:00:00,MACH-C,62.67,2.08
2023-10-07 04:00:00,MACH-C,49.53,2.54
2023-10-07 05:00:00,MACH-C,52.92,0.83
2023-10-07 06:00:00,MACH-C,52.74,2.07
2023-10-07 07:00:00,MACH-C,64.85,1.58
2023-10-07 08:00:00,MACH-C,36.71,2.63
2023-10-07 09:00:00,MACH-C,64.59,1.77
2023-10-07 10:00:00,MACH-C,57.45,1.72
2023-10-07 11:00:00,MACH-C,50.77,2.41
2023-10-07 12:00:00,MACH-C,41.46,1.55
2023-10-07 13:00:00,MACH-C,47.53,2.04
2023-10-07 14:00:00,MACH-C,50.42,2.14
2023-10-07 15:00:00,MACH-C,68.09,1.9
2023-10-07 16:00:00,MACH-C,64.35,1.35
2023-10-07 17:00:00,MACH-C,46.12,1.56
2023-10-07 18:00:00,MACH-C,70.09,1.93
2023-10-07 19:00:00,MACH-C,59.51,1.05
2023-10-07 20:00:00,MACH-C,54.71,2.04
2023-10-07 21:00:00,MACH-C,47.19,1.87
2023-10-07 22:00:00,MACH-C,44.23,2.29
2023-10-07 23:00:00,MACH-C,55.43,2.32
2023-10-08 00:00:00,MACH-C,53.84,1.44
2023-10-08 01:00:00,MACH-C,46.09,1.74
2023-10-08 02:00:00,MACH-C,61.14,1.54
2023-10-08 03:00:00,MACH-C,51.63,1.74
2023-10-08 04:00:00,MACH-C,54.18,1.87
2023-10-08 05:00:00,MACH-C,60.73,2.56
2023-10-08 06:00:00,MACH-C,58.27,1.7
2023-10-08 07:00:00,MACH-C,33.8,2.44
2023-10-08 08:00:00,MACH-C,57.62,2.13
2023-10-08 09:00:00,MACH-C,50.28,2.69
2023-10-08 10:00:00,MACH-C,45.53,1.82
2023-10-08 11:00:00,MACH-C,50.52,1.59
2023-10-08 12:00:00,MACH-C,46.94,2.07
2023-10-08 13:00:00,MACH-C,51.27,1.2
2023-10-08 14:00:00,MACH-C,49.79,2.08
2023-10-08 15:00:00,MACH-C,56.88,2.28
2023-10-08 16:00:00,MACH-C,34.68,2.55
2023-10-08 17:00:00,MACH-C,51.84,2.2
2023-10-08 18:00:00,MACH-C,49.71,1.93
2023-10-08 19:00:00,MACH-C,72.52,2.97
2023-10-08 20:00:00,MACH-C,30.43,2.0
2023-10-08 21:00:00,MACH-C,59.22,1.47
2023-10-08 22:00:00,MACH-C,54.33,1.98
2023-10-08 23:00:00,MACH-C,57.66,1.33
2023-10-09 00:00:00,MACH-C,45.53,1.38
2023-10-09 01:00:00,MACH-C,53.19,2.12
2023-10-09 02:00:00,MACH-C,51.45,1.34
2023-10-09 03:00:00,MACH-C,85.36,1.69
2023-10-09 04:00:00,MACH-C,46.91,1.42
2023-10-09 05:00:00,MACH-C,42.15,2.07
2023-10-09 06:00:00,MACH-C,70.01,1.64
2023-10-09 07:00:00,MACH-C,53.44,2.27
2023-10-09 08:00:00,MACH-C,55.14,2.23
2023-10-09 09:00:00,MACH-C,61.27,1.35
2023-10-09 10:00:00,MACH-C,50.77,2.46
2023-10-09 11:00:00,MACH-C,45.81,1.91
2023-10-09 12:00:00,MACH-C,51.32,1.39
2023-10-09 13:00:00,MACH-C,41.59,2.19
2023-10-09 14:00:00,MACH-C,35.48,2.88
2023-10-09 15:00:00,MACH-C,41.57,1.9
2023-10-09 16:00:00,MACH-C,26.38,1.18
2023-10-09 17:00:00,MACH-C,46.36,2.46
2023-10-09 18:00:00,MACH-C,45.0,2.79
2023-10-09 19:00:00,MACH-C,56.04,1.46
2023-10-09 20:00:00,MACH-C,51.29,1.6
2023-10-09 21:00:00,MACH-C,48.61,2.02
2023-10-09 22:00:00,MACH-C,61.78,1.03
2023-10-09 23:00:00,MACH-C,45.83,3.04
2023-10-10 00:00:00,MACH-C,38.9,1.97
2023-10-10 01:00:00,MACH-C,24.72,2.02
2023-10-10 02:00:00,MACH-C,50.25,2.18
2023-10-10 03:00:00,MACH-C,49.47,1.87
2023-10-10 04:00:00,MACH-C,62.69,1.74
2023-10-10 05:00:00,MACH-C,41.32,1.53
2023-10-10 06:00:00,MACH-C,57.5,1.41
2023-10-10 07:00:00,MACH-C,25.17,2.2
2023-10-10 08:00:00,MACH-C,37.01,2.68
2023-10-10 09:00:00,MACH-C,53.84,2.47
2023-10-10 10:00:00,MACH-C,56.89,1.86
2023-10-10 11:00:00,MACH-C,33.41,1.9
2023-10-10 12:00:00,MACH-C,42.05,2.81
2023-10-10 13:00:00,MACH-C,50.45,1.6
2023-10-10 14:00:00,MACH-C,49.05,1.17
2023-10-10 15:00:00,MACH-C,55.48,2.13
2023-10-10 16:00:00,MACH-C,59.13,2.43
2023-10-10 17:00:00,MACH-C,37.22,0.76
2023-10-10 18:00:00,MACH-C,54.44,2.2
2023-10-10 19:00:00,MACH-C,42.8,1.44
2023-10-10 20:00:00,MACH-C,53.36,1.29
2023-10-10 21:00:00,MACH-C,45.33,1.86
2023-10-10 22:00:00,MACH-C,60.77,1.42
2023-10-10 23:00:00,MACH-C,55.87,1.11
2023-10-11 00:00:00,MACH-C,40.11,2.05
2023-10-11 01:00:00,MACH-C,33.21,1.98
2023-10-11 02:00:00,MACH-C,61.89,1.14
2023-10-11 03:00:00,MACH-C,42.94,1.3
2023-10-11 04:00:00,MACH-C,43.98,2.23
2023-10-11 05:00:00,MACH-C,57.42,2.26
2023-10-11 06:00:00,MACH-C,39.77,0.68
2023-10-11 07:00:00,MACH-C,51.99,1.37
2023-10-11 08:00:00,MACH-C,50.18,1.96
2023-10-11 09:00:00,MACH-C,49.18,2.21
2023-10-11 10:00:00,MACH-C,61.95,2.21
2023-10-11 11:00:00,MACH-C,54.66,2.3
2023-10-11 12:00:00,MACH-C,59.79,1.64
2023-10-11 13:00:00,MACH-C,47.5,2.09
2023-10-11 14:00:00,MACH-C,42.76,1.8
2023-10-11 15:00:00,MACH-C,60.39,1.72
2023-10-11 16:00:00,MACH-C,44.29,1.24
2023-10-11 17:00:00,MACH-C,51.24,2.15
2023-10-11 18:00:00,MACH-C,54.24,1.18
2023-10-11 19:00:00,MACH-C,42.3,1.41
2023-10-11 20:00:00,MACH-C,42.34,2.34
2023-10-11 21:00:00,MACH-C,47.28,1.92
2023-10-11 22:00:00,MACH-C,57.44,2.53
2023-10-11 23:00:00,MACH-C,53.46,1.83
2023-10-12 00:00:00,MACH-C,36.47,1.72
2023-10-12 01:00:00,MACH-C,69.53,2.57
2023-10-12 02:00:00,MACH-C,53.8,1.8
2023-10-12 03:00:00,MACH-C,45.76,2.14
2023-10-12 04:00:00,MACH-C,48.47,1.92
2023-10-12 05:00:00,MACH-C,47.58,2.06
2023-10-12 06:00:00,MACH-C,46.28,1.89
2023-10-12 07:00:00,MACH-C,61.66,2.44
2023-10-12 08:00:00,MACH-C,73.76,2.03
2023-10-12 09:00:00,MACH-C,44.87,1.83
2023-10-12 10:00:00,MACH-C,45.42,2.13
2023-10-12 11:00:00,MACH-C,49.1,1.23
2023-10-12 12:00:00,MACH-C,36.23,2.51
2023-10-12 13:00:00,MACH-C,55.28,1.25
2023-10-12 14:00:00,MACH-C,51.87,1.67
2023-10-12 15:00:00,MACH-C,51.5,1.77
2023-10-12 16:00:00,MACH-C,31.47,2.12
2023-10-12 17:00:00,MACH-C,27.38,2.81
2023-10-12 18:00:00,MACH-C,46.32,2.52
2023-10-12 19:00:00,MACH-C,56.62,1.26
2023-10-12 20:00:00,MACH-C,32.22,1.56
2023-10-12 21:00:00,MACH-C,58.95,1.3
2023-10-12 22:00:00,MACH-C,46.97,1.35
2023-10-12 23:00:00,MACH-C,41.71,1.7
2023-10-13 00:00:00,MACH-C,50.83,2.65
2023-10-13 01:00:00,MACH-C,37.02,1.88
2023-10-13 02:00:00,MACH-C,24.62,1.94
2023-10-13 03:00:00,MACH-C,62.06,2.11
2023-10-13 04:00:00,MACH-C,49.51,1.53
2023-10-13 05:00:00,MACH-C,42.79,1.96
2023-10-13 06:00:00,MACH-C,44.22,2.12
2023-10-13 07:00:00,MACH-C,42.25,3.23
2023-10-13 08:00:00,MACH-C,46.47,2.46
2023-10-13 09:00:00,MACH-C,48.88,2.82
2023-10-13 10:00:00,MACH-C,56.88,2.01
2023-10-13 11:00:00,MACH-C,43.04,2.26
2023-10-13 12:00:00,MACH-C,39.43,2.13
2023-10-13 13:00:00,MACH-C,44.64,1.11
2023-10-13 14:00:00,MACH-C,74.64,0.77
2023-10-13 15:00:00,MACH-C,51.57,1.44
2023-10-13 16:00:00,MACH-C,54.0,2.62
2023-10-13 17:00:00,MACH-C,47.45,1.8
2023-10-13 18:00:00,MACH-C,67.33,2.39
2023-10-13 19:00:00,MACH-C,58.6,2.65
2023-10-13 20:00:00,MACH-C,39.59,1.36
2023-10-13 21:00:00,MACH-C,51.58,2.74
2023-10-13 22:00:00,MACH-C,46.13,1.42
2023-10-13 23:00:00,MACH-C,54.11,1.9
2023-10-14 00:00:00,MACH-C,59.97,1.46
2023-10-14 01:00:00,MACH-C,37.77,2.12
2023-10-14 02:00:00,MACH-C,53.59,1.92
2023-10-14 03:00:00,MACH-C,41.93,2.4
2023-10-14 04:00:00,MACH-C,64.16,2.5
2023-10-14 05:00:00,MACH-C,59.66,2.79
2023-10-14 06:00:00,MACH-C,30.1,2.38
2023-10-14 07:00:00,MACH-C,38.73,2.41
2023-10-14 08:00:00,MACH-C,36.56,1.78
2023-10-14 09:00:00,MACH-C,49.38,1.91
2023-10-14 10:00:00,MACH-C,53.01,2.16
2023-10-14 11:00:00,MACH-C,57.91,1.38
2023-10-14 12:00:00,MACH-C,47.54,2.56
2023-10-14 13:00:00,MACH-C,47.18,1.93
2023-10-14 14:00:00,MACH-C,52.84,2.1
2023-10-14 15:00:00,MACH-C,81.5,1.24
2023-10-14 16:00:00,MACH-C,34.85,1.82
2023-10-14 17:00:00,MACH-C,87.91,4.91
2023-10-14 18:00:00,MACH-C,44.64,2.21
2023-10-14 19:00:00,MACH-C,42.81,2.41
2023-10-14 20:00:00,MACH-C,42.62,1.83
2023-10-14 21:00:00,MACH-C,49.88,2.06
2023-10-14 22:00:00,MACH-C,38.3,1.95
2023-10-14 23:00:00,MACH-C,44.05,2.33
2023-10-15 00:00:00,MACH-C,47.05,2.13
2023-10-15 01:00:00,MACH-C,47.29,1.81
2023-10-15 02:00:00,MACH-C,48.59,0.72
2023-10-15 03:00:00,MACH-C,48.5,2.09
2023-10-15 04:00:00,MACH-C,41.93,1.16
2023-10-15 05:00:00,MACH-C,47.45,2.34
2023-10-15 06:00:00,MACH-C,49.95,2.42
2023-10-15 07:00:00,MACH-C,59.6,0.86
2023-10-15 08:00:00,MACH-C,35.19,2.15
2023-10-15 09:00:00,MACH-C,50.24,2.14
2023-10-15 10:00:00,MACH-C,51.65,2.19
2023-10-15 11:00:00,MACH-C,51.84,1.38
2023-10-15 12:00:00,MACH-C,52.31,2.24
2023-10-15 13:00:00,MACH-C,36.87,1.37
2023-10-15 14:00:00,MACH-C,51.61,2.35
2023-10-15 15:00:00,MACH-C,51.06,2.22
2023-10-15 16:00:00,MACH-C,55.48,1.84
2023-10-15 17:00:00,MACH-C,48.34,2.21
2023-10-15 18:00:00,MACH-C,44.6,1.53
2023-10-15 19:00:00,MACH-C,60.01,1.72
2023-10-15 20:00:00,MACH-C,37.82,2.58
2023-10-15 21:00:00,MACH-C,36.26,2.56
2023-10-15 22:00:00,MACH-C,37.59,1.45
2023-10-15 23:00:00,MACH-C,53.46,1.69
2023-10-16 00:00:00,MACH-C,42.77,1.72
2023-10-16 01:00:00,MACH-C,48.89,2.03
2023-10-16 02:00:00,MACH-C,63.85,1.93
2023-10-16 03:00:00,MACH-C,38.23,2.65
2023-10-16 04:00:00,MACH-C,32.98,2.77
2023-10-16 05:00:00,MACH-C,58.3,2.9
2023-10-16 06:00:00,MACH-C,41.66,3.08
2023-10-16 07:00:00,MACH-C,38.28,1.21
2023-10-16 08:00:00,MACH-C,48.92,1.91
2023-10-16 09:00:00,MACH-C,48.09,1.65
2023-10-16 10:00:00,MACH-C,41.32,1.55
2023-10-16 11:00:00,MACH-C,55.62,2.7
2023-10-16 12:00:00,MACH-C,42.21,2.21
2023-10-16 13:00:00,MACH-C,41.75,1.21
2023-10-16 14:00:00,MACH-C,31.34,3.3
2023-10-16 15:00:00,MACH-C,25.45,1.09
2023-10-16 16:00:00,MACH-C,52.36,1.82
2023-10-16 17:00:00,MACH-C,36.79,2.04
2023-10-16 18:00:00,MACH-C,48.47,1.43
2023-10-16 19:00:00,MACH-C,69.28,2.28
2023-10-16 20:00:00,MACH-C,54.65,1.69
2023-10-16 21:00:00,MACH-C,50.28,2.41
2023-10-16 22:00:00,MACH-C,54.24,2.2
2023-10-16 23:00:00,MACH-C,71.57,0.75
2023-10-17 00:00:00,MACH-C,31.14,1.22
2023-10-17 01:00:00,MACH-C,48.64,2.42
2023-10-17 02:00:00,MACH-C,64.75,2.2
2023-10-17 03:00:00,MACH-C,53.08,1.49
2023-10-17 04:00:00,MACH-C,62.05,1.67
2023-10-17 05:00:00,MACH-C,43.74,1.96
2023-10-17 06:00:00,MACH-C,37.5,0.99
2023-10-17 07:00:00,MACH-C,69.11,3.14
2023-10-17 08:00:00,MACH-C,50.75,1.51
2023-10-17 09:00:00,MACH-C,58.26,2.02
2023-10-17 10:00:00,MACH-C,58.88,2.84
2023-10-17 11:00:00,MACH-C,62.8,1.91
2023-10-17 12:00:00,MACH-C,52.94,2.16
2023-10-17 13:00:00,MACH-C,53.38,1.52
2023-10-17 14:00:00,MACH-C,54.97,1.73
2023-10-17 15:00:00,MACH-C,43.58,1.54
2023-10-17 16:00:00,MACH-C,60.5,2.64
2023-10-17 17:00:00,MACH-C,44.29,1.67
2023-10-17 18:00:00,MACH-C,61.06,1.63
2023-10-17 19:00:00,MACH-C,57.95,1.57
2023-10-17 20:00:00,MACH-C,27.94,2.19
2023-10-17 21:00:00,MACH-C,58.07,2.29
2023-10-17 22:00:00,MACH-C,52.34,1.0
2023-10-17 23:00:00,MACH-C,63.34,2.03
2023-10-18 00:00:00,MACH-C,67.33,2.15
2023-10-18 01:00:00,MACH-C,51.11,2.7
2023-10-18 02:00:00,MACH-C,53.57,1.39
2023-10-18 03:00:00,MACH-C,37.17,1.44
2023-10-18 04:00:00,MACH-C,48.32,2.32
2023-10-18 05:00:00,MACH-C,66.56,1.97
2023-10-18 06:00:00,MACH-C,50.0,2.69
2023-10-18 07:00:00,MACH-C,59.27,2.55
2023-10-18 08:00:00,MACH-C,49.78,2.14
2023-10-18 09:00:00,MACH-C,48.83,1.97
2023-10-18 10:00:00,MACH-C,55.75,1.92
2023-10-18 11:00:00,MACH-C,20.88,1.99
2023-10-18 12:00:00,MACH-C,53.72,2.03
2023-10-18 13:00:00,MACH-C,27.51,2.71
2023-10-18 14:00:00,MACH-C,49.17,0.98
2023-10-18 15:00:00,MACH-C,41.65,1.79
2023-10-18 16:00:00,MACH-C,38.45,2.1
2023-10-18 17:00:00,MACH-C,64.78,1.7
2023-10-18 18:00:00,MACH-C,61.2,1.86
2023-10-18 19:00:00,MACH-C,46.44,1.78
2023-10-18 20:00:00,MACH-C,73.78,2.65
2023-10-18 21:00:00,MACH-C,59.94,1.79
2023-10-18 22:00:00,MACH-C,48.42,1.64
2023-10-18 23:00:00,MACH-C,31.12,2.39
2023-10-19 00:00:00,MACH-C,49.01,1.73
2023-10-19 01:00:00,MACH-C,43.68,1.92
2023-10-19 02:00:00,MACH-C,45.38,1.45
2023-10-19 03:00:00,MACH-C,54.14,1.8
2023-10-19 04:00:00,MACH-C,43.72,1.98
2023-10-19 05:00:00,MACH-C,63.21,1.37
2023-10-19 06:00:00,MACH-C,44.7,1.95
2023-10-19 07:00:00,MACH-C,39.78,2.26
2023-10-19 08:00:00,MACH-C,56.5,1.0
2023-10-19 09:00:00,MACH-C,49.72,1.67
2023-10-19 10:00:00,MACH-C,58.55,3.28
2023-10-19 11:00:00,MACH-C,51.71,1.9
2023-10-19 12:00:00,MACH-C,36.11,2.57
2023-10-19 13:00:00,MACH-C,53.04,1.99
2023-10-19 14:00:00,MACH-C,40.92,1.84
2023-10-19 15:00:00,MACH-C,51.46,2.47
2023-10-19 16:00:00,MACH-C,44.02,2.6
2023-10-19 17:00:00,MACH-C,47.95,1.55
2023-10-19 18:00:00,MACH-C,50.43,1.45
2023-10-19 19:00:00,MACH-C,57.34,1.32
2023-10-19 20:00:00,MACH-C,44.49,1.56
2023-10-19 21:00:00,MACH-C,22.1,2.57
2023-10-19 22:00:00,MACH-C,40.43,2.02
2023-10-19 23:00:00,MACH-C,51.34,2.59
2023-10-20 00:00:00,MACH-C,61.82,1.48
2023-10-20 01:00:00,MACH-C,53.0,1.5
2023-10-20 02:00:00,MACH-C,59.96,1.8
2023-10-20 03:00:00,MACH-C,51.58,2.15
2023-10-20 04:00:00,MACH-C,52.18,1.93
2023-10-20 05:00:00,MACH-C,47.58,2.35
2023-10-20 06:00:00,MACH-C,60.49,2.21
2023-10-20 07:00:00,MACH-C,66.46,2.24
2023-10-20 08:00:00,MACH-C,40.35,2.34
2023-10-20 09:00:00,MACH-C,52.25,2.55
2023-10-20 10:00:00,MACH-C,38.08,0.77
2023-10-20 11:00:00,MACH-C,66.71,1.99
2023-10-20 12:00:00,MACH-C,51.71,2.42
2023-10-20 13:00:00,MACH-C,49.8,3.26
2023-10-20 14:00:00,MACH-C,38.61,1.95
2023-10-20 15:00:00,MACH-C,47.75,0.9
2023-10-20 16:00:00,MACH-C,49.24,2.71
2023-10-20 17:00:00,MACH-C,39.26,1.39
2023-10-20 18:00:00,MACH-C,51.51,2.23
2023-10-20 19:00:00,MACH-C,41.41,2.27
2023-10-20 20:00:00,MACH-C,54.35,2.06
2023-10-20 21:00:00,MACH-C,40.14,0.93
2023-10-20 22:00:00,MACH-C,51.57,1.82
2023-10-20 23:00:00,MACH-C,48.06,1.22
2023-10-21 00:00:00,MACH-C,53.01,2.23
2023-10-21 01:00:00,MACH-C,51.66,1.56
2023-10-21 02:00:00,MACH-C,50.95,0.94
2023-10-21 03:00:00,MACH-C,42.6,2.36
2023-10-21 04:00:00,MACH-C,55.54,1.37
2023-10-21 05:00:00,MACH-C,52.87,2.07
2023-10-21 06:00:00,MACH-C,93.17,4.55
2023-10-21 07:00:00,MACH-C,49.75,2.43
2023-10-21 08:00:00,MACH-C,48.2,2.41
2023-10-21 09:00:00,MACH-C,39.85,2.12
2023-10-21 10:00:00,MACH-C,43.39,1.95
2023-10-21 11:00:00,MACH-C,45.27,1.78
2023-10-21 12:00:00,MACH-C,59.61,1.4
2023-10-21 13:00:00,MACH-C,37.55,1.71
2023-10-21 14:00:00,MACH-C,36.61,2.24
2023-10-21 15:00:00,MACH-C,49.29,2.98
2023-10-21 16:00:00,MACH-C,42.34,2.29
2023-10-21 17:00:00,MACH-C,46.18,2.36
2023-10-21 18:00:00,MACH-C,45.6,1.95
2023-10-21 19:00:00,MACH-C,43.69,2.26
2023-10-21 20:00:00,MACH-C,42.37,0.93
2023-10-21 21:00:00,MACH-C,40.68,1.64
2023-10-21 22:00:00,MACH-C,46.31,2.35
2023-10-21 23:00:00,MACH-C,35.38,2.36
2023-10-22 00:00:00,MACH-C,56.06,1.73
2023-10-22 01:00:00,MACH-C,41.16,1.35
2023-10-22 02:00:00,MACH-C,54.53,1.96
2023-10-22 03:00:00,MACH-C,43.41,1.78
2023-10-22 04:00:00,MACH-C,60.37,2.47
2023-10-22 05:00:00,MACH-C,50.4,2.35
2023-10-22 06:00:00,MACH-C,39.23,2.77
2023-10-22 07:00:00,MACH-C,74.98,2.56
2023-10-22 08:00:00,MACH-C,45.82,1.86
2023-10-22 09:00:00,MACH-C,44.43,2.17
2023-10-22 10:00:00,MACH-C,45.12,3.02
2023-10-22 11:00:00,MACH-C,53.98,1.8
2023-10-22 12:00:00,MACH-C,35.47,2.09
2023-10-22 13:00:00,MACH-C,51.36,2.0
2023-10-22 14:00:00,MACH-C,33.15,2.01
2023-10-22 15:00:00,MACH-C,49.26,1.56
2023-10-22 16:00:00,MACH-C,61.27,2.65
2023-10-22 17:00:00,MACH-C,44.45,1.54
2023-10-22 18:00:00,MACH-C,58.88,2.93
2023-10-22 19:00:00,MACH-C,33.31,2.82
2023-10-22 20:00:00,MACH-C,43.78,2.13
2023-10-22 21:00:00,MACH-C,37.76,2.0
2023-10-22 22:00:00,MACH-C,69.08,1.61
2023-10-22 23:00:00,MACH-C,45.92,2.04
2023-10-23 00:00:00,MACH-C,43.5,2.54
2023-10-23 01:00:00,MACH-C,47.42,1.66
2023-10-23 02:00:00,MACH-C,50.07,2.73
2023-10-23 03:00:00,MACH-C,46.29,2.51
2023-10-23 04:00:00,MACH-C,38.09,1.95
2023-10-23 05:00:00,MACH-C,63.49,2.4
2023-10-23 06:00:00,MACH-C,60.88,1.54
2023-10-23 07:00:00,MACH-C,53.33,1.95
2023-10-23 08:00:00,MACH-C,52.8,3.11
2023-10-23 09:00:00,MACH-C,52.15,2.6
2023-10-23 10:00:00,MACH-C,45.43,2.25
2023-10-23 11:00:00,MACH-C,44.35,2.03
2023-10-23 12:00:00,MACH-C,65.94,1.96
2023-10-23 13:00:00,MACH-C,56.25,1.99
2023-10-23 14:00:00,MACH-C,36.7,1.61
2023-10-23 15:00:00,MACH-C,45.48,2.33
2023-10-23 16:00:00,MACH-C,54.88,2.52
2023-10-23 17:00:00,MACH-C,53.68,1.87
2023-10-23 18:00:00,MACH-C,55.28,2.23
2023-10-23 19:00:00,MACH-C,35.14,1.64
2023-10-23 20:00:00,MACH-C,53.2,1.97
2023-10-23 21:00:00,MACH-C,61.15,1.58
2023-10-23 22:00:00,MACH-C,34.95,1.89
2023-10-23 23:00:00,MACH-C,67.4,2.06
2023-10-24 00:00:00,MACH-C,53.3,2.3
2023-10-24 01:00:00,MACH-C,51.1,1.69
2023-10-24 02:00:00,MACH-C,40.48,2.24
2023-10-24 03:00:00,MACH-C,43.63,1.52
2023-10-24 04:00:00,MACH-C,46.22,2.16
2023-10-24 05:00:00,MACH-C,35.74,3.11
2023-10-24 06:00:00,MACH-C,46.85,1.81
2023-10-24 07:00:00,MACH-C,41.08,1.33
2023-10-24 08:00:00,MACH-C,56.83,2.45
2023-10-24 09:00:00,MACH-C,19.54,2.14
2023-10-24 10:00:00,MACH-C,86.7,3.21
2023-10-24 11:00:00,MACH-C,40.32,2.64
2023-10-24 12:00:00,MACH-C,50.03,1.64
2023-10-24 13:00:00,MACH-C,73.54,1.66
2023-10-24 14:00:00,MACH-C,66.74,2.27
2023-10-24 15:00:00,MACH-C,45.05,2.52
2023-10-24 16:00:00,MACH-C,48.15,2.12
2023-10-24 17:00:00,MACH-C,41.62,1.96
2023-10-24 18:00:00,MACH-C,48.49,2.16
2023-10-24 19:00:00,MACH-C,57.36,2.37
2023-10-24 20:00:00,MACH-C,36.86,1.28
2023-10-24 21:00:00,MACH-C,65.67,1.5
2023-10-24 22:00:00,MACH-C,59.14,1.96
2023-10-24 23:00:00,MACH-C,58.71,2.35
2023-10-25 00:00:00,MACH-C,53.82,3.09
2023-10-25 01:00:00,MACH-C,40.96,1.94
2023-10-25 02:00:00,MACH-C,60.12,2.12
2023-10-25 03:00:00,MACH-C,46.8,1.67
2023-10-25 04:00:00,MACH-C,33.11,2.33
2023-10-25 05:00:00,MACH-C,50.8,1.45
2023-10-25 06:00:00,MACH-C,38.41,1.99
2023-10-25 07:00:00,MACH-C,43.95,1.52
2023-10-25 08:00:00,MACH-C,57.07,0.94
2023-10-25 09:00:00,MACH-C,48.8,3.35
2023-10-25 10:00:00,MACH-C,49.63,2.4
2023-10-25 11:00:00,MACH-C,61.68,2.4
2023-10-25 12:00:00,MACH-C,27.44,2.45
2023-10-25 13:00:00,MACH-C,61.25,2.71
2023-10-25 14:00:00,MACH-C,51.47,2.08
2023-10-25 15:00:00,MACH-C,49.31,2.43
2023-10-25 16:00:00,MACH-C,49.62,1.75
2023-10-25 17:00:00,MACH-C,56.4,1.91
2023-10-25 18:00:00,MACH-C,60.26,1.23
2023-10-25 19:00:00,MACH-C,47.64,2.1
2023-10-25 20:00:00,MACH-C,48.66,1.74
2023-10-25 21:00:00,MACH-C,56.09,1.93
2023-10-25 22:00:00,MACH-C,29.02,2.41
2023-10-25 23:00:00,MACH-C,49.01,2.15
2023-10-26 00:00:00,MACH-C,54.98,2.52
2023-10-26 01:00:00,MACH-C,45.07,1.7
2023-10-26 02:00:00,MACH-C,42.01,2.19
2023-10-26 03:00:00,MACH-C,48.48,1.68
2023-10-26 04:00:00,MACH-C,44.15,1.91
2023-10-26 05:00:00,MACH-C,47.54,1.85
2023-10-26 06:00:00,MACH-C,45.28,1.49
2023-10-26 07:00:00,MACH-C,65.62,1.79
2023-10-26 08:00:00,MACH-C,38.6,2.29
2023-10-26 09:00:00,MACH-C,58.35,1.54
2023-10-26 10:00:00,MACH-C,44.13,1.67
2023-10-26 11:00:00,MACH-C,53.26,2.62
2023-10-26 12:00:00,MACH-C,56.47,2.71
2023-10-26 13:00:00,MACH-C,65.3,2.42
2023-10-26 14:00:00,MACH-C,53.93,2.85
2023-10-26 15:00:00,MACH-C,46.04,2.68
2023-10-26 16:00:00,MACH-C,50.66,1.96
2023-10-26 17:00:00,MACH-C,69.18,2.99
2023-10-26 18:00:00,MACH-C,51.63,2.78
2023-10-26 19:00:00,MACH-C,36.92,1.96
2023-10-26 20:00:00,MACH-C,46.17,2.13
2023-10-26 21:00:00,MACH-C,45.91,1.67
2023-10-26 22:00:00,MACH-C,57.3,1.95
2023-10-26 23:00:00,MACH-C,37.78,1.22
2023-10-27 00:00:00,MACH-C,44.92,1.71
2023-10-27 01:00:00,MACH-C,52.14,2.4
2023-10-27 02:00:00,MACH-C,47.2,1.49
2023-10-27 03:00:00,MACH-C,50.91,1.84
2023-10-27 04:00:00,MACH-C,51.48,2.28
2023-10-27 05:00:00,MACH-C,52.14,1.86
2023-10-27 06:00:00,MACH-C,40.73,2.58
2023-10-27 07:00:00,MACH-C,57.98,2.6
2023-10-27 08:00:00,MACH-C,44.65,1.69
2023-10-27 09:00:00,MACH-C,49.88,1.78
2023-10-27 10:00:00,MACH-C,37.88,2.02
2023-10-27 11:00:00,MACH-C,50.4,1.67
2023-10-27 12:00:00,MACH-C,51.9,2.82
2023-10-27 13:00:00,MACH-C,50.36,1.79
2023-10-27 14:00:00,MACH-C,42.2,2.46
2023-10-27 15:00:00,MACH-C,61.28,1.25
2023-10-27 16:00:00,MACH-C,55.83,1.61
2023-10-27 17:00:00,MACH-C,48.61,1.46
2023-10-27 18:00:00,MACH-C,48.52,1.38
2023-10-27 19:00:00,MACH-C,42.62,1.74
2023-10-27 20:00:00,MACH-C,43.77,2.18
2023-10-27 21:00:00,MACH-C,64.57,2.77
2023-10-27 22:00:00,MACH-C,46.42,1.9
2023-10-27 23:00:00,MACH-C,77.64,2.04
2023-10-28 00:00:00,MACH-C,38.4,2.17
2023-10-28 01:00:00,MACH-C,53.69,1.64
2023-10-28 02:00:00,MACH-C,52.26,1.99
2023-10-28 03:00:00,MACH-C,50.36,3.04
2023-10-28 04:00:00,MACH-C,34.08,2.19
2023-10-28 05:00:00,MACH-C,36.29,3.04
2023-10-28 06:00:00,MACH-C,51.96,2.01
2023-10-28 07:00:00,MACH-C,39.76,1.69
2023-10-28 08:00:00,MACH-C,62.09,2.52
2023-10-28 09:00:00,MACH-C,47.76,2.63
2023-10-28 10:00:00,MACH-C,52.55,1.75
2023-10-28 11:00:00,MACH-C,49.6,2.18
2023-10-28 12:00:00,MACH-C,49.32,1.97
2023-10-28 13:00:00,MACH-C,65.21,1.31
2023-10-28 14:00:00,MACH-C,60.84,1.34
2023-10-28 15:00:00,MACH-C,51.54,1.9
2023-10-28 16:00:00,MACH-C,56.75,2.58
2023-10-28 17:00:00,MACH-C,61.73,2.43
2023-10-28 18:00:00,MACH-C,44.02,1.54
2023-10-28 19:00:00,MACH-C,34.45,1.44
2023-10-28 20:00:00,MACH-C,55.53,1.56
2023-10-28 21:00:00,MACH-C,62.46,1.52
2023-10-28 22:00:00,MACH-C,32.85,1.56
2023-10-28 23:00:00,MACH-C,43.94,0.99
2023-10-29 00:00:00,MACH-C,47.59,0.78
2023-10-29 01:00:00,MACH-C,40.18,0.72
2023-10-29 02:00:00,MACH-C,48.55,1.22
2023-10-29 03:00:00,MACH-C,38.87,2.58
2023-10-29 04:00:00,MACH-C,46.81,3.8
2023-10-29 05:00:00,MACH-C,56.99,3.01
2023-10-29 06:00:00,MACH-C,29.31,2.12
2023-10-29 07:00:00,MACH-C,39.49,1.61
2023-10-29 08:00:00,MACH-C,64.01,1.78
2023-10-29 09:00:00,MACH-C,41.76,2.07
2023-10-29 10:00:00,MACH-C,24.01,3.03
2023-10-29 11:00:00,MACH-C,51.71,1.5
2023-10-29 12:00:00,MACH-C,49.25,2.0
2023-10-29 13:00:00,MACH-C,51.48,2.05
2023-10-29 14:00:00,MACH-C,50.57,1.96
2023-10-29 15:00:00,MACH-C,62.73,1.0
2023-10-29 16:00:00,MACH-C,42.97,1.86
2023-10-29 17:00:00,MACH-C,49.06,1.32
2023-10-29 18:00:00,MACH-C,45.67,3.14
2023-10-29 19:00:00,MACH-C,56.76,2.29
2023-10-29 20:00:00,MACH-C,57.78,2.56
2023-10-29 21:00:00,MACH-C,53.72,1.56
2023-10-29 22:00:00,MACH-C,71.54,1.78
2023-10-29 23:00:00,MACH-C,55.53,3.02
2023-10-30 00:00:00,MACH-C,62.55,2.51
2023-10-30 01:00:00,MACH-C,41.15,2.21
2023-10-30 02:00:00,MACH-C,43.02,2.67
2023-10-30 03:00:00,MACH-C,69.8,2.98
2023-10-30 04:00:00,MACH-C,36.46,2.76
2023-10-30 05:00:00,MACH-C,57.68,2.52
2023-10-30 06:00:00,MACH-C,62.87,2.57
2023-10-30 07:00:00,MACH-C,61.76,1.84
2023-10-30 08:00:00,MACH-C,34.05,2.1
2023-10-30 09:00:00,MACH-C,46.49,2.34
2023-10-30 10:00:00,MACH-C,56.22,2.16
2023-10-30 11:00:00,MACH-C,57.42,2.25
2023-10-30 12:00:00,MACH-C,49.91,1.93
2023-10-30 13:00:00,MACH-C,43.04,0.63
2023-10-30 14:00:00,MACH-C,47.27,2.34
2023-10-30 15:00:00,MACH-C,43.82,2.05
2023-10-30 16:00:00,MACH-C,37.57,2.06
2023-10-30 17:00:00,MACH-C,47.01,3.1
2023-10-30 18:00:00,MACH-C,68.49,2.18
2023-10-30 19:00:00,MACH-C,47.21,1.6
2023-10-30 20:00:00,MACH-C,34.87,2.34
2023-10-30 21:00:00,MACH-C,46.41,2.04
2023-10-30 22:00:00,MACH-C,67.28,2.56
2023-10-30 23:00:00,MACH-C,34.07,1.7
2023-10-31 00:00:00,MACH-C,49.99,1.59
2023-10-31 01:00:00,MACH-C,57.38,1.73
2023-10-31 02:00:00,MACH-C,38.59,1.14
2023-10-31 03:00:00,MACH-C,51.91,1.78
2023-10-31 04:00:00,MACH-C,40.87,2.79
2023-10-31 05:00:00,MACH-C,37.74,1.64
2023-10-31 06:00:00,MACH-C,56.23,1.32
2023-10-31 07:00:00,MACH-C,68.23,1.74
2023-10-31 08:00:00,MACH-C,46.13,2.11
2023-10-31 09:00:00,MACH-C,55.81,1.63
2023-10-31 10:00:00,MACH-C,54.84,2.04
2023-10-31 11:00:00,MACH-C,51.74,2.13
2023-10-31 12:00:00,MACH-C,43.11,2.0
2023-10-31 13:00:00,MACH-C,39.87,1.96
2023-10-31 14:00:00,MACH-C,42.03,2.88
2023-10-31 15:00:00,MACH-C,48.21,2.09
2023-10-31 16:00:00,MACH-C,45.81,1.6
2023-10-31 17:00:00,MACH-C,38.51,2.38
2023-10-31 18:00:00,MACH-C,47.95,1.97
2023-10-31 19:00:00,MACH-C,43.64,2.04
2023-10-31 20:00:00,MACH-C,55.57,2.51
2023-10-31 21:00:00,MACH-C,46.09,2.67
2023-10-31 22:00:00,MACH-C,58.44,1.43
2023-10-31 23:00:00,MACH-C,52.3,2.87
2023-11-01 00:00:00,MACH-C,45.03,1.97
2023-11-01 01:00:00,MACH-C,94.64,4.3
2023-11-01 02:00:00,MACH-C,48.65,1.5
2023-11-01 03:00:00,MACH-C,51.66,2.37
2023-11-01 04:00:00,MACH-C,53.61,1.29
2023-11-01 05:00:00,MACH-C,45.5,2.27
2023-11-01 06:00:00,MACH-C,47.61,2.83
2023-11-01 07:00:00,MACH-C,51.14,1.84
2023-11-01 08:00:00,MACH-C,20.43,2.54
2023-11-01 09:00:00,MACH-C,55.53,2.04
2023-11-01 10:00:00,MACH-C,40.46,1.3
2023-11-01 11:00:00,MACH-C,47.11,2.06
2023-11-01 12:00:00,MACH-C,43.23,1.91
2023-11-01 13:00:00,MACH-C,57.48,2.45
2023-11-01 14:00:00,MACH-C,60.25,1.82
2023-11-01 15:00:00,MACH-C,48.88,2.25
2023-11-01 16:00:00,MACH-C,49.01,1.47
2023-11-01 17:00:00,MACH-C,49.61,2.21
2023-11-01 18:00:00,MACH-C,49.84,2.01
2023-11-01 19:00:00,MACH-C,60.01,1.94
2023-11-01 20:00:00,MACH-C,80.1,2.02
2023-11-01 21:00:00,MACH-C,48.28,1.85
2023-11-01 22:00:00,MACH-C,55.68,2.07
2023-11-01 23:00:00,MACH-C,41.53,1.9
2023-11-02 00:00:00,MACH-C,42.45,1.51
2023-11-02 01:00:00,MACH-C,39.8,1.35
2023-11-02 02:00:00,MACH-C,63.39,1.75
2023-11-02 03:00:00,MACH-C,57.04,1.84
2023-11-02 04:00:00,MACH-C,46.15,0.5
2023-11-02 05:00:00,MACH-C,52.13,2.01
2023-11-02 06:00:00,MACH-C,57.64,3.1
2023-11-02 07:00:00,MACH-C,61.96,2.34
2023-11-02 08:00:00,MACH-C,54.09,1.91
2023-11-02 09:00:00,MACH-C,50.92,1.59
2023-11-02 10:00:00,MACH-C,63.19,1.15
2023-11-02 11:00:00,MACH-C,38.97,2.44
2023-11-02 12:00:00,MACH-C,30.78,2.21
2023-11-02 13:00:00,MACH-C,62.56,1.38
2023-11-02 14:00:00,MACH-C,45.51,2.48
2023-11-02 15:00:00,MACH-C,63.37,2.42
2023-11-02 16:00:00,MACH-C,69.2,1.66
2023-11-02 17:00:00,MACH-C,68.54,1.85
2023-11-02 18:00:00,MACH-C,19.88,2.12
2023-11-02 19:00:00,MACH-C,58.01,2.28
2023-11-02 20:00:00,MACH-C,44.91,1.45
2023-11-02 21:00:00,MACH-C,43.48,2.28
2023-11-02 22:00:00,MACH-C,53.72,2.03
2023-11-02 23:00:00,MACH-C,43.73,2.56
2023-11-03 00:00:00,MACH-C,57.49,2.38
2023-11-03 01:00:00,MACH-C,63.21,2.03
2023-11-03 02:00:00,MACH-C,47.98,2.46
2023-11-03 03:00:00,MACH-C,53.59,1.25
2023-11-03 04:00:00,MACH-C,45.42,1.81
2023-11-03 05:00:00,MACH-C,54.68,1.51
2023-11-03 06:00:00,MACH-C,64.17,1.72
2023-11-03 07:00:00,MACH-C,54.1,1.72
2023-11-03 08:00:00,MACH-C,48.81,1.37
2023-11-03 09:00:00,MACH-C,63.1,2.48
2023-11-03 10:00:00,MACH-C,45.93,2.38
2023-11-03 11:00:00,MACH-C,46.18,1.7
2023-11-03 12:00:00,MACH-C,43.36,0.84
2023-11-03 13:00:00,MACH-C,34.31,1.75
2023-11-03 14:00:00,MACH-C,41.4,1.98
2023-11-03 15:00:00,MACH-C,50.55,2.68
2023-11-03 16:00:00,MACH-C,52.29,1.72
2023-11-03 17:00:00,MACH-C,40.32,2.49
2023-11-03 18:00:00,MACH-C,44.9,1.75
2023-11-03 19:00:00,MACH-C,31.07,2.28
2023-11-03 20:00:00,MACH-C,71.87,2.4
2023-11-03 21:00:00,MACH-C,64.67,2.29
2023-11-03 22:00:00,MACH-C,42.84,1.52
2023-11-03 23:00:00,MACH-C,51.38,1.82
2023-11-04 00:00:00,MACH-C,41.2,2.29
2023-11-04 01:00:00,MACH-C,60.24,1.21
2023-11-04 02:00:00,MACH-C,56.43,2.39
2023-11-04 03:00:00,MACH-C,36.86,1.39
2023-11-04 04:00:00,MACH-C,40.26,1.32
2023-11-04 05:00:00,MACH-C,49.3,1.73
2023-11-04 06:00:00,MACH-C,63.84,1.66
2023-11-04 07:00:00,MACH-C,46.21,2.09
2023-11-04 08:00:00,MACH-C,63.08,2.13
2023-11-04 09:00:00,MACH-C,53.11,2.04
2023-11-04 10:00:00,MACH-C,41.67,1.51
2023-11-04 11:00:00,MACH-C,45.82,2.6
2023-11-04 12:00:00,MACH-C,56.32,2.03
2023-11-04 13:00:00,MACH-C,58.41,2.47
2023-11-04 14:00:00,MACH-C,59.32,0.85
2023-11-04 15:00:00,MACH-C,87.51,3.3
2023-11-04 16:00:00,MACH-C,54.46,1.71
2023-11-04 17:00:00,MACH-C,72.57,2.38
2023-11-04 18:00:00,MACH-C,74.07,2.89
2023-11-04 19:00:00,MACH-C,50.47,1.42
2023-11-04 20:00:00,MACH-C,32.32,2.43
2023-11-04 21:00:00,MACH-C,51.29,1.7
2023-11-04 22:00:00,MACH-C,51.16,1.06
2023-11-04 23:00:00,MACH-C,37.38,2.46
2023-11-05 00:00:00,MACH-C,51.25,2.91
2023-11-05 01:00:00,MACH-C,39.55,3.06
2023-11-05 02:00:00,MACH-C,53.77,2.15
2023-11-05 03:00:00,MACH-C,55.95,1.28
2023-11-05 04:00:00,MACH-C,55.27,1.9
2023-11-05 05:00:00,MACH-C,59.89,1.95
2023-11-05 06:00:00,MACH-C,54.69,2.55
2023-11-05 07:00:00,MACH-C,57.89,1.99
2023-11-05 08:00:00,MACH-C,62.92,0.96
2023-11-05 09:00:00,MACH-C,45.58,2.32
2023-11-05 10:00:00,MACH-C,48.56,2.04
2023-11-05 11:00:00,MACH-C,46.45,2.45
2023-11-05 12:00:00,MACH-C,42.55,2.12
2023-11-05 13:00:00,MACH-C,47.02,2.34
2023-11-05 14:00:00,MACH-C,58.35,2.01
2023-11-05 15:00:00,MACH-C,57.27,2.14
2023-11-05 16:00:00,MACH-C,33.06,1.54
2023-11-05 17:00:00,MACH-C,67.15,2.18
2023-11-05 18:00:00,MACH-C,58.47,1.91
2023-11-05 19:00:00,MACH-C,52.28,2.24
2023-11-05 20:00:00,MACH-C,36.19,1.41
2023-11-05 21:00:00,MACH-C,38.15,2.7
2023-11-05 22:00:00,MACH-C,65.03,2.12
2023-11-05 23:00:00,MACH-C,60.04,2.4
2023-11-06 00:00:00,MACH-C,61.29,2.0
2023-11-06 01:00:00,MACH-C,48.67,2.3
2023-11-06 02:00:00,MACH-C,84.52,3.16
2023-11-06 03:00:00,MACH-C,36.3,1.95
2023-11-06 04:00:00,MACH-C,37.67,1.6
2023-11-06 05:00:00,MACH-C,60.09,1.82
2023-11-06 06:00:00,MACH-C,40.82,2.51
2023-11-06 07:00:00,MACH-C,49.6,1.2
2023-11-06 08:00:00,MACH-C,32.25,2.37
2023-11-06 09:00:00,MACH-C,21.56,2.23
2023-11-06 10:00:00,MACH-C,39.78,2.64
2023-11-06 11:00:00,MACH-C,46.21,0.96
2023-11-06 12:00:00,MACH-C,40.75,2.29
2023-11-06 13:00:00,MACH-C,56.2,2.13
2023-11-06 14:00:00,MACH-C,60.11,1.97
2023-11-06 15:00:00,MACH-C,56.1,2.72
2023-11-06 16:00:00,MACH-C,38.43,0.95
2023-11-06 17:00:00,MACH-C,55.25,2.06
2023-11-06 18:00:00,MACH-C,37.72,2.51
2023-11-06 19:00:00,MACH-C,68.63,1.19
2023-11-06 20:00:00,MACH-C,50.49,2.3
2023-11-06 21:00:00,MACH-C,41.44,2.16
2023-11-06 22:00:00,MACH-C,50.53,0.94
2023-11-06 23:00:00,MACH-C,51.68,2.55
2023-11-07 00:00:00,MACH-C,57.08,1.55
2023-11-07 01:00:00,MACH-C,31.12,2.79
2023-11-07 02:00:00,MACH-C,43.04,2.29
2023-11-07 03:00:00,MACH-C,54.82,2.15
2023-11-07 04:00:00,MACH-C,57.79,2.51
2023-11-07 05:00:00,MACH-C,82.7,2.45
2023-11-07 06:00:00,MACH-C,63.78,1.02
2023-11-07 07:00:00,MACH-C,43.11,1.15
2023-11-07 08:00:00,MACH-C,67.74,1.93
2023-11-07 09:00:00,MACH-C,55.8,1.46
2023-11-07 10:00:00,MACH-C,63.66,2.83
2023-11-07 11:00:00,MACH-C,54.67,1.5
2023-11-07 12:00:00,MACH-C,64.37,2.05
2023-11-07 13:00:00,MACH-C,60.83,2.29
2023-11-07 14:00:00,MACH-C,55.52,3.22
2023-11-07 15:00:00,MACH-C,45.62,2.57
2023-11-07 16:00:00,MACH-C,45.58,1.67
2023-11-07 17:00:00,MACH-C,40.5,2.26
2023-11-07 18:00:00,MACH-C,49.26,2.35
2023-11-07 19:00:00,MACH-C,61.07,2.31
2023-11-07 20:00:00,MACH-C,55.81,1.51
2023-11-07 21:00:00,MACH-C,42.25,3.02
2023-11-07 22:00:00,MACH-C,59.68,1.39
2023-11-07 23:00:00,MACH-C,38.24,2.34
2023-11-08 00:00:00,MACH-C,53.32,1.56
2023-11-08 01:00:00,MACH-C,63.95,2.2
2023-11-08 02:00:00,MACH-C,38.24,1.9
2023-11-08 03:00:00,MACH-C,51.71,1.35
2023-11-08 04:00:00,MACH-C,43.01,0.76
2023-11-08 05:00:00,MACH-C,66.28,2.44
2023-11-08 06:00:00,MACH-C,72.5,1.72
2023-11-08 07:00:00,MACH-C,55.55,2.07
2023-11-08 08:00:00,MACH-C,58.78,2.9
2023-11-08 09:00:00,MACH-C,63.66,2.31
2023-11-08 10:00:00,MACH-C,57.65,0.55
2023-11-08 11:00:00,MACH-C,41.77,1.39
2023-11-08 12:00:00,MACH-C,45.55,1.08
2023-11-08 13:00:00,MACH-C,45.48,1.58
2023-11-08 14:00:00,MACH-C,32.67,1.86
2023-11-08 15:00:00,MACH-C,59.78,3.28
2023-11-08 16:00:00,MACH-C,37.48,2.5
2023-11-08 17:00:00,MACH-C,58.29,2.18
2023-11-08 18:00:00,MACH-C,42.73,2.22
2023-11-08 19:00:00,MACH-C,47.78,2.24
2023-11-08 20:00:00,MACH-C,55.58,1.12
2023-11-08 21:00:00,MACH-C,65.28,1.3
2023-11-08 22:00:00,MACH-C,58.69,2.23
2023-11-08 23:00:00,MACH-C,48.82,2.0
2023-11-09 00:00:00,MACH-C,49.66,2.15
2023-11-09 01:00:00,MACH-C,38.23,2.8
2023-11-09 02:00:00,MACH-C,56.37,1.65
2023-11-09 03:00:00,MACH-C,49.18,1.82
2023-11-09 04:00:00,MACH-C,40.7,2.12
2023-11-09 05:00:00,MACH-C,57.78,1.15
2023-11-09 06:00:00,MACH-C,64.19,1.26
2023-11-09 07:00:00,MACH-C,48.22,2.68
2023-11-09 08:00:00,MACH-C,44.38,1.85
2023-11-09 09:00:00,MACH-C,44.22,1.75
2023-11-09 10:00:00,MACH-C,54.02,2.12
2023-11-09 11:00:00,MACH-C,38.08,1.17
2023-11-09 12:00:00,MACH-C,50.76,1.85
2023-11-09 13:00:00,MACH-C,45.94,1.71
2023-11-09 14:00:00,MACH-C,55.05,2.18
2023-11-09 15:00:00,MACH-C,55.82,0.94
2023-11-09 16:00:00,MACH-C,38.77,1.6
2023-11-09 17:00:00,MACH-C,56.68,1.77
2023-11-09 18:00:00,MACH-C,54.58,1.76
2023-11-09 19:00:00,MACH-C,48.09,2.53
2023-11-09 20:00:00,MACH-C,45.69,1.61
2023-11-09 21:00:00,MACH-C,45.75,3.54
2023-11-09 22:00:00,MACH-C,48.29,2.37
2023-11-09 23:00:00,MACH-C,40.69,1.76
2023-11-10 00:00:00,MACH-C,43.16,2.3
2023-11-10 01:00:00,MACH-C,52.04,2.36
2023-11-10 02:00:00,MACH-C,44.28,1.84
2023-11-10 03:00:00,MACH-C,58.78,2.58
2023-11-10 04:00:00,MACH-C,48.69,1.51
2023-11-10 05:00:00,MACH-C,45.25,2.29
2023-11-10 06:00:00,MACH-C,53.32,1.95
2023-11-10 07:00:00,MACH-C,45.94,2.14
2023-11-10 08:00:00,MACH-C,42.2,2.11
2023-11-10 09:00:00,MACH-C,46.62,2.01
2023-11-10 10:00:00,MACH-C,29.58,2.99
2023-11-10 11:00:00,MACH-C,30.29,1.71
2023-11-10 12:00:00,MACH-C,40.8,1.61
2023-11-10 13:00:00,MACH-C,38.06,1.96
2023-11-10 14:00:00,MACH-C,56.5,2.65
2023-11-10 15:00:00,MACH-C,62.6,2.02
2023-11-10 16:00:00,MACH-C,53.25,1.96
2023-11-10 17:00:00,MACH-C,31.03,1.72
2023-11-10 18:00:00,MACH-C,35.9,1.76
2023-11-10 19:00:00,MACH-C,53.5,2.53
2023-11-10 20:00:00,MACH-C,48.28,1.97
2023-11-10 21:00:00,MACH-C,31.43,2.13
2023-11-10 22:00:00,MACH-C,41.43,1.65
2023-11-10 23:00:00,MACH-C,39.25,2.39
2023-11-11 00:00:00,MACH-C,64.57,2.61
2023-11-11 01:00:00,MACH-C,57.05,1.54
2023-11-11 02:00:00,MACH-C,47.13,1.55
2023-11-11 03:00:00,MACH-C,52.29,1.58
2023-11-11 04:00:00,MACH-C,51.46,2.52
2023-11-11 05:00:00,MACH-C,50.79,1.52
2023-11-11 06:00:00,MACH-C,68.27,1.83
2023-11-11 07:00:00,MACH-C,64.09,1.51
2023-11-11 08:00:00,MACH-C,65.25,2.85
2023-11-11 09:00:00,MACH-C,53.31,1.73
2023-11-11 10:00:00,MACH-C,46.62,2.83
2023-11-11 11:00:00,MACH-C,37.59,1.99
2023-11-11 12:00:00,MACH-C,40.05,1.75
2023-11-11 13:00:00,MACH-C,60.14,2.4
2023-11-11 14:00:00,MACH-C,37.26,1.98
2023-11-11 15:00:00,MACH-C,48.2,2.71
2023-11-11 16:00:00,MACH-C,36.15,1.89
2023-11-11 17:00:00,MACH-C,49.03,1.77
2023-11-11 18:00:00,MACH-C,39.39,1.77
2023-11-11 19:00:00,MACH-C,56.64,2.62
2023-11-11 20:00:00,MACH-C,47.56,2.13
2023-11-11 21:00:00,MACH-C,41.91,1.63
2023-11-11 22:00:00,MACH-C,40.44,1.28
2023-11-11 23:00:00,MACH-C,51.34,2.11
2023-11-12 00:00:00,MACH-C,50.51,1.53
2023-11-12 01:00:00,MACH-C,44.48,1.12
2023-11-12 02:00:00,MACH-C,46.82,2.54
2023-11-12 03:00:00,MACH-C,45.07,1.38
2023-11-12 04:00:00,MACH-C,28.21,1.11
2023-11-12 05:00:00,MACH-C,49.61,1.93
2023-11-12 06:00:00,MACH-C,34.44,1.85
2023-11-12 07:00:00,MACH-C,41.13,1.56
2023-11-12 08:00:00,MACH-C,53.21,2.11
2023-11-12 09:00:00,MACH-C,47.6,1.85
2023-11-12 10:00:00,MACH-C,65.28,3.1
2023-11-12 11:00:00,MACH-C,42.03,1.9
2023-11-12 12:00:00,MACH-C,45.89,1.36
2023-11-12 13:00:00,MACH-C,51.62,2.15
2023-11-12 14:00:00,MACH-C,49.63,2.19
2023-11-12 15:00:00,MACH-C,60.48,1.83
2023-11-12 16:00:00,MACH-C,56.4,1.17
2023-11-12 17:00:00,MACH-C,63.88,2.77
2023-11-12 18:00:00,MACH-C,33.84,1.37
2023-11-12 19:00:00,MACH-C,57.86,2.44
2023-11-12 20:00:00,MACH-C,40.19,2.62
2023-11-12 21:00:00,MACH-C,54.45,1.85
2023-11-12 22:00:00,MACH-C,47.56,2.44
2023-11-12 23:00:00,MACH-C,43.11,2.48
2023-11-13 00:00:00,MACH-C,61.74,1.46
2023-11-13 01:00:00,MACH-C,33.23,2.74
2023-11-13 02:00:00,MACH-C,68.13,2.16
2023-11-13 03:00:00,MACH-C,56.31,0.92
2023-11-13 04:00:00,MACH-C,51.69,2.1
2023-11-13 05:00:00,MACH-C,48.51,1.72
2023-11-13 06:00:00,MACH-C,46.29,2.22
2023-11-13 07:00:00,MACH-C,54.68,1.68
2023-11-13 08:00:00,MACH-C,36.06,1.68
2023-11-13 09:00:00,MACH-C,19.27,1.48
2023-11-13 10:00:00,MACH-C,50.86,2.11
2023-11-13 11:00:00,MACH-C,42.54,2.26
2023-11-13 12:00:00,MACH-C,40.84,2.0
2023-11-13 13:00:00,MACH-C,34.24,1.85
2023-11-13 14:00:00,MACH-C,62.04,2.05
2023-11-13 15:00:00,MACH-C,68.21,2.53
2023-11-13 16:00:00,MACH-C,49.48,1.48
2023-11-13 17:00:00,MACH-C,48.44,1.33
2023-11-13 18:00:00,MACH-C,54.23,1.4
2023-11-13 19:00:00,MACH-C,53.63,1.18
2023-11-13 20:00:00,MACH-C,44.8,1.49
2023-11-13 21:00:00,MACH-C,62.13,2.57
2023-11-13 22:00:00,MACH-C,61.32,1.15
2023-11-13 23:00:00,MACH-C,57.43,1.87
2023-11-14 00:00:00,MACH-C,67.78,2.33
2023-11-14 01:00:00,MACH-C,57.74,2.01
2023-11-14 02:00:00,MACH-C,43.44,2.44
2023-11-14 03:00:00,MACH-C,50.79,1.71
2023-11-14 04:00:00,MACH-C,59.4,1.75
2023-11-14 05:00:00,MACH-C,39.48,1.81
2023-11-14 06:00:00,MACH-C,47.27,2.28
2023-11-14 07:00:00,MACH-C,34.17,3.37
2023-11-14 08:00:00,MACH-C,70.12,2.0
2023-11-14 09:00:00,MACH-C,54.07,1.88
2023-11-14 10:00:00,MACH-C,55.96,1.52
2023-11-14 11:00:00,MACH-C,34.91,2.87
2023-11-14 12:00:00,MACH-C,61.12,1.81
2023-11-14 13:00:00,MACH-C,53.11,1.69
2023-11-14 14:00:00,MACH-C,32.02,1.9
2023-11-14 15:00:00,MACH-C,54.57,2.91
2023-11-14 16:00:00,MACH-C,40.22,1.72
2023-11-14 17:00:00,MACH-C,50.57,1.99
2023-11-14 18:00:00,MACH-C,57.53,0.74
2023-11-14 19:00:00,MACH-C,51.95,2.49
2023-11-14 20:00:00,MACH-C,31.56,1.86
2023-11-14 21:00:00,MACH-C,52.65,2.46
2023-11-14 22:00:00,MACH-C,58.52,2.32
2023-11-14 23:00:00,MACH-C,48.0,2.08
2023-11-15 00:00:00,MACH-C,55.16,1.78
2023-11-15 01:00:00,MACH-C,55.33,2.03
2023-11-15 02:00:00,MACH-C,29.79,1.33
2023-11-15 03:00:00,MACH-C,62.5,2.11
2023-11-15 04:00:00,MACH-C,44.4,2.28
2023-11-15 05:00:00,MACH-C,42.76,2.04
2023-11-15 06:00:00,MACH-C,43.05,2.02
2023-11-15 07:00:00,MACH-C,62.3,1.7
2023-11-15 08:00:00,MACH-C,64.74,1.92
2023-11-15 09:00:00,MACH-C,54.72,1.45
2023-11-15 10:00:00,MACH-C,45.19,1.73
2023-11-15 11:00:00,MACH-C,79.09,3.03
2023-11-15 12:00:00,MACH-C,49.82,2.04
2023-11-15 13:00:00,MACH-C,43.47,2.24
2023-11-15 14:00:00,MACH-C,60.25,1.99
2023-11-15 15:00:00,MACH-C,48.79,2.03
2023-11-15 16:00:00,MACH-C,70.91,2.07
2023-11-15 17:00:00,MACH-C,41.54,1.88
2023-11-15 18:00:00,MACH-C,48.19,2.3
2023-11-15 19:00:00,MACH-C,65.33,1.64
2023-11-15 20:00:00,MACH-C,54.88,1.26
2023-11-15 21:00:00,MACH-C,47.04,2.1
2023-11-15 22:00:00,MACH-C,40.77,2.56
2023-11-15 23:00:00,MACH-C,38.64,1.68
2023-11-16 00:00:00,MACH-C,37.05,2.39
2023-11-16 01:00:00,MACH-C,59.72,2.34
2023-11-16 02:00:00,MACH-C,57.86,2.78
2023-11-16 03:00:00,MACH-C,55.21,2.93
2023-11-16 04:00:00,MACH-C,38.95,2.29
2023-11-16 05:00:00,MACH-C,47.09,1.94
2023-11-16 06:00:00,MACH-C,53.26,1.19
2023-11-16 07:00:00,MACH-C,86.95,3.63
2023-11-16 08:00:00,MACH-C,53.61,2.57
2023-11-16 09:00:00,MACH-C,51.32,1.87
2023-11-16 10:00:00,MACH-C,40.72,2.18
2023-11-16 11:00:00,MACH-C,59.02,1.49
2023-11-16 12:00:00,MACH-C,47.22,1.7
2023-11-16 13:00:00,MACH-C,35.9,1.34
2023-11-16 14:00:00,MACH-C,41.15,2.13
2023-11-16 15:00:00,MACH-C,56.84,1.8
2023-11-16 16:00:00,MACH-C,57.16,2.62
2023-11-16 17:00:00,MACH-C,23.19,2.12
2023-11-16 18:00:00,MACH-C,49.08,2.18
2023-11-16 19:00:00,MACH-C,37.07,2.01
2023-11-16 20:00:00,MACH-C,53.96,2.79
2023-11-16 21:00:00,MACH-C,55.88,2.73
2023-11-16 22:00:00,MACH-C,39.26,1.91
2023-11-16 23:00:00,MACH-C,50.1,2.15
2023-11-17 00:00:00,MACH-C,58.36,2.71
2023-11-17 01:00:00,MACH-C,60.24,1.41
2023-11-17 02:00:00,MACH-C,41.55,2.15
2023-11-17 03:00:00,MACH-C,60.79,1.82
2023-11-17 04:00:00,MACH-C,52.58,2.74
2023-11-17 05:00:00,MACH-C,45.07,2.27
2023-11-17 06:00:00,MACH-C,49.09,1.13
2023-11-17 07:00:00,MACH-C,58.0,1.79
2023-11-17 08:00:00,MACH-C,57.83,2.7
2023-11-17 09:00:00,MACH-C,59.08,2.45
2023-11-17 10:00:00,MACH-C,43.27,1.48
2023-11-17 11:00:00,MACH-C,52.24,1.51
2023-11-17 12:00:00,MACH-C,47.6,2.04
2023-11-17 13:00:00,MACH-C,52.12,1.97
2023-11-17 14:00:00,MACH-C,44.93,1.87
2023-11-17 15:00:00,MACH-C,65.87,1.8
2023-11-17 16:00:00,MACH-C,49.82,1.71
2023-11-17 17:00:00,MACH-C,48.61,3.13
2023-11-17 18:00:00,MACH-C,54.44,1.82
2023-11-17 19:00:00,MACH-C,61.09,1.67
2023-11-17 20:00:00,MACH-C,50.45,2.25
2023-11-17 21:00:00,MACH-C,46.88,1.95
2023-11-17 22:00:00,MACH-C,58.9,1.54
2023-11-17 23:00:00,MACH-C,67.42,1.87
2023-11-18 00:00:00,MACH-C,64.21,1.97
2023-11-18 01:00:00,MACH-C,40.16,2.22
2023-11-18 02:00:00,MACH-C,57.73,2.16
2023-11-18 03:00:00,MACH-C,49.3,1.49
2023-11-18 04:00:00,MACH-C,62.74,2.3
2023-11-18 05:00:00,MACH-C,68.33,2.45
2023-11-18 06:00:00,MACH-C,26.26,1.46
2023-11-18 07:00:00,MACH-C,50.14,1.61
2023-11-18 08:00:00,MACH-C,45.43,1.91
2023-11-18 09:00:00,MACH-C,42.89,2.11
2023-11-18 10:00:00,MACH-C,40.77,2.13
2023-11-18 11:00:00,MACH-C,45.53,1.98
2023-11-18 12:00:00,MACH-C,47.11,1.28
2023-11-18 13:00:00,MACH-C,46.49,2.51
2023-11-18 14:00:00,MACH-C,29.78,1.5
2023-11-18 15:00:00,MACH-C,51.28,2.68
2023-11-18 16:00:00,MACH-C,60.55,2.58
2023-11-18 17:00:00,MACH-C,44.42,1.44
2023-11-18 18:00:00,MACH-C,33.58,2.18
2023-11-18 19:00:00,MACH-C,50.95,2.68
2023-11-18 20:00:00,MACH-C,60.61,2.29
2023-11-18 21:00:00,MACH-C,51.57,1.15
2023-11-18 22:00:00,MACH-C,42.73,1.98
2023-11-18 23:00:00,MACH-C,39.51,2.42
2023-11-19 00:00:00,MACH-C,57.06,2.84
2023-11-19 01:00:00,MACH-C,47.68,1.93
2023-11-19 02:00:00,MACH-C,44.81,1.17
2023-11-19 03:00:00,MACH-C,43.93,3.09
2023-11-19 04:00:00,MACH-C,52.2,1.94
2023-11-19 05:00:00,MACH-C,51.17,2.72
2023-11-19 06:00:00,MACH-C,50.54,1.87
2023-11-19 07:00:00,MACH-C,40.35,2.27
2023-11-19 08:00:00,MACH-C,39.75,1.66
2023-11-19 09:00:00,MACH-C,43.49,1.67
2023-11-19 10:00:00,MACH-C,52.9,2.9
2023-11-19 11:00:00,MACH-C,55.5,2.47
2023-11-19 12:00:00,MACH-C,64.67,1.99
2023-11-19 13:00:00,MACH-C,41.63,2.47
2023-11-19 14:00:00,MACH-C,57.26,1.66
2023-11-19 15:00:00,MACH-C,32.8,2.0
2023-11-19 16:00:00,MACH-C,53.5,2.05
2023-11-19 17:00:00,MACH-C,34.88,1.62
2023-11-19 18:00:00,MACH-C,37.75,1.56
2023-11-19 19:00:00,MACH-C,57.53,1.06
2023-11-19 20:00:00,MACH-C,51.53,1.52
2023-11-19 21:00:00,MACH-C,46.83,2.91
2023-11-19 22:00:00,MACH-C,36.06,1.11
2023-11-19 23:00:00,MACH-C,53.69,1.98
2023-11-20 00:00:00,MACH-C,50.87,2.08
2023-11-20 01:00:00,MACH-C,57.23,1.88
2023-11-20 02:00:00,MACH-C,32.63,2.44
2023-11-20 03:00:00,MACH-C,56.2,1.86
2023-11-20 04:00:00,MACH-C,44.58,2.48
2023-11-20 05:00:00,MACH-C,52.91,2.27
2023-11-20 06:00:00,MACH-C,49.37,1.32
2023-11-20 07:00:00,MACH-C,41.49,2.58
2023-11-20 08:00:00,MACH-C,45.88,1.84
2023-11-20 09:00:00,MACH-C,41.23,1.1
2023-11-20 10:00:00,MACH-C,44.75,2.24
2023-11-20 11:00:00,MACH-C,40.91,1.86
2023-11-20 12:00:00,MACH-C,54.02,2.81
2023-11-20 13:00:00,MACH-C,41.4,2.55
2023-11-20 14:00:00,MACH-C,55.58,1.55
2023-11-20 15:00:00,MACH-C,82.66,2.47
2023-11-20 16:00:00,MACH-C,47.43,1.65
2023-11-20 17:00:00,MACH-C,34.18,1.17
2023-11-20 18:00:00,MACH-C,71.04,1.69
2023-11-20 19:00:00,MACH-C,53.49,1.34
2023-11-20 20:00:00,MACH-C,48.7,1.99
2023-11-20 21:00:00,MACH-C,46.26,2.97
2023-11-20 22:00:00,MACH-C,39.49,2.04
2023-11-20 23:00:00,MACH-C,46.61,2.23
2023-11-21 00:00:00,MACH-C,42.2,1.5
2023-11-21 01:00:00,MACH-C,42.29,1.73
2023-11-21 02:00:00,MACH-C,55.86,2.27
2023-11-21 03:00:00,MACH-C,59.71,1.97
2023-11-21 04:00:00,MACH-C,47.74,1.64
2023-11-21 05:00:00,MACH-C,55.02,2.5
2023-11-21 06:00:00,MACH-C,70.96,2.07
2023-11-21 07:00:00,MACH-C,41.59,3.03
2023-11-21 08:00:00,MACH-C,33.66,2.33
2023-11-21 09:00:00,MACH-C,58.33,1.43
2023-11-21 10:00:00,MACH-C,42.66,2.06
2023-11-21 11:00:00,MACH-C,44.73,1.4
2023-11-21 12:00:00,MACH-C,51.23,3.0
2023-11-21 13:00:00,MACH-C,62.39,1.51
2023-11-21 14:00:00,MACH-C,51.31,2.56
2023-11-21 15:00:00,MACH-C,28.8,2.48
2023-11-21 16:00:00,MACH-C,53.58,1.66
2023-11-21 17:00:00,MACH-C,52.32,2.16
2023-11-21 18:00:00,MACH-C,41.4,2.13
2023-11-21 19:00:00,MACH-C,32.98,2.42
2023-11-21 20:00:00,MACH-C,46.18,2.09
2023-11-21 21:00:00,MACH-C,26.97,1.67
2023-11-21 22:00:00,MACH-C,32.13,2.28
2023-11-21 23:00:00,MACH-C,36.49,2.28
2023-11-22 00:00:00,MACH-C,37.47,1.53
2023-11-22 01:00:00,MACH-C,58.79,0.85
2023-11-22 02:00:00,MACH-C,48.49,2.3
2023-11-22 03:00:00,MACH-C,53.49,2.19
2023-11-22 04:00:00,MACH-C,52.08,2.22
2023-11-22 05:00:00,MACH-C,34.61,2.66
2023-11-22 06:00:00,MACH-C,44.36,2.44
2023-11-22 07:00:00,MACH-C,47.72,2.65
2023-11-22 08:00:00,MACH-C,48.67,2.39
2023-11-22 09:00:00,MACH-C,54.79,2.07
2023-11-22 10:00:00,MACH-C,59.25,1.39
2023-11-22 11:00:00,MACH-C,53.7,2.77
2023-11-22 12:00:00,MACH-C,67.62,1.9
2023-11-22 13:00:00,MACH-C,54.39,1.7
2023-11-22 14:00:00,MACH-C,44.66,2.32
2023-11-22 15:00:00,MACH-C,62.84,1.08
2023-11-22 16:00:00,MACH-C,37.8,1.63
2023-11-22 17:00:00,MACH-C,55.34,1.69
2023-11-22 18:00:00,MACH-C,48.5,1.67
2023-11-22 19:00:00,MACH-C,41.42,2.97
2023-11-22 20:00:00,MACH-C,52.09,1.96
2023-11-22 21:00:00,MACH-C,47.15,1.68
2023-11-22 22:00:00,MACH-C,31.54,1.98
2023-11-22 23:00:00,MACH-C,51.84,2.43
2023-11-23 00:00:00,MACH-C,39.68,1.05
2023-11-23 01:00:00,MACH-C,51.22,2.06
2023-11-23 02:00:00,MACH-C,48.73,1.77
2023-11-23 03:00:00,MACH-C,54.31,2.13
2023-11-23 04:00:00,MACH-C,27.28,1.43
2023-11-23 05:00:00,MACH-C,40.09,1.91
2023-11-23 06:00:00,MACH-C,51.07,1.93
2023-11-23 07:00:00,MACH-C,78.83,1.36
2023-11-23 08:00:00,MACH-C,51.39,2.93
2023-11-23 09:00:00,MACH-C,45.6,2.21
2023-11-23 10:00:00,MACH-C,58.73,2.46
2023-11-23 11:00:00,MACH-C,44.11,1.82
2023-11-23 12:00:00,MACH-C,54.33,2.11
2023-11-23 13:00:00,MACH-C,50.52,1.4
2023-11-23 14:00:00,MACH-C,60.72,1.68
2023-11-23 15:00:00,MACH-C,56.62,1.55
2023-11-23 16:00:00,MACH-C,45.21,2.15
2023-11-23 17:00:00,MACH-C,34.98,2.85
2023-11-23 18:00:00,MACH-C,39.31,2.45
2023-11-23 19:00:00,MACH-C,52.96,2.91
2023-11-23 20:00:00,MACH-C,49.48,2.4
2023-11-23 21:00:00,MACH-C,50.27,2.21
2023-11-23 22:00:00,MACH-C,52.54,1.54
2023-11-23 23:00:00,MACH-C,41.81,2.16
2023-11-24 00:00:00,MACH-C,48.96,1.76
2023-11-24 01:00:00,MACH-C,49.9,2.42
2023-11-24 02:00:00,MACH-C,35.62,1.32
2023-11-24 03:00:00,MACH-C,43.88,1.95
2023-11-24 04:00:00,MACH-C,53.91,2.01
2023-11-24 05:00:00,MACH-C,56.99,2.89
2023-11-24 06:00:00,MACH-C,41.92,1.49
2023-11-24 07:00:00,MACH-C,54.99,2.58
2023-11-24 08:00:00,MACH-C,43.86,2.41
2023-11-24 09:00:00,MACH-C,41.21,1.87
2023-11-24 10:00:00,MACH-C,69.1,2.2
2023-11-24 11:00:00,MACH-C,45.85,1.88
2023-11-24 12:00:00,MACH-C,35.25,2.01
2023-11-24 13:00:00,MACH-C,45.62,2.38
2023-11-24 14:00:00,MACH-C,47.34,3.27
2023-11-24 15:00:00,MACH-C,59.13,2.48
2023-11-24 16:00:00,MACH-C,46.41,2.12
2023-11-24 17:00:00,MACH-C,53.78,2.71
2023-11-24 18:00:00,MACH-C,60.63,1.29
2023-11-24 19:00:00,MACH-C,44.17,1.8
2023-11-24 20:00:00,MACH-C,52.91,2.03
2023-11-24 21:00:00,MACH-C,49.37,1.48
2023-11-24 22:00:00,MACH-C,52.25,1.73
2023-11-24 23:00:00,MACH-C,51.01,1.17
2023-11-25 00:00:00,MACH-C,51.46,1.36
2023-11-25 01:00:00,MACH-C,47.14,1.88
2023-11-25 02:00:00,MACH-C,50.25,1.53
2023-11-25 03:00:00,MACH-C,47.27,2.21
2023-11-25 04:00:00,MACH-C,73.31,2.13
2023-11-25 05:00:00,MACH-C,56.05,2.18
2023-11-25 06:00:00,MACH-C,50.02,1.75
2023-11-25 07:00:00,MACH-C,46.62,2.54
2023-11-25 08:00:00,MACH-C,59.79,2.25
2023-11-25 09:00:00,MACH-C,41.85,2.11
2023-11-25 10:00:00,MACH-C,37.17,2.12
2023-11-25 11:00:00,MACH-C,36.42,1.9
2023-11-25 12:00:00,MACH-C,62.97,2.66
2023-11-25 13:00:00,MACH-C,62.46,2.57
2023-11-25 14:00:00,MACH-C,51.6,1.82
2023-11-25 15:00:00,MACH-C,44.4,2.08
2023-11-25 16:00:00,MACH-C,44.51,1.8
2023-11-25 17:00:00,MACH-C,70.42,3.23
2023-11-25 18:00:00,MACH-C,49.09,1.87
2023-11-25 19:00:00,MACH-C,53.43,2.6
2023-11-25 20:00:00,MACH-C,45.6,3.34
2023-11-25 21:00:00,MACH-C,50.9,2.16
2023-11-25 22:00:00,MACH-C,53.78,1.13
2023-11-25 23:00:00,MACH-C,68.06,2.76
2023-11-26 00:00:00,MACH-C,49.13,1.74
2023-11-26 01:00:00,MACH-C,55.17,1.66
2023-11-26 02:00:00,MACH-C,46.43,2.89
2023-11-26 03:00:00,MACH-C,51.86,1.35
2023-11-26 04:00:00,MACH-C,53.42,2.72
2023-11-26 05:00:00,MACH-C,47.95,1.89
2023-11-26 06:00:00,MACH-C,52.37,1.07
2023-11-26 07:00:00,MACH-C,42.91,2.44
2023-11-26 08:00:00,MACH-C,55.03,0.87
2023-11-26 09:00:00,MACH-C,50.56,1.98
2023-11-26 10:00:00,MACH-C,44.48,1.18
2023-11-26 11:00:00,MACH-C,48.83,1.84
2023-11-26 12:00:00,MACH-C,63.07,2.35
2023-11-26 13:00:00,MACH-C,48.95,2.21
2023-11-26 14:00:00,MACH-C,54.28,2.1
2023-11-26 15:00:00,MACH-C,54.25,2.5
2023-11-26 16:00:00,MACH-C,55.8,2.0
2023-11-26 17:00:00,MACH-C,38.95,1.89
2023-11-26 18:00:00,MACH-C,39.65,2.14
2023-11-26 19:00:00,MACH-C,42.52,1.67
2023-11-26 20:00:00,MACH-C,56.07,2.43
2023-11-26 21:00:00,MACH-C,52.62,2.04
2023-11-26 22:00:00,MACH-C,52.12,2.36
2023-11-26 23:00:00,MACH-C,48.79,1.91
2023-11-27 00:00:00,MACH-C,36.75,2.25
2023-11-27 01:00:00,MACH-C,44.0,2.33
2023-11-27 02:00:00,MACH-C,52.11,0.99
2023-11-27 03:00:00,MACH-C,48.3,1.27
2023-11-27 04:00:00,MACH-C,51.79,1.72
2023-11-27 05:00:00,MACH-C,34.43,1.93
2023-11-27 06:00:00,MACH-C,49.87,2.64
2023-11-27 07:00:00,MACH-C,29.13,2.23
2023-11-27 08:00:00,MACH-C,36.96,2.26
2023-11-27 09:00:00,MACH-C,40.29,2.77
2023-11-27 10:00:00,MACH-C,31.57,2.69
2023-11-27 11:00:00,MACH-C,41.98,1.5
2023-11-27 12:00:00,MACH-C,52.77,2.62
2023-11-27 13:00:00,MACH-C,61.66,2.05
2023-11-27 14:00:00,MACH-C,82.28,3.77
2023-11-27 15:00:00,MACH-C,43.43,1.85
2023-11-27 16:00:00,MACH-C,48.8,1.69
2023-11-27 17:00:00,MACH-C,47.32,2.07
2023-11-27 18:00:00,MACH-C,39.87,1.96
2023-11-27 19:00:00,MACH-C,55.42,2.62
2023-11-27 20:00:00,MACH-C,47.06,2.97
2023-11-27 21:00:00,MACH-C,43.41,1.8
2023-11-27 22:00:00,MACH-C,44.31,1.35
2023-11-27 23:00:00,MACH-C,73.51,2.33
2023-11-28 00:00:00,MACH-C,57.75,2.47
2023-11-28 01:00:00,MACH-C,46.61,2.19
2023-11-28 02:00:00,MACH-C,25.64,1.23
2023-11-28 03:00:00,MACH-C,32.96,1.6
2023-11-28 04:00:00,MACH-C,50.86,2.07
2023-11-28 05:00:00,MACH-C,47.09,1.69
2023-11-28 06:00:00,MACH-C,38.48,1.5
2023-11-28 07:00:00,MACH-C,48.68,3.07
2023-11-28 08:00:00,MACH-C,42.55,1.5
2023-11-28 09:00:00,MACH-C,43.59,2.6
2023-11-28 10:00:00,MACH-C,48.27,2.21
2023-11-28 11:00:00,MACH-C,39.84,2.3
2023-11-28 12:00:00,MACH-C,36.14,2.57
2023-11-28 13:00:00,MACH-C,36.46,1.66
2023-11-28 14:00:00,MACH-C,45.95,1.85
2023-11-28 15:00:00,MACH-C,34.17,2.24
2023-11-28 16:00:00,MACH-C,71.9,1.08
2023-11-28 17:00:00,MACH-C,59.33,2.82
2023-11-28 18:00:00,MACH-C,57.2,2.06
2023-11-28 19:00:00,MACH-C,41.15,1.53
2023-11-28 20:00:00,MACH-C,41.52,2.55
2023-11-28 21:00:00,MACH-C,35.84,2.05
2023-11-28 22:00:00,MACH-C,68.38,1.64
2023-11-28 23:00:00,MACH-C,63.43,2.47
2023-11-29 00:00:00,MACH-C,56.72,0.84
2023-11-29 01:00:00,MACH-C,48.79,2.21
2023-11-29 02:00:00,MACH-C,46.12,2.66
2023-11-29 03:00:00,MACH-C,55.06,1.58
2023-11-29 04:00:00,MACH-C,65.98,1.36
2023-11-29 05:00:00,MACH-C,56.43,2.21
2023-11-29 06:00:00,MACH-C,38.87,1.66
2023-11-29 07:00:00,MACH-C,42.34,3.12
2023-11-29 08:00:00,MACH-C,54.68,1.73
2023-11-29 09:00:00,MACH-C,41.36,1.9
2023-11-29 10:00:00,MACH-C,45.29,2.26
2023-11-29 11:00:00,MACH-C,65.1,1.09
2023-11-29 12:00:00,MACH-C,46.86,2.03
2023-11-29 13:00:00,MACH-C,34.24,2.56
2023-11-29 14:00:00,MACH-C,78.86,1.96
2023-11-29 15:00:00,MACH-C,60.88,1.43
2023-11-29 16:00:00,MACH-C,49.36,1.78
2023-11-29 17:00:00,MACH-C,49.93,1.04
2023-11-29 18:00:00,MACH-C,28.73,1.85
2023-11-29 19:00:00,MACH-C,46.07,2.56
2023-11-29 20:00:00,MACH-C,42.56,1.69
2023-11-29 21:00:00,MACH-C,50.98,2.35
2023-11-29 22:00:00,MACH-C,66.28,1.26
2023-11-29 23:00:00,MACH-C,54.4,2.94
2023-11-30 00:00:00,MACH-C,70.3,2.57
2023-11-30 01:00:00,MACH-C,36.04,1.75
2023-11-30 02:00:00,MACH-C,34.58,1.34
2023-11-30 03:00:00,MACH-C,62.42,1.75
2023-11-30 04:00:00,MACH-C,51.04,2.14
2023-11-30 05:00:00,MACH-C,54.67,2.54
2023-11-30 06:00:00,MACH-C,49.73,0.94
2023-11-30 07:00:00,MACH-C,51.95,2.6
2023-11-30 08:00:00,MACH-C,56.88,2.13
2023-11-30 09:00:00,MACH-C,52.53,1.42
2023-11-30 10:00:00,MACH-C,44.29,0.73
2023-11-30 11:00:00,MACH-C,73.3,2.07
2023-11-30 12:00:00,MACH-C,50.94,2.11
2023-11-30 13:00:00,MACH-C,48.01,1.69
2023-11-30 14:00:00,MACH-C,46.55,2.46
2023-11-30 15:00:00,MACH-C,53.41,3.02
2023-11-30 16:00:00,MACH-C,47.57,1.8
2023-11-30 17:00:00,MACH-C,29.71,1.63
2023-11-30 18:00:00,MACH-C,47.46,2.86
2023-11-30 19:00:00,MACH-C,39.17,1.89
2023-11-30 20:00:00,MACH-C,52.67,2.33
2023-11-30 21:00:00,MACH-C,49.7,1.7
2023-11-30 22:00:00,MACH-C,43.36,2.57
2023-11-30 23:00:00,MACH-C,59.41,1.38
2023-12-01 00:00:00,MACH-C,49.29,2.07
2023-12-01 01:00:00,MACH-C,46.23,2.15
2023-12-01 02:00:00,MACH-C,46.38,1.91
2023-12-01 03:00:00,MACH-C,46.16,1.68
2023-12-01 04:00:00,MACH-C,55.07,2.9
2023-12-01 05:00:00,MACH-C,42.21,2.4
2023-12-01 06:00:00,MACH-C,50.7,1.57
2023-12-01 07:00:00,MACH-C,44.96,1.06
2023-12-01 08:00:00,MACH-C,43.57,2.74
2023-12-01 09:00:00,MACH-C,54.73,1.54
2023-12-01 10:00:00,MACH-C,40.65,2.03
2023-12-01 11:00:00,MACH-C,55.21,2.05
2023-12-01 12:00:00,MACH-C,53.1,2.14
2023-12-01 13:00:00,MACH-C,63.27,1.16
2023-12-01 14:00:00,MACH-C,32.41,1.83
2023-12-01 15:00:00,MACH-C,60.19,1.99
2023-12-01 16:00:00,MACH-C,46.97,1.97
2023-12-01 17:00:00,MACH-C,32.12,2.36
2023-12-01 18:00:00,MACH-C,43.41,2.08
2023-12-01 19:00:00,MACH-C,55.12,2.22
2023-12-01 20:00:00,MACH-C,49.14,1.7
2023-12-01 21:00:00,MACH-C,63.48,2.85
2023-12-01 22:00:00,MACH-C,46.62,1.86
2023-12-01 23:00:00,MACH-C,49.67,2.16
2023-12-02 00:00:00,MACH-C,48.15,2.06
2023-12-02 01:00:00,MACH-C,39.78,2.23
2023-12-02 02:00:00,MACH-C,49.71,2.6
2023-12-02 03:00:00,MACH-C,47.81,1.58
2023-12-02 04:00:00,MACH-C,50.88,2.41
2023-12-02 05:00:00,MACH-C,50.59,2.37
2023-12-02 06:00:00,MACH-C,50.02,2.09
2023-12-02 07:00:00,MACH-C,50.96,2.11
2023-12-02 08:00:00,MACH-C,61.0,1.42
2023-12-02 09:00:00,MACH-C,40.22,1.83
2023-12-02 10:00:00,MACH-C,42.76,1.05
2023-12-02 11:00:00,MACH-C,64.17,1.85
2023-12-02 12:00:00,MACH-C,62.71,1.97
2023-12-02 13:00:00,MACH-C,52.59,1.3
2023-12-02 14:00:00,MACH-C,70.24,2.15
2023-12-02 15:00:00,MACH-C,54.89,2.6
2023-12-02 16:00:00,MACH-C,68.74,2.11
2023-12-02 17:00:00,MACH-C,64.6,2.0
2023-12-02 18:00:00,MACH-C,66.28,1.74
2023-12-02 19:00:00,MACH-C,38.51,2.19
2023-12-02 20:00:00,MACH-C,56.68,1.49
2023-12-02 21:00:00,MACH-C,49.17,0.79
2023-12-02 22:00:00,MACH-C,36.62,2.79
2023-12-02 23:00:00,MACH-C,63.36,2.48
2023-12-03 00:00:00,MACH-C,61.94,1.45
2023-12-03 01:00:00,MACH-C,48.55,1.28
2023-12-03 02:00:00,MACH-C,43.82,2.05
2023-12-03 03:00:00,MACH-C,50.58,2.03
2023-12-03 04:00:00,MACH-C,31.86,2.41
2023-12-03 05:00:00,MACH-C,36.53,1.83
2023-12-03 06:00:00,MACH-C,47.0,2.58
2023-12-03 07:00:00,MACH-C,56.16,1.89
2023-12-03 08:00:00,MACH-C,48.15,2.61
2023-12-03 09:00:00,MACH-C,44.44,1.91
2023-12-03 10:00:00,MACH-C,41.72,1.57
2023-12-03 11:00:00,MACH-C,74.39,1.81
2023-12-03 12:00:00,MACH-C,39.26,2.33
2023-12-03 13:00:00,MACH-C,31.72,2.18
2023-12-03 14:00:00,MACH-C,44.24,2.03
2023-12-03 15:00:00,MACH-C,55.18,1.48
2023-12-03 16:00:00,MACH-C,51.08,1.97
2023-12-03 17:00:00,MACH-C,42.49,1.67
2023-12-03 18:00:00,MACH-C,51.92,1.66
2023-12-03 19:00:00,MACH-C,61.09,2.5
2023-12-03 20:00:00,MACH-C,52.04,1.62
2023-12-03 21:00:00,MACH-C,51.54,1.59
2023-12-03 22:00:00,MACH-C,51.57,2.16
2023-12-03 23:00:00,MACH-C,42.54,1.54
2023-12-04 00:00:00,MACH-C,54.49,1.72
2023-12-04 01:00:00,MACH-C,60.42,2.96
2023-12-04 02:00:00,MACH-C,63.52,1.92
2023-12-04 03:00:00,MACH-C,54.3,2.34
2023-12-04 04:00:00,MACH-C,50.15,3.26
2023-12-04 05:00:00,MACH-C,68.77,2.1
2023-12-04 06:00:00,MACH-C,51.2,2.26
2023-12-04 07:00:00,MACH-C,45.16,2.16
2023-12-04 08:00:00,MACH-C,43.11,1.84
2023-12-04 09:00:00,MACH-C,41.96,2.06
2023-12-04 10:00:00,MACH-C,44.97,1.91
2023-12-04 11:00:00,MACH-C,69.27,1.54
2023-12-04 12:00:00,MACH-C,42.43,2.42
2023-12-04 13:00:00,MACH-C,65.27,1.1
2023-12-04 14:00:00,MACH-C,47.95,2.0
2023-12-04 15:00:00,MACH-C,60.42,1.86
2023-12-04 16:00:00,MACH-C,39.21,1.48
2023-12-04 17:00:00,MACH-C,49.82,2.31
2023-12-04 18:00:00,MACH-C,33.84,1.49
2023-12-04 19:00:00,MACH-C,50.22,1.8
2023-12-04 20:00:00,MACH-C,57.87,2.36
2023-12-04 21:00:00,MACH-C,59.67,1.04
2023-12-04 22:00:00,MACH-C,49.95,2.54
2023-12-04 23:00:00,MACH-C,46.42,1.98
2023-12-05 00:00:00,MACH-C,50.87,1.85
2023-12-05 01:00:00,MACH-C,44.28,1.31
2023-12-05 02:00:00,MACH-C,44.27,2.05
2023-12-05 03:00:00,MACH-C,45.92,2.01
2023-12-05 04:00:00,MACH-C,52.28,2.27
2023-12-05 05:00:00,MACH-C,64.36,1.77
2023-12-05 06:00:00,MACH-C,62.99,1.51
2023-12-05 07:00:00,MACH-C,46.81,2.16
2023-12-05 08:00:00,MACH-C,41.85,1.71
2023-12-05 09:00:00,MACH-C,42.67,2.25
2023-12-05 10:00:00,MACH-C,35.21,1.48
2023-12-05 11:00:00,MACH-C,57.28,2.4
2023-12-05 12:00:00,MACH-C,36.06,2.75
2023-12-05 13:00:00,MACH-C,27.42,1.92
2023-12-05 14:00:00,MACH-C,57.29,2.67
2023-12-05 15:00:00,MACH-C,56.85,2.38
2023-12-05 16:00:00,MACH-C,39.19,2.17
2023-12-05 17:00:00,MACH-C,53.03,1.99
2023-12-05 18:00:00,MACH-C,36.81,1.73
2023-12-05 19:00:00,MACH-C,49.03,2.6
2023-12-05 20:00:00,MACH-C,53.59,2.5
2023-12-05 21:00:00,MACH-C,56.94,1.48
2023-12-05 22:00:00,MACH-C,53.96,2.06
2023-12-05 23:00:00,MACH-C,31.06,1.59
2023-12-06 00:00:00,MACH-C,53.02,2.24
2023-12-06 01:00:00,MACH-C,71.81,2.37
2023-12-06 02:00:00,MACH-C,53.93,1.22
2023-12-06 03:00:00,MACH-C,36.15,1.96
2023-12-06 04:00:00,MACH-C,42.9,2.21
2023-12-06 05:00:00,MACH-C,44.88,2.05
2023-12-06 06:00:00,MACH-C,26.68,2.89
2023-12-06 07:00:00,MACH-C,82.15,3.3
2023-12-06 08:00:00,MACH-C,46.5,2.68
2023-12-06 09:00:00,MACH-C,46.96,1.56
2023-12-06 10:00:00,MACH-C,48.75,0.93
2023-12-06 11:00:00,MACH-C,42.78,2.16
2023-12-06 12:00:00,MACH-C,58.55,1.94
2023-12-06 13:00:00,MACH-C,51.84,2.05
2023-12-06 14:00:00,MACH-C,44.66,2.26
2023-12-06 15:00:00,MACH-C,54.45,2.27
2023-12-06 16:00:00,MACH-C,53.55,1.73
2023-12-06 17:00:00,MACH-C,40.45,2.41
2023-12-06 18:00:00,MACH-C,48.27,0.99
2023-12-06 19:00:00,MACH-C,48.26,1.95
2023-12-06 20:00:00,MACH-C,44.15,2.56
2023-12-06 21:00:00,MACH-C,36.43,2.14
2023-12-06 22:00:00,MACH-C,43.84,2.02
2023-12-06 23:00:00,MACH-C,62.66,1.83
2023-12-07 00:00:00,MACH-C,43.51,2.17
2023-12-07 01:00:00,MACH-C,58.99,1.86
2023-12-07 02:00:00,MACH-C,49.65,2.31
2023-12-07 03:00:00,MACH-C,51.68,1.74
2023-12-07 04:00:00,MACH-C,37.76,2.76
2023-12-07 05:00:00,MACH-C,61.64,2.27
2023-12-07 06:00:00,MACH-C,70.6,2.91
2023-12-07 07:00:00,MACH-C,43.02,1.81
2023-12-07 08:00:00,MACH-C,63.04,2.61
2023-12-07 09:00:00,MACH-C,37.31,1.37
2023-12-07 10:00:00,MACH-C,49.46,2.36
2023-12-07 11:00:00,MACH-C,38.28,1.94
2023-12-07 12:00:00,MACH-C,53.77,2.06
2023-12-07 13:00:00,MACH-C,47.96,2.36
2023-12-07 14:00:00,MACH-C,49.49,2.37
2023-12-07 15:00:00,MACH-C,63.12,2.42
2023-12-07 16:00:00,MACH-C,62.44,2.18
2023-12-07 17:00:00,MACH-C,48.28,2.27
2023-12-07 18:00:00,MACH-C,61.07,1.89
2023-12-07 19:00:00,MACH-C,61.5,1.68
2023-12-07 20:00:00,MACH-C,61.09,2.08
2023-12-07 21:00:00,MACH-C,51.48,0.93
2023-12-07 22:00:00,MACH-C,53.31,2.21
2023-12-07 23:00:00,MACH-C,47.16,2.43
2023-12-08 00:00:00,MACH-C,73.34,2.31
2023-12-08 01:00:00,MACH-C,53.99,1.69
2023-12-08 02:00:00,MACH-C,49.18,0.98
2023-12-08 03:00:00,MACH-C,55.03,2.33
2023-12-08 04:00:00,MACH-C,52.72,1.61
2023-12-08 05:00:00,MACH-C,70.62,1.36
2023-12-08 06:00:00,MACH-C,49.78,2.47
2023-12-08 07:00:00,MACH-C,57.66,1.32
2023-12-08 08:00:00,MACH-C,48.81,1.91
2023-12-08 09:00:00,MACH-C,33.13,2.89
2023-12-08 10:00:00,MACH-C,50.01,1.67
2023-12-08 11:00:00,MACH-C,58.53,1.47
2023-12-08 12:00:00,MACH-C,51.36,2.25
2023-12-08 13:00:00,MACH-C,38.44,2.16
2023-12-08 14:00:00,MACH-C,65.85,1.17
2023-12-08 15:00:00,MACH-C,38.1,2.03
2023-12-08 16:00:00,MACH-C,42.27,2.59
2023-12-08 17:00:00,MACH-C,38.75,2.7
2023-12-08 18:00:00,MACH-C,39.64,1.87
2023-12-08 19:00:00,MACH-C,50.45,2.25
2023-12-08 20:00:00,MACH-C,56.11,2.27
2023-12-08 21:00:00,MACH-C,44.13,2.5
2023-12-08 22:00:00,MACH-C,55.64,1.95
2023-12-08 23:00:00,MACH-C,57.69,2.65
2023-12-09 00:00:00,MACH-C,46.71,1.64
2023-12-09 01:00:00,MACH-C,34.86,2.39
2023-12-09 02:00:00,MACH-C,65.14,1.5
2023-12-09 03:00:00,MACH-C,43.29,1.1
2023-12-09 04:00:00,MACH-C,27.9,2.31
2023-12-09 05:00:00,MACH-C,46.11,3.48
2023-12-09 06:00:00,MACH-C,55.84,2.16
2023-12-09 07:00:00,MACH-C,57.34,1.9
2023-12-09 08:00:00,MACH-C,38.63,2.62
2023-12-09 09:00:00,MACH-C,31.51,1.78
2023-12-09 10:00:00,MACH-C,53.06,1.12
2023-12-09 11:00:00,MACH-C,55.17,2.47
2023-12-09 12:00:00,MACH-C,61.18,2.78
2023-12-09 13:00:00,MACH-C,60.03,2.06
2023-12-09 14:00:00,MACH-C,51.47,2.16
2023-12-09 15:00:00,MACH-C,40.81,1.7
2023-12-09 16:00:00,MACH-C,45.17,1.92
2023-12-09 17:00:00,MACH-C,47.57,2.11
2023-12-09 18:00:00,MACH-C,40.85,2.02
2023-12-09 19:00:00,MACH-C,60.81,2.02
2023-12-09 20:00:00,MACH-C,60.28,0.43
2023-12-09 21:00:00,MACH-C,36.04,2.08
2023-12-09 22:00:00,MACH-C,46.78,1.34
2023-12-09 23:00:00,MACH-C,70.62,2.24
2023-12-10 00:00:00,MACH-C,61.63,2.53
2023-12-10 01:00:00,MACH-C,51.88,2.28
2023-12-10 02:00:00,MACH-C,60.96,1.43
2023-12-10 03:00:00,MACH-C,66.49,1.58
2023-12-10 04:00:00,MACH-C,50.95,1.97
2023-12-10 05:00:00,MACH-C,36.43,2.43
2023-12-10 06:00:00,MACH-C,58.6,2.5
2023-12-10 07:00:00,MACH-C,59.11,2.18
2023-12-10 08:00:00,MACH-C,39.94,1.52
2023-12-10 09:00:00,MACH-C,52.61,2.59
2023-12-10 10:00:00,MACH-C,42.09,1.99
2023-12-10 11:00:00,MACH-C,33.55,1.8
2023-12-10 12:00:00,MACH-C,52.21,1.76
2023-12-10 13:00:00,MACH-C,64.52,1.24
2023-12-10 14:00:00,MACH-C,53.21,2.55
2023-12-10 15:00:00,MACH-C,51.77,1.94
2023-12-10 16:00:00,MACH-C,36.67,1.65
2023-12-10 17:00:00,MACH-C,56.28,2.3
2023-12-10 18:00:00,MACH-C,44.46,2.39
2023-12-10 19:00:00,MACH-C,42.22,1.13
2023-12-10 20:00:00,MACH-C,58.82,2.78
2023-12-10 21:00:00,MACH-C,37.84,3.11
2023-12-10 22:00:00,MACH-C,47.88,2.05
2023-12-10 23:00:00,MACH-C,38.52,2.12
2023-12-11 00:00:00,MACH-C,47.01,3.2
2023-12-11 01:00:00,MACH-C,28.08,1.45
2023-12-11 02:00:00,MACH-C,55.42,1.74
2023-12-11 03:00:00,MACH-C,53.9,2.29
2023-12-11 04:00:00,MACH-C,71.77,2.57
2023-12-11 05:00:00,MACH-C,52.42,2.02
2023-12-11 06:00:00,MACH-C,40.98,1.59
2023-12-11 07:00:00,MACH-C,59.92,2.64
2023-12-11 08:00:00,MACH-C,59.69,2.0
2023-12-11 09:00:00,MACH-C,63.07,2.0
2023-12-11 10:00:00,MACH-C,30.39,2.46
2023-12-11 11:00:00,MACH-C,42.99,2.75
2023-12-11 12:00:00,MACH-C,40.92,2.12
2023-12-11 13:00:00,MACH-C,65.29,2.24
2023-12-11 14:00:00,MACH-C,58.06,2.52
2023-12-11 15:00:00,MACH-C,61.3,1.89
2023-12-11 16:00:00,MACH-C,39.15,1.73
2023-12-11 17:00:00,MACH-C,51.33,1.82
2023-12-11 18:00:00,MACH-C,33.73,1.54
2023-12-11 19:00:00,MACH-C,38.98,1.46
2023-12-11 20:00:00,MACH-C,51.24,3.11
2023-12-11 21:00:00,MACH-C,52.22,1.55
2023-12-11 22:00:00,MACH-C,53.93,2.14
2023-12-11 23:00:00,MACH-C,43.5,1.96
2023-12-12 00:00:00,MACH-C,54.25,2.52
2023-12-12 01:00:00,MACH-C,50.05,2.06
2023-12-12 02:00:00,MACH-C,65.7,2.69
2023-12-12 03:00:00,MACH-C,45.73,1.94
2023-12-12 04:00:00,MACH-C,31.65,2.12
2023-12-12 05:00:00,MACH-C,56.17,2.38
2023-12-12 06:00:00,MACH-C,53.36,2.1
2023-12-12 07:00:00,MACH-C,41.1,2.26
2023-12-12 08:00:00,MACH-C,46.73,2.14
2023-12-12 09:00:00,MACH-C,51.94,1.29
2023-12-12 10:00:00,MACH-C,46.21,2.38
2023-12-12 11:00:00,MACH-C,38.9,2.59
2023-12-12 12:00:00,MACH-C,48.0,1.94
2023-12-12 13:00:00,MACH-C,58.84,1.9
2023-12-12 14:00:00,MACH-C,46.38,2.15
2023-12-12 15:00:00,MACH-C,52.12,2.97
2023-12-12 16:00:00,MACH-C,48.19,1.86
2023-12-12 17:00:00,MACH-C,37.65,2.31
2023-12-12 18:00:00,MACH-C,48.94,1.91
2023-12-12 19:00:00,MACH-C,45.55,2.3
2023-12-12 20:00:00,MACH-C,57.59,1.36
2023-12-12 21:00:00,MACH-C,62.35,2.9
2023-12-12 22:00:00,MACH-C,58.82,2.18
2023-12-12 23:00:00,MACH-C,42.65,1.86
2023-12-13 00:00:00,MACH-C,38.37,1.87
2023-12-13 01:00:00,MACH-C,34.86,2.14
2023-12-13 02:00:00,MACH-C,51.69,3.0
2023-12-13 03:00:00,MACH-C,42.91,2.77
2023-12-13 04:00:00,MACH-C,38.87,1.87
2023-12-13 05:00:00,MACH-C,69.62,2.05
2023-12-13 06:00:00,MACH-C,54.86,2.07
2023-12-13 07:00:00,MACH-C,53.36,1.02
2023-12-13 08:00:00,MACH-C,52.86,1.88
2023-12-13 09:00:00,MACH-C,66.19,2.11
2023-12-13 10:00:00,MACH-C,48.33,1.55
2023-12-13 11:00:00,MACH-C,56.18,2.86
2023-12-13 12:00:00,MACH-C,59.03,1.44
2023-12-13 13:00:00,MACH-C,68.58,1.49
2023-12-13 14:00:00,MACH-C,82.27,4.13
2023-12-13 15:00:00,MACH-C,62.35,2.14
2023-12-13 16:00:00,MACH-C,31.72,1.77
2023-12-13 17:00:00,MACH-C,71.17,2.5
2023-12-13 18:00:00,MACH-C,54.23,2.12
2023-12-13 19:00:00,MACH-C,57.55,2.92
2023-12-13 20:00:00,MACH-C,37.16,1.11
2023-12-13 21:00:00,MACH-C,36.51,1.74
2023-12-13 22:00:00,MACH-C,43.54,2.83
2023-12-13 23:00:00,MACH-C,50.2,2.24
2023-12-14 00:00:00,MACH-C,47.45,1.95
2023-12-14 01:00:00,MACH-C,45.9,1.8
2023-12-14 02:00:00,MACH-C,48.03,2.17
2023-12-14 03:00:00,MACH-C,26.65,1.43
2023-12-14 04:00:00,MACH-C,54.27,1.28
2023-12-14 05:00:00,MACH-C,48.3,2.28
2023-12-14 06:00:00,MACH-C,59.51,2.43
2023-12-14 07:00:00,MACH-C,45.24,2.47
2023-12-14 08:00:00,MACH-C,46.28,1.79
2023-12-14 09:00:00,MACH-C,51.58,1.77
2023-12-14 10:00:00,MACH-C,56.84,2.0
2023-12-14 11:00:00,MACH-C,61.51,1.5
2023-12-14 12:00:00,MACH-C,49.59,2.33
2023-12-14 13:00:00,MACH-C,54.29,1.85
2023-12-14 14:00:00,MACH-C,50.33,1.97
2023-12-14 15:00:00,MACH-C,47.06,1.91
2023-12-14 16:00:00,MACH-C,30.78,2.26
2023-12-14 17:00:00,MACH-C,52.06,2.14
2023-12-14 18:00:00,MACH-C,40.89,2.95
2023-12-14 19:00:00,MACH-C,58.71,1.81
2023-12-14 20:00:00,MACH-C,41.32,2.9
2023-12-14 21:00:00,MACH-C,44.32,1.09
2023-12-14 22:00:00,MACH-C,41.78,2.24
2023-12-14 23:00:00,MACH-C,55.33,1.21
2023-12-15 00:00:00,MACH-C,46.97,1.49
2023-12-15 01:00:00,MACH-C,55.68,1.51
2023-12-15 02:00:00,MACH-C,23.3,1.47
2023-12-15 03:00:00,MACH-C,69.94,1.7
2023-12-15 04:00:00,MACH-C,39.9,3.1
2023-12-15 05:00:00,MACH-C,57.69,1.56
2023-12-15 06:00:00,MACH-C,55.0,1.19
2023-12-15 07:00:00,MACH-C,57.12,2.25
2023-12-15 08:00:00,MACH-C,41.82,2.12
2023-12-15 09:00:00,MACH-C,46.61,3.11
2023-12-15 10:00:00,MACH-C,53.98,1.98
2023-12-15 11:00:00,MACH-C,50.04,0.86
2023-12-15 12:00:00,MACH-C,40.91,1.79
2023-12-15 13:00:00,MACH-C,55.73,1.78
2023-12-15 14:00:00,MACH-C,72.84,1.38
2023-12-15 15:00:00,MACH-C,45.78,1.72
2023-12-15 16:00:00,MACH-C,54.88,1.93
2023-12-15 17:00:00,MACH-C,52.28,1.97
2023-12-15 18:00:00,MACH-C,46.29,1.31
2023-12-15 19:00:00,MACH-C,58.06,2.3
2023-12-15 20:00:00,MACH-C,57.93,2.82
2023-12-15 21:00:00,MACH-C,44.5,2.14
2023-12-15 22:00:00,MACH-C,64.33,2.55
2023-12-15 23:00:00,MACH-C,50.11,2.09
2023-12-16 00:00:00,MACH-C,60.76,1.48
2023-12-16 01:00:00,MACH-C,53.44,2.14
2023-12-16 02:00:00,MACH-C,50.4,1.75
2023-12-16 03:00:00,MACH-C,49.92,1.45
2023-12-16 04:00:00,MACH-C,56.76,1.96
2023-12-16 05:00:00,MACH-C,39.0,2.41
2023-12-16 06:00:00,MACH-C,53.71,1.83
2023-12-16 07:00:00,MACH-C,63.1,2.97
2023-12-16 08:00:00,MACH-C,55.11,2.48
2023-12-16 09:00:00,MACH-C,32.53,1.73
2023-12-16 10:00:00,MACH-C,36.17,1.71
2023-12-16 11:00:00,MACH-C,50.21,3.07
2023-12-16 12:00:00,MACH-C,42.13,1.83
2023-12-16 13:00:00,MACH-C,58.9,2.18
2023-12-16 14:00:00,MACH-C,45.26,2.21
2023-12-16 15:00:00,MACH-C,55.51,1.14
2023-12-16 16:00:00,MACH-C,69.39,1.14
2023-12-16 17:00:00,MACH-C,50.23,2.43
2023-12-16 18:00:00,MACH-C,39.88,1.48
2023-12-16 19:00:00,MACH-C,53.96,2.01
2023-12-16 20:00:00,MACH-C,52.83,1.24
2023-12-16 21:00:00,MACH-C,52.5,1.84
2023-12-16 22:00:00,MACH-C,63.68,2.11
2023-12-16 23:00:00,MACH-C,38.14,0.97
2023-12-17 00:00:00,MACH-C,59.99,2.03
2023-12-17 01:00:00,MACH-C,43.94,2.05
2023-12-17 02:00:00,MACH-C,63.81,1.77
2023-12-17 03:00:00,MACH-C,28.78,1.45
2023-12-17 04:00:00,MACH-C,72.31,1.81
2023-12-17 05:00:00,MACH-C,47.29,1.81
2023-12-17 06:00:00,MACH-C,37.9,2.96
2023-12-17 07:00:00,MACH-C,59.08,1.94
2023-12-17 08:00:00,MACH-C,55.12,1.77
2023-12-17 09:00:00,MACH-C,54.53,1.94
2023-12-17 10:00:00,MACH-C,59.3,2.21
2023-12-17 11:00:00,MACH-C,50.36,2.19
2023-12-17 12:00:00,MACH-C,47.07,2.22
2023-12-17 13:00:00,MACH-C,38.41,2.3
2023-12-17 14:00:00,MACH-C,48.86,1.27
2023-12-17 15:00:00,MACH-C,44.89,2.26
2023-12-17 16:00:00,MACH-C,49.92,2.09
2023-12-17 17:00:00,MACH-C,51.13,1.69
2023-12-17 18:00:00,MACH-C,67.37,2.05
2023-12-17 19:00:00,MACH-C,42.53,1.95
2023-12-17 20:00:00,MACH-C,48.59,1.99
2023-12-17 21:00:00,MACH-C,45.65,2.09
2023-12-17 22:00:00,MACH-C,35.97,1.16
2023-12-17 23:00:00,MACH-C,79.12,2.13
2023-12-18 00:00:00,MACH-C,40.64,2.33
2023-12-18 01:00:00,MACH-C,53.69,2.12
2023-12-18 02:00:00,MACH-C,67.0,1.64
2023-12-18 03:00:00,MACH-C,37.61,1.57
2023-12-18 04:00:00,MACH-C,58.76,2.09
2023-12-18 05:00:00,MACH-C,34.61,2.4
2023-12-18 06:00:00,MACH-C,41.98,2.65
2023-12-18 07:00:00,MACH-C,55.61,2.38
2023-12-18 08:00:00,MACH-C,47.27,2.26
2023-12-18 09:00:00,MACH-C,64.55,0.73
2023-12-18 10:00:00,MACH-C,51.29,1.69
2023-12-18 11:00:00,MACH-C,55.21,2.16
2023-12-18 12:00:00,MACH-C,43.1,1.66
2023-12-18 13:00:00,MACH-C,39.61,1.53
2023-12-18 14:00:00,MACH-C,38.44,1.47
2023-12-18 15:00:00,MACH-C,40.65,2.88
2023-12-18 16:00:00,MACH-C,43.05,1.35
2023-12-18 17:00:00,MACH-C,61.57,1.89
2023-12-18 18:00:00,MACH-C,54.03,1.64
2023-12-18 19:00:00,MACH-C,37.22,1.57
2023-12-18 20:00:00,MACH-C,45.88,2.21
2023-12-18 21:00:00,MACH-C,49.7,2.41
2023-12-18 22:00:00,MACH-C,79.33,1.41
2023-12-18 23:00:00,MACH-C,50.09,2.03
2023-12-19 00:00:00,MACH-C,54.54,1.94
2023-12-19 01:00:00,MACH-C,40.08,1.77
2023-12-19 02:00:00,MACH-C,57.21,1.53
2023-12-19 03:00:00,MACH-C,63.8,2.55
2023-12-19 04:00:00,MACH-C,48.49,1.48
2023-12-19 05:00:00,MACH-C,56.15,1.35
2023-12-19 06:00:00,MACH-C,55.75,2.55
2023-12-19 07:00:00,MACH-C,50.69,2.1
2023-12-19 08:00:00,MACH-C,62.91,1.41
2023-12-19 09:00:00,MACH-C,42.01,1.96
2023-12-19 10:00:00,MACH-C,41.28,1.69
2023-12-19 11:00:00,MACH-C,50.04,2.74
2023-12-19 12:00:00,MACH-C,46.27,1.88
2023-12-19 13:00:00,MACH-C,20.89,2.27
2023-12-19 14:00:00,MACH-C,42.69,1.99
2023-12-19 15:00:00,MACH-C,28.7,2.72
2023-12-19 16:00:00,MACH-C,46.79,2.1
2023-12-19 17:00:00,MACH-C,57.13,2.58
2023-12-19 18:00:00,MACH-C,50.54,2.27
2023-12-19 19:00:00,MACH-C,51.33,1.72
2023-12-19 20:00:00,MACH-C,48.44,2.0
2023-12-19 21:00:00,MACH-C,52.12,1.89
2023-12-19 22:00:00,MACH-C,78.25,1.71
2023-12-19 23:00:00,MACH-C,46.48,1.46
2023-12-20 00:00:00,MACH-C,49.87,2.68
2023-12-20 01:00:00,MACH-C,41.35,0.97
2023-12-20 02:00:00,MACH-C,30.96,2.67
2023-12-20 03:00:00,MACH-C,52.66,1.33
2023-12-20 04:00:00,MACH-C,61.32,2.27
2023-12-20 05:00:00,MACH-C,73.2,1.71
2023-12-20 06:00:00,MACH-C,48.12,1.17
2023-12-20 07:00:00,MACH-C,47.41,2.57
2023-12-20 08:00:00,MACH-C,59.36,0.8
2023-12-20 09:00:00,MACH-C,67.12,2.4
2023-12-20 10:00:00,MACH-C,37.64,2.06
2023-12-20 11:00:00,MACH-C,56.65,2.53
2023-12-20 12:00:00,MACH-C,68.28,2.31
2023-12-20 13:00:00,MACH-C,47.51,2.31
2023-12-20 14:00:00,MACH-C,38.42,2.45
2023-12-20 15:00:00,MACH-C,57.85,2.42
2023-12-20 16:00:00,MACH-C,36.54,2.23
2023-12-20 17:00:00,MACH-C,61.9,1.83
2023-12-20 18:00:00,MACH-C,69.91,1.89
2023-12-20 19:00:00,MACH-C,45.0,2.05
2023-12-20 20:00:00,MACH-C,66.58,1.87
2023-12-20 21:00:00,MACH-C,56.31,3.09
2023-12-20 22:00:00,MACH-C,63.86,1.96
2023-12-20 23:00:00,MACH-C,43.5,1.43
2023-12-21 00:00:00,MACH-C,56.23,1.94
2023-12-21 01:00:00,MACH-C,52.42,1.58
2023-12-21 02:00:00,MACH-C,42.14,2.98
2023-12-21 03:00:00,MACH-C,46.48,2.05
2023-12-21 04:00:00,MACH-C,55.76,2.32
2023-12-21 05:00:00,MACH-C,38.75,2.26
2023-12-21 06:00:00,MACH-C,37.99,2.47
2023-12-21 07:00:00,MACH-C,37.23,2.12
2023-12-21 08:00:00,MACH-C,42.24,1.8
2023-12-21 09:00:00,MACH-C,52.86,2.02
2023-12-21 10:00:00,MACH-C,44.93,1.39
2023-12-21 11:00:00,MACH-C,62.78,1.93
2023-12-21 12:00:00,MACH-C,35.56,2.9
2023-12-21 13:00:00,MACH-C,55.13,2.37
2023-12-21 14:00:00,MACH-C,46.33,1.95
2023-12-21 15:00:00,MACH-C,48.95,3.01
2023-12-21 16:00:00,MACH-C,56.84,1.7
2023-12-21 17:00:00,MACH-C,23.66,2.17
2023-12-21 18:00:00,MACH-C,28.62,1.85
2023-12-21 19:00:00,MACH-C,49.37,1.9
2023-12-21 20:00:00,MACH-C,47.78,2.2
2023-12-21 21:00:00,MACH-C,35.72,2.29
2023-12-21 22:00:00,MACH-C,70.05,1.9
2023-12-21 23:00:00,MACH-C,38.41,1.58
2023-12-22 00:00:00,MACH-C,44.68,2.92
2023-12-22 01:00:00,MACH-C,61.5,2.05
2023-12-22 02:00:00,MACH-C,43.25,1.48
2023-12-22 03:00:00,MACH-C,41.32,1.49
2023-12-22 04:00:00,MACH-C,53.89,3.0
2023-12-22 05:00:00,MACH-C,42.57,3.23
2023-12-22 06:00:00,MACH-C,53.95,2.17
2023-12-22 07:00:00,MACH-C,55.13,1.69
2023-12-22 08:00:00,MACH-C,83.4,3.42
2023-12-22 09:00:00,MACH-C,61.79,1.85
2023-12-22 10:00:00,MACH-C,46.14,2.29
2023-12-22 11:00:00,MACH-C,44.96,2.18
2023-12-22 12:00:00,MACH-C,49.14,1.98
2023-12-22 13:00:00,MACH-C,21.7,1.96
2023-12-22 14:00:00,MACH-C,52.14,1.89
2023-12-22 15:00:00,MACH-C,46.7,2.47
2023-12-22 16:00:00,MACH-C,53.82,1.9
2023-12-22 17:00:00,MACH-C,41.04,3.03
2023-12-22 18:00:00,MACH-C,63.45,3.07
2023-12-22 19:00:00,MACH-C,47.92,1.81
2023-12-22 20:00:00,MACH-C,58.36,1.82
2023-12-22 21:00:00,MACH-C,44.93,1.98
2023-12-22 22:00:00,MACH-C,54.67,1.68
2023-12-22 23:00:00,MACH-C,34.45,2.43
2023-12-23 00:00:00,MACH-C,28.03,2.59
2023-12-23 01:00:00,MACH-C,47.93,2.64
2023-12-23 02:00:00,MACH-C,49.8,1.9
2023-12-23 03:00:00,MACH-C,49.04,1.89
2023-12-23 04:00:00,MACH-C,47.11,1.0
2023-12-23 05:00:00,MACH-C,45.98,1.67
2023-12-23 06:00:00,MACH-C,56.75,1.53
2023-12-23 07:00:00,MACH-C,67.84,1.45
2023-12-23 08:00:00,MACH-C,75.87,1.76
2023-12-23 09:00:00,MACH-C,60.94,1.85
2023-12-23 10:00:00,MACH-C,27.12,1.99
2023-12-23 11:00:00,MACH-C,60.51,2.68
2023-12-23 12:00:00,MACH-C,60.38,2.58
2023-12-23 13:00:00,MACH-C,48.99,1.44
2023-12-23 14:00:00,MACH-C,59.27,2.21
2023-12-23 15:00:00,MACH-C,53.6,1.6
2023-12-23 16:00:00,MACH-C,49.85,2.07
2023-12-23 17:00:00,MACH-C,52.53,2.66
2023-12-23 18:00:00,MACH-C,44.46,1.76
2023-12-23 19:00:00,MACH-C,31.6,1.51
2023-12-23 20:00:00,MACH-C,31.23,2.03
2023-12-23 21:00:00,MACH-C,59.17,2.66
2023-12-23 22:00:00,MACH-C,39.74,3.0
2023-12-23 23:00:00,MACH-C,34.7,1.69
2023-12-24 00:00:00,MACH-C,34.5,2.07
2023-12-24 01:00:00,MACH-C,45.24,2.14
2023-12-24 02:00:00,MACH-C,65.16,1.29
2023-12-24 03:00:00,MACH-C,48.55,1.26
2023-12-24 04:00:00,MACH-C,35.69,2.16
2023-12-24 05:00:00,MACH-C,64.82,1.81
2023-12-24 06:00:00,MACH-C,53.27,1.3
2023-12-24 07:00:00,MACH-C,46.53,2.34
2023-12-24 08:00:00,MACH-C,54.85,2.03
2023-12-24 09:00:00,MACH-C,50.12,2.01
2023-12-24 10:00:00,MACH-C,42.83,1.45
2023-12-24 11:00:00,MACH-C,44.53,1.15
2023-12-24 12:00:00,MACH-C,37.63,1.7
2023-12-24 13:00:00,MACH-C,45.3,2.02
2023-12-24 14:00:00,MACH-C,59.3,1.65
2023-12-24 15:00:00,MACH-C,59.03,1.45
2023-12-24 16:00:00,MACH-C,48.24,1.81
2023-12-24 17:00:00,MACH-C,48.35,2.02
2023-12-24 18:00:00,MACH-C,39.67,2.71
2023-12-24 19:00:00,MACH-C,53.96,2.08
2023-12-24 20:00:00,MACH-C,36.17,1.27
2023-12-24 21:00:00,MACH-C,58.32,0.99
2023-12-24 22:00:00,MACH-C,54.19,0.77
2023-12-24 23:00:00,MACH-C,47.35,2.17
2023-12-25 00:00:00,MACH-C,54.35,1.47
2023-12-25 01:00:00,MACH-C,46.59,2.25
2023-12-25 02:00:00,MACH-C,51.89,2.59
2023-12-25 03:00:00,MACH-C,52.15,2.3
2023-12-25 04:00:00,MACH-C,61.67,1.89
2023-12-25 05:00:00,MACH-C,54.89,2.92
2023-12-25 06:00:00,MACH-C,60.49,1.77
2023-12-25 07:00:00,MACH-C,53.93,1.55
2023-12-25 08:00:00,MACH-C,49.43,2.17
2023-12-25 09:00:00,MACH-C,55.15,2.39
2023-12-25 10:00:00,MACH-C,53.45,0.71
2023-12-25 11:00:00,MACH-C,46.39,2.56
2023-12-25 12:00:00,MACH-C,35.92,1.19
2023-12-25 13:00:00,MACH-C,44.78,0.97
2023-12-25 14:00:00,MACH-C,44.7,1.83
2023-12-25 15:00:00,MACH-C,55.55,1.47
2023-12-25 16:00:00,MACH-C,49.35,2.21
2023-12-25 17:00:00,MACH-C,41.87,2.18
2023-12-25 18:00:00,MACH-C,48.35,2.15
2023-12-25 19:00:00,MACH-C,46.79,2.61
2023-12-25 20:00:00,MACH-C,40.81,1.84
2023-12-25 21:00:00,MACH-C,64.67,2.18
2023-12-25 22:00:00,MACH-C,48.14,1.17
2023-12-25 23:00:00,MACH-C,42.08,2.48
2023-12-26 00:00:00,MACH-C,33.38,1.75
2023-12-26 01:00:00,MACH-C,50.87,1.86
2023-12-26 02:00:00,MACH-C,55.18,1.83
2023-12-26 03:00:00,MACH-C,43.48,1.95
2023-12-26 04:00:00,MACH-C,51.4,1.82
2023-12-26 05:00:00,MACH-C,39.09,0.92
2023-12-26 06:00:00,MACH-C,47.71,2.62
2023-12-26 07:00:00,MACH-C,60.85,1.67
2023-12-26 08:00:00,MACH-C,47.67,1.81
2023-12-26 09:00:00,MACH-C,43.56,1.9
2023-12-26 10:00:00,MACH-C,63.42,2.26
2023-12-26 11:00:00,MACH-C,51.98,1.75
2023-12-26 12:00:00,MACH-C,44.97,2.53
2023-12-26 13:00:00,MACH-C,41.34,2.94
2023-12-26 14:00:00,MACH-C,38.51,2.82
2023-12-26 15:00:00,MACH-C,54.27,2.13
2023-12-26 16:00:00,MACH-C,57.67,1.71
2023-12-26 17:00:00,MACH-C,50.0,1.7
2023-12-26 18:00:00,MACH-C,48.02,1.82
2023-12-26 19:00:00,MACH-C,55.88,1.57
2023-12-26 20:00:00,MACH-C,35.82,2.21
2023-12-26 21:00:00,MACH-C,50.76,1.89
2023-12-26 22:00:00,MACH-C,50.17,1.99
2023-12-26 23:00:00,MACH-C,54.15,1.85
2023-12-27 00:00:00,MACH-C,54.79,2.23
2023-12-27 01:00:00,MACH-C,45.92,2.13
2023-12-27 02:00:00,MACH-C,68.54,1.82
2023-12-27 03:00:00,MACH-C,39.15,1.93
2023-12-27 04:00:00,MACH-C,45.23,1.93
2023-12-27 05:00:00,MACH-C,58.58,2.34
2023-12-27 06:00:00,MACH-C,43.65,1.61
2023-12-27 07:00:00,MACH-C,51.11,1.77
2023-12-27 08:00:00,MACH-C,44.68,1.05
2023-12-27 09:00:00,MACH-C,46.09,1.46
2023-12-27 10:00:00,MACH-C,37.06,1.88
2023-12-27 11:00:00,MACH-C,57.61,1.78
2023-12-27 12:00:00,MACH-C,57.83,1.02
2023-12-27 13:00:00,MACH-C,57.8,2.26
2023-12-27 14:00:00,MACH-C,45.71,1.56
2023-12-27 15:00:00,MACH-C,53.32,1.19
2023-12-27 16:00:00,MACH-C,69.95,2.18
2023-12-27 17:00:00,MACH-C,52.9,2.42
2023-12-27 18:00:00,MACH-C,38.44,0.78
2023-12-27 19:00:00,MACH-C,41.46,2.34
2023-12-27 20:00:00,MACH-C,40.99,1.89
2023-12-27 21:00:00,MACH-C,63.21,1.87
2023-12-27 22:00:00,MACH-C,53.94,1.44
2023-12-27 23:00:00,MACH-C,34.26,1.92
2023-12-28 00:00:00,MACH-C,63.03,1.95
2023-12-28 01:00:00,MACH-C,55.67,3.13
2023-12-28 02:00:00,MACH-C,51.74,2.26
2023-12-28 03:00:00,MACH-C,65.17,2.0
2023-12-28 04:00:00,MACH-C,47.71,2.59
2023-12-28 05:00:00,MACH-C,63.62,2.44
2023-12-28 06:00:00,MACH-C,27.9,1.27
2023-12-28 07:00:00,MACH-C,42.67,2.33
2023-12-28 08:00:00,MACH-C,57.92,2.05
2023-12-28 09:00:00,MACH-C,66.78,1.65
2023-12-28 10:00:00,MACH-C,37.82,1.48
2023-12-28 11:00:00,MACH-C,45.82,1.93
2023-12-28 12:00:00,MACH-C,51.66,1.99
2023-12-28 13:00:00,MACH-C,40.61,2.57
2023-12-28 14:00:00,MACH-C,47.37,0.87
2023-12-28 15:00:00,MACH-C,65.82,1.37
2023-12-28 16:00:00,MACH-C,39.69,2.1
2023-12-28 17:00:00,MACH-C,47.6,1.93
2023-12-28 18:00:00,MACH-C,52.73,2.06
2023-12-28 19:00:00,MACH-C,54.65,1.77
2023-12-28 20:00:00,MACH-C,41.35,2.12
2023-12-28 21:00:00,MACH-C,48.22,1.21
2023-12-28 22:00:00,MACH-C,47.1,3.05
2023-12-28 23:00:00,MACH-C,53.04,2.21
2023-12-29 00:00:00,MACH-C,38.24,2.23
2023-12-29 01:00:00,MACH-C,62.71,1.47
2023-12-29 02:00:00,MACH-C,52.58,1.71
2023-12-29 03:00:00,MACH-C,60.67,2.26
2023-12-29 04:00:00,MACH-C,44.29,1.82
2023-12-29 05:00:00,MACH-C,37.8,2.13
2023-12-29 06:00:00,MACH-C,40.45,1.61
2023-12-29 07:00:00,MACH-C,57.01,1.33
2023-12-29 08:00:00,MACH-C,45.59,2.56
2023-12-29 09:00:00,MACH-C,33.8,1.55
2023-12-29 10:00:00,MACH-C,51.8,2.45
2023-12-29 11:00:00,MACH-C,46.79,1.58
2023-12-29 12:00:00,MACH-C,47.05,1.92
2023-12-29 13:00:00,MACH-C,32.9,1.81
2023-12-29 14:00:00,MACH-C,34.91,1.89
2023-12-29 15:00:00,MACH-C,44.52,2.38
2023-12-29 16:00:00,MACH-C,40.72,2.82
2023-12-29 17:00:00,MACH-C,44.31,1.9
2023-12-29 18:00:00,MACH-C,58.33,2.06
2023-12-29 19:00:00,MACH-C,39.36,1.87
2023-12-29 20:00:00,MACH-C,40.94,2.04
2023-12-29 21:00:00,MACH-C,44.73,1.64
2023-12-29 22:00:00,MACH-C,40.37,1.48
2023-12-29 23:00:00,MACH-C,47.85,2.16
2023-12-30 00:00:00,MACH-C,60.28,2.11
2023-12-30 01:00:00,MACH-C,47.13,2.57
2023-12-30 02:00:00,MACH-C,52.58,2.02
2023-12-30 03:00:00,MACH-C,26.79,1.98
2023-12-30 04:00:00,MACH-C,50.82,2.26
2023-12-30 05:00:00,MACH-C,64.76,2.49
2023-12-30 06:00:00,MACH-C,50.98,1.92
2023-12-30 07:00:00,MACH-C,51.28,0.71
2023-12-30 08:00:00,MACH-C,52.86,1.47
2023-12-30 09:00:00,MACH-C,65.68,2.54
2023-12-30 10:00:00,MACH-C,63.54,2.85
2023-12-30 11:00:00,MACH-C,39.78,2.67
2023-12-30 12:00:00,MACH-C,62.03,1.78
2023-12-30 13:00:00,MACH-C,63.76,1.84
2023-12-30 14:00:00,MACH-C,32.9,2.37
2023-12-30 15:00:00,MACH-C,50.26,2.3
2023-12-30 16:00:00,MACH-C,55.26,0.76
2023-12-30 17:00:00,MACH-C,22.0,2.02
2023-12-30 18:00:00,MACH-C,43.2,1.97
2023-12-30 19:00:00,MACH-C,42.84,1.42
2023-12-30 20:00:00,MACH-C,43.55,1.7
2023-12-30 21:00:00,MACH-C,60.45,2.13
2023-12-30 22:00:00,MACH-C,49.43,1.89
2023-12-30 23:00:00,MACH-C,54.21,2.47
2023-12-31 00:00:00,MACH-C,50.89,2.88
2023-12-31 01:00:00,MACH-C,74.68,2.47
2023-12-31 02:00:00,MACH-C,59.96,2.22
2023-12-31 03:00:00,MACH-C,49.82,1.93
2023-12-31 04:00:00,MACH-C,47.36,2.4
2023-12-31 05:00:00,MACH-C,43.03,1.69
2023-12-31 06:00:00,MACH-C,40.27,1.73
2023-12-31 07:00:00,MACH-C,38.03,1.38
2023-12-31 08:00:00,MACH-C,59.82,1.22
2023-12-31 09:00:00,MACH-C,41.05,2.64
2023-12-31 10:00:00,MACH-C,56.42,2.13
2023-12-31 11:00:00,MACH-C,44.96,2.27
2023-12-31 12:00:00,MACH-C,42.49,1.94
2023-12-31 13:00:00,MACH-C,46.7,2.94
2023-12-31 14:00:00,MACH-C,67.92,2.88
2023-12-31 15:00:00,MACH-C,80.38,1.99
2023-12-31 16:00:00,MACH-C,46.34,1.99
2023-12-31 17:00:00,MACH-C,45.42,1.89
2023-12-31 18:00:00,MACH-C,59.55,1.44
2023-12-31 19:00:00,MACH-C,51.53,1.8
2023-12-31 20:00:00,MACH-C,43.47,1.84
2023-12-31 21:00:00,MACH-C,54.91,0.89
2023-12-31 22:00:00,MACH-C,57.68,0.86
2023-12-31 23:00:00,MACH-C,47.6,1.97
